
[2026-02-02 10:03:35.869]  10:22:39	7.38	 ---	 227	36.3	 -- 	 -- 	100%	 -.-	    	    	    	    	    	    	    	    	    	    
[2026-02-02 10:03:39.105]  10:22:45	7.38	 ---	 227	36.3	 -- 	 -- 	100%	 -.-	    	    	    	    	    	    	    	    	    	    
[2026-02-02 10:03:44.727]  10:22:51	7.38	 ---	 227	36.3	 -- 	 -- 	100%	 -.-	    	    	    	    	    	    	    	    	    	    
[2026-02-02 10:03:50.703]  10:22:57	7.38	 ---	 227	36.3	 -- 	 -- 	100%	 -.-	    	    	    	    	    	    	    	    	    	    
[2026-02-02 10:03:56.691]  10:23:03	7.38	 ---	 227	36.3	 -- 	 -- 	100%	 -.-	    	    	    	    	    	    	    	    	    	    
[2026-02-02 10:04:02.667]  10:23:09	7.38	 ---	 227	36.3	 -- 	 -- 	100%	 -.-	    	    	    	    	    	    	    	    	    	    
[2026-02-02 10:04:08.642]  10:23:15	7.38	 ---	 227	36.3	 -- 	 -- 	100%	 -.-	    	    	    	    	    	    	    	    	    	    
[2026-02-02 10:04:14.620]  10:23:21	7.38	 ---	 227	36.3	 -- 	 -- 	100%	 -.-	    	    	    	    	    	    	    	    	    	    
[2026-02-02 10:04:20.596]  10:23:27	7.38	 ---	 227	36.3	 -- 	 -- 	100%	 -.-	    	    	    	    	    	    	    	    	    	    
[2026-02-02 10:04:26.406]  10:23:33	7.38	 ---	 227	36.3	 -- 	 -- 	100%	 -.-	    	    	    	    	    	    	    	    	    	    
[2026-02-02 10:04:32.382]  10:23:39	7.38	 ---	 227	36.3	 -- 	 -- 	100%	 -.-	    	    	    	    	    	    	    	    	    	    
[2026-02-02 10:04:38.345]  10:23:45	7.38	 ---	 227	36.3	 -- 	 -- 	100%	 -.-	    	    	    	    	    	    	    	    	    	    
[2026-02-02 10:04:44.328]  10:23:51	7.38	 ---	 227	36.3	 -- 	 -- 	100%	 -.-	    	    	    	    	    	    	    	    	    	    
[2026-02-02 10:04:50.298]  10:23:57	7.38	 ---	 228	36.3	 -- 	 -- 	100%	 -.-	    	    	    	    	    	    	    	    	    	    
[2026-02-02 10:04:56.274]  10:24:03	7.38	 ---	 227	36.3	 -- 	 -- 	100%	 -.-	    	    	    	    	    	    	    	    	    	    
[2026-02-02 10:05:02.251]  10:24:09	7.38	 ---	 228	36.3	 -- 	 -- 	100%	 -.-	    	    	    	    	    	    	    	    	    	    
[2026-02-02 10:05:08.228]  10:24:15	7.38	 ---	 228	36.3	 -- 	 -- 	100%	 -.-	    	    	    	    	    	    	    	    	    	    
[2026-02-02 10:05:14.200]  10:24:21	7.38	 ---	 228	36.3	 -- 	 -- 	100%	 -.-	    	    	    	    	    	    	    	    	    	    
[2026-02-02 10:05:20.184]  10:24:27	7.38	 ---	 227	36.3	 -- 	 -- 	100%	 -.-	    	    	    	    	    	    	    	    	    	    
[2026-02-02 10:05:26.169]  10:24:33	7.38	 ---	 227	36.3	 -- 	 -- 	100%	 -.-	    	    	    	    	    	    	    	    	    	    
[2026-02-02 10:05:30.555] Recalibration Adjustment
[2026-02-02 10:05:30.570] o10:24:36	7.38	 038	 290	36.3	 -- 	 -- 	100%	 3.4	    	    	    	    	    	    	    	    	    	    
[2026-02-02 10:05:32.326]  10:24:39	7.38	 038	 288	36.3	 23 	 -2 	100%	 3.4	    	    	    	    	    	    	    	    	    	    
[2026-02-02 10:05:38.306]  10:24:45	7.38	 038	 288	36.3	 23 	 -2 	100%	 3.4	    	    	    	    	    	    	    	    	    	    
[2026-02-02 10:05:44.280]  10:24:50	7.38	 038	 288	36.3	 23 	 -2 	100%	 3.4	    	    	    	    	    	    	    	    	    	    
[2026-02-02 10:05:50.241]  10:24:56	7.38	 038	 287	36.3	 23 	 -2 	100%	 3.4	    	    	    	    	    	    	    	    	    	    
[2026-02-02 10:05:56.271]  10:25:02	7.38	 038	 288	36.3	 23 	 -2 	100%	 3.4	    	    	    	    	    	    	    	    	    	    
[2026-02-02 10:06:02.201]  10:25:08	7.38	 038	 288	36.3	 23 	 -2 	100%	 3.4	    	    	    	    	    	    	    	    	    	    
[2026-02-02 10:06:08.178]  10:25:14	7.38	 038	 288	36.3	 23 	 -2 	100%	 3.4	    	    	    	    	    	    	    	    	    	    
[2026-02-02 10:06:14.147]          	    	ARTERIAL 	 	  	    	    	    	    	    	    	    	  	    VENOUS
[2026-02-02 10:06:14.169]   Time   	 pH 	 CO2	  O2	TEMP	HCO3	 BE 	cSO2	 K+ 	 VO2	  Q 	 BSA	 pH 	 CO2	  O2	TEMP	 SO2	 HCT	 HGB
[2026-02-02 10:06:14.200] 
[2026-02-02 10:06:14.200]  10:25:20	7.38	 038	 288	36.3	 23 	 -2 	100%	 3.4	    	    	    	    	    	    	    	    	    	    
[2026-02-02 10:06:20.139]  10:25:26	7.38	 038	 288	36.3	 23 	 -2 	100%	 3.4	    	    	    	    	    	    	    	    	    	    
[2026-02-02 10:06:26.114]  10:25:32	7.38	 038	 288	36.3	 23 	 -2 	100%	 3.4	    	    	    	    	    	    	    	    	    	    
[2026-02-02 10:06:32.081]  10:25:38	7.38	 038	 288	36.3	 23 	 -2 	100%	 3.4	    	    	    	    	    	    	    	    	    	    
[2026-02-02 10:06:38.052]  10:25:44	7.38	 038	 288	36.3	 23 	 -2 	100%	 3.4	    	    	    	    	    	    	    	    	    	    
[2026-02-02 10:06:44.041]  10:25:50	7.38	 038	 288	36.3	 23 	 -2 	100%	 3.4	    	    	    	    	    	    	    	    	    	    
[2026-02-02 10:06:50.015]  10:25:56	7.38	 038	 287	36.3	 23 	 -2 	100%	 3.4	    	    	    	    	    	    	    	    	    	    
[2026-02-02 10:06:55.992]  10:26:02	7.38	 038	 287	36.3	 23 	 -2 	100%	 3.4	    	    	    	    	    	    	    	    	    	    
[2026-02-02 10:07:01.976]  10:26:08	7.38	 038	 287	36.3	 23 	 -2 	100%	 3.4	    	    	    	    	    	    	    	    	    	    
[2026-02-02 10:07:07.936]  10:26:14	7.38	 038	 287	36.3	 23 	 -2 	100%	 3.5	    	    	    	    	    	    	    	    	    	    
[2026-02-02 10:07:13.923]  10:26:20	7.38	 038	 287	36.3	 23 	 -2 	100%	 3.4	    	    	    	    	    	    	    	    	    	    
[2026-02-02 10:07:19.888]  10:26:26	7.38	 038	 287	36.3	 23 	 -2 	100%	 3.4	    	    	    	    	    	    	    	    	    	    
[2026-02-02 10:07:25.885]  10:26:32	7.38	 038	 287	36.3	 23 	 -2 	100%	 3.4	    	    	    	    	    	    	    	    	    	    
[2026-02-02 10:07:31.857]  10:26:38	7.38	 038	 287	36.3	 23 	 -2 	100%	 3.4	    	    	    	    	    	    	    	    	    	    
[2026-02-02 10:07:37.822]  10:26:44	7.38	 038	 287	36.3	 23 	 -2 	100%	 3.4	    	    	    	    	    	    	    	    	    	    
[2026-02-02 10:07:43.804]  10:26:50	7.38	 038	 287	36.3	 23 	 -2 	100%	 3.4	    	    	    	    	    	    	    	    	    	    
[2026-02-02 10:07:49.774]  10:26:56	7.38	 038	 287	36.3	 23 	 -2 	100%	 3.4	    	    	    	    	    	    	    	    	    	    
[2026-02-02 10:07:55.757]  10:27:02	7.38	 038	 287	36.3	 23 	 -2 	100%	 3.4	    	    	    	    	    	    	    	    	    	    
[2026-02-02 10:08:01.726]  10:27:08	7.38	 038	 287	36.3	 23 	 -2 	100%	 3.4	    	    	    	    	    	    	    	    	    	    
[2026-02-02 10:08:07.700]  10:27:14	7.38	 038	 287	36.3	 23 	 -2 	100%	 3.4	    	    	    	    	    	    	    	    	    	    
[2026-02-02 10:08:13.696]  10:27:20	7.38	 038	 287	36.3	 23 	 -2 	100%	 3.4	    	    	    	    	    	    	    	    	    	    
[2026-02-02 10:08:19.664]  10:27:26	7.38	 038	 287	36.3	 23 	 -2 	100%	 3.4	    	    	    	    	    	    	    	    	    	    
[2026-02-02 10:08:25.636]  10:27:32	7.38	 038	 287	36.3	 23 	 -2 	100%	 3.4	    	    	    	    	    	    	    	    	    	    
[2026-02-02 10:08:31.611]  10:27:38	7.38	 038	 287	36.3	 23 	 -2 	100%	 3.4	    	    	    	    	    	    	    	    	    	    
[2026-02-02 10:08:37.590]  10:27:44	7.38	 038	 287	36.3	 23 	 -2 	100%	 3.4	    	    	    	    	    	    	    	    	    	    
[2026-02-02 10:08:43.564]  10:27:50	7.38	 038	 287	36.3	 23 	 -2 	100%	 3.3	    	    	    	    	    	    	    	    	    	    
[2026-02-02 10:08:49.543]  10:27:56	7.38	 038	 287	36.3	 23 	 -2 	100%	 3.3	    	    	    	    	    	    	    	    	    	    
[2026-02-02 10:08:55.519]  10:28:02	7.38	 038	 287	36.3	 23 	 -2 	100%	 3.3	    	    	    	    	    	    	    	    	    	    
[2026-02-02 10:09:01.488]  10:28:08	7.38	 038	 287	36.3	 23 	 -2 	100%	 3.3	    	    	    	    	    	    	    	    	    	    
[2026-02-02 10:09:07.484]  10:28:14	7.38	 038	 287	36.3	 23 	 -2 	100%	 3.3	    	    	    	    	    	    	    	    	    	    
[2026-02-02 10:09:13.446]  10:28:20	7.38	 038	 287	36.3	 23 	 -2 	100%	 3.4	    	    	    	    	    	    	    	    	    	    
[2026-02-02 10:09:19.427]  10:28:26	7.38	 038	 287	36.3	 23 	 -2 	100%	 3.4	    	    	    	    	    	    	    	    	    	    
[2026-02-02 10:09:25.403]  10:28:32	7.38	 038	 287	36.3	 23 	 -2 	100%	 3.4	    	    	    	    	    	    	    	    	    	    
[2026-02-02 10:09:31.378]  10:28:38	7.38	 038	 287	36.3	 23 	 -2 	100%	 3.4	    	    	    	    	    	    	    	    	    	    
[2026-02-02 10:09:37.363]  10:28:44	7.38	 038	 287	36.3	 23 	 -2 	100%	 3.3	    	    	    	    	    	    	    	    	    	    
[2026-02-02 10:09:43.327]  10:28:50	7.38	 038	 287	36.3	 23 	 -2 	100%	 3.3	    	    	    	    	    	    	    	    	    	    
[2026-02-02 10:09:49.303]  10:28:56	7.38	 038	 287	36.3	 23 	 -2 	100%	 3.3	    	    	    	    	    	    	    	    	    	    
[2026-02-02 10:09:55.274]  10:29:01	7.38	 038	 286	36.3	 23 	 -2 	100%	 3.3	    	    	    	    	    	    	    	    	    	    
[2026-02-02 10:10:01.271]  10:29:07	7.38	 038	 286	36.4	 23 	 -2 	100%	 3.4	    	    	    	    	    	    	    	    	    	    
[2026-02-02 10:10:07.230]  10:29:14	7.38	 038	 286	36.4	 23 	 -2 	100%	 3.4	    	    	    	    	    	    	    	    	    	    
[2026-02-02 10:10:13.212]  10:29:20	7.38	 038	 287	36.4	 23 	 -2 	100%	 3.4	    	    	    	    	    	    	    	    	    	    
[2026-02-02 10:10:19.180]  10:29:26	7.38	 038	 287	36.4	 23 	 -2 	100%	 3.4	    	    	    	    	    	    	    	    	    	    
[2026-02-02 10:10:25.173]  10:29:32	7.38	 038	 287	36.4	 23 	 -2 	100%	 3.4	    	    	    	    	    	    	    	    	    	    
[2026-02-02 10:10:31.142]  10:29:38	7.38	 038	 287	36.4	 23 	 -2 	100%	 3.4	    	    	    	    	    	    	    	    	    	    
[2026-02-02 10:10:37.117]  10:29:44	7.38	 038	 287	36.4	 23 	 -2 	100%	 3.4	    	    	    	    	    	    	    	    	    	    
[2026-02-02 10:10:43.100]  10:29:50	7.38	 038	 286	36.4	 23 	 -2 	100%	 3.4	    	    	    	    	    	    	    	    	    	    
[2026-02-02 10:10:49.060]  10:29:56	7.38	 038	 287	36.4	 23 	 -2 	100%	 3.4	    	    	    	    	    	    	    	    	    	    
[2026-02-02 10:10:55.043]  10:30:02	7.38	 038	 287	36.4	 23 	 -2 	100%	 3.4	    	    	    	    	    	    	    	    	    	    
[2026-02-02 10:11:01.025]  10:30:08	7.38	 038	 287	36.4	 23 	 -2 	100%	 3.4	    	    	    	    	    	    	    	    	    	    
[2026-02-02 10:11:06.996]  10:30:14	7.38	 038	 287	36.4	 23 	 -2 	100%	 3.4	    	    	    	    	    	    	    	    	    	    
[2026-02-02 10:11:12.973]          	    	ARTERIAL 	 	  	    	    	    	    	    	    	    	  	    VENOUS
[2026-02-02 10:11:12.988]   Time   	 pH 	 CO2	  O2	TEMP	HCO3	 BE 	cSO2	 K+ 	 VO2	  Q 	 BSA	 pH 	 CO2	  O2	TEMP	 SO2	 HCT	 HGB
[2026-02-02 10:11:13.019] 
[2026-02-02 10:11:13.019]  10:30:20	7.38	 039	 286	36.4	 23 	 -2 	100%	 3.4	    	    	    	    	    	    	    	    	    	    
[2026-02-02 10:11:18.952]  10:30:26	7.37	 039	 286	36.4	 23 	 -2 	100%	 3.4	    	    	    	    	    	    	    	    	    	    
[2026-02-02 10:11:24.935]  10:30:32	7.37	 039	 287	36.4	 23 	 -2 	100%	 3.4	    	    	    	    	    	    	    	    	    	    
[2026-02-02 10:11:30.901]  10:30:38	7.38	 038	 288	36.4	 23 	 -2 	100%	 3.4	    	    	    	    	    	    	    	    	    	    
[2026-02-02 10:11:36.881]  10:30:44	7.38	 038	 288	36.4	 23 	 -2 	100%	 3.4	    	    	    	    	    	    	    	    	    	    
[2026-02-02 10:11:42.858]  10:30:50	7.38	 038	 288	36.4	 23 	 -2 	100%	 3.4	    	    	    	    	    	    	    	    	    	    
[2026-02-02 10:11:48.834]  10:30:56	7.38	 038	 287	36.4	 23 	 -2 	100%	 3.4	    	    	    	    	    	    	    	    	    	    
[2026-02-02 10:11:54.817]  10:31:02	7.38	 038	 287	36.4	 23 	 -2 	100%	 3.4	    	    	    	    	    	    	    	    	    	    
[2026-02-02 10:12:00.784]  10:31:08	7.38	 038	 287	36.4	 23 	 -2 	100%	 3.3	    	    	    	    	    	    	    	    	    	    
[2026-02-02 10:12:06.752]  10:31:14	7.38	 038	 287	36.4	 23 	 -2 	100%	 3.3	    	    	    	    	    	    	    	    	    	    
[2026-02-02 10:12:12.736]  10:31:20	7.38	 038	 287	36.4	 23 	 -2 	100%	 3.4	    	    	    	    	    	    	    	    	    	    
[2026-02-02 10:12:18.705]  10:31:26	7.38	 038	 286	36.4	 23 	 -2 	100%	 3.4	    	    	    	    	    	    	    	    	    	    
[2026-02-02 10:12:24.694]  10:31:32	7.38	 038	 285	36.4	 23 	 -2 	100%	 3.4	    	    	    	    	    	    	    	    	    	    
[2026-02-02 10:12:30.656]  10:31:38	7.38	 038	 285	36.4	 23 	 -2 	100%	 3.4	    	    	    	    	    	    	    	    	    	    
[2026-02-02 10:12:36.646]  10:31:44	7.38	 038	 285	36.4	 23 	 -2 	100%	 3.4	    	    	    	    	    	    	    	    	    	    
[2026-02-02 10:12:42.615]  10:31:49	7.38	 038	 285	36.4	 23 	 -2 	100%	 3.4	    	    	    	    	    	    	    	    	    	    
[2026-02-02 10:12:48.590]  10:31:55	7.38	 038	 285	36.4	 23 	 -2 	100%	 3.4	    	    	    	    	    	    	    	    	    	    
[2026-02-02 10:12:54.576]  10:32:01	7.38	 038	 285	36.4	 23 	 -2 	100%	 3.4	    	    	    	    	    	    	    	    	    	    
[2026-02-02 10:13:00.552]  10:32:07	7.38	 038	 285	36.4	 23 	 -2 	100%	 3.4	    	    	    	    	    	    	    	    	    	    
[2026-02-02 10:13:06.519]  10:32:13	7.38	 038	 286	36.4	 23 	 -2 	100%	 3.4	    	    	    	    	    	    	    	    	    	    
[2026-02-02 10:13:12.502]  10:32:19	7.38	 038	 286	36.4	 23 	 -2 	100%	 3.4	    	    	    	    	    	    	    	    	    	    
[2026-02-02 10:13:18.477]  10:32:25	7.38	 038	 286	36.4	 23 	 -2 	100%	 3.4	    	    	    	    	    	    	    	    	    	    
[2026-02-02 10:13:24.454]  10:32:31	7.38	 038	 286	36.4	 23 	 -2 	100%	 3.4	    	    	    	    	    	    	    	    	    	    
[2026-02-02 10:13:30.428]  10:32:37	7.38	 038	 286	36.4	 23 	 -2 	100%	 3.4	    	    	    	    	    	    	    	    	    	    
[2026-02-02 10:13:36.398]  10:32:43	7.38	 038	 285	36.4	 23 	 -2 	100%	 3.3	    	    	    	    	    	    	    	    	    	    
[2026-02-02 10:13:42.374]  10:32:49	7.38	 038	 286	36.3	 23 	 -2 	100%	 3.3	    	    	    	    	    	    	    	    	    	    
[2026-02-02 10:13:48.356]  10:32:55	7.38	 038	 286	36.3	 23 	 -2 	100%	 3.3	    	    	    	    	    	    	    	    	    	    
[2026-02-02 10:13:54.331]  10:33:01	7.38	 038	 285	36.3	 23 	 -2 	100%	 3.3	    	    	    	    	    	    	    	    	    	    
[2026-02-02 10:14:00.299]  10:33:07	7.38	 038	 285	36.3	 23 	 -2 	100%	 3.4	    	    	    	    	    	    	    	    	    	    
[2026-02-02 10:14:06.275]  10:33:13	7.38	 038	 286	36.3	 23 	 -2 	100%	 3.4	    	    	    	    	    	    	    	    	    	    
[2026-02-02 10:14:12.260]  10:33:19	7.38	 038	 285	36.3	 23 	 -2 	100%	 3.4	    	    	    	    	    	    	    	    	    	    
[2026-02-02 10:14:18.236]  10:33:25	7.38	 038	 286	36.3	 23 	 -2 	100%	 3.4	    	    	    	    	    	    	    	    	    	    
[2026-02-02 10:14:24.227]  10:33:31	7.38	 038	 286	36.3	 23 	 -2 	100%	 3.4	    	    	    	    	    	    	    	    	    	    
[2026-02-02 10:14:30.182]  10:33:37	7.38	 038	 286	36.4	 23 	 -2 	100%	 3.4	    	    	    	    	    	    	    	    	    	    
[2026-02-02 10:14:36.206]  10:33:43	7.38	 038	 286	36.3	 23 	 -2 	100%	 3.4	    	    	    	    	    	    	    	    	    	    
[2026-02-02 10:14:42.150]  10:33:49	7.38	 038	 286	36.3	 23 	 -2 	100%	 3.4	    	    	    	    	    	    	    	    	    	    
[2026-02-02 10:14:48.122]  10:33:55	7.38	 038	 286	36.3	 23 	 -2 	100%	 3.4	    	    	    	    	    	    	    	    	    	    
[2026-02-02 10:14:54.089]  10:34:01	7.38	 038	 286	36.3	 23 	 -2 	100%	 3.4	    	    	    	    	    	    	    	    	    	    
[2026-02-02 10:15:00.065]  10:34:07	7.38	 038	 286	36.3	 23 	 -2 	100%	 3.3	    	    	    	    	    	    	    	    	    	    
[2026-02-02 10:15:06.050]  10:34:13	7.38	 038	 286	36.3	 23 	 -2 	100%	 3.4	    	    	    	    	    	    	    	    	    	    
[2026-02-02 10:15:12.028]  10:34:19	7.38	 038	 286	36.3	 23 	 -2 	100%	 3.4	    	    	    	    	    	    	    	    	    	    
[2026-02-02 10:15:17.997]  10:34:25	7.38	 038	 286	36.3	 23 	 -2 	100%	 3.4	    	    	    	    	    	    	    	    	    	    
[2026-02-02 10:15:23.989]  10:34:31	7.38	 038	 287	36.3	 23 	 -2 	100%	 3.4	    	    	    	    	    	    	    	    	    	    
[2026-02-02 10:15:29.958]  10:34:36	7.38	 038	 287	36.3	 23 	 -2 	100%	 3.4	    	    	    	    	    	    	    	    	    	    
[2026-02-02 10:15:35.920]  10:34:42	7.38	 038	 287	36.3	 23 	 -2 	100%	 3.4	    	    	    	    	    	    	    	    	    	    
[2026-02-02 10:15:41.905]  10:34:48	7.38	 038	 287	36.3	 23 	 -2 	100%	 3.4	    	    	    	    	    	    	    	    	    	    
[2026-02-02 10:15:47.885]  10:34:54	7.38	 038	 287	36.3	 23 	 -2 	100%	 3.4	    	    	    	    	    	    	    	    	    	    
[2026-02-02 10:15:53.852]  10:35:00	7.38	 038	 287	36.3	 23 	 -2 	100%	 3.4	    	    	    	    	    	    	    	    	    	    
[2026-02-02 10:15:59.829]  10:35:06	7.38	 038	 287	36.3	 23 	 -2 	100%	 3.4	    	    	    	    	    	    	    	    	    	    
[2026-02-02 10:16:05.811]  10:35:12	7.38	 038	 287	36.3	 23 	 -2 	100%	 3.4	    	    	    	    	    	    	    	    	    	    
[2026-02-02 10:16:11.774]          	    	ARTERIAL 	 	  	    	    	    	    	    	    	    	  	    VENOUS
[2026-02-02 10:16:11.795]   Time   	 pH 	 CO2	  O2	TEMP	HCO3	 BE 	cSO2	 K+ 	 VO2	  Q 	 BSA	 pH 	 CO2	  O2	TEMP	 SO2	 HCT	 HGB
[2026-02-02 10:16:11.827] 
[2026-02-02 10:16:11.827]  10:35:18	7.38	 038	 287	36.3	 23 	 -2 	100%	 3.4	    	    	    	    	    	    	    	    	    	    
[2026-02-02 10:16:17.768]  10:35:24	7.38	 038	 287	36.3	 23 	 -2 	100%	 3.4	    	    	    	    	    	    	    	    	    	    
[2026-02-02 10:16:23.746]  10:35:30	7.38	 038	 287	36.3	 23 	 -2 	100%	 3.4	    	    	    	    	    	    	    	    	    	    
[2026-02-02 10:16:29.720]  10:35:36	7.38	 038	 287	36.3	 23 	 -2 	100%	 3.4	    	    	    	    	    	    	    	    	    	    
[2026-02-02 10:16:35.693]  10:35:42	7.38	 038	 287	36.3	 23 	 -2 	100%	 3.4	    	    	    	    	    	    	    	    	    	    
[2026-02-02 10:16:41.674]  10:35:48	7.38	 038	 287	36.3	 23 	 -2 	100%	 3.4	    	    	    	    	    	    	    	    	    	    
[2026-02-02 10:16:47.652]  10:35:54	7.38	 038	 286	36.3	 23 	 -2 	100%	 3.4	    	    	    	    	    	    	    	    	    	    
[2026-02-02 10:16:53.627]  10:36:00	7.38	 038	 286	36.3	 23 	 -2 	100%	 3.4	    	    	    	    	    	    	    	    	    	    
[2026-02-02 10:16:59.588]  10:36:06	7.38	 038	 286	36.3	 22 	 -2 	100%	 3.4	    	    	    	    	    	    	    	    	    	    
[2026-02-02 10:17:05.573]  10:36:12	7.38	 038	 286	36.3	 23 	 -2 	100%	 3.4	    	    	    	    	    	    	    	    	    	    
[2026-02-02 10:17:11.549]  10:36:18	7.38	 038	 286	36.3	 23 	 -2 	100%	 3.4	    	    	    	    	    	    	    	    	    	    
[2026-02-02 10:17:17.534]  10:36:24	7.38	 038	 285	36.3	 23 	 -2 	100%	 3.4	    	    	    	    	    	    	    	    	    	    
[2026-02-02 10:17:23.518]  10:36:30	7.38	 038	 285	36.3	 23 	 -2 	100%	 3.4	    	    	    	    	    	    	    	    	    	    
[2026-02-02 10:17:29.517]  10:36:36	7.38	 038	 285	36.3	 23 	 -2 	100%	 3.4	    	    	    	    	    	    	    	    	    	    
[2026-02-02 10:17:35.448]  10:36:42	7.38	 038	 285	36.3	 23 	 -2 	100%	 3.4	    	    	    	    	    	    	    	    	    	    
[2026-02-02 10:17:41.433]  10:36:48	7.38	 038	 285	36.4	 23 	 -2 	100%	 3.4	    	    	    	    	    	    	    	    	    	    
[2026-02-02 10:17:47.408]  10:36:53	7.38	 038	 285	36.4	 23 	 -2 	100%	 3.4	    	    	    	    	    	    	    	    	    	    
[2026-02-02 10:17:53.379]  10:36:59	7.38	 038	 286	36.4	 23 	 -2 	100%	 3.4	    	    	    	    	    	    	    	    	    	    
[2026-02-02 10:17:59.357]  10:37:05	7.38	 038	 286	36.4	 23 	 -2 	100%	 3.4	    	    	    	    	    	    	    	    	    	    
[2026-02-02 10:18:05.332]  10:37:11	7.38	 038	 286	36.4	 23 	 -2 	100%	 3.4	    	    	    	    	    	    	    	    	    	    
[2026-02-02 10:18:11.309]  10:37:17	7.38	 038	 286	36.4	 23 	 -2 	100%	 3.4	    	    	    	    	    	    	    	    	    	    
[2026-02-02 10:18:17.333]  10:37:23	7.38	 038	 286	36.4	 23 	 -2 	100%	 3.4	    	    	    	    	    	    	    	    	    	    
[2026-02-02 10:18:23.279]  10:37:29	7.38	 038	 286	36.4	 23 	 -2 	100%	 3.4	    	    	    	    	    	    	    	    	    	    
[2026-02-02 10:18:29.245]  10:37:35	7.38	 038	 285	36.4	 23 	 -2 	100%	 3.4	    	    	    	    	    	    	    	    	    	    
[2026-02-02 10:18:35.220]  10:37:41	7.38	 038	 285	36.4	 23 	 -2 	100%	 3.4	    	    	    	    	    	    	    	    	    	    
[2026-02-02 10:18:41.199]  10:37:47	7.38	 038	 285	36.4	 23 	 -2 	100%	 3.4	    	    	    	    	    	    	    	    	    	    
[2026-02-02 10:18:47.166]  10:37:53	7.38	 038	 285	36.4	 23 	 -2 	100%	 3.4	    	    	    	    	    	    	    	    	    	    
[2026-02-02 10:18:53.145]  10:37:59	7.38	 038	 285	36.4	 23 	 -2 	100%	 3.4	    	    	    	    	    	    	    	    	    	    
[2026-02-02 10:18:59.128]  10:38:05	7.38	 038	 285	36.4	 23 	 -2 	100%	 3.4	    	    	    	    	    	    	    	    	    	    
[2026-02-02 10:19:05.139]  10:38:11	7.38	 038	 285	36.4	 23 	 -2 	100%	 3.4	    	    	    	    	    	    	    	    	    	    
[2026-02-02 10:19:11.084]  10:38:17	7.38	 038	 285	36.4	 23 	 -2 	100%	 3.4	    	    	    	    	    	    	    	    	    	    
[2026-02-02 10:19:17.051]  10:38:23	7.38	 037	 284	36.4	 23 	 -2 	100%	 3.4	    	    	    	    	    	    	    	    	    	    
[2026-02-02 10:19:23.058]  10:38:29	7.38	 038	 283	36.4	 23 	 -2 	100%	 3.4	    	    	    	    	    	    	    	    	    	    
[2026-02-02 10:19:28.998]  10:38:35	7.38	 038	 283	36.4	 23 	 -2 	100%	 3.4	    	    	    	    	    	    	    	    	    	    
[2026-02-02 10:19:34.997]  10:38:41	7.38	 038	 283	36.4	 23 	 -2 	100%	 3.4	    	    	    	    	    	    	    	    	    	    
[2026-02-02 10:19:40.957]  10:38:47	7.38	 038	 284	36.4	 23 	 -2 	100%	 3.3	    	    	    	    	    	    	    	    	    	    
[2026-02-02 10:19:46.932]  10:38:53	7.38	 038	 284	36.4	 23 	 -2 	100%	 3.4	    	    	    	    	    	    	    	    	    	    
[2026-02-02 10:19:52.914]  10:38:59	7.38	 038	 283	36.4	 23 	 -2 	100%	 3.4	    	    	    	    	    	    	    	    	    	    
[2026-02-02 10:19:58.889]  10:39:05	7.38	 038	 283	36.4	 23 	 -2 	100%	 3.4	    	    	    	    	    	    	    	    	    	    
[2026-02-02 10:20:04.864]  10:39:11	7.38	 038	 284	36.5	 23 	 -2 	100%	 3.4	    	    	    	    	    	    	    	    	    	    
[2026-02-02 10:20:10.844]  10:39:17	7.38	 038	 283	36.5	 23 	 -1 	100%	 3.4	    	    	    	    	    	    	    	    	    	    
[2026-02-02 10:20:16.821]  10:39:23	7.38	 038	 283	36.5	 23 	 -1 	100%	 3.3	    	    	    	    	    	    	    	    	    	    
[2026-02-02 10:20:22.802]  10:39:29	7.38	 038	 284	36.4	 23 	 -1 	100%	 3.3	    	    	    	    	    	    	    	    	    	    
[2026-02-02 10:20:28.773]  10:39:35	7.38	 038	 284	36.4	 23 	 -1 	100%	 3.4	    	    	    	    	    	    	    	    	    	    
[2026-02-02 10:20:34.746]  10:39:41	7.38	 038	 283	36.4	 23 	 -1 	100%	 3.4	    	    	    	    	    	    	    	    	    	    
[2026-02-02 10:20:40.719]  10:39:47	7.38	 038	 283	36.4	 23 	 -2 	100%	 3.4	    	    	    	    	    	    	    	    	    	    
[2026-02-02 10:20:46.693]  10:39:53	7.38	 037	 283	36.4	 23 	 -2 	100%	 3.4	    	    	    	    	    	    	    	    	    	    
[2026-02-02 10:20:52.685]  10:39:59	7.38	 037	 283	36.4	 23 	 -2 	100%	 3.4	    	    	    	    	    	    	    	    	    	    
[2026-02-02 10:20:58.646]  10:40:05	7.38	 038	 282	36.4	 23 	 -2 	100%	 3.5	    	    	    	    	    	    	    	    	    	    
[2026-02-02 10:21:04.625]  10:40:11	7.38	 038	 283	36.4	 23 	 -2 	100%	 3.5	    	    	    	    	    	    	    	    	    	    
[2026-02-02 10:21:10.631]          	    	ARTERIAL 	 	  	    	    	    	    	    	    	    	  	    VENOUS
[2026-02-02 10:21:10.647]   Time   	 pH 	 CO2	  O2	TEMP	HCO3	 BE 	cSO2	 K+ 	 VO2	  Q 	 BSA	 pH 	 CO2	  O2	TEMP	 SO2	 HCT	 HGB
[2026-02-02 10:21:10.678] 
[2026-02-02 10:21:10.678]  10:40:17	7.38	 038	 283	36.4	 23 	 -1 	100%	 3.4	    	    	    	    	    	    	    	    	    	    
[2026-02-02 10:21:16.573]  10:40:23	7.38	 038	 283	36.4	 23 	 -1 	100%	 3.4	    	    	    	    	    	    	    	    	    	    
[2026-02-02 10:21:22.570]  10:40:29	7.38	 038	 284	36.4	 23 	 -1 	100%	 3.4	    	    	    	    	    	    	    	    	    	    
[2026-02-02 10:21:28.532]  10:40:35	7.38	 038	 284	36.4	 23 	 -1 	100%	 3.4	    	    	    	    	    	    	    	    	    	    
[2026-02-02 10:21:34.499]  10:40:41	7.38	 038	 283	36.4	 23 	 -2 	100%	 3.3	    	    	    	    	    	    	    	    	    	    
[2026-02-02 10:21:40.476]  10:40:47	7.38	 038	 283	36.4	 23 	 -2 	100%	 3.3	    	    	    	    	    	    	    	    	    	    
[2026-02-02 10:21:46.456]  10:40:53	7.38	 038	 283	36.4	 23 	 -1 	100%	 3.4	    	    	    	    	    	    	    	    	    	    
[2026-02-02 10:21:52.437]  10:40:59	7.38	 038	 283	36.4	 23 	 -1 	100%	 3.4	    	    	    	    	    	    	    	    	    	    
[2026-02-02 10:21:58.414]  10:41:05	7.38	 038	 283	36.4	 23 	 -1 	100%	 3.4	    	    	    	    	    	    	    	    	    	    
[2026-02-02 10:22:04.391]  10:41:11	7.38	 038	 283	36.4	 23 	 -1 	100%	 3.4	    	    	    	    	    	    	    	    	    	    
[2026-02-02 10:22:10.370]  10:41:17	7.38	 038	 284	36.4	 23 	 -1 	100%	 3.5	    	    	    	    	    	    	    	    	    	    
[2026-02-02 10:22:16.338]  10:41:23	7.38	 038	 284	36.4	 23 	 -1 	100%	 3.5	    	    	    	    	    	    	    	    	    	    
[2026-02-02 10:22:22.329]  10:41:29	7.38	 037	 284	36.4	 23 	 -1 	100%	 3.5	    	    	    	    	    	    	    	    	    	    
[2026-02-02 10:22:28.293]  10:41:35	7.39	 037	 284	36.4	 23 	 -1 	100%	 3.4	    	    	    	    	    	    	    	    	    	    
[2026-02-02 10:22:34.268]  10:41:41	7.39	 037	 284	36.4	 23 	 -1 	100%	 3.4	    	    	    	    	    	    	    	    	    	    
[2026-02-02 10:22:40.253]  10:41:47	7.38	 037	 284	36.4	 23 	 -1 	100%	 3.4	    	    	    	    	    	    	    	    	    	    
[2026-02-02 10:22:46.218]  10:41:52	7.38	 038	 284	36.4	 23 	 -1 	100%	 3.4	    	    	    	    	    	    	    	    	    	    
[2026-02-02 10:22:52.209]  10:41:58	7.38	 038	 284	36.4	 23 	 -1 	100%	 3.4	    	    	    	    	    	    	    	    	    	    
[2026-02-02 10:22:58.171]  10:42:04	7.38	 038	 283	36.4	 23 	 -1 	100%	 3.4	    	    	    	    	    	    	    	    	    	    
[2026-02-02 10:23:04.149]  10:42:10	7.38	 039	 283	36.4	 23 	 -1 	100%	 3.4	    	    	    	    	    	    	    	    	    	    
[2026-02-02 10:23:10.134]  10:42:16	7.37	 039	 283	36.4	 23 	 -1 	100%	 3.4	    	    	    	    	    	    	    	    	    	    
[2026-02-02 10:23:16.108]  10:42:22	7.37	 039	 283	36.4	 23 	 -1 	100%	 3.5	    	    	    	    	    	    	    	    	    	    
[2026-02-02 10:23:22.101]  10:42:28	7.37	 039	 283	36.4	 23 	 -1 	100%	 3.5	    	    	    	    	    	    	    	    	    	    
[2026-02-02 10:23:28.062]  10:42:34	7.37	 039	 283	36.4	 23 	 -1 	100%	 3.5	    	    	    	    	    	    	    	    	    	    
[2026-02-02 10:23:34.036]  10:42:40	7.37	 039	 283	36.4	 23 	 -1 	100%	 3.4	    	    	    	    	    	    	    	    	    	    
[2026-02-02 10:23:40.002]  10:42:46	7.37	 039	 282	36.4	 23 	 -1 	100%	 3.4	    	    	    	    	    	    	    	    	    	    
[2026-02-02 10:23:45.991]  10:42:52	7.37	 039	 281	36.4	 23 	 -1 	100%	 3.4	    	    	    	    	    	    	    	    	    	    
[2026-02-02 10:23:51.959]  10:42:58	7.38	 039	 280	36.4	 23 	 -1 	100%	 3.4	    	    	    	    	    	    	    	    	    	    
[2026-02-02 10:23:57.942]  10:43:04	7.38	 039	 280	36.4	 23 	 -1 	100%	 3.5	    	    	    	    	    	    	    	    	    	    
[2026-02-02 10:24:03.917]  10:43:10	7.38	 039	 280	36.4	 23 	 -1 	100%	 3.5	    	    	    	    	    	    	    	    	    	    
[2026-02-02 10:24:09.884]  10:43:16	7.38	 039	 281	36.4	 23 	 -1 	100%	 3.5	    	    	    	    	    	    	    	    	    	    
[2026-02-02 10:24:15.859]  10:43:22	7.38	 038	 281	36.4	 23 	 -1 	100%	 3.4	    	    	    	    	    	    	    	    	    	    
[2026-02-02 10:24:21.859]  10:43:28	7.38	 038	 281	36.4	 23 	 -1 	100%	 3.4	    	    	    	    	    	    	    	    	    	    
[2026-02-02 10:24:27.824]  10:43:34	7.38	 038	 280	36.4	 23 	 -1 	100%	 3.4	    	    	    	    	    	    	    	    	    	    
[2026-02-02 10:24:33.802]  10:43:40	7.38	 038	 278	36.4	 23 	 -1 	100%	 3.5	    	    	    	    	    	    	    	    	    	    
[2026-02-02 10:24:39.775]  10:43:46	7.38	 039	 275	36.4	 23 	 -1 	100%	 3.5	    	    	    	    	    	    	    	    	    	    
[2026-02-02 10:24:45.753]  10:43:52	7.37	 039	 273	36.4	 23 	 -1 	100%	 3.5	    	    	    	    	    	    	    	    	    	    
[2026-02-02 10:24:51.736]  10:43:58	7.37	 039	 271	36.4	 23 	 -1 	100%	 3.5	    	    	    	    	    	    	    	    	    	    
[2026-02-02 10:24:57.714]  10:44:04	7.37	 040	 271	36.4	 23 	 -1 	100%	 3.5	    	    	    	    	    	    	    	    	    	    
[2026-02-02 10:25:03.683]  10:44:10	7.37	 040	 271	36.4	 23 	 -1 	100%	 3.5	    	    	    	    	    	    	    	    	    	    
[2026-02-02 10:25:09.660]  10:44:16	7.37	 040	 270	36.4	 23 	 -1 	100%	 3.4	    	    	    	    	    	    	    	    	    	    
[2026-02-02 10:25:15.637]  10:44:22	7.36	 040	 270	36.4	 23 	 -1 	100%	 3.4	    	    	    	    	    	    	    	    	    	    
[2026-02-02 10:25:21.613]  10:44:28	7.36	 040	 270	36.4	 23 	 -1 	100%	 3.4	    	    	    	    	    	    	    	    	    	    
[2026-02-02 10:25:27.589]  10:44:34	7.36	 040	 270	36.4	 23 	 -1 	100%	 3.4	    	    	    	    	    	    	    	    	    	    
[2026-02-02 10:25:33.560]  10:44:40	7.36	 040	 268	36.4	 23 	 -1 	100%	 3.4	    	    	    	    	    	    	    	    	    	    
[2026-02-02 10:25:39.536]  10:44:46	7.36	 040	 266	36.4	 23 	 -1 	100%	 3.5	    	    	    	    	    	    	    	    	    	    
[2026-02-02 10:25:45.514]  10:44:52	7.36	 040	 264	36.4	 23 	 -1 	100%	 3.5	    	    	    	    	    	    	    	    	    	    
[2026-02-02 10:25:51.491]  10:44:58	7.37	 040	 263	36.4	 23 	 -1 	100%	 3.5	    	    	    	    	    	    	    	    	    	    
[2026-02-02 10:25:57.470]  10:45:04	7.37	 040	 263	36.4	 23 	 -1 	100%	 3.5	    	    	    	    	    	    	    	    	    	    
[2026-02-02 10:26:03.449]  10:45:10	7.37	 040	 263	36.4	 23 	 -1 	100%	 3.5	    	    	    	    	    	    	    	    	    	    
[2026-02-02 10:26:09.404]          	    	ARTERIAL 	 	  	    	    	    	    	    	    	    	  	    VENOUS
[2026-02-02 10:26:09.435]   Time   	 pH 	 CO2	  O2	TEMP	HCO3	 BE 	cSO2	 K+ 	 VO2	  Q 	 BSA	 pH 	 CO2	  O2	TEMP	 SO2	 HCT	 HGB
[2026-02-02 10:26:09.457] 
[2026-02-02 10:26:09.457]  10:45:16	7.37	 040	 264	36.4	 23 	 -1 	100%	 3.5	    	    	    	    	    	    	    	    	    	    
[2026-02-02 10:26:15.395]  10:45:22	7.37	 040	 264	36.4	 23 	 -1 	100%	 3.5	    	    	    	    	    	    	    	    	    	    
[2026-02-02 10:26:21.389]  10:45:28	7.37	 040	 264	36.4	 23 	 -2 	100%	 3.5	    	    	    	    	    	    	    	    	    	    
[2026-02-02 10:26:27.351]  10:45:34	7.37	 040	 265	36.4	 23 	 -2 	100%	 3.5	    	    	    	    	    	    	    	    	    	    
[2026-02-02 10:26:33.331]  10:45:40	7.37	 040	 266	36.4	 23 	 -1 	100%	 3.5	    	    	    	    	    	    	    	    	    	    
[2026-02-02 10:26:39.304]  10:45:46	7.37	 040	 267	36.4	 23 	 -2 	100%	 3.5	    	    	    	    	    	    	    	    	    	    
[2026-02-02 10:26:45.281]  10:45:52	7.37	 039	 269	36.4	 23 	 -2 	100%	 3.5	    	    	    	    	    	    	    	    	    	    
[2026-02-02 10:26:51.257]  10:45:58	7.37	 039	 270	36.4	 23 	 -2 	100%	 3.5	    	    	    	    	    	    	    	    	    	    
[2026-02-02 10:26:57.232]  10:46:04	7.37	 039	 271	36.4	 23 	 -2 	100%	 3.5	    	    	    	    	    	    	    	    	    	    
[2026-02-02 10:27:03.201]  10:46:10	7.37	 039	 271	36.4	 23 	 -2 	100%	 3.4	    	    	    	    	    	    	    	    	    	    
[2026-02-02 10:27:09.175]  10:46:16	7.37	 039	 272	36.4	 23 	 -2 	100%	 3.4	    	    	    	    	    	    	    	    	    	    
[2026-02-02 10:27:15.159]  10:46:22	7.37	 039	 273	36.4	 23 	 -2 	100%	 3.4	    	    	    	    	    	    	    	    	    	    
[2026-02-02 10:27:21.148]  10:46:28	7.37	 039	 273	36.4	 23 	 -2 	100%	 3.4	    	    	    	    	    	    	    	    	    	    
[2026-02-02 10:27:27.115]  10:46:34	7.37	 039	 274	36.4	 23 	 -2 	100%	 3.4	    	    	    	    	    	    	    	    	    	    
[2026-02-02 10:27:33.098]  10:46:40	7.37	 039	 274	36.4	 23 	 -2 	100%	 3.4	    	    	    	    	    	    	    	    	    	    
[2026-02-02 10:27:39.068]  10:46:46	7.37	 039	 275	36.4	 23 	 -2 	100%	 3.4	    	    	    	    	    	    	    	    	    	    
[2026-02-02 10:27:45.031]  10:46:52	7.37	 039	 275	36.4	 23 	 -2 	100%	 3.4	    	    	    	    	    	    	    	    	    	    
[2026-02-02 10:27:51.023]  10:46:58	7.37	 039	 275	36.4	 23 	 -2 	100%	 3.4	    	    	    	    	    	    	    	    	    	    
[2026-02-02 10:27:57.000]  10:47:04	7.37	 039	 276	36.4	 23 	 -2 	100%	 3.5	    	    	    	    	    	    	    	    	    	    
[2026-02-02 10:28:02.963]  10:47:10	7.37	 039	 276	36.4	 23 	 -2 	100%	 3.5	    	    	    	    	    	    	    	    	    	    
[2026-02-02 10:28:08.952]  10:47:16	7.37	 039	 277	36.4	 23 	 -2 	100%	 3.5	    	    	    	    	    	    	    	    	    	    
[2026-02-02 10:28:14.920]  10:47:22	7.37	 039	 277	36.4	 23 	 -2 	100%	 3.5	    	    	    	    	    	    	    	    	    	    
[2026-02-02 10:28:20.907]  10:47:28	7.37	 039	 277	36.4	 23 	 -2 	100%	 3.4	    	    	    	    	    	    	    	    	    	    
[2026-02-02 10:28:26.866]  10:47:34	7.37	 039	 277	36.4	 23 	 -2 	100%	 3.4	    	    	    	    	    	    	    	    	    	    
[2026-02-02 10:28:32.889]  10:47:40	7.37	 039	 277	36.4	 23 	 -2 	100%	 3.4	    	    	    	    	    	    	    	    	    	    
[2026-02-02 10:28:38.819]  10:47:46	7.37	 039	 278	36.4	 23 	 -2 	100%	 3.4	    	    	    	    	    	    	    	    	    	    
[2026-02-02 10:28:44.796]  10:47:52	7.37	 039	 278	36.4	 23 	 -2 	100%	 3.4	    	    	    	    	    	    	    	    	    	    
[2026-02-02 10:28:50.787]  10:47:57	7.37	 039	 278	36.4	 23 	 -2 	100%	 3.4	    	    	    	    	    	    	    	    	    	    
[2026-02-02 10:28:56.763]  10:48:03	7.37	 039	 275	36.4	 23 	 -2 	100%	 3.4	    	    	    	    	    	    	    	    	    	    
[2026-02-02 10:29:02.735]  10:48:09	7.36	 041	 266	36.4	 23 	 -2 	100%	 3.4	    	    	    	    	    	    	    	    	    	    
[2026-02-02 10:29:08.714]  10:48:15	7.35	 042	 246	36.4	 23 	 -2 	100%	 3.4	    	    	    	    	    	    	    	    	    	    
[2026-02-02 10:29:14.692]  10:48:21	7.34	 044	 220	36.4	 24 	 -1 	100%	 3.4	    	    	    	    	    	    	    	    	    	    
[2026-02-02 10:29:20.663]  10:48:27	7.33	 045	 191	36.4	 24 	 -1 	 99%	 3.4	    	    	    	    	    	    	    	    	    	    
[2026-02-02 10:29:26.628]  10:48:33	7.32	 046	 163	36.4	 24 	 -1 	 99%	 3.4	    	    	    	    	    	    	    	    	    	    
[2026-02-02 10:29:32.610]  10:48:39	7.32	 047	 137	36.4	 24 	 -1 	 99%	 3.4	    	    	    	    	    	    	    	    	    	    
[2026-02-02 10:29:38.580]  10:48:45	7.31	 048	 117	36.4	 24 	 -1 	 98%	 3.4	    	    	    	    	    	    	    	    	    	    
[2026-02-02 10:29:44.558]  10:48:51	7.31	 047	 109	36.4	 24 	 -1 	 97%	 3.4	    	    	    	    	    	    	    	    	    	    
[2026-02-02 10:29:50.542]  10:48:57	7.33	 045	 112	36.4	 24 	 -1 	 98%	 3.4	    	    	    	    	    	    	    	    	    	    
[2026-02-02 10:29:56.519]  10:49:03	7.33	 044	 123	36.4	 24 	 -2 	 98%	 3.4	    	    	    	    	    	    	    	    	    	    
[2026-02-02 10:30:02.487]  10:49:09	7.33	 044	 135	36.4	 23 	 -2 	 99%	 3.4	    	    	    	    	    	    	    	    	    	    
[2026-02-02 10:30:08.471]  10:49:15	7.34	 043	 147	36.4	 23 	 -2 	 99%	 3.4	    	    	    	    	    	    	    	    	    	    
[2026-02-02 10:30:14.450]  10:49:21	7.34	 043	 158	36.4	 23 	 -2 	 99%	 3.4	    	    	    	    	    	    	    	    	    	    
[2026-02-02 10:30:20.434]  10:49:27	7.34	 042	 168	36.4	 23 	 -2 	 99%	 3.4	    	    	    	    	    	    	    	    	    	    
[2026-02-02 10:30:26.394]  10:49:33	7.34	 042	 177	36.4	 23 	 -2 	 99%	 3.4	    	    	    	    	    	    	    	    	    	    
[2026-02-02 10:30:32.372]  10:49:39	7.34	 042	 185	36.4	 23 	 -2 	 99%	 3.4	    	    	    	    	    	    	    	    	    	    
[2026-02-02 10:30:38.341]  10:49:45	7.34	 042	 193	36.4	 23 	 -2 	 99%	 3.4	    	    	    	    	    	    	    	    	    	    
[2026-02-02 10:30:44.319]  10:49:51	7.34	 042	 199	36.4	 23 	 -2 	 99%	 3.4	    	    	    	    	    	    	    	    	    	    
[2026-02-02 10:30:50.303]  10:49:57	7.34	 042	 205	36.4	 23 	 -2 	 99%	 3.4	    	    	    	    	    	    	    	    	    	    
[2026-02-02 10:30:56.281]  10:50:03	7.34	 042	 205	36.4	 23 	 -2 	 99%	 3.4	    	    	    	    	    	    	    	    	    	    
[2026-02-02 10:31:02.262]  10:50:09	7.33	 044	 197	36.4	 23 	 -2 	 99%	 3.4	    	    	    	    	    	    	    	    	    	    
[2026-02-02 10:31:08.221]          	    	ARTERIAL 	 	  	    	    	    	    	    	    	    	  	    VENOUS
[2026-02-02 10:31:08.236]   Time   	 pH 	 CO2	  O2	TEMP	HCO3	 BE 	cSO2	 K+ 	 VO2	  Q 	 BSA	 pH 	 CO2	  O2	TEMP	 SO2	 HCT	 HGB
[2026-02-02 10:31:08.267] 
[2026-02-02 10:31:08.267]  10:50:15	7.32	 045	 182	36.4	 24 	 -2 	 99%	 3.4	    	    	    	    	    	    	    	    	    	    
[2026-02-02 10:31:14.212]  10:50:21	7.31	 047	 162	36.4	 24 	 -2 	 99%	 3.4	    	    	    	    	    	    	    	    	    	    
[2026-02-02 10:31:20.194]  10:50:27	7.31	 048	 140	36.4	 24 	 -2 	 99%	 3.4	    	    	    	    	    	    	    	    	    	    
[2026-02-02 10:31:26.155]  10:50:33	7.30	 049	 119	36.4	 24 	 -2 	 98%	 3.4	    	    	    	    	    	    	    	    	    	    
[2026-02-02 10:31:32.133]  10:50:39	7.30	 049	 102	36.4	 24 	 -2 	 97%	 3.4	    	    	    	    	    	    	    	    	    	    
[2026-02-02 10:31:38.116]  10:50:45	7.29	 050	 091	36.4	 24 	 -2 	 96%	 3.4	    	    	    	    	    	    	    	    	    	    
[2026-02-02 10:31:44.085]  10:50:51	7.30	 048	 092	36.4	 24 	 -2 	 96%	 3.4	    	    	    	    	    	    	    	    	    	    
[2026-02-02 10:31:50.077]  10:50:57	7.31	 047	 099	36.4	 24 	 -2 	 97%	 3.4	    	    	    	    	    	    	    	    	    	    
[2026-02-02 10:31:56.046]  10:51:03	7.32	 045	 111	36.4	 23 	 -2 	 98%	 3.4	    	    	    	    	    	    	    	    	    	    
[2026-02-02 10:32:02.025]  10:51:09	7.32	 045	 123	36.4	 23 	 -2 	 98%	 3.4	    	    	    	    	    	    	    	    	    	    
[2026-02-02 10:32:07.987]  10:51:15	7.32	 045	 134	36.4	 23 	 -2 	 99%	 3.4	    	    	    	    	    	    	    	    	    	    
[2026-02-02 10:32:13.982]  10:51:21	7.32	 044	 145	36.4	 23 	 -2 	 99%	 3.4	    	    	    	    	    	    	    	    	    	    
[2026-02-02 10:32:19.959]  10:51:27	7.32	 044	 154	36.4	 23 	 -2 	 99%	 3.4	    	    	    	    	    	    	    	    	    	    
[2026-02-02 10:32:25.913]  10:51:33	7.33	 044	 163	36.4	 23 	 -2 	 99%	 3.4	    	    	    	    	    	    	    	    	    	    
[2026-02-02 10:32:31.893]  10:51:39	7.33	 044	 171	36.4	 23 	 -2 	 99%	 3.4	    	    	    	    	    	    	    	    	    	    
[2026-02-02 10:32:37.876]  10:51:45	7.33	 043	 180	36.4	 23 	 -2 	 99%	 3.4	    	    	    	    	    	    	    	    	    	    
[2026-02-02 10:32:43.852]  10:51:51	7.33	 043	 186	36.4	 23 	 -2 	 99%	 3.4	    	    	    	    	    	    	    	    	    	    
[2026-02-02 10:32:49.832]  10:51:57	7.33	 043	 193	36.4	 23 	 -2 	 99%	 3.4	    	    	    	    	    	    	    	    	    	    
[2026-02-02 10:32:55.810]  10:52:03	7.33	 043	 200	36.4	 23 	 -2 	 99%	 3.4	    	    	    	    	    	    	    	    	    	    
[2026-02-02 10:33:01.774]  10:52:09	7.33	 043	 202	36.4	 23 	 -2 	 99%	 3.4	    	    	    	    	    	    	    	    	    	    
[2026-02-02 10:33:07.761]  10:52:15	7.32	 044	 198	36.5	 23 	 -2 	 99%	 3.4	    	    	    	    	    	    	    	    	    	    
[2026-02-02 10:33:13.738]  10:52:21	7.31	 046	 185	36.5	 24 	 -2 	 99%	 3.4	    	    	    	    	    	    	    	    	    	    
[2026-02-02 10:33:19.711]  10:52:27	7.30	 048	 164	36.5	 24 	 -2 	 99%	 3.4	    	    	    	    	    	    	    	    	    	    
[2026-02-02 10:33:25.693]  10:52:33	7.28	 049	 142	36.5	 23 	 -3 	 99%	 3.4	    	    	    	    	    	    	    	    	    	    
[2026-02-02 10:33:31.669]  10:52:39	7.28	 050	 122	36.5	 24 	 -2 	 98%	 3.4	    	    	    	    	    	    	    	    	    	    
[2026-02-02 10:33:37.639]  10:52:45	7.27	 051	 104	36.5	 24 	 -2 	 97%	 3.4	    	    	    	    	    	    	    	    	    	    
[2026-02-02 10:33:43.616]  10:52:51	7.27	 051	 095	36.5	 24 	 -2 	 96%	 3.4	    	    	    	    	    	    	    	    	    	    
[2026-02-02 10:33:49.639]  10:52:57	7.30	 049	 096	36.5	 24 	 -2 	 96%	 3.4	    	    	    	    	    	    	    	    	    	    
[2026-02-02 10:33:55.582]  10:53:03	7.31	 047	 105	36.5	 24 	 -2 	 97%	 3.4	    	    	    	    	    	    	    	    	    	    
[2026-02-02 10:34:01.536]  10:53:09	7.31	 046	 116	36.5	 24 	 -2 	 98%	 3.4	    	    	    	    	    	    	    	    	    	    
[2026-02-02 10:34:07.512]  10:53:15	7.31	 046	 128	36.5	 23 	 -2 	 98%	 3.4	    	    	    	    	    	    	    	    	    	    
[2026-02-02 10:34:13.504]  10:53:20	7.32	 045	 140	36.5	 23 	 -2 	 99%	 3.4	    	    	    	    	    	    	    	    	    	    
[2026-02-02 10:34:19.480]  10:53:26	7.32	 045	 150	36.5	 23 	 -2 	 99%	 3.4	    	    	    	    	    	    	    	    	    	    
[2026-02-02 10:34:25.442]  10:53:32	7.32	 045	 160	36.5	 23 	 -2 	 99%	 3.4	    	    	    	    	    	    	    	    	    	    
[2026-02-02 10:34:31.430]  10:53:38	7.32	 044	 169	36.5	 23 	 -2 	 99%	 3.4	    	    	    	    	    	    	    	    	    	    
[2026-02-02 10:34:37.394]  10:53:44	7.32	 044	 178	36.5	 23 	 -2 	 99%	 3.4	    	    	    	    	    	    	    	    	    	    
[2026-02-02 10:34:43.375]  10:53:50	7.32	 044	 186	36.5	 23 	 -2 	 99%	 3.4	    	    	    	    	    	    	    	    	    	    
[2026-02-02 10:34:49.353]  10:53:56	7.33	 044	 193	36.5	 23 	 -2 	 99%	 3.4	    	    	    	    	    	    	    	    	    	    
[2026-02-02 10:34:55.336]  10:54:02	7.33	 044	 200	36.5	 23 	 -2 	 99%	 3.4	    	    	    	    	    	    	    	    	    	    
[2026-02-02 10:35:01.312]  10:54:08	7.33	 043	 207	36.5	 23 	 -2 	 99%	 3.4	    	    	    	    	    	    	    	    	    	    
[2026-02-02 10:35:07.303]  10:54:14	7.33	 043	 213	36.5	 23 	 -2 	100%	 3.4	    	    	    	    	    	    	    	    	    	    
[2026-02-02 10:35:13.257]  10:54:20	7.33	 043	 219	36.5	 23 	 -2 	100%	 3.4	    	    	    	    	    	    	    	    	    	    
[2026-02-02 10:35:19.266]  10:54:26	7.33	 043	 224	36.5	 23 	 -2 	100%	 3.4	    	    	    	    	    	    	    	    	    	    
[2026-02-02 10:35:25.212]  10:54:32	7.33	 043	 228	36.5	 23 	 -2 	100%	 3.4	    	    	    	    	    	    	    	    	    	    
[2026-02-02 10:35:31.210]  10:54:38	7.33	 043	 232	36.5	 23 	 -2 	100%	 3.4	    	    	    	    	    	    	    	    	    	    
[2026-02-02 10:35:37.173]  10:54:44	7.33	 043	 235	36.5	 23 	 -2 	100%	 3.4	    	    	    	    	    	    	    	    	    	    
[2026-02-02 10:35:43.142]  10:54:50	7.33	 043	 238	36.5	 23 	 -2 	100%	 3.4	    	    	    	    	    	    	    	    	    	    
[2026-02-02 10:35:49.123]  10:54:56	7.34	 043	 241	36.5	 23 	 -2 	100%	 3.4	    	    	    	    	    	    	    	    	    	    
[2026-02-02 10:35:55.103]  10:55:02	7.34	 042	 243	36.5	 23 	 -2 	100%	 3.4	    	    	    	    	    	    	    	    	    	    
[2026-02-02 10:36:01.067]  10:55:08	7.34	 042	 245	36.5	 23 	 -2 	100%	 3.4	    	    	    	    	    	    	    	    	    	    
[2026-02-02 10:36:07.043]          	    	ARTERIAL 	 	  	    	    	    	    	    	    	    	  	    VENOUS
[2026-02-02 10:36:07.065]   Time   	 pH 	 CO2	  O2	TEMP	HCO3	 BE 	cSO2	 K+ 	 VO2	  Q 	 BSA	 pH 	 CO2	  O2	TEMP	 SO2	 HCT	 HGB
[2026-02-02 10:36:07.097] 
[2026-02-02 10:36:07.097]  10:55:14	7.34	 042	 247	36.5	 23 	 -2 	100%	 3.4	    	    	    	    	    	    	    	    	    	    
[2026-02-02 10:36:13.025]  10:55:20	7.34	 042	 249	36.5	 23 	 -2 	100%	 3.4	    	    	    	    	    	    	    	    	    	    
[2026-02-02 10:36:19.017]  10:55:26	7.34	 042	 250	36.5	 23 	 -2 	100%	 3.4	    	    	    	    	    	    	    	    	    	    
[2026-02-02 10:36:24.974]  10:55:32	7.34	 042	 250	36.5	 23 	 -2 	100%	 3.4	    	    	    	    	    	    	    	    	    	    
[2026-02-02 10:36:30.949]  10:55:38	7.34	 042	 251	36.5	 23 	 -2 	100%	 3.4	    	    	    	    	    	    	    	    	    	    
[2026-02-02 10:36:36.925]  10:55:44	7.34	 042	 252	36.5	 23 	 -2 	100%	 3.4	    	    	    	    	    	    	    	    	    	    
[2026-02-02 10:36:42.916]  10:55:50	7.34	 042	 254	36.5	 23 	 -2 	100%	 3.4	    	    	    	    	    	    	    	    	    	    
[2026-02-02 10:36:48.885]  10:55:56	7.34	 042	 255	36.5	 23 	 -2 	100%	 3.4	    	    	    	    	    	    	    	    	    	    
[2026-02-02 10:36:54.862]  10:56:02	7.34	 042	 255	36.5	 23 	 -2 	100%	 3.4	    	    	    	    	    	    	    	    	    	    
[2026-02-02 10:37:00.845]  10:56:08	7.34	 042	 256	36.5	 23 	 -2 	100%	 3.4	    	    	    	    	    	    	    	    	    	    
[2026-02-02 10:37:06.813]  10:56:14	7.34	 042	 257	36.5	 23 	 -2 	100%	 3.4	    	    	    	    	    	    	    	    	    	    
[2026-02-02 10:37:12.790]  10:56:20	7.34	 042	 258	36.5	 23 	 -2 	100%	 3.4	    	    	    	    	    	    	    	    	    	    
[2026-02-02 10:37:18.776]  10:56:25	7.34	 042	 259	36.5	 23 	 -2 	100%	 3.4	    	    	    	    	    	    	    	    	    	    
[2026-02-02 10:37:24.737]  10:56:31	7.34	 042	 260	36.5	 23 	 -2 	100%	 3.4	    	    	    	    	    	    	    	    	    	    
[2026-02-02 10:37:30.722]  10:56:37	7.34	 042	 260	36.5	 23 	 -2 	100%	 3.4	    	    	    	    	    	    	    	    	    	    
[2026-02-02 10:37:36.695]  10:56:43	7.34	 042	 260	36.5	 23 	 -2 	100%	 3.4	    	    	    	    	    	    	    	    	    	    
[2026-02-02 10:37:42.674]  10:56:49	7.34	 042	 261	36.5	 23 	 -2 	100%	 3.4	    	    	    	    	    	    	    	    	    	    
[2026-02-02 10:37:48.650]  10:56:55	7.34	 042	 261	36.5	 23 	 -2 	100%	 3.4	    	    	    	    	    	    	    	    	    	    
[2026-02-02 10:37:54.625]  10:57:01	7.34	 041	 261	36.5	 23 	 -2 	100%	 3.4	    	    	    	    	    	    	    	    	    	    
[2026-02-02 10:38:00.606]  10:57:07	7.34	 041	 265	36.5	 23 	 -2 	100%	 3.4	    	    	    	    	    	    	    	    	    	    
[2026-02-02 10:38:06.582]  10:57:13	7.34	 041	 285	36.5	 23 	 -2 	100%	 3.4	    	    	    	    	    	    	    	    	    	    
[2026-02-02 10:38:12.551]  10:57:19	7.34	 041	 315	36.5	 23 	 -2 	100%	 3.4	    	    	    	    	    	    	    	    	    	    
[2026-02-02 10:38:18.535]  10:57:25	7.34	 042	 349	36.5	 23 	 -2 	100%	 3.4	    	    	    	    	    	    	    	    	    	    
[2026-02-02 10:38:24.513]  10:57:31	7.34	 042	 382	36.5	 23 	 -2 	100%	 3.4	    	    	    	    	    	    	    	    	    	    
[2026-02-02 10:38:30.484]  10:57:37	7.34	 042	 411	36.5	 23 	 -2 	100%	 3.4	    	    	    	    	    	    	    	    	    	    
[2026-02-02 10:38:36.458]  10:57:43	7.34	 042	 436	36.5	 23 	 -2 	100%	 3.4	    	    	    	    	    	    	    	    	    	    
[2026-02-02 10:38:42.435]  10:57:49	7.34	 042	 457	36.5	 23 	 -2 	100%	 3.4	    	    	    	    	    	    	    	    	    	    
[2026-02-02 10:38:48.407]  10:57:55	7.34	 042	 474	36.5	 23 	 -2 	100%	 3.4	    	    	    	    	    	    	    	    	    	    
[2026-02-02 10:38:54.386]  10:58:01	7.34	 042	 488	36.5	 23 	 -2 	100%	 3.4	    	    	    	    	    	    	    	    	    	    
[2026-02-02 10:39:00.364]  10:58:07	7.34	 042	 498	36.5	 23 	 -2 	100%	 3.4	    	    	    	    	    	    	    	    	    	    
[2026-02-02 10:39:06.351]  10:58:13	7.34	 043	 505	36.5	 23 	 -2 	100%	 3.4	    	    	    	    	    	    	    	    	    	    
[2026-02-02 10:39:12.330]  10:58:19	7.33	 044	 509	36.4	 23 	 -2 	100%	 3.4	    	    	    	    	    	    	    	    	    	    
[2026-02-02 10:39:18.307]  10:58:25	7.34	 043	 509	36.4	 23 	 -2 	100%	 3.4	    	    	    	    	    	    	    	    	    	    
[2026-02-02 10:39:24.276]  10:58:31	7.34	 042	 510	36.3	 23 	 -2 	100%	 3.4	    	    	    	    	    	    	    	    	    	    
[2026-02-02 10:39:30.255]  10:58:37	7.35	 041	 512	36.3	 23 	 -2 	100%	 3.4	    	    	    	    	    	    	    	    	    	    
[2026-02-02 10:39:36.223]  10:58:43	7.35	 041	 515	36.3	 23 	 -2 	100%	 3.4	    	    	    	    	    	    	    	    	    	    
[2026-02-02 10:39:42.200]  10:58:49	7.35	 042	 517	36.3	 23 	 -2 	100%	 3.4	    	    	    	    	    	    	    	    	    	    
[2026-02-02 10:39:48.180]  10:58:55	7.34	 042	 518	36.3	 23 	 -2 	100%	 3.4	    	    	    	    	    	    	    	    	    	    
[2026-02-02 10:39:54.161]  10:59:01	7.34	 042	 520	36.3	 23 	 -2 	100%	 3.4	    	    	    	    	    	    	    	    	    	    
[2026-02-02 10:40:00.137]  10:59:07	7.34	 042	 522	36.3	 23 	 -2 	100%	 3.4	    	    	    	    	    	    	    	    	    	    
[2026-02-02 10:40:06.106]  10:59:13	7.34	 042	 524	36.3	 23 	 -2 	100%	 3.4	    	    	    	    	    	    	    	    	    	    
[2026-02-02 10:40:12.089]  10:59:19	7.34	 042	 525	36.3	 23 	 -2 	100%	 3.4	    	    	    	    	    	    	    	    	    	    
[2026-02-02 10:40:18.084]  10:59:25	7.34	 042	 526	36.3	 23 	 -2 	100%	 3.4	    	    	    	    	    	    	    	    	    	    
[2026-02-02 10:40:24.035]  10:59:31	7.34	 042	 528	36.3	 23 	 -2 	100%	 3.4	    	    	    	    	    	    	    	    	    	    
[2026-02-02 10:40:30.018]  10:59:37	7.34	 042	 530	36.3	 23 	 -2 	100%	 3.5	    	    	    	    	    	    	    	    	    	    
[2026-02-02 10:40:35.985]  10:59:43	7.35	 041	 532	36.3	 23 	 -2 	100%	 3.5	    	    	    	    	    	    	    	    	    	    
[2026-02-02 10:40:41.971]  10:59:49	7.35	 041	 534	36.3	 23 	 -2 	100%	 3.5	    	    	    	    	    	    	    	    	    	    
[2026-02-02 10:40:47.953]  10:59:55	7.35	 041	 536	36.3	 23 	 -2 	100%	 3.5	    	    	    	    	    	    	    	    	    	    
[2026-02-02 10:40:53.922]  11:00:01	7.35	 041	 539	36.3	 23 	 -2 	100%	 3.5	    	    	    	    	    	    	    	    	    	    
[2026-02-02 10:40:59.902]  11:00:07	7.35	 041	 541	36.3	 23 	 -2 	100%	 3.5	    	    	    	    	    	    	    	    	    	    
[2026-02-02 10:41:05.864]          	    	ARTERIAL 	 	  	    	    	    	    	    	    	    	  	    VENOUS
[2026-02-02 10:41:05.895]   Time   	 pH 	 CO2	  O2	TEMP	HCO3	 BE 	cSO2	 K+ 	 VO2	  Q 	 BSA	 pH 	 CO2	  O2	TEMP	 SO2	 HCT	 HGB
[2026-02-02 10:41:05.916] 
[2026-02-02 10:41:05.916]  11:00:13	7.35	 040	 544	36.3	 23 	 -2 	100%	 3.5	    	    	    	    	    	    	    	    	    	    
[2026-02-02 10:41:11.909]  11:00:19	7.35	 040	 546	36.3	 23 	 -2 	100%	 3.5	    	    	    	    	    	    	    	    	    	    
[2026-02-02 10:41:17.831]  11:00:25	7.36	 040	 549	36.3	 23 	 -2 	100%	 3.5	    	    	    	    	    	    	    	    	    	    
[2026-02-02 10:41:23.807]  11:00:31	7.36	 040	 551	36.2	 23 	 -2 	100%	 3.5	    	    	    	    	    	    	    	    	    	    
[2026-02-02 10:41:29.777]  11:00:36	7.36	 040	 553	36.2	 23 	 -2 	100%	 3.5	    	    	    	    	    	    	    	    	    	    
[2026-02-02 10:41:35.754]  11:00:42	7.36	 040	 556	36.2	 22 	 -2 	100%	 3.5	    	    	    	    	    	    	    	    	    	    
[2026-02-02 10:41:41.723]  11:00:48	7.36	 040	 558	36.2	 22 	 -2 	100%	 3.5	    	    	    	    	    	    	    	    	    	    
[2026-02-02 10:41:47.705]  11:00:54	7.36	 039	 560	36.2	 22 	 -2 	100%	 3.5	    	    	    	    	    	    	    	    	    	    
[2026-02-02 10:41:53.681]  11:01:00	7.36	 039	 561	36.2	 22 	 -2 	100%	 3.5	    	    	    	    	    	    	    	    	    	    
[2026-02-02 10:41:59.658]  11:01:06	7.36	 039	 563	36.2	 22 	 -2 	100%	 3.5	    	    	    	    	    	    	    	    	    	    
[2026-02-02 10:42:05.650]  11:01:12	7.36	 039	 565	36.2	 22 	 -2 	100%	 3.5	    	    	    	    	    	    	    	    	    	    
[2026-02-02 10:42:11.621]  11:01:18	7.36	 039	 567	36.2	 22 	 -2 	100%	 3.5	    	    	    	    	    	    	    	    	    	    
[2026-02-02 10:42:17.595]  11:01:24	7.36	 039	 568	36.2	 22 	 -2 	100%	 3.5	    	    	    	    	    	    	    	    	    	    
[2026-02-02 10:42:23.556]  11:01:30	7.36	 039	 570	36.2	 22 	 -2 	100%	 3.5	    	    	    	    	    	    	    	    	    	    
[2026-02-02 10:42:29.541]  11:01:36	7.36	 039	 571	36.2	 22 	 -2 	100%	 3.5	    	    	    	    	    	    	    	    	    	    
[2026-02-02 10:42:35.524]  11:01:42	7.36	 039	 573	36.2	 22 	 -2 	100%	 3.5	    	    	    	    	    	    	    	    	    	    
[2026-02-02 10:42:41.496]  11:01:48	7.36	 039	 574	36.2	 22 	 -2 	100%	 3.5	    	    	    	    	    	    	    	    	    	    
[2026-02-02 10:42:47.487]  11:01:54	7.37	 039	 575	36.2	 22 	 -2 	100%	 3.5	    	    	    	    	    	    	    	    	    	    
[2026-02-02 10:42:53.452]  11:02:00	7.37	 039	 576	36.2	 22 	 -2 	100%	 3.5	    	    	    	    	    	    	    	    	    	    
[2026-02-02 10:42:59.430]  11:02:06	7.37	 039	 577	36.2	 22 	 -2 	100%	 3.6	    	    	    	    	    	    	    	    	    	    
[2026-02-02 10:43:05.395]  11:02:11	7.37	 039	 577	36.1	 22 	 -2 	100%	 3.6	    	    	    	    	    	    	    	    	    	    
[2026-02-02 10:43:11.381]  11:02:17	7.37	 039	 578	36.1	 22 	 -2 	100%	 3.6	    	    	    	    	    	    	    	    	    	    
[2026-02-02 10:43:17.357]  11:02:23	7.37	 039	 579	36.1	 22 	 -2 	100%	 3.6	    	    	    	    	    	    	    	    	    	    
[2026-02-02 10:43:23.326]  11:02:29	7.37	 038	 579	36.1	 22 	 -2 	100%	 3.6	    	    	    	    	    	    	    	    	    	    
[2026-02-02 10:43:29.301]  11:02:35	7.37	 038	 580	36.1	 22 	 -2 	100%	 3.6	    	    	    	    	    	    	    	    	    	    
[2026-02-02 10:43:35.283]  11:02:41	7.37	 038	 581	36.1	 22 	 -2 	100%	 3.6	    	    	    	    	    	    	    	    	    	    
[2026-02-02 10:43:41.261]  11:02:47	7.37	 038	 581	36.1	 22 	 -2 	100%	 3.6	    	    	    	    	    	    	    	    	    	    
[2026-02-02 10:43:47.242]  11:02:53	7.37	 038	 582	36.2	 22 	 -2 	100%	 3.6	    	    	    	    	    	    	    	    	    	    
[2026-02-02 10:43:53.203]  11:02:59	7.37	 039	 582	36.2	 22 	 -2 	100%	 3.6	    	    	    	    	    	    	    	    	    	    
[2026-02-02 10:43:59.179]  11:03:05	7.36	 040	 582	36.2	 23 	 -2 	100%	 3.6	    	    	    	    	    	    	    	    	    	    
[2026-02-02 10:44:05.170]  11:03:11	7.35	 041	 582	36.2	 23 	 -2 	100%	 3.6	    	    	    	    	    	    	    	    	    	    
[2026-02-02 10:44:11.146]  11:03:17	7.34	 043	 581	36.2	 23 	 -2 	100%	 3.6	    	    	    	    	    	    	    	    	    	    
[2026-02-02 10:44:17.121]  11:03:23	7.32	 044	 580	36.2	 23 	 -2 	100%	 3.6	    	    	    	    	    	    	    	    	    	    
[2026-02-02 10:44:23.086]  11:03:29	7.32	 045	 579	36.2	 23 	 -2 	100%	 3.6	    	    	    	    	    	    	    	    	    	    
[2026-02-02 10:44:29.071]  11:03:35	7.32	 045	 578	36.1	 24 	 -2 	100%	 3.6	    	    	    	    	    	    	    	    	    	    
[2026-02-02 10:44:35.050]  11:03:41	7.32	 045	 578	36.1	 23 	 -2 	100%	 3.6	    	    	    	    	    	    	    	    	    	    
[2026-02-02 10:44:41.025]  11:03:47	7.33	 044	 577	36.1	 23 	 -2 	100%	 3.6	    	    	    	    	    	    	    	    	    	    
[2026-02-02 10:44:47.005]  11:03:53	7.33	 044	 577	36.1	 23 	 -2 	100%	 3.6	    	    	    	    	    	    	    	    	    	    
[2026-02-02 10:44:53.012]  11:03:59	7.33	 043	 577	36.1	 23 	 -2 	100%	 3.6	    	    	    	    	    	    	    	    	    	    
[2026-02-02 10:44:58.949]  11:04:05	7.33	 043	 577	36.1	 23 	 -2 	100%	 3.6	    	    	    	    	    	    	    	    	    	    
[2026-02-02 10:45:04.922]  11:04:11	7.34	 043	 576	36.1	 23 	 -2 	100%	 3.6	    	    	    	    	    	    	    	    	    	    
[2026-02-02 10:45:10.904]  11:04:17	7.34	 042	 576	36.1	 23 	 -2 	100%	 3.6	    	    	    	    	    	    	    	    	    	    
[2026-02-02 10:45:16.894]  11:04:23	7.34	 042	 577	36.1	 23 	 -2 	100%	 3.6	    	    	    	    	    	    	    	    	    	    
[2026-02-02 10:45:22.854]  11:04:29	7.34	 041	 577	36.1	 23 	 -2 	100%	 3.6	    	    	    	    	    	    	    	    	    	    
[2026-02-02 10:45:28.836]  11:04:35	7.35	 041	 577	36.0	 23 	 -2 	100%	 3.6	    	    	    	    	    	    	    	    	    	    
[2026-02-02 10:45:34.804]  11:04:41	7.35	 041	 577	36.0	 23 	 -2 	100%	 3.6	    	    	    	    	    	    	    	    	    	    
[2026-02-02 10:45:40.781]  11:04:47	7.35	 041	 577	36.0	 23 	 -2 	100%	 3.6	    	    	    	    	    	    	    	    	    	    
[2026-02-02 10:45:46.765]  11:04:53	7.35	 040	 578	36.0	 23 	 -2 	100%	 3.7	    	    	    	    	    	    	    	    	    	    
[2026-02-02 10:45:52.738]  11:04:59	7.35	 040	 578	36.0	 22 	 -2 	100%	 3.6	    	    	    	    	    	    	    	    	    	    
[2026-02-02 10:45:58.722]  11:05:05	7.35	 040	 578	36.0	 22 	 -2 	100%	 3.6	    	    	    	    	    	    	    	    	    	    
[2026-02-02 10:46:04.682]          	    	ARTERIAL 	 	  	    	    	    	    	    	    	    	  	    VENOUS
[2026-02-02 10:46:04.698]   Time   	 pH 	 CO2	  O2	TEMP	HCO3	 BE 	cSO2	 K+ 	 VO2	  Q 	 BSA	 pH 	 CO2	  O2	TEMP	 SO2	 HCT	 HGB
[2026-02-02 10:46:04.729] 
[2026-02-02 10:46:04.729]  11:05:11	7.35	 040	 578	36.0	 22 	 -2 	100%	 3.6	    	    	    	    	    	    	    	    	    	    
[2026-02-02 10:46:10.662]  11:05:17	7.35	 040	 578	36.0	 22 	 -2 	100%	 3.7	    	    	    	    	    	    	    	    	    	    
[2026-02-02 10:46:16.673]  11:05:23	7.36	 040	 579	36.0	 22 	 -2 	100%	 3.6	    	    	    	    	    	    	    	    	    	    
[2026-02-02 10:46:22.625]  11:05:29	7.36	 039	 580	35.9	 22 	 -2 	100%	 3.6	    	    	    	    	    	    	    	    	    	    
[2026-02-02 10:46:28.605]  11:05:35	7.36	 039	 580	35.9	 22 	 -2 	100%	 3.6	    	    	    	    	    	    	    	    	    	    
[2026-02-02 10:46:34.576]  11:05:41	7.36	 039	 581	35.9	 22 	 -2 	100%	 3.6	    	    	    	    	    	    	    	    	    	    
[2026-02-02 10:46:40.556]  11:05:47	7.36	 039	 581	35.9	 22 	 -2 	100%	 3.7	    	    	    	    	    	    	    	    	    	    
[2026-02-02 10:46:46.538]  11:05:53	7.36	 039	 582	35.9	 22 	 -2 	100%	 3.7	    	    	    	    	    	    	    	    	    	    
[2026-02-02 10:46:52.497]  11:05:59	7.36	 039	 583	35.9	 22 	 -2 	100%	 3.7	    	    	    	    	    	    	    	    	    	    
[2026-02-02 10:46:58.521]  11:06:05	7.36	 039	 583	35.9	 22 	 -2 	100%	 3.6	    	    	    	    	    	    	    	    	    	    
[2026-02-02 10:47:04.451]  11:06:11	7.36	 039	 583	35.9	 22 	 -2 	100%	 3.6	    	    	    	    	    	    	    	    	    	    
[2026-02-02 10:47:10.434]  11:06:17	7.36	 039	 584	35.9	 22 	 -2 	100%	 3.7	    	    	    	    	    	    	    	    	    	    
[2026-02-02 10:47:16.426]  11:06:22	7.36	 039	 585	35.9	 22 	 -2 	100%	 3.7	    	    	    	    	    	    	    	    	    	    
[2026-02-02 10:47:22.385]  11:06:28	7.36	 039	 585	35.8	 22 	 -2 	100%	 3.7	    	    	    	    	    	    	    	    	    	    
[2026-02-02 10:47:28.365]  11:06:34	7.36	 039	 585	35.8	 22 	 -2 	100%	 3.6	    	    	    	    	    	    	    	    	    	    
[2026-02-02 10:47:34.329]  11:06:40	7.36	 039	 586	35.8	 22 	 -2 	100%	 3.7	    	    	    	    	    	    	    	    	    	    
[2026-02-02 10:47:40.308]  11:06:47	7.36	 039	 585	35.8	 22 	 -2 	100%	 3.7	    	    	    	    	    	    	    	    	    	    
[2026-02-02 10:47:46.330]  11:06:53	7.36	 038	 586	35.8	 22 	 -2 	100%	 3.7	    	    	    	    	    	    	    	    	    	    
[2026-02-02 10:47:52.266]  11:06:59	7.36	 038	 586	35.8	 22 	 -2 	100%	 3.6	    	    	    	    	    	    	    	    	    	    
[2026-02-02 10:47:58.245]  11:07:05	7.36	 038	 586	35.8	 22 	 -2 	100%	 3.6	    	    	    	    	    	    	    	    	    	    
[2026-02-02 10:48:04.224]  11:07:11	7.36	 038	 586	35.8	 22 	 -2 	100%	 3.7	    	    	    	    	    	    	    	    	    	    
[2026-02-02 10:48:10.201]  11:07:17	7.36	 038	 587	35.7	 22 	 -2 	100%	 3.7	    	    	    	    	    	    	    	    	    	    
[2026-02-02 10:48:16.186]  11:07:23	7.36	 038	 586	35.7	 22 	 -2 	100%	 3.7	    	    	    	    	    	    	    	    	    	    
[2026-02-02 10:48:22.145]  11:07:29	7.36	 038	 586	35.7	 22 	 -2 	100%	 3.7	    	    	    	    	    	    	    	    	    	    
[2026-02-02 10:48:28.121]  11:07:35	7.36	 038	 587	35.7	 22 	 -2 	100%	 3.7	    	    	    	    	    	    	    	    	    	    
[2026-02-02 10:48:34.096]  11:07:41	7.36	 038	 586	35.8	 22 	 -2 	100%	 3.7	    	    	    	    	    	    	    	    	    	    
[2026-02-02 10:48:40.077]  11:07:47	7.37	 038	 587	35.8	 22 	 -2 	100%	 3.7	    	    	    	    	    	    	    	    	    	    
[2026-02-02 10:48:46.054]  11:07:52	7.37	 038	 588	35.8	 22 	 -2 	100%	 3.7	    	    	    	    	    	    	    	    	    	    
[2026-02-02 10:48:52.039]  11:07:58	7.37	 038	 588	35.8	 22 	 -2 	100%	 3.7	    	    	    	    	    	    	    	    	    	    
[2026-02-02 10:48:58.002]  11:08:04	7.37	 038	 588	35.8	 22 	 -2 	100%	 3.7	    	    	    	    	    	    	    	    	    	    
[2026-02-02 10:49:03.979]  11:08:10	7.37	 038	 590	35.8	 22 	 -2 	100%	 3.7	    	    	    	    	    	    	    	    	    	    
[2026-02-02 10:49:09.964]  11:08:16	7.37	 038	 591	35.9	 22 	 -2 	100%	 3.6	    	    	    	    	    	    	    	    	    	    
[2026-02-02 10:49:15.954]  11:08:22	7.37	 038	 592	35.9	 22 	 -2 	100%	 3.6	    	    	    	    	    	    	    	    	    	    
[2026-02-02 10:49:21.914]  11:08:28	7.37	 038	 593	35.9	 22 	 -2 	100%	 3.7	    	    	    	    	    	    	    	    	    	    
[2026-02-02 10:49:27.885]  11:08:34	7.37	 038	 594	35.9	 22 	 -2 	100%	 3.7	    	    	    	    	    	    	    	    	    	    
[2026-02-02 10:49:33.883]  11:08:40	7.37	 038	 595	35.9	 22 	 -2 	100%	 3.7	    	    	    	    	    	    	    	    	    	    
[2026-02-02 10:49:39.834]  11:08:46	7.37	 038	 596	35.9	 22 	 -2 	100%	 3.7	    	    	    	    	    	    	    	    	    	    
[2026-02-02 10:49:45.828]  11:08:52	7.37	 038	 597	35.9	 22 	 -2 	100%	 3.7	    	    	    	    	    	    	    	    	    	    
[2026-02-02 10:49:51.793]  11:08:58	7.37	 038	 597	36.0	 22 	 -2 	100%	 3.6	    	    	    	    	    	    	    	    	    	    
[2026-02-02 10:49:57.775]  11:09:04	7.37	 038	 598	35.9	 22 	 -2 	100%	 3.7	    	    	    	    	    	    	    	    	    	    
[2026-02-02 10:50:03.751]  11:09:10	7.37	 038	 598	35.9	 22 	 -2 	100%	 3.7	    	    	    	    	    	    	    	    	    	    
[2026-02-02 10:50:09.729]  11:09:16	7.37	 038	 598	36.0	 22 	 -2 	100%	 3.7	    	    	    	    	    	    	    	    	    	    
[2026-02-02 10:50:15.705]  11:09:22	7.37	 038	 598	36.0	 22 	 -2 	100%	 3.7	    	    	    	    	    	    	    	    	    	    
[2026-02-02 10:50:21.675]  11:09:28	7.37	 038	 599	36.0	 22 	 -2 	100%	 3.7	    	    	    	    	    	    	    	    	    	    
[2026-02-02 10:50:27.656]  11:09:34	7.37	 038	 599	36.0	 22 	 -2 	100%	 3.6	    	    	    	    	    	    	    	    	    	    
[2026-02-02 10:50:33.635]  11:09:40	7.37	 038	 599	36.0	 22 	 -2 	100%	 3.7	    	    	    	    	    	    	    	    	    	    
[2026-02-02 10:50:39.611]  11:09:46	7.37	 038	 600	36.0	 22 	 -2 	100%	 3.7	    	    	    	    	    	    	    	    	    	    
[2026-02-02 10:50:45.577]  11:09:52	7.37	 038	 600	36.0	 22 	 -2 	100%	 3.7	    	    	    	    	    	    	    	    	    	    
[2026-02-02 10:50:51.563]  11:09:58	7.37	 038	 601	36.0	 22 	 -2 	100%	 3.6	    	    	    	    	    	    	    	    	    	    
[2026-02-02 10:50:57.539]  11:10:04	7.37	 038	 600	36.0	 22 	 -2 	100%	 3.6	    	    	    	    	    	    	    	    	    	    
[2026-02-02 10:51:03.501]          	    	ARTERIAL 	 	  	    	    	    	    	    	    	    	  	    VENOUS
[2026-02-02 10:51:03.516]   Time   	 pH 	 CO2	  O2	TEMP	HCO3	 BE 	cSO2	 K+ 	 VO2	  Q 	 BSA	 pH 	 CO2	  O2	TEMP	 SO2	 HCT	 HGB
[2026-02-02 10:51:03.548] 
[2026-02-02 10:51:03.548]  11:10:10	7.37	 038	 601	36.0	 22 	 -2 	100%	 3.7	    	    	    	    	    	    	    	    	    	    
[2026-02-02 10:51:09.491]  11:10:16	7.37	 038	 601	36.0	 22 	 -2 	100%	 3.7	    	    	    	    	    	    	    	    	    	    
[2026-02-02 10:51:15.471]  11:10:22	7.37	 038	 602	36.0	 22 	 -2 	100%	 3.7	    	    	    	    	    	    	    	    	    	    
[2026-02-02 10:51:21.446]  11:10:28	7.37	 038	 601	35.9	 22 	 -2 	100%	 3.6	    	    	    	    	    	    	    	    	    	    
[2026-02-02 10:51:27.419]  11:10:34	7.37	 038	 601	35.9	 22 	 -2 	100%	 3.7	    	    	    	    	    	    	    	    	    	    
[2026-02-02 10:51:33.391]  11:10:40	7.37	 038	 602	35.9	 22 	 -2 	100%	 3.7	    	    	    	    	    	    	    	    	    	    
[2026-02-02 10:51:39.373]  11:10:46	7.37	 038	 602	35.9	 22 	 -2 	100%	 3.7	    	    	    	    	    	    	    	    	    	    
[2026-02-02 10:51:45.351]  11:10:52	7.37	 038	 602	36.0	 22 	 -2 	100%	 3.6	    	    	    	    	    	    	    	    	    	    
[2026-02-02 10:51:51.318]  11:10:58	7.37	 038	 602	36.0	 22 	 -2 	100%	 3.7	    	    	    	    	    	    	    	    	    	    
[2026-02-02 10:51:57.292]  11:11:04	7.37	 038	 602	36.0	 22 	 -2 	100%	 3.7	    	    	    	    	    	    	    	    	    	    
[2026-02-02 10:52:03.278]  11:11:10	7.37	 038	 603	36.0	 22 	 -2 	100%	 3.7	    	    	    	    	    	    	    	    	    	    
[2026-02-02 10:52:09.255]  11:11:16	7.37	 038	 602	36.0	 22 	 -2 	100%	 3.6	    	    	    	    	    	    	    	    	    	    
[2026-02-02 10:52:15.240]  11:11:22	7.37	 038	 602	36.0	 22 	 -2 	100%	 3.7	    	    	    	    	    	    	    	    	    	    
[2026-02-02 10:52:21.200]  11:11:28	7.37	 038	 603	36.0	 22 	 -2 	100%	 3.7	    	    	    	    	    	    	    	    	    	    
[2026-02-02 10:52:27.176]  11:11:34	7.37	 038	 603	36.0	 22 	 -2 	100%	 3.7	    	    	    	    	    	    	    	    	    	    
[2026-02-02 10:52:33.152]  11:11:40	7.37	 038	 603	36.0	 22 	 -2 	100%	 3.7	    	    	    	    	    	    	    	    	    	    
[2026-02-02 10:52:39.123]  11:11:46	7.37	 038	 603	36.0	 22 	 -2 	100%	 3.6	    	    	    	    	    	    	    	    	    	    
[2026-02-02 10:52:45.108]  11:11:52	7.37	 038	 603	36.0	 22 	 -2 	100%	 3.7	    	    	    	    	    	    	    	    	    	    
[2026-02-02 10:52:51.086]  11:11:58	7.37	 038	 603	36.0	 22 	 -2 	100%	 3.7	    	    	    	    	    	    	    	    	    	    
[2026-02-02 10:52:57.060]  11:12:03	7.37	 038	 604	36.0	 22 	 -2 	100%	 3.7	    	    	    	    	    	    	    	    	    	    
[2026-02-02 10:53:03.033]  11:12:10	7.37	 038	 604	36.0	 22 	 -2 	100%	 3.7	    	    	    	    	    	    	    	    	    	    
[2026-02-02 10:53:09.012]  11:12:16	7.37	 038	 604	35.9	 22 	 -2 	100%	 3.7	    	    	    	    	    	    	    	    	    	    
[2026-02-02 10:53:15.006]  11:12:22	7.37	 038	 603	35.9	 22 	 -2 	100%	 3.7	    	    	    	    	    	    	    	    	    	    
[2026-02-02 10:53:20.968]  11:12:28	7.37	 038	 603	35.9	 22 	 -2 	100%	 3.7	    	    	    	    	    	    	    	    	    	    
[2026-02-02 10:53:26.936]  11:12:34	7.37	 038	 604	35.9	 22 	 -2 	100%	 3.7	    	    	    	    	    	    	    	    	    	    
[2026-02-02 10:53:32.913]  11:12:40	7.37	 038	 604	35.9	 22 	 -2 	100%	 3.7	    	    	    	    	    	    	    	    	    	    
[2026-02-02 10:53:38.893]  11:12:46	7.37	 038	 604	35.9	 22 	 -2 	100%	 3.7	    	    	    	    	    	    	    	    	    	    
[2026-02-02 10:53:44.877]  11:12:52	7.37	 038	 604	35.9	 22 	 -2 	100%	 3.7	    	    	    	    	    	    	    	    	    	    
[2026-02-02 10:53:50.846]  11:12:58	7.37	 038	 604	36.0	 22 	 -2 	100%	 3.7	    	    	    	    	    	    	    	    	    	    
[2026-02-02 10:53:56.821]  11:13:03	7.37	 038	 604	35.9	 22 	 -2 	100%	 3.7	    	    	    	    	    	    	    	    	    	    
[2026-02-02 10:54:02.797]  11:13:09	7.37	 038	 603	35.6	 22 	 -2 	100%	 3.7	    	    	    	    	    	    	    	    	    	    
[2026-02-02 10:54:08.773]  11:13:15	7.37	 038	 603	35.4	 22 	 -2 	100%	 3.7	    	    	    	    	    	    	    	    	    	    
[2026-02-02 10:54:14.756]  11:13:21	7.36	 038	 603	35.2	 22 	 -3 	100%	 3.7	    	    	    	    	    	    	    	    	    	    
[2026-02-02 10:54:20.731]  11:13:27	7.36	 038	 602	35.0	 22 	 -3 	100%	 3.7	    	    	    	    	    	    	    	    	    	    
[2026-02-02 10:54:26.701]  11:13:33	7.36	 038	 602	34.8	 22 	 -3 	100%	 3.7	    	    	    	    	    	    	    	    	    	    
[2026-02-02 10:54:32.679]  11:13:39	7.36	 038	 602	34.7	 22 	 -3 	100%	 3.8	    	    	    	    	    	    	    	    	    	    
[2026-02-02 10:54:38.660]  11:13:45	7.36	 038	 602	34.5	 22 	 -3 	100%	 3.8	    	    	    	    	    	    	    	    	    	    
[2026-02-02 10:54:44.635]  11:13:51	7.36	 038	 602	34.3	 21 	 -3 	100%	 3.8	    	    	    	    	    	    	    	    	    	    
[2026-02-02 10:54:50.612]  11:13:57	7.36	 038	 601	34.2	 21 	 -3 	100%	 3.8	    	    	    	    	    	    	    	    	    	    
[2026-02-02 10:54:56.587]  11:14:03	7.36	 038	 601	34.1	 21 	 -3 	100%	 3.8	    	    	    	    	    	    	    	    	    	    
[2026-02-02 10:55:02.563]  11:14:09	7.36	 038	 600	33.9	 21 	 -3 	100%	 3.8	    	    	    	    	    	    	    	    	    	    
[2026-02-02 10:55:08.547]  11:14:15	7.36	 038	 600	33.8	 21 	 -3 	100%	 3.8	    	    	    	    	    	    	    	    	    	    
[2026-02-02 10:55:14.525]  11:14:21	7.36	 038	 599	33.7	 21 	 -3 	100%	 3.8	    	    	    	    	    	    	    	    	    	    
[2026-02-02 10:55:20.492]  11:14:27	7.36	 038	 599	33.6	 21 	 -3 	100%	 3.8	    	    	    	    	    	    	    	    	    	    
[2026-02-02 10:55:26.474]  11:14:33	7.36	 038	 598	33.4	 21 	 -3 	100%	 3.8	    	    	    	    	    	    	    	    	    	    
[2026-02-02 10:55:32.451]  11:14:39	7.35	 038	 598	33.3	 21 	 -3 	100%	 3.8	    	    	    	    	    	    	    	    	    	    
[2026-02-02 10:55:38.438]  11:14:45	7.35	 038	 597	33.2	 21 	 -3 	100%	 3.8	    	    	    	    	    	    	    	    	    	    
[2026-02-02 10:55:44.407]  11:14:51	7.35	 038	 597	33.1	 21 	 -3 	100%	 3.8	    	    	    	    	    	    	    	    	    	    
[2026-02-02 10:55:50.383]  11:14:57	7.35	 038	 596	33.0	 21 	 -3 	100%	 3.8	    	    	    	    	    	    	    	    	    	    
[2026-02-02 10:55:56.354]  11:15:03	7.35	 038	 596	32.9	 21 	 -3 	100%	 3.9	    	    	    	    	    	    	    	    	    	    
[2026-02-02 10:56:02.312]          	    	ARTERIAL 	 	  	    	    	    	    	    	    	    	  	    VENOUS
[2026-02-02 10:56:02.343]   Time   	 pH 	 CO2	  O2	TEMP	HCO3	 BE 	cSO2	 K+ 	 VO2	  Q 	 BSA	 pH 	 CO2	  O2	TEMP	 SO2	 HCT	 HGB
[2026-02-02 10:56:02.359] 
[2026-02-02 10:56:02.359]  11:15:09	7.35	 038	 595	32.8	 21 	 -4 	100%	 3.9	    	    	    	    	    	    	    	    	    	    
[2026-02-02 10:56:08.308]  11:15:15	7.35	 037	 594	32.7	 21 	 -4 	100%	 3.8	    	    	    	    	    	    	    	    	    	    
[2026-02-02 10:56:14.285]  11:15:21	7.35	 038	 594	32.6	 21 	 -4 	100%	 3.9	    	    	    	    	    	    	    	    	    	    
[2026-02-02 10:56:20.253]  11:15:27	7.35	 038	 593	32.5	 21 	 -4 	100%	 3.9	    	    	    	    	    	    	    	    	    	    
[2026-02-02 10:56:26.236]  11:15:33	7.35	 038	 593	32.4	 21 	 -4 	100%	 3.9	    	    	    	    	    	    	    	    	    	    
[2026-02-02 10:56:32.211]  11:15:39	7.35	 037	 592	32.4	 21 	 -4 	100%	 3.8	    	    	    	    	    	    	    	    	    	    
[2026-02-02 10:56:38.188]  11:15:45	7.35	 037	 591	32.3	 21 	 -4 	100%	 3.9	    	    	    	    	    	    	    	    	    	    
[2026-02-02 10:56:44.162]  11:15:51	7.35	 037	 591	32.2	 21 	 -4 	100%	 3.9	    	    	    	    	    	    	    	    	    	    
[2026-02-02 10:56:50.136]  11:15:57	7.35	 037	 590	32.1	 21 	 -4 	100%	 3.9	    	    	    	    	    	    	    	    	    	    
[2026-02-02 10:56:56.117]  11:16:03	7.35	 037	 590	32.0	 21 	 -4 	100%	 3.9	    	    	    	    	    	    	    	    	    	    
[2026-02-02 10:57:02.098]  11:16:09	7.35	 037	 589	32.0	 21 	 -4 	100%	 3.9	    	    	    	    	    	    	    	    	    	    
[2026-02-02 10:57:08.066]  11:16:15	7.35	 037	 588	31.9	 21 	 -4 	100%	 3.9	    	    	    	    	    	    	    	    	    	    
[2026-02-02 10:57:14.058]  11:16:21	7.35	 037	 588	31.8	 21 	 -4 	100%	 3.9	    	    	    	    	    	    	    	    	    	    
[2026-02-02 10:57:20.022]  11:16:27	7.34	 037	 587	31.7	 21 	 -4 	100%	 3.9	    	    	    	    	    	    	    	    	    	    
[2026-02-02 10:57:26.002]  11:16:33	7.34	 037	 586	31.7	 21 	 -4 	100%	 3.9	    	    	    	    	    	    	    	    	    	    
[2026-02-02 10:57:31.979]  11:16:39	7.34	 037	 586	31.6	 21 	 -4 	100%	 3.9	    	    	    	    	    	    	    	    	    	    
[2026-02-02 10:57:37.955]  11:16:45	7.34	 037	 585	31.6	 21 	 -4 	100%	 3.9	    	    	    	    	    	    	    	    	    	    
[2026-02-02 10:57:43.940]  11:16:51	7.34	 037	 584	31.5	 21 	 -4 	100%	 3.9	    	    	    	    	    	    	    	    	    	    
[2026-02-02 10:57:49.902]  11:16:57	7.34	 037	 583	31.4	 21 	 -4 	100%	 3.9	    	    	    	    	    	    	    	    	    	    
[2026-02-02 10:57:55.882]  11:17:03	7.34	 037	 583	31.4	 20 	 -4 	100%	 3.9	    	    	    	    	    	    	    	    	    	    
[2026-02-02 10:58:01.851]  11:17:09	7.34	 037	 582	31.3	 20 	 -4 	100%	 3.9	    	    	    	    	    	    	    	    	    	    
[2026-02-02 10:58:07.836]  11:17:14	7.34	 037	 581	31.3	 20 	 -4 	100%	 3.9	    	    	    	    	    	    	    	    	    	    
[2026-02-02 10:58:13.821]  11:17:20	7.34	 037	 581	31.2	 20 	 -4 	100%	 3.9	    	    	    	    	    	    	    	    	    	    
[2026-02-02 10:58:19.790]  11:17:26	7.34	 037	 580	31.1	 20 	 -4 	100%	 3.9	    	    	    	    	    	    	    	    	    	    
[2026-02-02 10:58:25.769]  11:17:33	7.34	 037	 579	31.1	 20 	 -4 	100%	 3.9	    	    	    	    	    	    	    	    	    	    
[2026-02-02 10:58:31.739]  11:17:39	7.34	 037	 578	31.0	 20 	 -4 	100%	 3.9	    	    	    	    	    	    	    	    	    	    
[2026-02-02 10:58:37.706]  11:17:45	7.34	 037	 578	31.0	 20 	 -4 	100%	 3.9	    	    	    	    	    	    	    	    	    	    
[2026-02-02 10:58:43.688]  11:17:51	7.34	 037	 577	30.9	 20 	 -4 	100%	 3.9	    	    	    	    	    	    	    	    	    	    
[2026-02-02 10:58:49.662]  11:17:57	7.34	 037	 576	30.9	 20 	 -4 	100%	 3.9	    	    	    	    	    	    	    	    	    	    
[2026-02-02 10:58:55.642]  11:18:02	7.34	 037	 575	30.8	 20 	 -4 	100%	 3.9	    	    	    	    	    	    	    	    	    	    
[2026-02-02 10:59:01.618]  11:18:08	7.34	 037	 575	30.8	 20 	 -4 	100%	 3.9	    	    	    	    	    	    	    	    	    	    
[2026-02-02 10:59:07.592]  11:18:14	7.34	 037	 574	30.7	 20 	 -4 	100%	 3.9	    	    	    	    	    	    	    	    	    	    
[2026-02-02 10:59:13.584]  11:18:20	7.34	 037	 573	30.7	 20 	 -4 	100%	 3.9	    	    	    	    	    	    	    	    	    	    
[2026-02-02 10:59:19.545]  11:18:26	7.34	 037	 573	30.7	 20 	 -4 	100%	 3.9	    	    	    	    	    	    	    	    	    	    
[2026-02-02 10:59:25.520]  11:18:32	7.34	 037	 572	30.6	 20 	 -4 	100%	 3.9	    	    	    	    	    	    	    	    	    	    
[2026-02-02 10:59:31.503]  11:18:38	7.34	 037	 571	30.6	 20 	 -4 	100%	 3.9	    	    	    	    	    	    	    	    	    	    
[2026-02-02 10:59:37.480]  11:18:44	7.34	 037	 571	30.5	 20 	 -5 	100%	 3.9	    	    	    	    	    	    	    	    	    	    
[2026-02-02 10:59:43.460]  11:18:50	7.34	 037	 570	30.5	 20 	 -4 	100%	 3.9	    	    	    	    	    	    	    	    	    	    
[2026-02-02 10:59:49.432]  11:18:56	7.34	 037	 569	30.4	 20 	 -5 	100%	 3.9	    	    	    	    	    	    	    	    	    	    
[2026-02-02 10:59:55.407]  11:19:02	7.34	 037	 568	30.4	 20 	 -5 	100%	 3.9	    	    	    	    	    	    	    	    	    	    
[2026-02-02 11:00:01.376]  11:19:08	7.34	 037	 568	30.4	 20 	 -5 	100%	 3.9	    	    	    	    	    	    	    	    	    	    
[2026-02-02 11:00:07.353]  11:19:14	7.34	 037	 567	30.3	 20 	 -5 	100%	 3.9	    	    	    	    	    	    	    	    	    	    
[2026-02-02 11:00:13.337]  11:19:20	7.33	 037	 566	30.3	 20 	 -5 	100%	 3.9	    	    	    	    	    	    	    	    	    	    
[2026-02-02 11:00:19.306]  11:19:26	7.33	 037	 566	30.3	 20 	 -5 	100%	 3.9	    	    	    	    	    	    	    	    	    	    
[2026-02-02 11:00:25.280]  11:19:32	7.33	 037	 565	30.2	 20 	 -5 	100%	 4.0	    	    	    	    	    	    	    	    	    	    
[2026-02-02 11:00:31.262]  11:19:38	7.33	 037	 565	30.2	 20 	 -5 	100%	 3.9	    	    	    	    	    	    	    	    	    	    
[2026-02-02 11:00:37.242]  11:19:44	7.33	 037	 564	30.1	 20 	 -5 	100%	 4.0	    	    	    	    	    	    	    	    	    	    
[2026-02-02 11:00:43.211]  11:19:50	7.33	 037	 563	30.1	 20 	 -5 	100%	 3.9	    	    	    	    	    	    	    	    	    	    
[2026-02-02 11:00:49.198]  11:19:56	7.33	 037	 563	30.1	 20 	 -5 	100%	 4.0	    	    	    	    	    	    	    	    	    	    
[2026-02-02 11:00:55.198]  11:20:02	7.33	 037	 562	30.0	 20 	 -5 	100%	 3.9	    	    	    	    	    	    	    	    	    	    
[2026-02-02 11:01:01.129]          	    	ARTERIAL 	 	  	    	    	    	    	    	    	    	  	    VENOUS
[2026-02-02 11:01:01.160]   Time   	 pH 	 CO2	  O2	TEMP	HCO3	 BE 	cSO2	 K+ 	 VO2	  Q 	 BSA	 pH 	 CO2	  O2	TEMP	 SO2	 HCT	 HGB
[2026-02-02 11:01:01.191] 
[2026-02-02 11:01:01.191]  11:20:08	7.33	 037	 561	30.0	 20 	 -5 	100%	 3.9	    	    	    	    	    	    	    	    	    	    
[2026-02-02 11:01:07.127]  11:20:14	7.33	 037	 560	30.0	 20 	 -5 	100%	 4.0	    	    	    	    	    	    	    	    	    	    
[2026-02-02 11:01:13.121]  11:20:20	7.33	 037	 560	29.9	 20 	 -5 	100%	 4.0	    	    	    	    	    	    	    	    	    	    
[2026-02-02 11:01:19.070]  11:20:26	7.33	 037	 559	29.9	 20 	 -5 	100%	 4.0	    	    	    	    	    	    	    	    	    	    
[2026-02-02 11:01:25.054]  11:20:32	7.33	 037	 559	29.9	 20 	 -5 	100%	 4.0	    	    	    	    	    	    	    	    	    	    
[2026-02-02 11:01:31.032]  11:20:38	7.33	 037	 558	29.8	 20 	 -5 	100%	 4.0	    	    	    	    	    	    	    	    	    	    
[2026-02-02 11:01:36.998]  11:20:44	7.33	 037	 557	29.8	 20 	 -5 	100%	 4.0	    	    	    	    	    	    	    	    	    	    
[2026-02-02 11:01:42.998]  11:20:50	7.33	 037	 557	29.8	 20 	 -5 	100%	 4.0	    	    	    	    	    	    	    	    	    	    
[2026-02-02 11:01:48.961]  11:20:56	7.33	 037	 556	29.8	 20 	 -5 	100%	 4.0	    	    	    	    	    	    	    	    	    	    
[2026-02-02 11:01:54.939]  11:21:02	7.33	 037	 555	29.7	 20 	 -5 	100%	 4.0	    	    	    	    	    	    	    	    	    	    
[2026-02-02 11:02:00.900]  11:21:08	7.33	 037	 554	29.7	 20 	 -5 	100%	 4.0	    	    	    	    	    	    	    	    	    	    
[2026-02-02 11:02:06.882]  11:21:14	7.33	 037	 554	29.7	 20 	 -5 	100%	 4.0	    	    	    	    	    	    	    	    	    	    
[2026-02-02 11:02:12.913]  11:21:20	7.33	 037	 553	29.6	 20 	 -5 	100%	 4.0	    	    	    	    	    	    	    	    	    	    
[2026-02-02 11:02:18.835]  11:21:26	7.33	 037	 553	29.6	 20 	 -5 	100%	 4.0	    	    	    	    	    	    	    	    	    	    
[2026-02-02 11:02:24.810]  11:21:32	7.33	 037	 552	29.6	 20 	 -5 	100%	 4.0	    	    	    	    	    	    	    	    	    	    
[2026-02-02 11:02:30.790]  11:21:38	7.33	 037	 551	29.6	 20 	 -5 	100%	 4.0	    	    	    	    	    	    	    	    	    	    
[2026-02-02 11:02:36.767]  11:21:44	7.33	 037	 551	29.5	 20 	 -5 	100%	 4.0	    	    	    	    	    	    	    	    	    	    
[2026-02-02 11:02:42.749]  11:21:50	7.33	 037	 550	29.5	 20 	 -5 	100%	 4.0	    	    	    	    	    	    	    	    	    	    
[2026-02-02 11:02:48.721]  11:21:56	7.33	 037	 550	29.5	 20 	 -5 	100%	 4.0	    	    	    	    	    	    	    	    	    	    
[2026-02-02 11:02:54.696]  11:22:02	7.33	 037	 549	29.4	 20 	 -5 	100%	 4.0	    	    	    	    	    	    	    	    	    	    
[2026-02-02 11:03:00.705]  11:22:08	7.33	 037	 548	29.4	 20 	 -5 	100%	 4.0	    	    	    	    	    	    	    	    	    	    
[2026-02-02 11:03:06.651]  11:22:13	7.33	 037	 548	29.4	 20 	 -5 	100%	 4.0	    	    	    	    	    	    	    	    	    	    
[2026-02-02 11:03:12.628]  11:22:19	7.33	 037	 547	29.4	 20 	 -5 	100%	 4.0	    	    	    	    	    	    	    	    	    	    
[2026-02-02 11:03:18.603]  11:22:25	7.33	 037	 546	29.3	 20 	 -5 	100%	 4.0	    	    	    	    	    	    	    	    	    	    
[2026-02-02 11:03:24.576]  11:22:31	7.33	 037	 546	29.3	 20 	 -5 	100%	 4.0	    	    	    	    	    	    	    	    	    	    
[2026-02-02 11:03:30.549]  11:22:37	7.33	 037	 545	29.3	 20 	 -5 	100%	 4.0	    	    	    	    	    	    	    	    	    	    
[2026-02-02 11:03:36.523]  11:22:43	7.33	 037	 545	29.3	 20 	 -5 	100%	 4.0	    	    	    	    	    	    	    	    	    	    
[2026-02-02 11:03:42.513]  11:22:49	7.33	 037	 544	29.2	 20 	 -5 	100%	 4.0	    	    	    	    	    	    	    	    	    	    
[2026-02-02 11:03:48.488]  11:22:55	7.33	 037	 543	29.2	 20 	 -5 	100%	 4.0	    	    	    	    	    	    	    	    	    	    
[2026-02-02 11:03:54.466]  11:23:01	7.32	 037	 543	29.2	 20 	 -5 	100%	 4.0	    	    	    	    	    	    	    	    	    	    
[2026-02-02 11:04:00.437]  11:23:07	7.32	 037	 542	29.2	 20 	 -5 	100%	 4.0	    	    	    	    	    	    	    	    	    	    
[2026-02-02 11:04:06.415]  11:23:13	7.32	 037	 542	29.1	 20 	 -5 	100%	 4.0	    	    	    	    	    	    	    	    	    	    
[2026-02-02 11:04:12.397]  11:23:19	7.32	 037	 541	29.1	 20 	 -5 	100%	 4.0	    	    	    	    	    	    	    	    	    	    
[2026-02-02 11:04:18.355]  11:23:25	7.32	 037	 540	29.1	 20 	 -5 	100%	 4.0	    	    	    	    	    	    	    	    	    	    
[2026-02-02 11:04:24.337]  11:23:31	7.32	 037	 540	29.1	 20 	 -5 	100%	 4.0	    	    	    	    	    	    	    	    	    	    
[2026-02-02 11:04:30.313]  11:23:37	7.32	 037	 539	29.1	 20 	 -5 	100%	 4.0	    	    	    	    	    	    	    	    	    	    
[2026-02-02 11:04:36.298]  11:23:43	7.32	 037	 539	29.0	 20 	 -5 	100%	 4.0	    	    	    	    	    	    	    	    	    	    
[2026-02-02 11:04:42.272]  11:23:49	7.32	 037	 538	29.0	 20 	 -5 	100%	 4.0	    	    	    	    	    	    	    	    	    	    
[2026-02-02 11:04:48.247]  11:23:55	7.32	 037	 537	29.0	 20 	 -5 	100%	 4.0	    	    	    	    	    	    	    	    	    	    
[2026-02-02 11:04:54.222]  11:24:01	7.32	 037	 537	29.0	 20 	 -5 	100%	 4.0	    	    	    	    	    	    	    	    	    	    
[2026-02-02 11:05:00.205]  11:24:07	7.32	 037	 536	28.9	 20 	 -5 	100%	 4.0	    	    	    	    	    	    	    	    	    	    
[2026-02-02 11:05:06.168]  11:24:13	7.32	 037	 536	28.9	 19 	 -5 	100%	 4.0	    	    	    	    	    	    	    	    	    	    
[2026-02-02 11:05:12.169]  11:24:19	7.32	 037	 535	28.9	 19 	 -5 	100%	 4.0	    	    	    	    	    	    	    	    	    	    
[2026-02-02 11:05:18.129]  11:24:25	7.32	 037	 535	28.9	 19 	 -5 	100%	 4.0	    	    	    	    	    	    	    	    	    	    
[2026-02-02 11:05:24.098]  11:24:31	7.32	 037	 534	28.9	 19 	 -5 	100%	 4.0	    	    	    	    	    	    	    	    	    	    
[2026-02-02 11:05:30.076]  11:24:37	7.32	 037	 533	28.8	 19 	 -5 	100%	 4.0	    	    	    	    	    	    	    	    	    	    
[2026-02-02 11:05:36.062]  11:24:43	7.32	 037	 550	30.5	 19 	 -5 	100%	 3.9	    	    	    	    	    	    	    	    	    	    
[2026-02-02 11:05:42.031]  11:24:49	7.34	 036	 543	33.1	 20 	 -5 	100%	 4.1	    	    	    	    	    	    	    	    	    	    
[2026-02-02 11:05:48.009]  11:24:55	7.35	 037	 548	34.2	 20 	 -4 	100%	 3.7	    	    	    	    	    	    	    	    	    	    
[2026-02-02 11:05:53.980]  11:25:01	7.35	 037	 558	34.6	 21 	 -4 	100%	 3.6	    	    	    	    	    	    	    	    	    	    
[2026-02-02 11:05:59.958]          	    	ARTERIAL 	 	  	    	    	    	    	    	    	    	  	    VENOUS
[2026-02-02 11:05:59.979]   Time   	 pH 	 CO2	  O2	TEMP	HCO3	 BE 	cSO2	 K+ 	 VO2	  Q 	 BSA	 pH 	 CO2	  O2	TEMP	 SO2	 HCT	 HGB
[2026-02-02 11:05:59.994] 
[2026-02-02 11:05:59.994]  11:25:07	7.35	 037	 569	34.8	 21 	 -3 	100%	 3.6	    	    	    	    	    	    	    	    	    	    
[2026-02-02 11:06:05.935]  11:25:13	7.36	 037	 577	35.0	 21 	 -3 	100%	 3.6	    	    	    	    	    	    	    	    	    	    
[2026-02-02 11:06:11.930]  11:25:19	7.36	 038	 582	35.1	 21 	 -3 	100%	 3.6	    	    	    	    	    	    	    	    	    	    
[2026-02-02 11:06:17.885]  11:25:25	7.36	 038	 586	35.2	 21 	 -3 	100%	 3.7	    	    	    	    	    	    	    	    	    	    
[2026-02-02 11:06:23.860]  11:25:31	7.36	 038	 588	35.3	 21 	 -3 	100%	 3.6	    	    	    	    	    	    	    	    	    	    
[2026-02-02 11:06:29.837]  11:25:37	7.36	 038	 589	35.4	 21 	 -3 	100%	 3.7	    	    	    	    	    	    	    	    	    	    
[2026-02-02 11:06:35.811]  11:25:43	7.36	 038	 590	35.4	 22 	 -3 	100%	 3.7	    	    	    	    	    	    	    	    	    	    
[2026-02-02 11:06:41.795]  11:25:49	7.36	 038	 590	35.5	 22 	 -3 	100%	 3.7	    	    	    	    	    	    	    	    	    	    
[2026-02-02 11:06:47.779]  11:25:55	7.36	 038	 590	35.5	 22 	 -3 	100%	 3.7	    	    	    	    	    	    	    	    	    	    
[2026-02-02 11:06:53.741]  11:26:01	7.36	 038	 590	35.5	 22 	 -3 	100%	 3.7	    	    	    	    	    	    	    	    	    	    
[2026-02-02 11:06:59.725]  11:26:07	7.36	 038	 589	35.6	 22 	 -3 	100%	 3.7	    	    	    	    	    	    	    	    	    	    
[2026-02-02 11:07:05.699]  11:26:13	7.36	 038	 589	35.6	 22 	 -3 	100%	 3.7	    	    	    	    	    	    	    	    	    	    
[2026-02-02 11:07:11.684]  11:26:19	7.36	 038	 589	35.6	 22 	 -3 	100%	 3.7	    	    	    	    	    	    	    	    	    	    
[2026-02-02 11:07:17.658]  11:26:25	7.37	 038	 589	35.6	 22 	 -3 	100%	 3.7	    	    	    	    	    	    	    	    	    	    
[2026-02-02 11:07:23.633]  11:26:31	7.37	 038	 589	35.6	 22 	 -3 	100%	 3.7	    	    	    	    	    	    	    	    	    	    
[2026-02-02 11:07:29.621]  11:26:37	7.37	 038	 588	35.6	 22 	 -3 	100%	 3.7	    	    	    	    	    	    	    	    	    	    
[2026-02-02 11:07:35.582]  11:26:43	7.37	 038	 588	35.7	 22 	 -3 	100%	 3.7	    	    	    	    	    	    	    	    	    	    
[2026-02-02 11:07:41.565]  11:26:48	7.37	 038	 588	35.7	 22 	 -3 	100%	 3.7	    	    	    	    	    	    	    	    	    	    
[2026-02-02 11:07:47.528]  11:26:54	7.37	 038	 588	35.7	 22 	 -3 	100%	 3.7	    	    	    	    	    	    	    	    	    	    
[2026-02-02 11:07:53.515]  11:27:00	7.37	 038	 588	35.7	 22 	 -3 	100%	 3.7	    	    	    	    	    	    	    	    	    	    
[2026-02-02 11:07:59.480]  11:27:06	7.37	 038	 588	35.7	 22 	 -3 	100%	 3.7	    	    	    	    	    	    	    	    	    	    
[2026-02-02 11:08:05.465]  11:27:12	7.37	 038	 588	35.7	 22 	 -3 	100%	 3.7	    	    	    	    	    	    	    	    	    	    
[2026-02-02 11:08:11.447]  11:27:18	7.37	 038	 588	35.7	 22 	 -3 	100%	 3.7	    	    	    	    	    	    	    	    	    	    
[2026-02-02 11:08:17.416]  11:27:24	7.37	 038	 588	35.7	 22 	 -3 	100%	 3.7	    	    	    	    	    	    	    	    	    	    
[2026-02-02 11:08:23.392]  11:27:30	7.37	 038	 588	35.8	 22 	 -3 	100%	 3.7	    	    	    	    	    	    	    	    	    	    
[2026-02-02 11:08:29.366]  11:27:36	7.37	 038	 588	35.8	 22 	 -3 	100%	 3.7	    	    	    	    	    	    	    	    	    	    
[2026-02-02 11:08:35.351]  11:27:42	7.37	 038	 588	35.8	 22 	 -3 	100%	 3.7	    	    	    	    	    	    	    	    	    	    
[2026-02-02 11:08:41.325]  11:27:48	7.37	 038	 588	35.8	 22 	 -2 	100%	 3.7	    	    	    	    	    	    	    	    	    	    
[2026-02-02 11:08:47.291]  11:27:54	7.37	 038	 588	35.8	 22 	 -2 	100%	 3.7	    	    	    	    	    	    	    	    	    	    
[2026-02-02 11:08:53.291]  11:28:00	7.37	 038	 589	35.8	 22 	 -2 	100%	 3.7	    	    	    	    	    	    	    	    	    	    
[2026-02-02 11:08:59.252]  11:28:06	7.37	 038	 588	35.8	 22 	 -2 	100%	 3.7	    	    	    	    	    	    	    	    	    	    
[2026-02-02 11:09:05.233]  11:28:12	7.37	 038	 588	35.8	 22 	 -2 	100%	 3.7	    	    	    	    	    	    	    	    	    	    
[2026-02-02 11:09:11.212]  11:28:18	7.37	 038	 588	35.8	 22 	 -2 	100%	 3.7	    	    	    	    	    	    	    	    	    	    
[2026-02-02 11:09:17.179]  11:28:24	7.37	 038	 587	35.8	 22 	 -2 	100%	 3.7	    	    	    	    	    	    	    	    	    	    
[2026-02-02 11:09:23.156]  11:28:30	7.37	 038	 588	35.8	 22 	 -2 	100%	 3.7	    	    	    	    	    	    	    	    	    	    
[2026-02-02 11:09:29.125]  11:28:36	7.36	 039	 589	35.8	 22 	 -2 	100%	 3.7	    	    	    	    	    	    	    	    	    	    
[2026-02-02 11:09:35.161]  11:28:42	7.35	 040	 590	35.7	 22 	 -2 	100%	 3.7	    	    	    	    	    	    	    	    	    	    
[2026-02-02 11:09:41.096]  11:28:47	7.35	 040	 590	35.7	 22 	 -2 	100%	 3.7	    	    	    	    	    	    	    	    	    	    
[2026-02-02 11:09:47.058]  11:28:53	7.35	 040	 588	35.7	 22 	 -2 	100%	 3.7	    	    	    	    	    	    	    	    	    	    
[2026-02-02 11:09:53.034]  11:28:59	7.36	 039	 588	35.7	 22 	 -2 	100%	 3.7	    	    	    	    	    	    	    	    	    	    
[2026-02-02 11:09:59.023]  11:29:05	7.36	 039	 589	35.7	 22 	 -2 	100%	 3.7	    	    	    	    	    	    	    	    	    	    
[2026-02-02 11:10:04.989]  11:29:11	7.35	 039	 590	35.7	 22 	 -3 	100%	 3.7	    	    	    	    	    	    	    	    	    	    
[2026-02-02 11:10:10.971]  11:29:17	7.35	 040	 589	35.7	 22 	 -2 	100%	 3.7	    	    	    	    	    	    	    	    	    	    
[2026-02-02 11:10:16.950]  11:29:23	7.35	 040	 589	35.7	 22 	 -2 	100%	 3.7	    	    	    	    	    	    	    	    	    	    
[2026-02-02 11:10:22.920]  11:29:29	7.35	 040	 586	35.7	 22 	 -2 	100%	 3.7	    	    	    	    	    	    	    	    	    	    
[2026-02-02 11:10:28.897]  11:29:35	7.35	 040	 578	35.8	 22 	 -2 	100%	 3.7	    	    	    	    	    	    	    	    	    	    
[2026-02-02 11:10:34.866]  11:29:41	7.35	 040	 573	35.8	 22 	 -2 	100%	 3.7	    	    	    	    	    	    	    	    	    	    
[2026-02-02 11:10:40.853]  11:29:47	7.35	 040	 571	35.8	 22 	 -2 	100%	 3.7	    	    	    	    	    	    	    	    	    	    
[2026-02-02 11:10:46.828]  11:29:53	7.35	 040	 571	35.8	 22 	 -2 	100%	 3.7	    	    	    	    	    	    	    	    	    	    
[2026-02-02 11:10:52.805]  11:29:59	7.35	 040	 571	35.8	 22 	 -2 	100%	 3.8	    	    	    	    	    	    	    	    	    	    
[2026-02-02 11:10:58.767]          	    	ARTERIAL 	 	  	    	    	    	    	    	    	    	  	    VENOUS
[2026-02-02 11:10:58.798]   Time   	 pH 	 CO2	  O2	TEMP	HCO3	 BE 	cSO2	 K+ 	 VO2	  Q 	 BSA	 pH 	 CO2	  O2	TEMP	 SO2	 HCT	 HGB
[2026-02-02 11:10:58.820] 
[2026-02-02 11:10:58.820]  11:30:05	7.35	 040	 572	35.8	 22 	 -2 	100%	 3.8	    	    	    	    	    	    	    	    	    	    
[2026-02-02 11:11:04.758]  11:30:11	7.35	 039	 574	35.8	 22 	 -2 	100%	 3.7	    	    	    	    	    	    	    	    	    	    
[2026-02-02 11:11:10.734]  11:30:17	7.36	 039	 575	35.8	 22 	 -2 	100%	 3.7	    	    	    	    	    	    	    	    	    	    
[2026-02-02 11:11:16.701]  11:30:23	7.36	 039	 576	35.8	 22 	 -2 	100%	 3.7	    	    	    	    	    	    	    	    	    	    
[2026-02-02 11:11:22.679]  11:30:29	7.36	 039	 578	35.8	 22 	 -2 	100%	 3.8	    	    	    	    	    	    	    	    	    	    
[2026-02-02 11:11:28.676]  11:30:35	7.36	 039	 579	35.8	 22 	 -2 	100%	 3.8	    	    	    	    	    	    	    	    	    	    
[2026-02-02 11:11:34.643]  11:30:41	7.36	 039	 579	35.6	 22 	 -2 	100%	 3.7	    	    	    	    	    	    	    	    	    	    
[2026-02-02 11:11:40.656]  11:30:47	7.36	 039	 580	35.3	 22 	 -2 	100%	 3.7	    	    	    	    	    	    	    	    	    	    
[2026-02-02 11:11:46.595]  11:30:53	7.35	 039	 581	35.1	 22 	 -3 	100%	 3.8	    	    	    	    	    	    	    	    	    	    
[2026-02-02 11:11:52.569]  11:30:59	7.35	 039	 582	34.8	 22 	 -3 	100%	 3.8	    	    	    	    	    	    	    	    	    	    
[2026-02-02 11:11:58.538]  11:31:05	7.35	 039	 583	34.6	 22 	 -3 	100%	 3.8	    	    	    	    	    	    	    	    	    	    
[2026-02-02 11:12:04.514]  11:31:11	7.35	 039	 583	34.4	 22 	 -3 	100%	 3.8	    	    	    	    	    	    	    	    	    	    
[2026-02-02 11:12:10.507]  11:31:17	7.35	 039	 583	34.3	 22 	 -3 	100%	 3.8	    	    	    	    	    	    	    	    	    	    
[2026-02-02 11:12:16.476]  11:31:23	7.35	 039	 584	34.1	 22 	 -3 	100%	 3.9	    	    	    	    	    	    	    	    	    	    
[2026-02-02 11:12:22.467]  11:31:29	7.35	 039	 584	33.9	 22 	 -3 	100%	 3.9	    	    	    	    	    	    	    	    	    	    
[2026-02-02 11:12:28.463]  11:31:35	7.35	 039	 584	33.8	 22 	 -3 	100%	 3.9	    	    	    	    	    	    	    	    	    	    
[2026-02-02 11:12:34.394]  11:31:41	7.35	 039	 584	33.6	 22 	 -3 	100%	 3.9	    	    	    	    	    	    	    	    	    	    
[2026-02-02 11:12:40.383]  11:31:47	7.35	 039	 584	33.5	 22 	 -3 	100%	 3.9	    	    	    	    	    	    	    	    	    	    
[2026-02-02 11:12:46.352]  11:31:53	7.35	 039	 584	33.3	 22 	 -3 	100%	 3.9	    	    	    	    	    	    	    	    	    	    
[2026-02-02 11:12:52.325]  11:31:59	7.34	 039	 584	33.2	 22 	 -3 	100%	 3.9	    	    	    	    	    	    	    	    	    	    
[2026-02-02 11:12:58.303]  11:32:05	7.34	 039	 584	33.1	 22 	 -3 	100%	 3.9	    	    	    	    	    	    	    	    	    	    
[2026-02-02 11:13:04.279]  11:32:11	7.34	 039	 586	33.0	 21 	 -3 	100%	 3.7	    	    	    	    	    	    	    	    	    	    
[2026-02-02 11:13:10.273]  11:32:17	7.35	 039	 581	34.4	 21 	 -3 	100%	 3.9	    	    	    	    	    	    	    	    	    	    
[2026-02-02 11:13:16.240]  11:32:23	7.35	 039	 570	35.3	 22 	 -3 	100%	 3.8	    	    	    	    	    	    	    	    	    	    
[2026-02-02 11:13:22.213]  11:32:29	7.35	 039	 567	35.6	 22 	 -3 	100%	 3.7	    	    	    	    	    	    	    	    	    	    
[2026-02-02 11:13:28.181]  11:32:35	7.35	 039	 568	35.7	 22 	 -2 	100%	 3.7	    	    	    	    	    	    	    	    	    	    
[2026-02-02 11:13:34.178]  11:32:41	7.36	 039	 570	35.7	 22 	 -2 	100%	 3.7	    	    	    	    	    	    	    	    	    	    
[2026-02-02 11:13:40.137]  11:32:47	7.36	 039	 572	35.8	 22 	 -2 	100%	 3.7	    	    	    	    	    	    	    	    	    	    
[2026-02-02 11:13:46.114]  11:32:53	7.36	 039	 573	35.8	 22 	 -2 	100%	 3.7	    	    	    	    	    	    	    	    	    	    
[2026-02-02 11:13:52.089]  11:32:58	7.36	 039	 573	35.9	 22 	 -2 	100%	 3.7	    	    	    	    	    	    	    	    	    	    
[2026-02-02 11:13:58.061]  11:33:04	7.35	 040	 576	35.9	 22 	 -2 	100%	 3.8	    	    	    	    	    	    	    	    	    	    
[2026-02-02 11:14:04.054]  11:33:10	7.34	 041	 579	35.9	 23 	 -2 	100%	 3.8	    	    	    	    	    	    	    	    	    	    
[2026-02-02 11:14:10.030]  11:33:16	7.34	 042	 582	35.9	 23 	 -2 	100%	 3.7	    	    	    	    	    	    	    	    	    	    
[2026-02-02 11:14:16.000]  11:33:22	7.34	 042	 580	36.0	 23 	 -2 	100%	 3.7	    	    	    	    	    	    	    	    	    	    
[2026-02-02 11:14:21.976]  11:33:28	7.33	 043	 576	36.0	 23 	 -2 	100%	 3.7	    	    	    	    	    	    	    	    	    	    
[2026-02-02 11:14:27.957]  11:33:35	7.33	 043	 571	36.0	 23 	 -2 	100%	 3.7	    	    	    	    	    	    	    	    	    	    
[2026-02-02 11:14:33.929]  11:33:40	7.34	 042	 567	36.0	 23 	 -2 	100%	 3.7	    	    	    	    	    	    	    	    	    	    
[2026-02-02 11:14:39.912]  11:33:46	7.34	 042	 565	36.0	 23 	 -2 	100%	 3.8	    	    	    	    	    	    	    	    	    	    
[2026-02-02 11:14:45.878]  11:33:52	7.34	 041	 565	36.0	 23 	 -2 	100%	 3.8	    	    	    	    	    	    	    	    	    	    
[2026-02-02 11:14:51.861]  11:33:58	7.35	 040	 565	36.0	 22 	 -2 	100%	 3.7	    	    	    	    	    	    	    	    	    	    
[2026-02-02 11:14:57.851]  11:34:04	7.35	 040	 565	36.0	 22 	 -2 	100%	 3.7	    	    	    	    	    	    	    	    	    	    
[2026-02-02 11:15:03.811]  11:34:10	7.35	 040	 566	36.0	 22 	 -2 	100%	 3.7	    	    	    	    	    	    	    	    	    	    
[2026-02-02 11:15:09.801]  11:34:16	7.35	 040	 566	36.0	 22 	 -2 	100%	 3.8	    	    	    	    	    	    	    	    	    	    
[2026-02-02 11:15:15.754]  11:34:22	7.36	 039	 568	36.0	 22 	 -2 	100%	 3.8	    	    	    	    	    	    	    	    	    	    
[2026-02-02 11:15:21.780]  11:34:28	7.36	 039	 570	36.0	 22 	 -2 	100%	 3.8	    	    	    	    	    	    	    	    	    	    
[2026-02-02 11:15:27.723]  11:34:34	7.36	 039	 573	36.0	 22 	 -2 	100%	 3.7	    	    	    	    	    	    	    	    	    	    
[2026-02-02 11:15:33.684]  11:34:40	7.36	 039	 575	36.0	 22 	 -2 	100%	 3.7	    	    	    	    	    	    	    	    	    	    
[2026-02-02 11:15:39.685]  11:34:46	7.36	 039	 577	36.0	 22 	 -2 	100%	 3.7	    	    	    	    	    	    	    	    	    	    
[2026-02-02 11:15:45.643]  11:34:52	7.36	 039	 579	36.0	 22 	 -2 	100%	 3.8	    	    	    	    	    	    	    	    	    	    
[2026-02-02 11:15:51.628]  11:34:58	7.36	 039	 580	36.0	 22 	 -2 	100%	 3.7	    	    	    	    	    	    	    	    	    	    
[2026-02-02 11:15:57.582]          	    	ARTERIAL 	 	  	    	    	    	    	    	    	    	  	    VENOUS
[2026-02-02 11:15:57.614]   Time   	 pH 	 CO2	  O2	TEMP	HCO3	 BE 	cSO2	 K+ 	 VO2	  Q 	 BSA	 pH 	 CO2	  O2	TEMP	 SO2	 HCT	 HGB
[2026-02-02 11:15:57.645] 
[2026-02-02 11:15:57.645]  11:35:04	7.36	 039	 581	36.0	 22 	 -2 	100%	 3.7	    	    	    	    	    	    	    	    	    	    
[2026-02-02 11:16:03.586]  11:35:10	7.36	 038	 583	36.0	 22 	 -2 	100%	 3.7	    	    	    	    	    	    	    	    	    	    
[2026-02-02 11:16:09.553]  11:35:16	7.36	 038	 584	36.0	 22 	 -2 	100%	 3.8	    	    	    	    	    	    	    	    	    	    
[2026-02-02 11:16:15.519]  11:35:22	7.36	 038	 585	36.0	 22 	 -2 	100%	 3.8	    	    	    	    	    	    	    	    	    	    
[2026-02-02 11:16:21.497]  11:35:28	7.36	 038	 586	36.0	 22 	 -2 	100%	 3.7	    	    	    	    	    	    	    	    	    	    
[2026-02-02 11:16:27.474]  11:35:34	7.37	 038	 587	36.0	 22 	 -2 	100%	 3.7	    	    	    	    	    	    	    	    	    	    
[2026-02-02 11:16:33.457]  11:35:40	7.37	 038	 588	36.0	 22 	 -2 	100%	 3.7	    	    	    	    	    	    	    	    	    	    
[2026-02-02 11:16:39.431]  11:35:46	7.37	 038	 589	36.0	 22 	 -2 	100%	 3.7	    	    	    	    	    	    	    	    	    	    
[2026-02-02 11:16:45.398]  11:35:52	7.37	 038	 589	36.0	 22 	 -2 	100%	 3.7	    	    	    	    	    	    	    	    	    	    
[2026-02-02 11:16:51.373]  11:35:58	7.37	 038	 590	36.0	 22 	 -2 	100%	 3.8	    	    	    	    	    	    	    	    	    	    
[2026-02-02 11:16:57.349]  11:36:04	7.37	 038	 591	36.0	 22 	 -2 	100%	 3.8	    	    	    	    	    	    	    	    	    	    
[2026-02-02 11:17:03.333]  11:36:10	7.37	 038	 591	36.0	 22 	 -2 	100%	 3.7	    	    	    	    	    	    	    	    	    	    
[2026-02-02 11:17:09.326]  11:36:16	7.37	 038	 591	36.0	 22 	 -2 	100%	 3.8	    	    	    	    	    	    	    	    	    	    
[2026-02-02 11:17:15.291]  11:36:22	7.37	 038	 592	36.0	 22 	 -2 	100%	 3.8	    	    	    	    	    	    	    	    	    	    
[2026-02-02 11:17:21.254]  11:36:28	7.37	 038	 593	36.0	 22 	 -2 	100%	 3.8	    	    	    	    	    	    	    	    	    	    
[2026-02-02 11:17:27.240]  11:36:34	7.37	 038	 593	36.0	 22 	 -2 	100%	 3.7	    	    	    	    	    	    	    	    	    	    
[2026-02-02 11:17:33.208]  11:36:40	7.37	 038	 593	36.0	 22 	 -2 	100%	 3.8	    	    	    	    	    	    	    	    	    	    
[2026-02-02 11:17:39.187]  11:36:46	7.37	 038	 594	36.0	 22 	 -2 	100%	 3.8	    	    	    	    	    	    	    	    	    	    
[2026-02-02 11:17:45.172]  11:36:52	7.37	 038	 594	36.0	 22 	 -2 	100%	 3.8	    	    	    	    	    	    	    	    	    	    
[2026-02-02 11:17:51.147]  11:36:58	7.37	 038	 594	36.0	 22 	 -2 	100%	 3.8	    	    	    	    	    	    	    	    	    	    
[2026-02-02 11:17:57.121]  11:37:04	7.37	 038	 594	36.0	 22 	 -2 	100%	 3.8	    	    	    	    	    	    	    	    	    	    
[2026-02-02 11:18:03.094]  11:37:10	7.37	 038	 595	36.0	 22 	 -2 	100%	 3.8	    	    	    	    	    	    	    	    	    	    
[2026-02-02 11:18:09.095]  11:37:16	7.37	 038	 595	36.0	 22 	 -2 	100%	 3.8	    	    	    	    	    	    	    	    	    	    
[2026-02-02 11:18:15.048]  11:37:22	7.37	 038	 595	36.0	 22 	 -2 	100%	 3.8	    	    	    	    	    	    	    	    	    	    
[2026-02-02 11:18:21.023]  11:37:28	7.37	 038	 595	36.0	 22 	 -2 	100%	 3.8	    	    	    	    	    	    	    	    	    	    
[2026-02-02 11:18:27.008]  11:37:34	7.37	 038	 596	36.0	 22 	 -2 	100%	 3.8	    	    	    	    	    	    	    	    	    	    
[2026-02-02 11:18:32.986]  11:37:40	7.37	 038	 596	36.0	 22 	 -2 	100%	 3.8	    	    	    	    	    	    	    	    	    	    
[2026-02-02 11:18:38.958]  11:37:46	7.37	 038	 596	36.0	 22 	 -2 	100%	 3.8	    	    	    	    	    	    	    	    	    	    
[2026-02-02 11:18:44.933]  11:37:51	7.37	 038	 596	36.0	 22 	 -2 	100%	 3.8	    	    	    	    	    	    	    	    	    	    
[2026-02-02 11:18:50.913]  11:37:57	7.37	 038	 597	36.0	 22 	 -2 	100%	 3.8	    	    	    	    	    	    	    	    	    	    
[2026-02-02 11:18:56.888]  11:38:03	7.37	 038	 597	36.0	 22 	 -2 	100%	 3.8	    	    	    	    	    	    	    	    	    	    
[2026-02-02 11:19:02.894]  11:38:09	7.37	 038	 597	36.0	 22 	 -2 	100%	 3.8	    	    	    	    	    	    	    	    	    	    
[2026-02-02 11:19:08.863]  11:38:15	7.37	 038	 597	36.0	 22 	 -2 	100%	 3.8	    	    	    	    	    	    	    	    	    	    
[2026-02-02 11:19:14.805]  11:38:21	7.37	 038	 597	36.0	 22 	 -2 	100%	 3.8	    	    	    	    	    	    	    	    	    	    
[2026-02-02 11:19:20.791]  11:38:27	7.37	 038	 597	36.0	 22 	 -2 	100%	 3.8	    	    	    	    	    	    	    	    	    	    
[2026-02-02 11:19:26.761]  11:38:33	7.37	 038	 597	36.0	 22 	 -2 	100%	 3.8	    	    	    	    	    	    	    	    	    	    
[2026-02-02 11:19:32.736]  11:38:39	7.37	 038	 597	36.0	 22 	 -2 	100%	 3.8	    	    	    	    	    	    	    	    	    	    
[2026-02-02 11:19:38.723]  11:38:45	7.37	 038	 595	36.0	 22 	 -2 	100%	 3.8	    	    	    	    	    	    	    	    	    	    
[2026-02-02 11:19:44.693]  11:38:51	7.37	 038	 596	36.0	 22 	 -2 	100%	 3.8	    	    	    	    	    	    	    	    	    	    
[2026-02-02 11:19:50.714]  11:38:58	7.37	 038	 597	36.0	 22 	 -2 	100%	 3.8	    	    	    	    	    	    	    	    	    	    
[2026-02-02 11:19:56.643]  11:39:04	7.37	 038	 597	36.1	 22 	 -2 	100%	 3.8	    	    	    	    	    	    	    	    	    	    
[2026-02-02 11:20:02.625]  11:39:10	7.37	 038	 597	36.1	 22 	 -2 	100%	 3.8	    	    	    	    	    	    	    	    	    	    
[2026-02-02 11:20:08.614]  11:39:15	7.37	 038	 597	36.1	 22 	 -2 	100%	 3.8	    	    	    	    	    	    	    	    	    	    
[2026-02-02 11:20:14.579]  11:39:21	7.37	 038	 597	36.1	 22 	 -2 	100%	 3.8	    	    	    	    	    	    	    	    	    	    
[2026-02-02 11:20:20.562]  11:39:27	7.37	 038	 597	36.0	 22 	 -2 	100%	 3.8	    	    	    	    	    	    	    	    	    	    
[2026-02-02 11:20:26.536]  11:39:33	7.37	 038	 597	36.0	 22 	 -2 	100%	 3.8	    	    	    	    	    	    	    	    	    	    
[2026-02-02 11:20:32.511]  11:39:39	7.37	 038	 598	36.1	 22 	 -2 	100%	 3.8	    	    	    	    	    	    	    	    	    	    
[2026-02-02 11:20:38.494]  11:39:45	7.37	 038	 597	36.1	 22 	 -2 	100%	 3.8	    	    	    	    	    	    	    	    	    	    
[2026-02-02 11:20:44.465]  11:39:51	7.37	 038	 597	36.1	 22 	 -2 	100%	 3.8	    	    	    	    	    	    	    	    	    	    
[2026-02-02 11:20:50.439]  11:39:57	7.37	 038	 597	36.1	 22 	 -2 	100%	 3.8	    	    	    	    	    	    	    	    	    	    
[2026-02-02 11:20:56.409]          	    	ARTERIAL 	 	  	    	    	    	    	    	    	    	  	    VENOUS
[2026-02-02 11:20:56.430]   Time   	 pH 	 CO2	  O2	TEMP	HCO3	 BE 	cSO2	 K+ 	 VO2	  Q 	 BSA	 pH 	 CO2	  O2	TEMP	 SO2	 HCT	 HGB
[2026-02-02 11:20:56.483] 
[2026-02-02 11:20:56.483]  11:40:03	7.37	 038	 598	36.1	 22 	 -2 	100%	 3.8	    	    	    	    	    	    	    	    	    	    
[2026-02-02 11:21:02.393]  11:40:09	7.37	 038	 598	36.1	 22 	 -2 	100%	 3.8	    	    	    	    	    	    	    	    	    	    
[2026-02-02 11:21:08.387]  11:40:15	7.37	 038	 598	36.1	 22 	 -2 	100%	 3.8	    	    	    	    	    	    	    	    	    	    
[2026-02-02 11:21:14.346]  11:40:21	7.37	 038	 599	36.1	 22 	 -2 	100%	 3.8	    	    	    	    	    	    	    	    	    	    
[2026-02-02 11:21:20.342]  11:40:27	7.37	 038	 599	36.1	 22 	 -2 	100%	 3.8	    	    	    	    	    	    	    	    	    	    
[2026-02-02 11:21:26.299]  11:40:33	7.37	 038	 599	36.1	 22 	 -2 	100%	 3.8	    	    	    	    	    	    	    	    	    	    
[2026-02-02 11:21:32.276]  11:40:39	7.37	 038	 599	36.1	 22 	 -2 	100%	 3.9	    	    	    	    	    	    	    	    	    	    
[2026-02-02 11:21:38.254]  11:40:45	7.37	 038	 599	36.1	 22 	 -2 	100%	 3.8	    	    	    	    	    	    	    	    	    	    
[2026-02-02 11:21:44.228]  11:40:51	7.38	 038	 600	36.1	 22 	 -2 	100%	 3.8	    	    	    	    	    	    	    	    	    	    
[2026-02-02 11:21:50.205]  11:40:57	7.38	 038	 600	36.1	 22 	 -2 	100%	 3.8	    	    	    	    	    	    	    	    	    	    
[2026-02-02 11:21:56.182]  11:41:03	7.38	 038	 599	36.1	 22 	 -2 	100%	 3.8	    	    	    	    	    	    	    	    	    	    
[2026-02-02 11:22:02.158]  11:41:09	7.38	 037	 599	36.1	 22 	 -2 	100%	 3.8	    	    	    	    	    	    	    	    	    	    
[2026-02-02 11:22:08.143]  11:41:15	7.38	 037	 599	36.0	 22 	 -2 	100%	 3.8	    	    	    	    	    	    	    	    	    	    
[2026-02-02 11:22:14.110]  11:41:21	7.38	 037	 600	36.0	 22 	 -2 	100%	 3.8	    	    	    	    	    	    	    	    	    	    
[2026-02-02 11:22:20.085]  11:41:27	7.38	 037	 599	36.0	 22 	 -2 	100%	 3.8	    	    	    	    	    	    	    	    	    	    
[2026-02-02 11:22:26.061]  11:41:33	7.38	 037	 599	36.0	 22 	 -2 	100%	 3.8	    	    	    	    	    	    	    	    	    	    
[2026-02-02 11:22:32.038]  11:41:39	7.38	 037	 600	36.0	 22 	 -2 	100%	 3.9	    	    	    	    	    	    	    	    	    	    
[2026-02-02 11:22:38.018]  11:41:45	7.38	 038	 600	36.0	 22 	 -2 	100%	 3.9	    	    	    	    	    	    	    	    	    	    
[2026-02-02 11:22:43.991]  11:41:51	7.37	 038	 600	36.1	 22 	 -2 	100%	 3.8	    	    	    	    	    	    	    	    	    	    
[2026-02-02 11:22:49.967]  11:41:57	7.37	 037	 600	36.1	 22 	 -2 	100%	 3.9	    	    	    	    	    	    	    	    	    	    
[2026-02-02 11:22:55.944]  11:42:03	7.38	 038	 600	36.1	 22 	 -2 	100%	 3.9	    	    	    	    	    	    	    	    	    	    
[2026-02-02 11:23:01.921]  11:42:09	7.37	 038	 600	36.1	 22 	 -2 	100%	 3.9	    	    	    	    	    	    	    	    	    	    
[2026-02-02 11:23:07.907]  11:42:15	7.37	 038	 601	36.0	 22 	 -2 	100%	 3.9	    	    	    	    	    	    	    	    	    	    
[2026-02-02 11:23:13.873]  11:42:21	7.37	 038	 600	36.0	 22 	 -2 	100%	 3.9	    	    	    	    	    	    	    	    	    	    
[2026-02-02 11:23:19.849]  11:42:27	7.37	 038	 601	36.0	 22 	 -2 	100%	 3.9	    	    	    	    	    	    	    	    	    	    
[2026-02-02 11:23:25.826]  11:42:33	7.37	 038	 600	36.0	 22 	 -2 	100%	 3.9	    	    	    	    	    	    	    	    	    	    
[2026-02-02 11:23:31.803]  11:42:39	7.37	 038	 600	36.0	 22 	 -2 	100%	 3.9	    	    	    	    	    	    	    	    	    	    
[2026-02-02 11:23:37.781]  11:42:45	7.37	 038	 600	36.0	 22 	 -2 	100%	 3.9	    	    	    	    	    	    	    	    	    	    
[2026-02-02 11:23:43.755]  11:42:51	7.37	 038	 600	36.0	 22 	 -2 	100%	 3.9	    	    	    	    	    	    	    	    	    	    
[2026-02-02 11:23:49.731]  11:42:57	7.37	 038	 600	36.1	 22 	 -2 	100%	 3.9	    	    	    	    	    	    	    	    	    	    
[2026-02-02 11:23:55.707]  11:43:03	7.37	 038	 600	36.0	 22 	 -2 	100%	 3.9	    	    	    	    	    	    	    	    	    	    
[2026-02-02 11:24:01.683]  11:43:09	7.37	 038	 600	36.0	 22 	 -2 	100%	 3.9	    	    	    	    	    	    	    	    	    	    
[2026-02-02 11:24:07.671]  11:43:15	7.37	 038	 600	36.0	 22 	 -2 	100%	 3.9	    	    	    	    	    	    	    	    	    	    
[2026-02-02 11:24:13.637]  11:43:21	7.37	 038	 600	36.0	 22 	 -2 	100%	 3.9	    	    	    	    	    	    	    	    	    	    
[2026-02-02 11:24:19.613]  11:43:26	7.37	 038	 601	36.0	 22 	 -2 	100%	 3.9	    	    	    	    	    	    	    	    	    	    
[2026-02-02 11:24:25.589]  11:43:32	7.37	 038	 600	36.0	 22 	 -2 	100%	 3.9	    	    	    	    	    	    	    	    	    	    
[2026-02-02 11:24:31.565]  11:43:38	7.37	 038	 600	36.0	 22 	 -2 	100%	 3.9	    	    	    	    	    	    	    	    	    	    
[2026-02-02 11:24:37.545]  11:43:44	7.37	 038	 600	36.0	 22 	 -2 	100%	 3.9	    	    	    	    	    	    	    	    	    	    
[2026-02-02 11:24:43.530]  11:43:50	7.37	 038	 600	36.1	 22 	 -2 	100%	 3.9	    	    	    	    	    	    	    	    	    	    
[2026-02-02 11:24:49.533]  11:43:56	7.37	 038	 600	36.1	 22 	 -2 	100%	 3.9	    	    	    	    	    	    	    	    	    	    
[2026-02-02 11:24:55.471]  11:44:02	7.37	 038	 600	36.1	 22 	 -2 	100%	 3.9	    	    	    	    	    	    	    	    	    	    
[2026-02-02 11:25:01.447]  11:44:08	7.37	 038	 600	36.0	 22 	 -2 	100%	 3.9	    	    	    	    	    	    	    	    	    	    
[2026-02-02 11:25:07.434]  11:44:14	7.37	 038	 600	36.0	 22 	 -2 	100%	 3.9	    	    	    	    	    	    	    	    	    	    
[2026-02-02 11:25:13.400]  11:44:19	7.37	 038	 600	36.0	 22 	 -2 	100%	 3.9	    	    	    	    	    	    	    	    	    	    
[2026-02-02 11:25:19.377]  11:44:25	7.37	 038	 599	36.0	 22 	 -2 	100%	 3.9	    	    	    	    	    	    	    	    	    	    
[2026-02-02 11:25:25.353]  11:44:31	7.37	 038	 599	36.0	 22 	 -2 	100%	 3.9	    	    	    	    	    	    	    	    	    	    
[2026-02-02 11:25:31.328]  11:44:37	7.37	 038	 599	36.1	 22 	 -2 	100%	 3.9	    	    	    	    	    	    	    	    	    	    
[2026-02-02 11:25:37.308]  11:44:43	7.37	 038	 599	36.1	 22 	 -2 	100%	 3.9	    	    	    	    	    	    	    	    	    	    
[2026-02-02 11:25:43.283]  11:44:49	7.37	 038	 600	36.1	 22 	 -2 	100%	 3.9	    	    	    	    	    	    	    	    	    	    
[2026-02-02 11:25:49.258]  11:44:55	7.37	 038	 599	36.1	 22 	 -2 	100%	 3.9	    	    	    	    	    	    	    	    	    	    
[2026-02-02 11:25:55.226]          	    	ARTERIAL 	 	  	    	    	    	    	    	    	    	  	    VENOUS
[2026-02-02 11:25:55.253]   Time   	 pH 	 CO2	  O2	TEMP	HCO3	 BE 	cSO2	 K+ 	 VO2	  Q 	 BSA	 pH 	 CO2	  O2	TEMP	 SO2	 HCT	 HGB
[2026-02-02 11:25:55.279] 
[2026-02-02 11:25:55.283]  11:45:01	7.37	 038	 599	36.1	 22 	 -2 	100%	 3.8	    	    	    	    	    	    	    	    	    	    
[2026-02-02 11:26:01.210]  11:45:07	7.37	 038	 598	36.1	 22 	 -2 	100%	 3.9	    	    	    	    	    	    	    	    	    	    
[2026-02-02 11:26:07.197]  11:45:13	7.37	 038	 599	36.1	 22 	 -2 	100%	 3.9	    	    	    	    	    	    	    	    	    	    
[2026-02-02 11:26:13.165]  11:45:19	7.38	 038	 599	36.1	 22 	 -2 	100%	 3.9	    	    	    	    	    	    	    	    	    	    
[2026-02-02 11:26:19.140]  11:45:25	7.38	 038	 599	36.1	 22 	 -2 	100%	 3.9	    	    	    	    	    	    	    	    	    	    
[2026-02-02 11:26:25.116]  11:45:31	7.38	 038	 599	36.1	 22 	 -2 	100%	 3.9	    	    	    	    	    	    	    	    	    	    
[2026-02-02 11:26:31.093]  11:45:37	7.38	 038	 599	36.1	 22 	 -2 	100%	 3.9	    	    	    	    	    	    	    	    	    	    
[2026-02-02 11:26:37.071]  11:45:43	7.38	 037	 599	36.1	 22 	 -2 	100%	 3.8	    	    	    	    	    	    	    	    	    	    
[2026-02-02 11:26:43.045]  11:45:49	7.37	 038	 598	36.1	 22 	 -2 	100%	 3.9	    	    	    	    	    	    	    	    	    	    
[2026-02-02 11:26:49.022]  11:45:55	7.36	 039	 599	36.1	 22 	 -2 	100%	 3.9	    	    	    	    	    	    	    	    	    	    
[2026-02-02 11:26:54.999]  11:46:01	7.35	 040	 599	36.1	 22 	 -2 	100%	 3.9	    	    	    	    	    	    	    	    	    	    
[2026-02-02 11:27:00.987]  11:46:07	7.35	 040	 598	36.1	 23 	 -2 	100%	 3.9	    	    	    	    	    	    	    	    	    	    
[2026-02-02 11:27:06.964]  11:46:13	7.34	 041	 596	36.1	 23 	 -2 	100%	 3.9	    	    	    	    	    	    	    	    	    	    
[2026-02-02 11:27:12.927]  11:46:19	7.34	 042	 593	36.1	 23 	 -2 	100%	 3.9	    	    	    	    	    	    	    	    	    	    
[2026-02-02 11:27:18.904]  11:46:25	7.35	 042	 590	36.1	 23 	 -2 	100%	 3.9	    	    	    	    	    	    	    	    	    	    
[2026-02-02 11:27:24.879]  11:46:31	7.35	 041	 589	36.1	 23 	 -2 	100%	 3.8	    	    	    	    	    	    	    	    	    	    
[2026-02-02 11:27:30.864]  11:46:37	7.35	 040	 587	36.1	 23 	 -2 	100%	 3.9	    	    	    	    	    	    	    	    	    	    
[2026-02-02 11:27:36.835]  11:46:43	7.36	 040	 586	36.1	 23 	 -2 	100%	 3.9	    	    	    	    	    	    	    	    	    	    
[2026-02-02 11:27:42.847]  11:46:49	7.36	 040	 586	36.1	 23 	 -2 	100%	 3.9	    	    	    	    	    	    	    	    	    	    
[2026-02-02 11:27:48.785]  11:46:55	7.36	 039	 586	36.1	 22 	 -2 	100%	 3.8	    	    	    	    	    	    	    	    	    	    
[2026-02-02 11:27:54.762]  11:47:01	7.36	 039	 586	36.1	 22 	 -2 	100%	 3.8	    	    	    	    	    	    	    	    	    	    
[2026-02-02 11:28:00.737]  11:47:07	7.36	 039	 587	36.1	 22 	 -2 	100%	 3.9	    	    	    	    	    	    	    	    	    	    
[2026-02-02 11:28:06.724]  11:47:13	7.36	 039	 588	36.1	 22 	 -2 	100%	 3.9	    	    	    	    	    	    	    	    	    	    
[2026-02-02 11:28:12.690]  11:47:19	7.36	 039	 589	36.1	 22 	 -2 	100%	 3.9	    	    	    	    	    	    	    	    	    	    
[2026-02-02 11:28:18.666]  11:47:25	7.37	 039	 590	36.1	 22 	 -2 	100%	 3.9	    	    	    	    	    	    	    	    	    	    
[2026-02-02 11:28:24.643]  11:47:31	7.37	 038	 590	36.1	 22 	 -2 	100%	 3.9	    	    	    	    	    	    	    	    	    	    
[2026-02-02 11:28:30.658]  11:47:37	7.37	 038	 591	36.1	 22 	 -2 	100%	 3.9	    	    	    	    	    	    	    	    	    	    
[2026-02-02 11:28:36.599]  11:47:43	7.37	 038	 593	36.1	 22 	 -2 	100%	 3.8	    	    	    	    	    	    	    	    	    	    
[2026-02-02 11:28:42.572]  11:47:49	7.37	 038	 594	36.1	 22 	 -2 	100%	 3.9	    	    	    	    	    	    	    	    	    	    
[2026-02-02 11:28:48.551]  11:47:55	7.36	 039	 595	36.1	 22 	 -2 	100%	 3.9	    	    	    	    	    	    	    	    	    	    
[2026-02-02 11:28:54.536]  11:48:01	7.35	 040	 593	36.1	 22 	 -3 	100%	 3.9	    	    	    	    	    	    	    	    	    	    
[2026-02-02 11:29:00.501]  11:48:07	7.34	 041	 590	36.1	 22 	 -2 	100%	 3.9	    	    	    	    	    	    	    	    	    	    
[2026-02-02 11:29:06.488]  11:48:12	7.35	 041	 587	36.1	 23 	 -2 	100%	 3.9	    	    	    	    	    	    	    	    	    	    
[2026-02-02 11:29:12.454]  11:48:18	7.35	 041	 585	36.1	 23 	 -2 	100%	 3.9	    	    	    	    	    	    	    	    	    	    
[2026-02-02 11:29:18.431]  11:48:24	7.35	 041	 584	36.1	 23 	 -2 	100%	 3.9	    	    	    	    	    	    	    	    	    	    
[2026-02-02 11:29:24.407]  11:48:30	7.35	 040	 583	36.1	 23 	 -2 	100%	 3.9	    	    	    	    	    	    	    	    	    	    
[2026-02-02 11:29:30.384]  11:48:36	7.35	 040	 583	36.1	 23 	 -2 	100%	 3.9	    	    	    	    	    	    	    	    	    	    
[2026-02-02 11:29:36.362]  11:48:42	7.36	 040	 584	36.1	 23 	 -2 	100%	 3.9	    	    	    	    	    	    	    	    	    	    
[2026-02-02 11:29:42.336]  11:48:48	7.36	 040	 584	36.1	 23 	 -2 	100%	 3.9	    	    	    	    	    	    	    	    	    	    
[2026-02-02 11:29:48.313]  11:48:54	7.35	 040	 586	36.1	 22 	 -2 	100%	 3.9	    	    	    	    	    	    	    	    	    	    
[2026-02-02 11:29:54.288]  11:49:00	7.34	 042	 586	36.1	 23 	 -2 	100%	 3.9	    	    	    	    	    	    	    	    	    	    
[2026-02-02 11:30:00.266]  11:49:06	7.33	 044	 586	36.1	 23 	 -2 	100%	 3.9	    	    	    	    	    	    	    	    	    	    
[2026-02-02 11:30:06.253]  11:49:12	7.32	 045	 581	36.1	 23 	 -2 	100%	 3.9	    	    	    	    	    	    	    	    	    	    
[2026-02-02 11:30:12.218]  11:49:18	7.32	 044	 577	36.1	 23 	 -2 	100%	 3.9	    	    	    	    	    	    	    	    	    	    
[2026-02-02 11:30:18.205]  11:49:24	7.33	 043	 574	36.1	 23 	 -2 	100%	 3.9	    	    	    	    	    	    	    	    	    	    
[2026-02-02 11:30:24.173]  11:49:30	7.34	 043	 571	36.1	 23 	 -2 	100%	 3.9	    	    	    	    	    	    	    	    	    	    
[2026-02-02 11:30:30.147]  11:49:36	7.34	 042	 570	36.1	 23 	 -2 	100%	 3.9	    	    	    	    	    	    	    	    	    	    
[2026-02-02 11:30:36.125]  11:49:42	7.34	 041	 569	36.1	 23 	 -2 	100%	 3.9	    	    	    	    	    	    	    	    	    	    
[2026-02-02 11:30:42.100]  11:49:48	7.35	 041	 569	36.1	 23 	 -2 	100%	 3.9	    	    	    	    	    	    	    	    	    	    
[2026-02-02 11:30:48.086]  11:49:54	7.34	 041	 572	36.1	 23 	 -2 	100%	 3.9	    	    	    	    	    	    	    	    	    	    
[2026-02-02 11:30:54.043]          	    	ARTERIAL 	 	  	    	    	    	    	    	    	    	  	    VENOUS
[2026-02-02 11:30:54.067]   Time   	 pH 	 CO2	  O2	TEMP	HCO3	 BE 	cSO2	 K+ 	 VO2	  Q 	 BSA	 pH 	 CO2	  O2	TEMP	 SO2	 HCT	 HGB
[2026-02-02 11:30:54.095] 
[2026-02-02 11:30:54.095]  11:50:00	7.33	 043	 574	36.1	 23 	 -2 	100%	 3.9	    	    	    	    	    	    	    	    	    	    
[2026-02-02 11:31:00.028]  11:50:06	7.32	 045	 575	36.2	 23 	 -2 	100%	 3.9	    	    	    	    	    	    	    	    	    	    
[2026-02-02 11:31:06.015]  11:50:12	7.31	 046	 573	36.1	 23 	 -2 	100%	 3.9	    	    	    	    	    	    	    	    	    	    
[2026-02-02 11:31:11.980]  11:50:18	7.31	 046	 570	36.1	 24 	 -2 	100%	 3.9	    	    	    	    	    	    	    	    	    	    
[2026-02-02 11:31:17.957]  11:50:24	7.32	 045	 567	36.1	 23 	 -2 	100%	 3.9	    	    	    	    	    	    	    	    	    	    
[2026-02-02 11:31:23.934]  11:50:30	7.33	 044	 565	36.1	 23 	 -2 	100%	 3.9	    	    	    	    	    	    	    	    	    	    
[2026-02-02 11:31:29.909]  11:50:36	7.33	 043	 564	36.1	 23 	 -2 	100%	 3.9	    	    	    	    	    	    	    	    	    	    
[2026-02-02 11:31:35.889]  11:50:42	7.34	 042	 563	36.1	 23 	 -2 	100%	 3.9	    	    	    	    	    	    	    	    	    	    
[2026-02-02 11:31:41.862]  11:50:48	7.34	 042	 564	36.1	 23 	 -2 	100%	 3.9	    	    	    	    	    	    	    	    	    	    
[2026-02-02 11:31:47.839]  11:50:54	7.34	 041	 564	36.1	 23 	 -2 	100%	 3.9	    	    	    	    	    	    	    	    	    	    
[2026-02-02 11:31:53.816]  11:51:00	7.34	 041	 565	36.1	 23 	 -2 	100%	 3.9	    	    	    	    	    	    	    	    	    	    
[2026-02-02 11:31:59.792]  11:51:06	7.35	 041	 567	36.1	 23 	 -2 	100%	 3.9	    	    	    	    	    	    	    	    	    	    
[2026-02-02 11:32:05.782]  11:51:12	7.35	 041	 569	36.1	 23 	 -2 	100%	 3.9	    	    	    	    	    	    	    	    	    	    
[2026-02-02 11:32:11.743]  11:51:18	7.35	 040	 570	36.1	 23 	 -2 	100%	 3.9	    	    	    	    	    	    	    	    	    	    
[2026-02-02 11:32:17.721]  11:51:24	7.35	 040	 572	36.1	 22 	 -2 	100%	 3.9	    	    	    	    	    	    	    	    	    	    
[2026-02-02 11:32:23.708]  11:51:30	7.35	 040	 573	36.1	 22 	 -2 	100%	 3.9	    	    	    	    	    	    	    	    	    	    
[2026-02-02 11:32:29.673]  11:51:36	7.35	 040	 574	36.1	 23 	 -2 	100%	 3.9	    	    	    	    	    	    	    	    	    	    
[2026-02-02 11:32:35.653]  11:51:42	7.36	 040	 576	36.1	 23 	 -2 	100%	 3.9	    	    	    	    	    	    	    	    	    	    
[2026-02-02 11:32:41.626]  11:51:48	7.36	 040	 577	36.1	 23 	 -2 	100%	 3.9	    	    	    	    	    	    	    	    	    	    
[2026-02-02 11:32:47.602]  11:51:54	7.36	 040	 578	36.1	 23 	 -2 	100%	 3.9	    	    	    	    	    	    	    	    	    	    
[2026-02-02 11:32:53.590]  11:52:00	7.36	 040	 579	36.1	 23 	 -2 	100%	 3.9	    	    	    	    	    	    	    	    	    	    
[2026-02-02 11:32:59.556]  11:52:06	7.36	 040	 580	36.1	 23 	 -2 	100%	 3.9	    	    	    	    	    	    	    	    	    	    
[2026-02-02 11:33:05.545]  11:52:12	7.36	 040	 581	36.1	 23 	 -2 	100%	 3.9	    	    	    	    	    	    	    	    	    	    
[2026-02-02 11:33:11.508]  11:52:18	7.36	 039	 582	36.1	 23 	 -2 	100%	 3.9	    	    	    	    	    	    	    	    	    	    
[2026-02-02 11:33:17.487]  11:52:24	7.36	 039	 583	36.1	 23 	 -2 	100%	 3.9	    	    	    	    	    	    	    	    	    	    
[2026-02-02 11:33:23.461]  11:52:30	7.36	 039	 584	36.1	 23 	 -2 	100%	 3.9	    	    	    	    	    	    	    	    	    	    
[2026-02-02 11:33:29.438]  11:52:36	7.36	 039	 584	36.1	 23 	 -2 	100%	 3.9	    	    	    	    	    	    	    	    	    	    
[2026-02-02 11:33:35.418]  11:52:42	7.36	 039	 585	36.1	 23 	 -2 	100%	 3.9	    	    	    	    	    	    	    	    	    	    
[2026-02-02 11:33:41.390]  11:52:48	7.36	 039	 585	36.1	 23 	 -2 	100%	 3.9	    	    	    	    	    	    	    	    	    	    
[2026-02-02 11:33:47.366]  11:52:54	7.36	 039	 586	36.1	 23 	 -2 	100%	 3.9	    	    	    	    	    	    	    	    	    	    
[2026-02-02 11:33:53.342]  11:53:00	7.36	 039	 586	36.1	 23 	 -2 	100%	 3.9	    	    	    	    	    	    	    	    	    	    
[2026-02-02 11:33:59.319]  11:53:06	7.37	 040	 587	36.0	 23 	 -1 	100%	 3.9	    	    	    	    	    	    	    	    	    	    
[2026-02-02 11:34:05.305]  11:53:12	7.37	 039	 587	36.0	 23 	 -1 	100%	 3.9	    	    	    	    	    	    	    	    	    	    
[2026-02-02 11:34:11.273]  11:53:18	7.37	 039	 587	36.0	 23 	 -1 	100%	 3.9	    	    	    	    	    	    	    	    	    	    
[2026-02-02 11:34:17.260]  11:53:24	7.37	 039	 588	36.1	 23 	 -1 	100%	 3.9	    	    	    	    	    	    	    	    	    	    
[2026-02-02 11:34:23.225]  11:53:30	7.37	 039	 588	36.1	 23 	 -1 	100%	 3.9	    	    	    	    	    	    	    	    	    	    
[2026-02-02 11:34:29.202]  11:53:35	7.37	 039	 589	36.1	 23 	 -1 	100%	 3.9	    	    	    	    	    	    	    	    	    	    
[2026-02-02 11:34:35.180]  11:53:41	7.37	 039	 589	36.1	 23 	 -1 	100%	 3.9	    	    	    	    	    	    	    	    	    	    
[2026-02-02 11:34:41.153]  11:53:47	7.37	 039	 590	36.1	 23 	 -1 	100%	 3.9	    	    	    	    	    	    	    	    	    	    
[2026-02-02 11:34:47.129]  11:53:53	7.37	 039	 590	36.1	 23 	 -1 	100%	 3.9	    	    	    	    	    	    	    	    	    	    
[2026-02-02 11:34:53.106]  11:53:59	7.37	 039	 591	36.1	 23 	 -1 	100%	 3.9	    	    	    	    	    	    	    	    	    	    
[2026-02-02 11:34:59.083]  11:54:05	7.37	 039	 592	36.1	 23 	 -2 	100%	 3.9	    	    	    	    	    	    	    	    	    	    
[2026-02-02 11:35:05.071]  11:54:11	7.37	 039	 592	36.1	 23 	 -2 	100%	 3.9	    	    	    	    	    	    	    	    	    	    
[2026-02-02 11:35:11.035]  11:54:17	7.37	 039	 592	36.1	 23 	 -2 	100%	 3.9	    	    	    	    	    	    	    	    	    	    
[2026-02-02 11:35:17.012]  11:54:23	7.37	 039	 592	36.1	 23 	 -2 	100%	 3.9	    	    	    	    	    	    	    	    	    	    
[2026-02-02 11:35:22.989]  11:54:29	7.37	 039	 592	36.1	 23 	 -2 	100%	 3.9	    	    	    	    	    	    	    	    	    	    
[2026-02-02 11:35:28.963]  11:54:35	7.37	 039	 591	36.1	 23 	 -2 	100%	 3.9	    	    	    	    	    	    	    	    	    	    
[2026-02-02 11:35:34.943]  11:54:41	7.37	 039	 591	36.1	 23 	 -2 	100%	 3.9	    	    	    	    	    	    	    	    	    	    
[2026-02-02 11:35:40.917]  11:54:47	7.37	 039	 592	36.1	 23 	 -2 	100%	 3.9	    	    	    	    	    	    	    	    	    	    
[2026-02-02 11:35:46.893]  11:54:53	7.37	 039	 592	36.1	 23 	 -2 	100%	 3.9	    	    	    	    	    	    	    	    	    	    
[2026-02-02 11:35:52.860]          	    	ARTERIAL 	 	  	    	    	    	    	    	    	    	  	    VENOUS
[2026-02-02 11:35:52.888]   Time   	 pH 	 CO2	  O2	TEMP	HCO3	 BE 	cSO2	 K+ 	 VO2	  Q 	 BSA	 pH 	 CO2	  O2	TEMP	 SO2	 HCT	 HGB
[2026-02-02 11:35:52.911] 
[2026-02-02 11:35:52.911]  11:54:59	7.37	 039	 592	36.1	 23 	 -2 	100%	 3.9	    	    	    	    	    	    	    	    	    	    
[2026-02-02 11:35:58.846]  11:55:05	7.37	 039	 592	36.1	 23 	 -2 	100%	 3.9	    	    	    	    	    	    	    	    	    	    
[2026-02-02 11:36:04.832]  11:55:11	7.37	 039	 593	36.1	 23 	 -2 	100%	 3.9	    	    	    	    	    	    	    	    	    	    
[2026-02-02 11:36:10.810]  11:55:17	7.37	 039	 593	36.1	 23 	 -2 	100%	 3.9	    	    	    	    	    	    	    	    	    	    
[2026-02-02 11:36:16.774]  11:55:23	7.37	 039	 593	36.1	 23 	 -2 	100%	 3.9	    	    	    	    	    	    	    	    	    	    
[2026-02-02 11:36:22.751]  11:55:29	7.37	 039	 594	36.1	 23 	 -2 	100%	 3.9	    	    	    	    	    	    	    	    	    	    
[2026-02-02 11:36:28.727]  11:55:35	7.37	 039	 594	36.1	 23 	 -2 	100%	 3.9	    	    	    	    	    	    	    	    	    	    
[2026-02-02 11:36:34.707]  11:55:41	7.37	 039	 594	36.1	 23 	 -2 	100%	 3.9	    	    	    	    	    	    	    	    	    	    
[2026-02-02 11:36:40.680]  11:55:47	7.37	 039	 594	36.1	 23 	 -2 	100%	 3.9	    	    	    	    	    	    	    	    	    	    
[2026-02-02 11:36:46.657]  11:55:53	7.37	 039	 594	36.1	 23 	 -2 	100%	 3.9	    	    	    	    	    	    	    	    	    	    
[2026-02-02 11:36:52.633]  11:55:59	7.38	 039	 594	36.1	 23 	 -2 	100%	 3.9	    	    	    	    	    	    	    	    	    	    
[2026-02-02 11:36:58.609]  11:56:05	7.38	 039	 594	36.1	 23 	 -2 	100%	 3.9	    	    	    	    	    	    	    	    	    	    
[2026-02-02 11:37:04.608]  11:56:11	7.38	 038	 594	36.1	 23 	 -2 	100%	 3.9	    	    	    	    	    	    	    	    	    	    
[2026-02-02 11:37:10.562]  11:56:17	7.38	 038	 594	36.1	 23 	 -2 	100%	 3.9	    	    	    	    	    	    	    	    	    	    
[2026-02-02 11:37:16.538]  11:56:23	7.38	 038	 595	36.1	 23 	 -2 	100%	 3.9	    	    	    	    	    	    	    	    	    	    
[2026-02-02 11:37:22.515]  11:56:29	7.38	 038	 594	36.1	 23 	 -2 	100%	 3.9	    	    	    	    	    	    	    	    	    	    
[2026-02-02 11:37:28.491]  11:56:35	7.38	 038	 594	36.1	 23 	 -2 	100%	 3.9	    	    	    	    	    	    	    	    	    	    
[2026-02-02 11:37:34.471]  11:56:41	7.38	 038	 595	36.1	 23 	 -1 	100%	 3.9	    	    	    	    	    	    	    	    	    	    
[2026-02-02 11:37:40.445]  11:56:47	7.38	 038	 595	36.1	 23 	 -1 	100%	 3.9	    	    	    	    	    	    	    	    	    	    
[2026-02-02 11:37:46.422]  11:56:53	7.38	 038	 595	36.1	 23 	 -2 	100%	 3.9	    	    	    	    	    	    	    	    	    	    
[2026-02-02 11:37:52.398]  11:56:59	7.38	 038	 595	36.1	 23 	 -1 	100%	 3.9	    	    	    	    	    	    	    	    	    	    
[2026-02-02 11:37:58.412]  11:57:05	7.38	 038	 596	36.1	 23 	 -1 	100%	 3.9	    	    	    	    	    	    	    	    	    	    
[2026-02-02 11:38:04.363]  11:57:11	7.38	 038	 596	36.1	 23 	 -2 	100%	 3.9	    	    	    	    	    	    	    	    	    	    
[2026-02-02 11:38:10.326]  11:57:17	7.38	 038	 596	36.1	 23 	 -2 	100%	 3.9	    	    	    	    	    	    	    	    	    	    
[2026-02-02 11:38:16.302]  11:57:23	7.38	 038	 596	36.1	 23 	 -1 	100%	 3.9	    	    	    	    	    	    	    	    	    	    
[2026-02-02 11:38:22.279]  11:57:29	7.38	 038	 596	36.1	 23 	 -1 	100%	 3.9	    	    	    	    	    	    	    	    	    	    
[2026-02-02 11:38:28.255]  11:57:35	7.38	 038	 596	36.1	 23 	 -2 	100%	 3.9	    	    	    	    	    	    	    	    	    	    
[2026-02-02 11:38:34.235]  11:57:41	7.38	 038	 596	36.1	 23 	 -2 	100%	 3.9	    	    	    	    	    	    	    	    	    	    
[2026-02-02 11:38:40.220]  11:57:47	7.38	 038	 596	36.1	 23 	 -1 	100%	 3.9	    	    	    	    	    	    	    	    	    	    
[2026-02-02 11:38:46.184]  11:57:53	7.38	 038	 596	36.1	 23 	 -1 	100%	 3.9	    	    	    	    	    	    	    	    	    	    
[2026-02-02 11:38:52.161]  11:57:59	7.38	 038	 596	36.1	 23 	 -1 	100%	 3.9	    	    	    	    	    	    	    	    	    	    
[2026-02-02 11:38:58.137]  11:58:05	7.38	 038	 596	36.1	 23 	 -1 	100%	 3.9	    	    	    	    	    	    	    	    	    	    
[2026-02-02 11:39:04.125]  11:58:11	7.38	 038	 596	36.1	 23 	 -1 	100%	 3.9	    	    	    	    	    	    	    	    	    	    
[2026-02-02 11:39:10.089]  11:58:17	7.38	 038	 596	36.1	 23 	 -1 	100%	 4.0	    	    	    	    	    	    	    	    	    	    
[2026-02-02 11:39:16.066]  11:58:23	7.38	 038	 596	36.1	 23 	 -1 	100%	 4.0	    	    	    	    	    	    	    	    	    	    
[2026-02-02 11:39:22.048]  11:58:29	7.38	 038	 596	36.1	 23 	 -1 	100%	 3.9	    	    	    	    	    	    	    	    	    	    
[2026-02-02 11:39:28.018]  11:58:35	7.38	 038	 596	36.1	 23 	 -1 	100%	 3.9	    	    	    	    	    	    	    	    	    	    
[2026-02-02 11:39:33.998]  11:58:41	7.38	 038	 596	36.1	 23 	 -1 	100%	 3.9	    	    	    	    	    	    	    	    	    	    
[2026-02-02 11:39:39.971]  11:58:46	7.38	 038	 597	36.1	 23 	 -1 	100%	 3.9	    	    	    	    	    	    	    	    	    	    
[2026-02-02 11:39:45.947]  11:58:52	7.38	 038	 596	36.1	 23 	 -1 	100%	 3.9	    	    	    	    	    	    	    	    	    	    
[2026-02-02 11:39:51.924]  11:58:58	7.38	 038	 596	36.1	 23 	 -1 	100%	 3.9	    	    	    	    	    	    	    	    	    	    
[2026-02-02 11:39:57.900]  11:59:04	7.38	 038	 596	36.1	 23 	 -1 	100%	 3.9	    	    	    	    	    	    	    	    	    	    
[2026-02-02 11:40:03.925]  11:59:10	7.38	 038	 596	36.1	 23 	 -1 	100%	 4.0	    	    	    	    	    	    	    	    	    	    
[2026-02-02 11:40:09.853]  11:59:16	7.38	 038	 596	36.1	 23 	 -1 	100%	 3.9	    	    	    	    	    	    	    	    	    	    
[2026-02-02 11:40:15.829]  11:59:22	7.38	 038	 596	36.1	 23 	 -1 	100%	 3.9	    	    	    	    	    	    	    	    	    	    
[2026-02-02 11:40:21.805]  11:59:28	7.38	 038	 596	36.1	 23 	 -1 	100%	 3.9	    	    	    	    	    	    	    	    	    	    
[2026-02-02 11:40:27.782]  11:59:34	7.38	 038	 597	36.1	 23 	 -1 	100%	 3.9	    	    	    	    	    	    	    	    	    	    
[2026-02-02 11:40:33.773]  11:59:40	7.38	 038	 597	36.1	 23 	 -1 	100%	 3.9	    	    	    	    	    	    	    	    	    	    
[2026-02-02 11:40:39.734]  11:59:46	7.38	 038	 597	36.1	 23 	 -1 	100%	 3.9	    	    	    	    	    	    	    	    	    	    
[2026-02-02 11:40:45.722]  11:59:52	7.38	 038	 598	36.1	 23 	 -1 	100%	 3.9	    	    	    	    	    	    	    	    	    	    
[2026-02-02 11:40:51.680]          	    	ARTERIAL 	 	  	    	    	    	    	    	    	    	  	    VENOUS
[2026-02-02 11:40:51.701]   Time   	 pH 	 CO2	  O2	TEMP	HCO3	 BE 	cSO2	 K+ 	 VO2	  Q 	 BSA	 pH 	 CO2	  O2	TEMP	 SO2	 HCT	 HGB
[2026-02-02 11:40:51.730] 
[2026-02-02 11:40:51.730]  11:59:58	7.38	 038	 598	36.1	 23 	 -1 	100%	 3.9	    	    	    	    	    	    	    	    	    	    
[2026-02-02 11:40:57.666]  12:00:04	7.38	 038	 598	36.1	 23 	 -2 	100%	 3.9	    	    	    	    	    	    	    	    	    	    
[2026-02-02 11:41:03.651]  12:00:10	7.38	 038	 597	36.1	 23 	 -2 	100%	 3.9	    	    	    	    	    	    	    	    	    	    
[2026-02-02 11:41:09.617]  12:00:16	7.38	 038	 596	36.0	 23 	 -2 	100%	 3.9	    	    	    	    	    	    	    	    	    	    
[2026-02-02 11:41:15.592]  12:00:22	7.38	 039	 593	36.0	 23 	 -2 	100%	 3.9	    	    	    	    	    	    	    	    	    	    
[2026-02-02 11:41:21.569]  12:00:28	7.38	 039	 588	36.0	 23 	 -2 	100%	 3.9	    	    	    	    	    	    	    	    	    	    
[2026-02-02 11:41:27.545]  12:00:34	7.38	 039	 583	36.0	 23 	 -2 	100%	 3.9	    	    	    	    	    	    	    	    	    	    
[2026-02-02 11:41:33.525]  12:00:40	7.38	 039	 578	36.0	 23 	 -2 	100%	 3.9	    	    	    	    	    	    	    	    	    	    
[2026-02-02 11:41:39.498]  12:00:46	7.37	 039	 571	36.0	 23 	 -2 	100%	 3.9	    	    	    	    	    	    	    	    	    	    
[2026-02-02 11:41:45.477]  12:00:52	7.37	 039	 564	36.0	 23 	 -2 	100%	 3.9	    	    	    	    	    	    	    	    	    	    
[2026-02-02 11:41:51.451]  12:00:58	7.37	 039	 557	36.0	 23 	 -2 	100%	 3.9	    	    	    	    	    	    	    	    	    	    
[2026-02-02 11:41:57.428]  12:01:04	7.37	 039	 550	36.0	 23 	 -2 	100%	 4.0	    	    	    	    	    	    	    	    	    	    
[2026-02-02 11:42:03.416]  12:01:10	7.37	 039	 543	36.0	 23 	 -2 	100%	 4.0	    	    	    	    	    	    	    	    	    	    
[2026-02-02 11:42:09.422]  12:01:16	7.37	 039	 536	36.0	 23 	 -2 	100%	 4.0	    	    	    	    	    	    	    	    	    	    
[2026-02-02 11:42:15.359]  12:01:22	7.37	 039	 529	36.0	 23 	 -2 	100%	 4.0	    	    	    	    	    	    	    	    	    	    
[2026-02-02 11:42:21.336]  12:01:28	7.37	 039	 522	36.0	 23 	 -2 	100%	 4.0	    	    	    	    	    	    	    	    	    	    
[2026-02-02 11:42:27.312]  12:01:34	7.37	 039	 515	36.0	 23 	 -2 	100%	 4.0	    	    	    	    	    	    	    	    	    	    
[2026-02-02 11:42:33.293]  12:01:40	7.37	 039	 508	36.0	 23 	 -2 	100%	 3.9	    	    	    	    	    	    	    	    	    	    
[2026-02-02 11:42:39.266]  12:01:46	7.37	 039	 501	36.0	 23 	 -2 	100%	 3.9	    	    	    	    	    	    	    	    	    	    
[2026-02-02 11:42:45.239]  12:01:52	7.37	 039	 494	36.0	 23 	 -2 	100%	 4.0	    	    	    	    	    	    	    	    	    	    
[2026-02-02 11:42:51.215]  12:01:58	7.37	 039	 486	36.0	 23 	 -2 	100%	 4.0	    	    	    	    	    	    	    	    	    	    
[2026-02-02 11:42:57.189]  12:02:04	7.37	 039	 478	36.0	 23 	 -2 	100%	 4.0	    	    	    	    	    	    	    	    	    	    
[2026-02-02 11:43:03.177]  12:02:10	7.37	 039	 471	36.0	 23 	 -2 	100%	 4.0	    	    	    	    	    	    	    	    	    	    
[2026-02-02 11:43:09.143]  12:02:16	7.37	 039	 465	36.0	 23 	 -2 	100%	 4.0	    	    	    	    	    	    	    	    	    	    
[2026-02-02 11:43:15.120]  12:02:22	7.37	 039	 459	36.0	 23 	 -2 	100%	 4.0	    	    	    	    	    	    	    	    	    	    
[2026-02-02 11:43:21.097]  12:02:28	7.37	 039	 453	36.0	 23 	 -2 	100%	 4.0	    	    	    	    	    	    	    	    	    	    
[2026-02-02 11:43:27.072]  12:02:34	7.37	 039	 448	36.0	 23 	 -2 	100%	 4.0	    	    	    	    	    	    	    	    	    	    
[2026-02-02 11:43:33.051]  12:02:40	7.37	 039	 443	36.0	 23 	 -2 	100%	 4.0	    	    	    	    	    	    	    	    	    	    
[2026-02-02 11:43:39.025]  12:02:46	7.37	 039	 439	36.0	 23 	 -2 	100%	 4.0	    	    	    	    	    	    	    	    	    	    
[2026-02-02 11:43:45.002]  12:02:52	7.37	 039	 434	36.0	 23 	 -2 	100%	 4.0	    	    	    	    	    	    	    	    	    	    
[2026-02-02 11:43:50.978]  12:02:58	7.37	 039	 430	36.0	 23 	 -2 	100%	 4.0	    	    	    	    	    	    	    	    	    	    
[2026-02-02 11:43:56.954]  12:03:04	7.37	 039	 427	36.0	 23 	 -2 	100%	 4.0	    	    	    	    	    	    	    	    	    	    
[2026-02-02 11:44:02.941]  12:03:09	7.37	 039	 426	35.9	 23 	 -2 	100%	 4.0	    	    	    	    	    	    	    	    	    	    
[2026-02-02 11:44:08.908]  12:03:15	7.37	 039	 426	36.0	 23 	 -2 	100%	 4.0	    	    	    	    	    	    	    	    	    	    
[2026-02-02 11:44:14.880]  12:03:21	7.37	 039	 424	36.0	 23 	 -2 	100%	 4.0	    	    	    	    	    	    	    	    	    	    
[2026-02-02 11:44:20.855]  12:03:27	7.37	 039	 421	36.1	 23 	 -2 	100%	 4.0	    	    	    	    	    	    	    	    	    	    
[2026-02-02 11:44:26.831]  12:03:33	7.37	 039	 420	36.1	 23 	 -2 	100%	 4.0	    	    	    	    	    	    	    	    	    	    
[2026-02-02 11:44:32.811]  12:03:39	7.37	 039	 419	36.1	 23 	 -2 	100%	 4.0	    	    	    	    	    	    	    	    	    	    
[2026-02-02 11:44:38.784]  12:03:45	7.37	 039	 419	36.1	 23 	 -2 	100%	 4.0	    	    	    	    	    	    	    	    	    	    
[2026-02-02 11:44:44.762]  12:03:51	7.37	 039	 419	36.1	 23 	 -2 	100%	 4.0	    	    	    	    	    	    	    	    	    	    
[2026-02-02 11:44:50.737]  12:03:57	7.37	 039	 420	36.1	 23 	 -2 	100%	 4.0	    	    	    	    	    	    	    	    	    	    
[2026-02-02 11:44:56.713]  12:04:03	7.37	 039	 421	36.1	 23 	 -2 	100%	 4.0	    	    	    	    	    	    	    	    	    	    
[2026-02-02 11:45:02.701]  12:04:09	7.37	 039	 423	36.1	 23 	 -2 	100%	 4.0	    	    	    	    	    	    	    	    	    	    
[2026-02-02 11:45:08.666]  12:04:15	7.37	 039	 424	36.1	 23 	 -2 	100%	 4.0	    	    	    	    	    	    	    	    	    	    
[2026-02-02 11:45:14.642]  12:04:21	7.37	 039	 425	36.1	 23 	 -2 	100%	 4.0	    	    	    	    	    	    	    	    	    	    
[2026-02-02 11:45:20.620]  12:04:27	7.37	 039	 426	36.1	 23 	 -2 	100%	 4.0	    	    	    	    	    	    	    	    	    	    
[2026-02-02 11:45:26.595]  12:04:33	7.37	 039	 427	36.1	 23 	 -2 	100%	 4.0	    	    	    	    	    	    	    	    	    	    
[2026-02-02 11:45:32.574]  12:04:39	7.37	 040	 428	36.1	 23 	 -2 	100%	 4.0	    	    	    	    	    	    	    	    	    	    
[2026-02-02 11:45:38.549]  12:04:45	7.36	 040	 429	36.1	 23 	 -2 	100%	 4.0	    	    	    	    	    	    	    	    	    	    
[2026-02-02 11:45:44.536]  12:04:51	7.36	 040	 430	36.1	 23 	 -2 	100%	 4.0	    	    	    	    	    	    	    	    	    	    
[2026-02-02 11:45:50.494]          	    	ARTERIAL 	 	  	    	    	    	    	    	    	    	  	    VENOUS
[2026-02-02 11:45:50.515]   Time   	 pH 	 CO2	  O2	TEMP	HCO3	 BE 	cSO2	 K+ 	 VO2	  Q 	 BSA	 pH 	 CO2	  O2	TEMP	 SO2	 HCT	 HGB
[2026-02-02 11:45:50.542] 
[2026-02-02 11:45:50.542]  12:04:57	7.36	 040	 432	36.0	 23 	 -2 	100%	 4.0	    	    	    	    	    	    	    	    	    	    
[2026-02-02 11:45:56.479]  12:05:03	7.36	 040	 430	36.1	 23 	 -2 	100%	 4.0	    	    	    	    	    	    	    	    	    	    
[2026-02-02 11:46:02.464]  12:05:09	7.36	 040	 432	36.1	 23 	 -2 	100%	 4.0	    	    	    	    	    	    	    	    	    	    
[2026-02-02 11:46:08.434]  12:05:15	7.36	 040	 438	36.0	 23 	 -2 	100%	 4.0	    	    	    	    	    	    	    	    	    	    
[2026-02-02 11:46:14.410]  12:05:21	7.36	 040	 436	36.0	 23 	 -2 	100%	 4.0	    	    	    	    	    	    	    	    	    	    
[2026-02-02 11:46:20.386]  12:05:27	7.36	 040	 436	35.7	 23 	 -2 	100%	 4.0	    	    	    	    	    	    	    	    	    	    
[2026-02-02 11:46:26.362]  12:05:33	7.36	 040	 436	35.5	 23 	 -2 	100%	 4.0	    	    	    	    	    	    	    	    	    	    
[2026-02-02 11:46:32.342]  12:05:39	7.36	 040	 437	35.3	 23 	 -2 	100%	 4.1	    	    	    	    	    	    	    	    	    	    
[2026-02-02 11:46:38.316]  12:05:45	7.37	 040	 418	33.6	 23 	 -1 	100%	 3.7	    	    	    	    	    	    	    	    	    	    
[2026-02-02 11:46:44.292]  12:05:51	7.39	 036	 436	33.4	 22 	 -2 	100%	 3.2	    	    	    	    	    	    	    	    	    	    
[2026-02-02 11:46:50.267]  12:05:57	7.37	 035	 432	35.2	 20 	 -4 	100%	 3.6	    	    	    	    	    	    	    	    	    	    
[2026-02-02 11:46:56.245]  12:06:03	7.35	 037	 439	35.7	 21 	 -4 	100%	 3.4	    	    	    	    	    	    	    	    	    	    
[2026-02-02 11:47:02.235]  12:06:09	7.35	 038	 448	35.9	 21 	 -3 	100%	 3.7	    	    	    	    	    	    	    	    	    	    
[2026-02-02 11:47:08.197]  12:06:15	7.36	 039	 457	36.0	 22 	 -3 	100%	 3.8	    	    	    	    	    	    	    	    	    	    
[2026-02-02 11:47:14.171]  12:06:20	7.36	 039	 462	36.0	 22 	 -2 	100%	 3.9	    	    	    	    	    	    	    	    	    	    
[2026-02-02 11:47:20.146]  12:06:26	7.36	 039	 467	36.1	 22 	 -2 	100%	 4.0	    	    	    	    	    	    	    	    	    	    
[2026-02-02 11:47:26.123]  12:06:32	7.36	 039	 470	36.1	 23 	 -2 	100%	 4.0	    	    	    	    	    	    	    	    	    	    
[2026-02-02 11:47:32.104]  12:06:38	7.36	 040	 472	36.1	 23 	 -2 	100%	 4.0	    	    	    	    	    	    	    	    	    	    
[2026-02-02 11:47:38.077]  12:06:44	7.36	 040	 472	36.2	 23 	 -2 	100%	 4.0	    	    	    	    	    	    	    	    	    	    
[2026-02-02 11:47:44.052]  12:06:50	7.36	 040	 473	36.2	 23 	 -2 	100%	 4.0	    	    	    	    	    	    	    	    	    	    
[2026-02-02 11:47:50.040]  12:06:56	7.36	 040	 472	36.2	 23 	 -2 	100%	 4.0	    	    	    	    	    	    	    	    	    	    
[2026-02-02 11:47:56.005]  12:07:02	7.36	 040	 470	36.2	 23 	 -2 	100%	 4.0	    	    	    	    	    	    	    	    	    	    
[2026-02-02 11:48:02.003]  12:07:08	7.37	 040	 469	36.2	 23 	 -1 	100%	 4.0	    	    	    	    	    	    	    	    	    	    
[2026-02-02 11:48:07.958]  12:07:14	7.37	 040	 468	36.2	 23 	 -1 	100%	 4.0	    	    	    	    	    	    	    	    	    	    
[2026-02-02 11:48:13.933]  12:07:20	7.37	 040	 468	36.2	 23 	 -1 	100%	 4.0	    	    	    	    	    	    	    	    	    	    
[2026-02-02 11:48:19.911]  12:07:26	7.36	 040	 469	36.2	 23 	 -1 	100%	 4.0	    	    	    	    	    	    	    	    	    	    
[2026-02-02 11:48:25.887]  12:07:32	7.36	 040	 469	36.2	 23 	 -1 	100%	 4.0	    	    	    	    	    	    	    	    	    	    
[2026-02-02 11:48:31.867]  12:07:38	7.36	 040	 469	36.2	 23 	 -1 	100%	 4.0	    	    	    	    	    	    	    	    	    	    
[2026-02-02 11:48:37.840]  12:07:44	7.36	 040	 469	36.2	 23 	 -1 	100%	 4.0	    	    	    	    	    	    	    	    	    	    
[2026-02-02 11:48:43.817]  12:07:50	7.36	 040	 469	36.2	 23 	 -1 	100%	 4.0	    	    	    	    	    	    	    	    	    	    
[2026-02-02 11:48:49.791]  12:07:56	7.36	 040	 470	36.2	 23 	 -1 	100%	 4.0	    	    	    	    	    	    	    	    	    	    
[2026-02-02 11:48:55.768]  12:08:02	7.36	 040	 471	36.2	 23 	 -1 	100%	 4.0	    	    	    	    	    	    	    	    	    	    
[2026-02-02 11:49:01.754]  12:08:08	7.36	 040	 472	36.2	 23 	 -1 	100%	 4.0	    	    	    	    	    	    	    	    	    	    
[2026-02-02 11:49:07.720]  12:08:14	7.36	 040	 473	36.2	 23 	 -1 	100%	 4.0	    	    	    	    	    	    	    	    	    	    
[2026-02-02 11:49:13.697]  12:08:20	7.36	 040	 474	36.2	 23 	 -1 	100%	 4.0	    	    	    	    	    	    	    	    	    	    
[2026-02-02 11:49:19.673]  12:08:26	7.36	 040	 475	36.2	 23 	 -1 	100%	 4.0	    	    	    	    	    	    	    	    	    	    
[2026-02-02 11:49:25.649]  12:08:32	7.36	 040	 476	36.3	 23 	 -1 	100%	 4.0	    	    	    	    	    	    	    	    	    	    
[2026-02-02 11:49:31.629]  12:08:38	7.36	 040	 479	36.3	 23 	 -1 	100%	 4.0	    	    	    	    	    	    	    	    	    	    
[2026-02-02 11:49:37.602]  12:08:44	7.36	 040	 482	36.3	 23 	 -1 	100%	 4.0	    	    	    	    	    	    	    	    	    	    
[2026-02-02 11:49:43.579]  12:08:50	7.36	 040	 484	36.2	 23 	 -1 	100%	 4.0	    	    	    	    	    	    	    	    	    	    
[2026-02-02 11:49:49.555]  12:08:56	7.36	 040	 487	36.2	 23 	 -1 	100%	 4.0	    	    	    	    	    	    	    	    	    	    
[2026-02-02 11:49:55.543]  12:09:02	7.36	 040	 488	36.2	 23 	 -1 	100%	 4.1	    	    	    	    	    	    	    	    	    	    
[2026-02-02 11:50:01.518]  12:09:08	7.36	 040	 489	36.2	 23 	 -1 	100%	 4.0	    	    	    	    	    	    	    	    	    	    
[2026-02-02 11:50:07.485]  12:09:14	7.36	 040	 489	36.2	 23 	 -1 	100%	 4.0	    	    	    	    	    	    	    	    	    	    
[2026-02-02 11:50:13.461]  12:09:20	7.36	 040	 489	36.3	 23 	 -2 	100%	 4.0	    	    	    	    	    	    	    	    	    	    
[2026-02-02 11:50:19.437]  12:09:26	7.36	 040	 489	36.3	 23 	 -1 	100%	 4.1	    	    	    	    	    	    	    	    	    	    
[2026-02-02 11:50:25.425]  12:09:32	7.36	 040	 489	36.3	 23 	 -1 	100%	 4.1	    	    	    	    	    	    	    	    	    	    
[2026-02-02 11:50:31.394]  12:09:38	7.36	 040	 489	36.3	 23 	 -1 	100%	 4.1	    	    	    	    	    	    	    	    	    	    
[2026-02-02 11:50:37.366]  12:09:44	7.36	 040	 489	36.3	 23 	 -2 	100%	 4.1	    	    	    	    	    	    	    	    	    	    
[2026-02-02 11:50:43.342]  12:09:50	7.36	 040	 490	36.3	 23 	 -2 	100%	 4.1	    	    	    	    	    	    	    	    	    	    
[2026-02-02 11:50:49.310]          	    	ARTERIAL 	 	  	    	    	    	    	    	    	    	  	    VENOUS
[2026-02-02 11:50:49.332]   Time   	 pH 	 CO2	  O2	TEMP	HCO3	 BE 	cSO2	 K+ 	 VO2	  Q 	 BSA	 pH 	 CO2	  O2	TEMP	 SO2	 HCT	 HGB
[2026-02-02 11:50:49.365] 
[2026-02-02 11:50:49.365]  12:09:56	7.36	 040	 490	36.3	 23 	 -1 	100%	 4.1	    	    	    	    	    	    	    	    	    	    
[2026-02-02 11:50:55.307]  12:10:02	7.36	 040	 489	36.3	 23 	 -2 	100%	 4.1	    	    	    	    	    	    	    	    	    	    
[2026-02-02 11:51:01.282]  12:10:08	7.36	 040	 490	36.3	 23 	 -2 	100%	 4.1	    	    	    	    	    	    	    	    	    	    
[2026-02-02 11:51:07.248]  12:10:14	7.36	 040	 491	36.3	 23 	 -1 	100%	 4.1	    	    	    	    	    	    	    	    	    	    
[2026-02-02 11:51:13.224]  12:10:20	7.36	 040	 491	36.3	 23 	 -2 	100%	 4.1	    	    	    	    	    	    	    	    	    	    
[2026-02-02 11:51:19.200]  12:10:26	7.36	 040	 491	36.3	 23 	 -2 	100%	 4.1	    	    	    	    	    	    	    	    	    	    
[2026-02-02 11:51:25.177]  12:10:31	7.36	 040	 492	36.3	 23 	 -2 	100%	 4.1	    	    	    	    	    	    	    	    	    	    
[2026-02-02 11:51:31.156]  12:10:37	7.36	 041	 494	36.3	 23 	 -2 	100%	 4.1	    	    	    	    	    	    	    	    	    	    
[2026-02-02 11:51:37.130]  12:10:43	7.36	 040	 494	36.3	 23 	 -2 	100%	 4.1	    	    	    	    	    	    	    	    	    	    
[2026-02-02 11:51:43.107]  12:10:49	7.36	 041	 496	36.2	 23 	 -2 	100%	 4.1	    	    	    	    	    	    	    	    	    	    
[2026-02-02 11:51:49.082]  12:10:55	7.36	 041	 498	36.2	 23 	 -2 	100%	 4.1	    	    	    	    	    	    	    	    	    	    
[2026-02-02 11:51:55.060]  12:11:01	7.36	 041	 499	36.2	 23 	 -2 	100%	 4.1	    	    	    	    	    	    	    	    	    	    
[2026-02-02 11:52:01.046]  12:11:08	7.36	 041	 499	36.2	 23 	 -2 	100%	 4.1	    	    	    	    	    	    	    	    	    	    
[2026-02-02 11:52:07.015]  12:11:14	7.36	 041	 500	36.2	 23 	 -2 	100%	 4.1	    	    	    	    	    	    	    	    	    	    
[2026-02-02 11:52:12.992]  12:11:20	7.36	 041	 504	36.3	 23 	 -2 	100%	 4.1	    	    	    	    	    	    	    	    	    	    
[2026-02-02 11:52:18.968]  12:11:26	7.36	 041	 510	36.3	 23 	 -2 	100%	 4.1	    	    	    	    	    	    	    	    	    	    
[2026-02-02 11:52:24.944]  12:11:32	7.36	 041	 517	36.3	 23 	 -2 	100%	 4.0	    	    	    	    	    	    	    	    	    	    
[2026-02-02 11:52:30.923]  12:11:38	7.35	 041	 522	36.3	 23 	 -2 	100%	 4.0	    	    	    	    	    	    	    	    	    	    
[2026-02-02 11:52:36.897]  12:11:44	7.35	 041	 526	36.3	 23 	 -2 	100%	 4.0	    	    	    	    	    	    	    	    	    	    
[2026-02-02 11:52:42.873]  12:11:50	7.35	 041	 530	36.3	 23 	 -2 	100%	 4.1	    	    	    	    	    	    	    	    	    	    
[2026-02-02 11:52:48.850]  12:11:56	7.35	 042	 532	36.3	 23 	 -2 	100%	 4.1	    	    	    	    	    	    	    	    	    	    
[2026-02-02 11:52:54.826]  12:12:01	7.35	 042	 532	36.3	 23 	 -2 	100%	 4.1	    	    	    	    	    	    	    	    	    	    
[2026-02-02 11:53:00.813]  12:12:07	7.35	 042	 532	36.3	 23 	 -2 	100%	 4.1	    	    	    	    	    	    	    	    	    	    
[2026-02-02 11:53:06.780]  12:12:13	7.35	 042	 532	36.3	 23 	 -2 	100%	 4.1	    	    	    	    	    	    	    	    	    	    
[2026-02-02 11:53:12.767]  12:12:19	7.35	 042	 531	36.3	 23 	 -2 	100%	 4.0	    	    	    	    	    	    	    	    	    	    
[2026-02-02 11:53:18.732]  12:12:25	7.35	 042	 531	36.3	 23 	 -2 	100%	 4.0	    	    	    	    	    	    	    	    	    	    
[2026-02-02 11:53:24.720]  12:12:31	7.35	 042	 531	36.3	 23 	 -2 	100%	 4.0	    	    	    	    	    	    	    	    	    	    
[2026-02-02 11:53:30.688]  12:12:37	7.35	 042	 531	36.3	 23 	 -2 	100%	 4.0	    	    	    	    	    	    	    	    	    	    
[2026-02-02 11:53:36.663]  12:12:43	7.35	 042	 531	36.2	 23 	 -2 	100%	 4.0	    	    	    	    	    	    	    	    	    	    
[2026-02-02 11:53:42.639]  12:12:49	7.35	 042	 531	36.2	 23 	 -2 	100%	 4.0	    	    	    	    	    	    	    	    	    	    
[2026-02-02 11:53:48.614]  12:12:55	7.35	 042	 532	36.2	 23 	 -2 	100%	 4.1	    	    	    	    	    	    	    	    	    	    
[2026-02-02 11:53:54.590]  12:13:01	7.35	 042	 532	36.3	 23 	 -2 	100%	 4.1	    	    	    	    	    	    	    	    	    	    
[2026-02-02 11:54:00.576]  12:13:07	7.35	 042	 532	36.3	 23 	 -2 	100%	 4.1	    	    	    	    	    	    	    	    	    	    
[2026-02-02 11:54:06.542]  12:13:13	7.35	 042	 533	36.3	 23 	 -2 	100%	 4.1	    	    	    	    	    	    	    	    	    	    
[2026-02-02 11:54:12.519]  12:13:19	7.35	 042	 533	36.3	 23 	 -2 	100%	 4.1	    	    	    	    	    	    	    	    	    	    
[2026-02-02 11:54:18.495]  12:13:25	7.35	 042	 532	36.3	 23 	 -2 	100%	 4.1	    	    	    	    	    	    	    	    	    	    
[2026-02-02 11:54:24.471]  12:13:31	7.35	 042	 533	36.2	 23 	 -2 	100%	 4.0	    	    	    	    	    	    	    	    	    	    
[2026-02-02 11:54:30.451]  12:13:37	7.35	 042	 533	36.2	 23 	 -2 	100%	 4.0	    	    	    	    	    	    	    	    	    	    
[2026-02-02 11:54:36.427]  12:13:43	7.35	 042	 534	36.2	 23 	 -2 	100%	 4.0	    	    	    	    	    	    	    	    	    	    
[2026-02-02 11:54:42.400]  12:13:49	7.35	 042	 534	36.2	 23 	 -2 	100%	 4.0	    	    	    	    	    	    	    	    	    	    
[2026-02-02 11:54:48.415]  12:13:55	7.35	 042	 534	36.2	 23 	 -2 	100%	 4.0	    	    	    	    	    	    	    	    	    	    
[2026-02-02 11:54:54.353]  12:14:01	7.35	 042	 534	36.2	 23 	 -2 	100%	 4.0	    	    	    	    	    	    	    	    	    	    
[2026-02-02 11:55:00.340]  12:14:07	7.35	 042	 534	36.2	 23 	 -2 	100%	 4.0	    	    	    	    	    	    	    	    	    	    
[2026-02-02 11:55:06.307]  12:14:13	7.35	 042	 534	36.3	 23 	 -2 	100%	 4.0	    	    	    	    	    	    	    	    	    	    
[2026-02-02 11:55:12.282]  12:14:19	7.35	 042	 533	36.3	 23 	 -2 	100%	 4.1	    	    	    	    	    	    	    	    	    	    
[2026-02-02 11:55:18.259]  12:14:25	7.34	 042	 534	36.2	 23 	 -2 	100%	 4.1	    	    	    	    	    	    	    	    	    	    
[2026-02-02 11:55:24.235]  12:14:31	7.34	 042	 534	36.2	 23 	 -2 	100%	 4.1	    	    	    	    	    	    	    	    	    	    
[2026-02-02 11:55:30.214]  12:14:37	7.34	 042	 534	36.2	 23 	 -2 	100%	 4.1	    	    	    	    	    	    	    	    	    	    
[2026-02-02 11:55:36.227]  12:14:43	7.34	 042	 534	36.2	 23 	 -2 	100%	 4.1	    	    	    	    	    	    	    	    	    	    
[2026-02-02 11:55:42.166]  12:14:49	7.34	 042	 534	36.2	 23 	 -2 	100%	 4.1	    	    	    	    	    	    	    	    	    	    
[2026-02-02 11:55:48.132]          	    	ARTERIAL 	 	  	    	    	    	    	    	    	    	  	    VENOUS
[2026-02-02 11:55:48.154]   Time   	 pH 	 CO2	  O2	TEMP	HCO3	 BE 	cSO2	 K+ 	 VO2	  Q 	 BSA	 pH 	 CO2	  O2	TEMP	 SO2	 HCT	 HGB
[2026-02-02 11:55:48.182] 
[2026-02-02 11:55:48.182]  12:14:55	7.34	 042	 534	36.2	 23 	 -2 	100%	 4.1	    	    	    	    	    	    	    	    	    	    
[2026-02-02 11:55:54.117]  12:15:01	7.34	 042	 534	36.2	 23 	 -2 	100%	 4.1	    	    	    	    	    	    	    	    	    	    
[2026-02-02 11:56:00.116]  12:15:07	7.34	 042	 534	36.2	 23 	 -2 	100%	 4.1	    	    	    	    	    	    	    	    	    	    
[2026-02-02 11:56:06.071]  12:15:13	7.34	 042	 534	36.3	 23 	 -2 	100%	 4.0	    	    	    	    	    	    	    	    	    	    
[2026-02-02 11:56:12.046]  12:15:19	7.34	 042	 534	36.3	 23 	 -2 	100%	 4.0	    	    	    	    	    	    	    	    	    	    
[2026-02-02 11:56:18.023]  12:15:25	7.34	 042	 535	36.2	 23 	 -2 	100%	 4.0	    	    	    	    	    	    	    	    	    	    
[2026-02-02 11:56:24.038]  12:15:31	7.34	 042	 535	36.2	 23 	 -2 	100%	 4.0	    	    	    	    	    	    	    	    	    	    
[2026-02-02 11:56:29.990]  12:15:37	7.34	 042	 536	36.2	 23 	 -2 	100%	 4.0	    	    	    	    	    	    	    	    	    	    
[2026-02-02 11:56:35.951]  12:15:43	7.34	 042	 536	36.2	 23 	 -2 	100%	 4.0	    	    	    	    	    	    	    	    	    	    
[2026-02-02 11:56:41.928]  12:15:49	7.34	 043	 537	36.2	 23 	 -2 	100%	 4.0	    	    	    	    	    	    	    	    	    	    
[2026-02-02 11:56:47.904]  12:15:55	7.34	 043	 536	36.2	 23 	 -2 	100%	 4.0	    	    	    	    	    	    	    	    	    	    
[2026-02-02 11:56:53.880]  12:16:01	7.34	 043	 537	36.2	 23 	 -2 	100%	 4.0	    	    	    	    	    	    	    	    	    	    
[2026-02-02 11:56:59.868]  12:16:07	7.34	 043	 537	36.2	 23 	 -2 	100%	 4.0	    	    	    	    	    	    	    	    	    	    
[2026-02-02 11:57:05.832]  12:16:12	7.34	 043	 537	36.3	 23 	 -2 	100%	 4.0	    	    	    	    	    	    	    	    	    	    
[2026-02-02 11:57:11.821]  12:16:18	7.34	 043	 537	36.2	 23 	 -2 	100%	 4.0	    	    	    	    	    	    	    	    	    	    
[2026-02-02 11:57:17.787]  12:16:24	7.34	 043	 538	36.2	 23 	 -2 	100%	 4.0	    	    	    	    	    	    	    	    	    	    
[2026-02-02 11:57:23.763]  12:16:31	7.34	 043	 538	36.2	 23 	 -2 	100%	 4.0	    	    	    	    	    	    	    	    	    	    
[2026-02-02 11:57:29.741]  12:16:37	7.34	 043	 539	36.2	 23 	 -2 	100%	 4.0	    	    	    	    	    	    	    	    	    	    
[2026-02-02 11:57:35.715]  12:16:43	7.34	 043	 539	36.2	 23 	 -2 	100%	 4.0	    	    	    	    	    	    	    	    	    	    
[2026-02-02 11:57:41.692]  12:16:49	7.34	 043	 539	36.2	 23 	 -2 	100%	 4.0	    	    	    	    	    	    	    	    	    	    
[2026-02-02 11:57:47.668]  12:16:55	7.34	 043	 539	36.2	 23 	 -2 	100%	 4.0	    	    	    	    	    	    	    	    	    	    
[2026-02-02 11:57:53.645]  12:17:01	7.34	 043	 540	36.2	 23 	 -2 	100%	 4.0	    	    	    	    	    	    	    	    	    	    
[2026-02-02 11:57:59.631]  12:17:07	7.34	 043	 540	36.3	 23 	 -2 	100%	 4.0	    	    	    	    	    	    	    	    	    	    
[2026-02-02 11:58:05.596]  12:17:13	7.34	 043	 539	36.3	 23 	 -2 	100%	 4.0	    	    	    	    	    	    	    	    	    	    
[2026-02-02 11:58:11.573]  12:17:18	7.34	 043	 539	36.2	 23 	 -2 	100%	 4.0	    	    	    	    	    	    	    	    	    	    
[2026-02-02 11:58:17.549]  12:17:24	7.34	 043	 540	36.2	 23 	 -2 	100%	 4.0	    	    	    	    	    	    	    	    	    	    
[2026-02-02 11:58:23.525]  12:17:30	7.34	 043	 540	36.2	 23 	 -2 	100%	 4.0	    	    	    	    	    	    	    	    	    	    
[2026-02-02 11:58:29.544]  12:17:36	7.34	 043	 541	36.2	 23 	 -2 	100%	 4.0	    	    	    	    	    	    	    	    	    	    
[2026-02-02 11:58:35.478]  12:17:42	7.34	 043	 541	36.2	 23 	 -2 	100%	 4.0	    	    	    	    	    	    	    	    	    	    
[2026-02-02 11:58:41.455]  12:17:48	7.34	 043	 541	36.2	 23 	 -2 	100%	 4.0	    	    	    	    	    	    	    	    	    	    
[2026-02-02 11:58:47.431]  12:17:54	7.34	 043	 541	36.2	 23 	 -2 	100%	 4.0	    	    	    	    	    	    	    	    	    	    
[2026-02-02 11:58:53.408]  12:18:00	7.34	 043	 541	36.2	 23 	 -2 	100%	 4.0	    	    	    	    	    	    	    	    	    	    
[2026-02-02 11:58:59.394]  12:18:06	7.34	 043	 541	36.3	 23 	 -2 	100%	 4.0	    	    	    	    	    	    	    	    	    	    
[2026-02-02 11:59:05.360]  12:18:12	7.34	 043	 541	36.2	 23 	 -2 	100%	 4.0	    	    	    	    	    	    	    	    	    	    
[2026-02-02 11:59:11.337]  12:18:18	7.34	 043	 541	36.2	 23 	 -2 	100%	 4.0	    	    	    	    	    	    	    	    	    	    
[2026-02-02 11:59:17.314]  12:18:24	7.34	 043	 542	36.2	 23 	 -2 	100%	 4.0	    	    	    	    	    	    	    	    	    	    
[2026-02-02 11:59:23.291]  12:18:30	7.34	 043	 542	36.2	 23 	 -2 	100%	 4.0	    	    	    	    	    	    	    	    	    	    
[2026-02-02 11:59:29.268]  12:18:36	7.34	 043	 542	36.2	 23 	 -2 	100%	 4.0	    	    	    	    	    	    	    	    	    	    
[2026-02-02 11:59:35.243]  12:18:42	7.34	 043	 542	36.2	 23 	 -2 	100%	 4.0	    	    	    	    	    	    	    	    	    	    
[2026-02-02 11:59:41.218]  12:18:48	7.34	 043	 542	36.2	 23 	 -2 	100%	 4.0	    	    	    	    	    	    	    	    	    	    
[2026-02-02 11:59:47.195]  12:18:54	7.34	 043	 542	36.2	 23 	 -2 	100%	 4.0	    	    	    	    	    	    	    	    	    	    
[2026-02-02 11:59:53.171]  12:19:00	7.34	 043	 542	36.2	 23 	 -2 	100%	 4.0	    	    	    	    	    	    	    	    	    	    
[2026-02-02 11:59:59.158]  12:19:06	7.34	 043	 542	36.3	 23 	 -2 	100%	 4.0	    	    	    	    	    	    	    	    	    	    
[2026-02-02 12:00:05.124]  12:19:12	7.34	 043	 542	36.2	 23 	 -2 	100%	 4.0	    	    	    	    	    	    	    	    	    	    
[2026-02-02 12:00:11.101]  12:19:18	7.34	 043	 542	36.2	 23 	 -2 	100%	 4.0	    	    	    	    	    	    	    	    	    	    
[2026-02-02 12:00:17.078]  12:19:24	7.33	 043	 542	36.2	 23 	 -2 	100%	 4.0	    	    	    	    	    	    	    	    	    	    
[2026-02-02 12:00:23.064]  12:19:30	7.33	 043	 541	36.2	 23 	 -2 	100%	 4.0	    	    	    	    	    	    	    	    	    	    
[2026-02-02 12:00:29.032]  12:19:36	7.33	 043	 541	36.2	 23 	 -2 	100%	 4.0	    	    	    	    	    	    	    	    	    	    
[2026-02-02 12:00:35.045]  12:19:42	7.33	 043	 540	36.2	 23 	 -2 	100%	 4.0	    	    	    	    	    	    	    	    	    	    
[2026-02-02 12:00:40.982]  12:19:48	7.33	 043	 540	36.2	 23 	 -2 	100%	 4.0	    	    	    	    	    	    	    	    	    	    
[2026-02-02 12:00:46.950]          	    	ARTERIAL 	 	  	    	    	    	    	    	    	    	  	    VENOUS
[2026-02-02 12:00:46.972]   Time   	 pH 	 CO2	  O2	TEMP	HCO3	 BE 	cSO2	 K+ 	 VO2	  Q 	 BSA	 pH 	 CO2	  O2	TEMP	 SO2	 HCT	 HGB
[2026-02-02 12:00:47.000] 
[2026-02-02 12:00:47.000]  12:19:54	7.33	 044	 540	36.3	 23 	 -2 	100%	 4.0	    	    	    	    	    	    	    	    	    	    
[2026-02-02 12:00:52.946]  12:20:00	7.33	 044	 540	36.3	 23 	 -2 	100%	 4.0	    	    	    	    	    	    	    	    	    	    
[2026-02-02 12:00:58.922]  12:20:06	7.33	 044	 540	36.2	 23 	 -2 	100%	 4.0	    	    	    	    	    	    	    	    	    	    
[2026-02-02 12:01:04.887]  12:20:12	7.33	 044	 540	36.2	 23 	 -2 	100%	 4.0	    	    	    	    	    	    	    	    	    	    
[2026-02-02 12:01:10.864]  12:20:18	7.33	 044	 540	36.2	 23 	 -2 	100%	 4.0	    	    	    	    	    	    	    	    	    	    
[2026-02-02 12:01:16.840]  12:20:24	7.33	 043	 541	36.2	 23 	 -2 	100%	 4.0	    	    	    	    	    	    	    	    	    	    
[2026-02-02 12:01:22.817]  12:20:30	7.33	 043	 543	36.2	 23 	 -2 	100%	 4.0	    	    	    	    	    	    	    	    	    	    
[2026-02-02 12:01:28.796]  12:20:36	7.33	 043	 544	36.2	 23 	 -2 	100%	 4.0	    	    	    	    	    	    	    	    	    	    
[2026-02-02 12:01:34.769]  12:20:42	7.33	 043	 545	36.2	 23 	 -2 	100%	 4.0	    	    	    	    	    	    	    	    	    	    
[2026-02-02 12:01:40.746]  12:20:48	7.33	 043	 546	36.2	 23 	 -2 	100%	 4.0	    	    	    	    	    	    	    	    	    	    
[2026-02-02 12:01:46.723]  12:20:54	7.33	 043	 546	36.2	 23 	 -2 	100%	 4.0	    	    	    	    	    	    	    	    	    	    
[2026-02-02 12:01:52.698]  12:21:00	7.33	 043	 547	36.2	 23 	 -2 	100%	 4.0	    	    	    	    	    	    	    	    	    	    
[2026-02-02 12:01:58.686]  12:21:06	7.33	 043	 546	36.2	 23 	 -2 	100%	 4.0	    	    	    	    	    	    	    	    	    	    
[2026-02-02 12:02:04.652]  12:21:12	7.33	 043	 547	36.2	 23 	 -2 	100%	 4.0	    	    	    	    	    	    	    	    	    	    
[2026-02-02 12:02:10.628]  12:21:18	7.33	 043	 547	36.2	 23 	 -2 	100%	 4.0	    	    	    	    	    	    	    	    	    	    
[2026-02-02 12:02:16.604]  12:21:24	7.33	 043	 547	36.2	 23 	 -2 	100%	 4.0	    	    	    	    	    	    	    	    	    	    
[2026-02-02 12:02:22.581]  12:21:29	7.33	 043	 547	36.2	 23 	 -2 	100%	 4.0	    	    	    	    	    	    	    	    	    	    
[2026-02-02 12:02:28.571]  12:21:35	7.33	 043	 547	36.2	 23 	 -2 	100%	 4.0	    	    	    	    	    	    	    	    	    	    
[2026-02-02 12:02:34.533]  12:21:41	7.33	 043	 547	36.2	 23 	 -2 	100%	 4.0	    	    	    	    	    	    	    	    	    	    
[2026-02-02 12:02:40.509]  12:21:47	7.33	 043	 547	36.2	 23 	 -2 	100%	 4.0	    	    	    	    	    	    	    	    	    	    
[2026-02-02 12:02:46.486]  12:21:52	7.33	 043	 548	36.2	 23 	 -2 	100%	 4.0	    	    	    	    	    	    	    	    	    	    
[2026-02-02 12:02:52.461]  12:21:58	7.33	 043	 547	36.2	 23 	 -2 	100%	 4.0	    	    	    	    	    	    	    	    	    	    
[2026-02-02 12:02:58.449]  12:22:04	7.33	 043	 547	36.2	 23 	 -2 	100%	 4.0	    	    	    	    	    	    	    	    	    	    
[2026-02-02 12:03:04.415]  12:22:10	7.33	 043	 547	36.2	 23 	 -2 	100%	 4.0	    	    	    	    	    	    	    	    	    	    
[2026-02-02 12:03:10.391]  12:22:16	7.33	 043	 547	36.2	 23 	 -2 	100%	 4.0	    	    	    	    	    	    	    	    	    	    
[2026-02-02 12:03:16.368]  12:22:22	7.33	 043	 547	36.2	 23 	 -2 	100%	 4.0	    	    	    	    	    	    	    	    	    	    
[2026-02-02 12:03:22.355]  12:22:28	7.33	 043	 547	36.2	 23 	 -2 	100%	 4.0	    	    	    	    	    	    	    	    	    	    
[2026-02-02 12:03:28.323]  12:22:34	7.33	 043	 547	36.2	 23 	 -2 	100%	 4.0	    	    	    	    	    	    	    	    	    	    
[2026-02-02 12:03:34.298]  12:22:40	7.33	 043	 547	36.2	 23 	 -2 	100%	 4.0	    	    	    	    	    	    	    	    	    	    
[2026-02-02 12:03:40.272]  12:22:46	7.33	 044	 548	36.3	 23 	 -2 	100%	 4.0	    	    	    	    	    	    	    	    	    	    
[2026-02-02 12:03:46.249]  12:22:52	7.33	 044	 548	36.3	 23 	 -2 	100%	 4.0	    	    	    	    	    	    	    	    	    	    
[2026-02-02 12:03:52.225]  12:22:58	7.33	 044	 548	36.2	 23 	 -2 	100%	 4.0	    	    	    	    	    	    	    	    	    	    
[2026-02-02 12:03:58.212]  12:23:04	7.33	 044	 548	36.2	 23 	 -2 	100%	 4.0	    	    	    	    	    	    	    	    	    	    
[2026-02-02 12:04:04.178]  12:23:10	7.33	 044	 548	36.2	 23 	 -2 	100%	 4.0	    	    	    	    	    	    	    	    	    	    
[2026-02-02 12:04:10.156]  12:23:16	7.33	 044	 548	36.2	 23 	 -2 	100%	 4.0	    	    	    	    	    	    	    	    	    	    
[2026-02-02 12:04:16.131]  12:23:22	7.33	 044	 548	36.2	 23 	 -2 	100%	 4.0	    	    	    	    	    	    	    	    	    	    
[2026-02-02 12:04:22.107]  12:23:28	7.33	 044	 548	36.2	 23 	 -2 	100%	 4.0	    	    	    	    	    	    	    	    	    	    
[2026-02-02 12:04:28.087]  12:23:34	7.33	 044	 548	36.3	 23 	 -2 	100%	 4.0	    	    	    	    	    	    	    	    	    	    
[2026-02-02 12:04:34.071]  12:23:40	7.33	 044	 548	36.3	 23 	 -2 	100%	 4.0	    	    	    	    	    	    	    	    	    	    
[2026-02-02 12:04:40.037]  12:23:46	7.33	 044	 548	36.3	 23 	 -2 	100%	 4.0	    	    	    	    	    	    	    	    	    	    
[2026-02-02 12:04:46.013]  12:23:52	7.33	 044	 548	36.3	 23 	 -2 	100%	 4.0	    	    	    	    	    	    	    	    	    	    
[2026-02-02 12:04:51.991]  12:23:58	7.33	 044	 549	36.2	 23 	 -2 	100%	 4.0	    	    	    	    	    	    	    	    	    	    
[2026-02-02 12:04:57.978]  12:24:04	7.33	 044	 549	36.2	 23 	 -2 	100%	 4.0	    	    	    	    	    	    	    	    	    	    
[2026-02-02 12:05:03.942]  12:24:10	7.33	 044	 548	36.2	 23 	 -2 	100%	 4.0	    	    	    	    	    	    	    	    	    	    
[2026-02-02 12:05:09.918]  12:24:16	7.33	 044	 548	36.2	 23 	 -2 	100%	 4.0	    	    	    	    	    	    	    	    	    	    
[2026-02-02 12:05:15.906]  12:24:22	7.33	 044	 548	36.3	 23 	 -2 	100%	 4.0	    	    	    	    	    	    	    	    	    	    
[2026-02-02 12:05:21.872]  12:24:28	7.33	 044	 548	36.2	 23 	 -2 	100%	 4.0	    	    	    	    	    	    	    	    	    	    
[2026-02-02 12:05:27.854]  12:24:34	7.33	 044	 548	36.3	 23 	 -2 	100%	 4.0	    	    	    	    	    	    	    	    	    	    
[2026-02-02 12:05:33.864]  12:24:40	7.33	 044	 549	36.3	 23 	 -2 	100%	 4.0	    	    	    	    	    	    	    	    	    	    
[2026-02-02 12:05:39.801]  12:24:46	7.33	 044	 549	36.3	 23 	 -2 	100%	 4.0	    	    	    	    	    	    	    	    	    	    
[2026-02-02 12:05:45.768]          	    	ARTERIAL 	 	  	    	    	    	    	    	    	    	  	    VENOUS
[2026-02-02 12:05:45.793]   Time   	 pH 	 CO2	  O2	TEMP	HCO3	 BE 	cSO2	 K+ 	 VO2	  Q 	 BSA	 pH 	 CO2	  O2	TEMP	 SO2	 HCT	 HGB
[2026-02-02 12:05:45.819] 
[2026-02-02 12:05:45.820]  12:24:52	7.33	 044	 549	36.2	 23 	 -2 	100%	 4.0	    	    	    	    	    	    	    	    	    	    
[2026-02-02 12:05:51.754]  12:24:58	7.33	 044	 550	36.2	 23 	 -2 	100%	 4.0	    	    	    	    	    	    	    	    	    	    
[2026-02-02 12:05:57.739]  12:25:04	7.33	 044	 548	36.2	 23 	 -2 	100%	 4.0	    	    	    	    	    	    	    	    	    	    
[2026-02-02 12:06:03.705]  12:25:10	7.33	 044	 548	36.2	 23 	 -2 	100%	 4.0	    	    	    	    	    	    	    	    	    	    
[2026-02-02 12:06:09.683]  12:25:16	7.33	 044	 549	36.2	 23 	 -2 	100%	 4.0	    	    	    	    	    	    	    	    	    	    
[2026-02-02 12:06:15.659]  12:25:22	7.33	 044	 549	36.2	 23 	 -2 	100%	 4.0	    	    	    	    	    	    	    	    	    	    
[2026-02-02 12:06:21.670]  12:25:28	7.33	 044	 549	36.2	 23 	 -2 	100%	 4.0	    	    	    	    	    	    	    	    	    	    
[2026-02-02 12:06:27.614]  12:25:34	7.33	 044	 549	36.2	 23 	 -2 	100%	 4.0	    	    	    	    	    	    	    	    	    	    
[2026-02-02 12:06:33.588]  12:25:40	7.33	 044	 548	36.2	 23 	 -2 	100%	 4.0	    	    	    	    	    	    	    	    	    	    
[2026-02-02 12:06:39.564]  12:25:45	7.32	 044	 546	36.2	 23 	 -2 	100%	 4.0	    	    	    	    	    	    	    	    	    	    
[2026-02-02 12:06:45.540]  12:25:51	7.32	 044	 544	36.2	 23 	 -2 	100%	 4.0	    	    	    	    	    	    	    	    	    	    
[2026-02-02 12:06:51.516]  12:25:57	7.32	 045	 542	36.2	 23 	 -2 	100%	 4.0	    	    	    	    	    	    	    	    	    	    
[2026-02-02 12:06:57.504]  12:26:03	7.32	 045	 540	36.2	 23 	 -2 	100%	 4.0	    	    	    	    	    	    	    	    	    	    
[2026-02-02 12:07:03.471]  12:26:09	7.32	 045	 538	36.2	 23 	 -2 	100%	 4.0	    	    	    	    	    	    	    	    	    	    
[2026-02-02 12:07:09.445]  12:26:15	7.32	 045	 537	36.2	 23 	 -2 	100%	 4.0	    	    	    	    	    	    	    	    	    	    
[2026-02-02 12:07:15.422]  12:26:21	7.32	 045	 536	36.2	 23 	 -2 	100%	 4.0	    	    	    	    	    	    	    	    	    	    
[2026-02-02 12:07:21.399]  12:26:27	7.32	 045	 535	36.2	 23 	 -2 	100%	 4.0	    	    	    	    	    	    	    	    	    	    
[2026-02-02 12:07:27.378]  12:26:33	7.32	 045	 534	36.2	 23 	 -2 	100%	 4.0	    	    	    	    	    	    	    	    	    	    
[2026-02-02 12:07:33.351]  12:26:39	7.32	 045	 533	36.2	 23 	 -2 	100%	 4.0	    	    	    	    	    	    	    	    	    	    
[2026-02-02 12:07:39.327]  12:26:45	7.32	 045	 532	36.2	 23 	 -2 	100%	 4.0	    	    	    	    	    	    	    	    	    	    
[2026-02-02 12:07:45.315]  12:26:51	7.32	 045	 531	36.2	 23 	 -2 	100%	 4.0	    	    	    	    	    	    	    	    	    	    
[2026-02-02 12:07:51.280]  12:26:57	7.31	 045	 531	36.2	 23 	 -2 	100%	 4.0	    	    	    	    	    	    	    	    	    	    
[2026-02-02 12:07:57.267]  12:27:03	7.31	 046	 530	36.2	 23 	 -2 	100%	 4.0	    	    	    	    	    	    	    	    	    	    
[2026-02-02 12:08:03.233]  12:27:09	7.31	 046	 529	36.2	 23 	 -2 	100%	 4.0	    	    	    	    	    	    	    	    	    	    
[2026-02-02 12:08:09.209]  12:27:16	7.31	 046	 528	36.2	 23 	 -2 	100%	 4.0	    	    	    	    	    	    	    	    	    	    
[2026-02-02 12:08:15.194]  12:27:22	7.31	 046	 527	36.2	 23 	 -2 	100%	 4.0	    	    	    	    	    	    	    	    	    	    
[2026-02-02 12:08:21.162]  12:27:28	7.31	 046	 526	36.3	 23 	 -2 	100%	 4.0	    	    	    	    	    	    	    	    	    	    
[2026-02-02 12:08:27.141]  12:27:34	7.31	 046	 525	36.3	 23 	 -2 	100%	 4.0	    	    	    	    	    	    	    	    	    	    
[2026-02-02 12:08:33.114]  12:27:40	7.31	 046	 524	36.3	 23 	 -2 	100%	 4.0	    	    	    	    	    	    	    	    	    	    
[2026-02-02 12:08:39.090]  12:27:46	7.31	 046	 523	36.3	 23 	 -2 	100%	 4.0	    	    	    	    	    	    	    	    	    	    
[2026-02-02 12:08:45.067]  12:27:52	7.31	 046	 523	36.3	 23 	 -2 	100%	 4.0	    	    	    	    	    	    	    	    	    	    
[2026-02-02 12:08:51.044]  12:27:58	7.31	 046	 521	36.3	 23 	 -2 	100%	 4.0	    	    	    	    	    	    	    	    	    	    
[2026-02-02 12:08:57.030]  12:28:04	7.31	 046	 520	36.3	 23 	 -2 	100%	 4.0	    	    	    	    	    	    	    	    	    	    
[2026-02-02 12:09:02.997]  12:28:10	7.31	 046	 519	36.3	 23 	 -2 	100%	 4.0	    	    	    	    	    	    	    	    	    	    
[2026-02-02 12:09:08.972]  12:28:16	7.31	 046	 519	36.3	 23 	 -2 	100%	 4.0	    	    	    	    	    	    	    	    	    	    
[2026-02-02 12:09:14.949]  12:28:22	7.31	 046	 517	36.3	 23 	 -2 	100%	 4.0	    	    	    	    	    	    	    	    	    	    
[2026-02-02 12:09:20.925]  12:28:28	7.31	 047	 516	36.3	 23 	 -2 	100%	 4.0	    	    	    	    	    	    	    	    	    	    
[2026-02-02 12:09:26.905]  12:28:34	7.31	 047	 515	36.3	 23 	 -2 	100%	 4.0	    	    	    	    	    	    	    	    	    	    
[2026-02-02 12:09:32.879]  12:28:40	7.31	 047	 513	36.3	 23 	 -2 	100%	 4.0	    	    	    	    	    	    	    	    	    	    
[2026-02-02 12:09:38.867]  12:28:46	7.31	 047	 512	36.3	 23 	 -2 	100%	 4.0	    	    	    	    	    	    	    	    	    	    
[2026-02-02 12:09:44.830]  12:28:52	7.30	 047	 510	36.3	 23 	 -2 	100%	 4.0	    	    	    	    	    	    	    	    	    	    
[2026-02-02 12:09:50.808]  12:28:58	7.30	 047	 509	36.3	 23 	 -2 	100%	 4.0	    	    	    	    	    	    	    	    	    	    
[2026-02-02 12:09:56.794]  12:29:04	7.30	 047	 508	36.3	 23 	 -2 	100%	 4.0	    	    	    	    	    	    	    	    	    	    
[2026-02-02 12:10:02.760]  12:29:10	7.30	 047	 507	36.3	 23 	 -2 	100%	 4.0	    	    	    	    	    	    	    	    	    	    
[2026-02-02 12:10:08.748]  12:29:16	7.30	 047	 507	36.3	 24 	 -2 	100%	 4.0	    	    	    	    	    	    	    	    	    	    
[2026-02-02 12:10:14.713]  12:29:21	7.30	 047	 506	36.3	 24 	 -2 	100%	 4.0	    	    	    	    	    	    	    	    	    	    
[2026-02-02 12:10:20.690]  12:29:27	7.30	 047	 506	36.3	 23 	 -2 	100%	 4.0	    	    	    	    	    	    	    	    	    	    
[2026-02-02 12:10:26.670]  12:29:33	7.30	 047	 505	36.3	 23 	 -2 	100%	 4.0	    	    	    	    	    	    	    	    	    	    
[2026-02-02 12:10:32.642]  12:29:39	7.30	 047	 505	36.3	 23 	 -2 	100%	 4.0	    	    	    	    	    	    	    	    	    	    
[2026-02-02 12:10:38.619]  12:29:45	7.30	 047	 504	36.3	 24 	 -2 	100%	 4.0	    	    	    	    	    	    	    	    	    	    
[2026-02-02 12:10:44.587]          	    	ARTERIAL 	 	  	    	    	    	    	    	    	    	  	    VENOUS
[2026-02-02 12:10:44.611]   Time   	 pH 	 CO2	  O2	TEMP	HCO3	 BE 	cSO2	 K+ 	 VO2	  Q 	 BSA	 pH 	 CO2	  O2	TEMP	 SO2	 HCT	 HGB
[2026-02-02 12:10:44.641] 
[2026-02-02 12:10:44.641]  12:29:51	7.30	 047	 504	36.3	 24 	 -2 	100%	 4.0	    	    	    	    	    	    	    	    	    	    
[2026-02-02 12:10:50.586]  12:29:57	7.30	 047	 503	36.3	 24 	 -2 	100%	 4.0	    	    	    	    	    	    	    	    	    	    
[2026-02-02 12:10:56.558]  12:30:03	7.30	 047	 503	36.3	 24 	 -2 	100%	 4.0	    	    	    	    	    	    	    	    	    	    
[2026-02-02 12:11:02.523]  12:30:09	7.30	 047	 503	36.3	 24 	 -2 	100%	 4.0	    	    	    	    	    	    	    	    	    	    
[2026-02-02 12:11:08.500]  12:30:15	7.30	 047	 502	36.3	 24 	 -2 	100%	 4.0	    	    	    	    	    	    	    	    	    	    
[2026-02-02 12:11:14.476]  12:30:21	7.30	 047	 501	36.3	 24 	 -2 	100%	 4.0	    	    	    	    	    	    	    	    	    	    
[2026-02-02 12:11:20.453]  12:30:27	7.30	 048	 500	36.3	 24 	 -2 	100%	 4.0	    	    	    	    	    	    	    	    	    	    
[2026-02-02 12:11:26.429]  12:30:33	7.30	 047	 500	36.3	 24 	 -2 	100%	 4.0	    	    	    	    	    	    	    	    	    	    
[2026-02-02 12:11:32.402]  12:30:39	7.30	 048	 499	36.3	 24 	 -2 	100%	 4.0	    	    	    	    	    	    	    	    	    	    
[2026-02-02 12:11:38.379]  12:30:45	7.30	 047	 499	36.3	 24 	 -2 	100%	 4.0	    	    	    	    	    	    	    	    	    	    
[2026-02-02 12:11:44.356]  12:30:51	7.30	 048	 498	36.3	 24 	 -2 	100%	 4.0	    	    	    	    	    	    	    	    	    	    
[2026-02-02 12:11:50.331]  12:30:57	7.30	 048	 498	36.3	 24 	 -2 	100%	 4.0	    	    	    	    	    	    	    	    	    	    
[2026-02-02 12:11:56.318]  12:31:03	7.30	 048	 497	36.3	 24 	 -2 	100%	 4.0	    	    	    	    	    	    	    	    	    	    
[2026-02-02 12:12:02.283]  12:31:09	7.30	 048	 496	36.3	 24 	 -2 	100%	 4.0	    	    	    	    	    	    	    	    	    	    
[2026-02-02 12:12:08.259]  12:31:15	7.30	 048	 495	36.3	 24 	 -2 	100%	 4.0	    	    	    	    	    	    	    	    	    	    
[2026-02-02 12:12:14.248]  12:31:21	7.30	 048	 495	36.3	 24 	 -2 	100%	 4.0	    	    	    	    	    	    	    	    	    	    
[2026-02-02 12:12:20.213]  12:31:27	7.30	 048	 495	36.3	 24 	 -2 	100%	 4.0	    	    	    	    	    	    	    	    	    	    
[2026-02-02 12:12:26.192]  12:31:33	7.30	 048	 495	36.3	 24 	 -2 	100%	 4.0	    	    	    	    	    	    	    	    	    	    
[2026-02-02 12:12:32.165]  12:31:39	7.30	 048	 495	36.3	 24 	 -2 	100%	 4.0	    	    	    	    	    	    	    	    	    	    
[2026-02-02 12:12:38.142]  12:31:45	7.30	 048	 495	36.3	 23 	 -2 	100%	 4.0	    	    	    	    	    	    	    	    	    	    
[2026-02-02 12:12:44.119]  12:31:51	7.30	 048	 495	36.3	 24 	 -2 	100%	 4.0	    	    	    	    	    	    	    	    	    	    
[2026-02-02 12:12:50.094]  12:31:57	7.30	 048	 494	36.3	 24 	 -2 	100%	 4.0	    	    	    	    	    	    	    	    	    	    
[2026-02-02 12:12:56.081]  12:32:03	7.30	 048	 494	36.3	 24 	 -2 	100%	 4.0	    	    	    	    	    	    	    	    	    	    
[2026-02-02 12:13:02.048]  12:32:09	7.30	 048	 494	36.3	 24 	 -2 	100%	 4.0	    	    	    	    	    	    	    	    	    	    
[2026-02-02 12:13:08.023]  12:32:15	7.30	 048	 494	36.3	 24 	 -2 	100%	 4.0	    	    	    	    	    	    	    	    	    	    
[2026-02-02 12:13:14.000]  12:32:21	7.30	 048	 493	36.3	 24 	 -2 	100%	 4.0	    	    	    	    	    	    	    	    	    	    
[2026-02-02 12:13:19.977]  12:32:27	7.29	 048	 493	36.3	 24 	 -2 	100%	 4.0	    	    	    	    	    	    	    	    	    	    
[2026-02-02 12:13:25.955]  12:32:33	7.29	 048	 494	36.3	 24 	 -2 	100%	 4.0	    	    	    	    	    	    	    	    	    	    
[2026-02-02 12:13:31.928]  12:32:38	7.29	 048	 493	36.3	 24 	 -2 	100%	 4.0	    	    	    	    	    	    	    	    	    	    
[2026-02-02 12:13:37.908]  12:32:44	7.29	 048	 493	36.3	 24 	 -2 	100%	 4.0	    	    	    	    	    	    	    	    	    	    
[2026-02-02 12:13:43.883]  12:32:50	7.29	 048	 493	36.3	 24 	 -2 	100%	 4.0	    	    	    	    	    	    	    	    	    	    
[2026-02-02 12:13:49.858]  12:32:56	7.29	 048	 493	36.3	 23 	 -2 	100%	 4.0	    	    	    	    	    	    	    	    	    	    
[2026-02-02 12:13:55.844]  12:33:02	7.29	 048	 492	36.3	 23 	 -2 	100%	 4.0	    	    	    	    	    	    	    	    	    	    
[2026-02-02 12:14:01.811]  12:33:08	7.29	 048	 491	36.3	 23 	 -2 	100%	 4.0	    	    	    	    	    	    	    	    	    	    
[2026-02-02 12:14:07.788]  12:33:14	7.29	 048	 492	36.3	 23 	 -2 	100%	 4.0	    	    	    	    	    	    	    	    	    	    
[2026-02-02 12:14:13.764]  12:33:20	7.29	 048	 491	36.3	 23 	 -2 	100%	 4.0	    	    	    	    	    	    	    	    	    	    
[2026-02-02 12:14:19.739]  12:33:26	7.29	 048	 491	36.3	 23 	 -2 	100%	 4.0	    	    	    	    	    	    	    	    	    	    
[2026-02-02 12:14:25.719]  12:33:32	7.29	 048	 490	36.3	 23 	 -2 	100%	 4.0	    	    	    	    	    	    	    	    	    	    
[2026-02-02 12:14:31.694]  12:33:38	7.29	 048	 489	36.3	 23 	 -2 	100%	 4.0	    	    	    	    	    	    	    	    	    	    
[2026-02-02 12:14:37.671]  12:33:44	7.29	 048	 488	36.4	 24 	 -2 	100%	 4.0	    	    	    	    	    	    	    	    	    	    
[2026-02-02 12:14:43.646]  12:33:50	7.29	 048	 486	36.4	 24 	 -2 	100%	 4.0	    	    	    	    	    	    	    	    	    	    
[2026-02-02 12:14:49.634]  12:33:56	7.29	 048	 486	36.4	 24 	 -2 	100%	 4.0	    	    	    	    	    	    	    	    	    	    
[2026-02-02 12:14:55.610]  12:34:02	7.29	 048	 486	36.4	 24 	 -2 	100%	 4.0	    	    	    	    	    	    	    	    	    	    
[2026-02-02 12:15:01.575]  12:34:08	7.29	 048	 486	36.4	 24 	 -2 	100%	 4.0	    	    	    	    	    	    	    	    	    	    
[2026-02-02 12:15:07.550]  12:34:14	7.29	 048	 487	36.4	 24 	 -2 	100%	 4.0	    	    	    	    	    	    	    	    	    	    
[2026-02-02 12:15:13.527]  12:34:20	7.29	 048	 487	36.4	 24 	 -2 	100%	 4.0	    	    	    	    	    	    	    	    	    	    
[2026-02-02 12:15:19.506]  12:34:26	7.29	 048	 488	36.4	 24 	 -2 	100%	 4.0	    	    	    	    	    	    	    	    	    	    
[2026-02-02 12:15:25.482]  12:34:32	7.29	 048	 487	36.4	 24 	 -2 	100%	 4.0	    	    	    	    	    	    	    	    	    	    
[2026-02-02 12:15:31.458]  12:34:38	7.29	 048	 487	36.4	 24 	 -2 	100%	 4.0	    	    	    	    	    	    	    	    	    	    
[2026-02-02 12:15:37.433]  12:34:44	7.29	 048	 487	36.4	 24 	 -2 	100%	 4.0	    	    	    	    	    	    	    	    	    	    
[2026-02-02 12:15:43.400]          	    	ARTERIAL 	 	  	    	    	    	    	    	    	    	  	    VENOUS
[2026-02-02 12:15:43.423]   Time   	 pH 	 CO2	  O2	TEMP	HCO3	 BE 	cSO2	 K+ 	 VO2	  Q 	 BSA	 pH 	 CO2	  O2	TEMP	 SO2	 HCT	 HGB
[2026-02-02 12:15:43.452] 
[2026-02-02 12:15:43.452]  12:34:50	7.29	 048	 488	36.4	 24 	 -2 	100%	 4.0	    	    	    	    	    	    	    	    	    	    
[2026-02-02 12:15:49.385]  12:34:56	7.29	 048	 489	36.4	 24 	 -2 	100%	 4.0	    	    	    	    	    	    	    	    	    	    
[2026-02-02 12:15:55.372]  12:35:02	7.29	 048	 490	36.4	 24 	 -2 	100%	 4.0	    	    	    	    	    	    	    	    	    	    
[2026-02-02 12:16:01.351]  12:35:08	7.29	 048	 491	36.4	 24 	 -2 	100%	 4.0	    	    	    	    	    	    	    	    	    	    
[2026-02-02 12:16:07.314]  12:35:14	7.29	 048	 491	36.4	 24 	 -2 	100%	 4.0	    	    	    	    	    	    	    	    	    	    
[2026-02-02 12:16:13.291]  12:35:20	7.29	 048	 492	36.4	 24 	 -2 	100%	 4.0	    	    	    	    	    	    	    	    	    	    
[2026-02-02 12:16:19.267]  12:35:25	7.29	 048	 493	36.4	 24 	 -2 	100%	 4.0	    	    	    	    	    	    	    	    	    	    
[2026-02-02 12:16:25.249]  12:35:31	7.28	 048	 494	36.4	 23 	 -3 	100%	 4.0	    	    	    	    	    	    	    	    	    	    
[2026-02-02 12:16:31.222]  12:35:37	7.28	 048	 495	36.4	 23 	 -3 	100%	 4.0	    	    	    	    	    	    	    	    	    	    
[2026-02-02 12:16:37.199]  12:35:43	7.28	 048	 495	36.4	 23 	 -3 	100%	 4.0	    	    	    	    	    	    	    	    	    	    
[2026-02-02 12:16:43.174]  12:35:49	7.28	 048	 495	36.4	 23 	 -3 	100%	 4.0	    	    	    	    	    	    	    	    	    	    
[2026-02-02 12:16:49.153]  12:35:55	7.28	 048	 496	36.5	 23 	 -3 	100%	 4.0	    	    	    	    	    	    	    	    	    	    
[2026-02-02 12:16:55.137]  12:36:01	7.28	 048	 495	36.5	 23 	 -3 	100%	 4.0	    	    	    	    	    	    	    	    	    	    
[2026-02-02 12:17:01.116]  12:36:07	7.28	 048	 495	36.5	 23 	 -3 	100%	 4.0	    	    	    	    	    	    	    	    	    	    
[2026-02-02 12:17:07.080]  12:36:13	7.28	 048	 496	36.5	 23 	 -3 	100%	 4.0	    	    	    	    	    	    	    	    	    	    
[2026-02-02 12:17:13.068]  12:36:19	7.28	 048	 496	36.5	 23 	 -3 	100%	 4.0	    	    	    	    	    	    	    	    	    	    
[2026-02-02 12:17:19.035]  12:36:25	7.28	 048	 495	36.5	 23 	 -3 	100%	 4.0	    	    	    	    	    	    	    	    	    	    
[2026-02-02 12:17:25.012]  12:36:31	7.28	 048	 495	36.5	 23 	 -3 	100%	 4.0	    	    	    	    	    	    	    	    	    	    
[2026-02-02 12:17:30.986]  12:36:37	7.28	 048	 494	36.5	 23 	 -3 	100%	 4.0	    	    	    	    	    	    	    	    	    	    
[2026-02-02 12:17:36.961]  12:36:43	7.28	 048	 494	36.5	 23 	 -3 	100%	 4.0	    	    	    	    	    	    	    	    	    	    
[2026-02-02 12:17:42.949]  12:36:49	7.28	 048	 494	36.5	 23 	 -3 	100%	 4.0	    	    	    	    	    	    	    	    	    	    
[2026-02-02 12:17:48.914]  12:36:55	7.28	 048	 493	36.5	 23 	 -3 	100%	 4.0	    	    	    	    	    	    	    	    	    	    
[2026-02-02 12:17:54.912]  12:37:01	7.28	 048	 492	36.5	 23 	 -3 	100%	 4.0	    	    	    	    	    	    	    	    	    	    
[2026-02-02 12:18:00.867]  12:37:07	7.28	 048	 492	36.5	 23 	 -3 	100%	 4.0	    	    	    	    	    	    	    	    	    	    
[2026-02-02 12:18:06.855]  12:37:13	7.28	 048	 492	36.5	 23 	 -3 	100%	 4.0	    	    	    	    	    	    	    	    	    	    
[2026-02-02 12:18:12.824]  12:37:19	7.28	 048	 492	36.5	 23 	 -3 	100%	 4.0	    	    	    	    	    	    	    	    	    	    
[2026-02-02 12:18:18.796]  12:37:25	7.28	 048	 492	36.5	 23 	 -3 	100%	 4.0	    	    	    	    	    	    	    	    	    	    
[2026-02-02 12:18:24.776]  12:37:31	7.28	 048	 491	36.5	 23 	 -3 	100%	 4.0	    	    	    	    	    	    	    	    	    	    
[2026-02-02 12:18:30.750]  12:37:37	7.28	 048	 489	36.5	 23 	 -3 	100%	 4.0	    	    	    	    	    	    	    	    	    	    
[2026-02-02 12:18:36.725]  12:37:43	7.28	 048	 489	36.5	 23 	 -3 	100%	 4.0	    	    	    	    	    	    	    	    	    	    
[2026-02-02 12:18:42.701]  12:37:49	7.28	 048	 490	36.5	 23 	 -3 	100%	 4.0	    	    	    	    	    	    	    	    	    	    
[2026-02-02 12:18:48.678]  12:37:55	7.28	 048	 489	36.6	 23 	 -3 	100%	 4.0	    	    	    	    	    	    	    	    	    	    
[2026-02-02 12:18:54.665]  12:38:01	7.28	 048	 488	36.6	 23 	 -3 	100%	 4.0	    	    	    	    	    	    	    	    	    	    
[2026-02-02 12:19:00.631]  12:38:07	7.28	 048	 488	36.6	 23 	 -3 	100%	 4.0	    	    	    	    	    	    	    	    	    	    
[2026-02-02 12:19:06.607]  12:38:13	7.28	 048	 488	36.6	 23 	 -3 	100%	 4.0	    	    	    	    	    	    	    	    	    	    
[2026-02-02 12:19:12.584]  12:38:19	7.28	 048	 489	36.6	 23 	 -3 	100%	 4.0	    	    	    	    	    	    	    	    	    	    
[2026-02-02 12:19:18.560]  12:38:25	7.28	 048	 490	36.6	 23 	 -3 	100%	 4.0	    	    	    	    	    	    	    	    	    	    
[2026-02-02 12:19:24.539]  12:38:31	7.28	 048	 491	36.6	 23 	 -3 	100%	 4.0	    	    	    	    	    	    	    	    	    	    
[2026-02-02 12:19:30.551]  12:38:37	7.28	 048	 491	36.6	 23 	 -3 	100%	 4.0	    	    	    	    	    	    	    	    	    	    
[2026-02-02 12:19:36.489]  12:38:42	7.28	 048	 492	36.6	 23 	 -3 	100%	 4.0	    	    	    	    	    	    	    	    	    	    
[2026-02-02 12:19:42.465]  12:38:48	7.28	 048	 492	36.6	 23 	 -3 	100%	 4.0	    	    	    	    	    	    	    	    	    	    
[2026-02-02 12:19:48.441]  12:38:54	7.28	 048	 490	36.6	 23 	 -3 	100%	 4.0	    	    	    	    	    	    	    	    	    	    
[2026-02-02 12:19:54.428]  12:39:00	7.28	 048	 489	36.6	 23 	 -3 	100%	 4.0	    	    	    	    	    	    	    	    	    	    
[2026-02-02 12:20:00.394]  12:39:06	7.28	 048	 488	36.6	 23 	 -3 	100%	 4.0	    	    	    	    	    	    	    	    	    	    
[2026-02-02 12:20:06.370]  12:39:12	7.28	 048	 488	36.6	 23 	 -3 	100%	 4.0	    	    	    	    	    	    	    	    	    	    
[2026-02-02 12:20:12.358]  12:39:18	7.28	 048	 487	36.6	 23 	 -3 	100%	 4.0	    	    	    	    	    	    	    	    	    	    
[2026-02-02 12:20:18.362]  12:39:24	7.28	 048	 487	36.6	 23 	 -3 	100%	 4.0	    	    	    	    	    	    	    	    	    	    
[2026-02-02 12:20:24.300]  12:39:30	7.29	 048	 487	36.6	 24 	 -2 	100%	 4.0	    	    	    	    	    	    	    	    	    	    
[2026-02-02 12:20:30.276]  12:39:36	7.28	 048	 487	36.6	 23 	 -3 	100%	 4.0	    	    	    	    	    	    	    	    	    	    
[2026-02-02 12:20:36.252]  12:39:42	7.28	 048	 487	36.6	 23 	 -3 	100%	 4.0	    	    	    	    	    	    	    	    	    	    
[2026-02-02 12:20:42.221]          	    	ARTERIAL 	 	  	    	    	    	    	    	    	    	  	    VENOUS
[2026-02-02 12:20:42.243]   Time   	 pH 	 CO2	  O2	TEMP	HCO3	 BE 	cSO2	 K+ 	 VO2	  Q 	 BSA	 pH 	 CO2	  O2	TEMP	 SO2	 HCT	 HGB
[2026-02-02 12:20:42.271] 
[2026-02-02 12:20:42.273]  12:39:48	7.28	 048	 488	36.6	 23 	 -3 	100%	 4.0	    	    	    	    	    	    	    	    	    	    
[2026-02-02 12:20:48.206]  12:39:54	7.28	 048	 489	36.6	 23 	 -3 	100%	 4.0	    	    	    	    	    	    	    	    	    	    
[2026-02-02 12:20:54.204]  12:40:00	7.28	 048	 490	36.6	 23 	 -3 	100%	 4.0	    	    	    	    	    	    	    	    	    	    
[2026-02-02 12:21:00.158]  12:40:06	7.28	 048	 490	36.6	 23 	 -3 	100%	 4.0	    	    	    	    	    	    	    	    	    	    
[2026-02-02 12:21:06.133]  12:40:12	7.28	 048	 491	36.6	 23 	 -3 	100%	 4.0	    	    	    	    	    	    	    	    	    	    
[2026-02-02 12:21:12.109]  12:40:18	7.29	 048	 488	36.6	 24 	 -2 	100%	 4.0	    	    	    	    	    	    	    	    	    	    
[2026-02-02 12:21:18.084]  12:40:24	7.29	 048	 488	36.6	 24 	 -2 	100%	 4.0	    	    	    	    	    	    	    	    	    	    
[2026-02-02 12:21:24.064]  12:40:30	7.29	 048	 490	36.6	 24 	 -2 	100%	 4.0	    	    	    	    	    	    	    	    	    	    
[2026-02-02 12:21:30.038]  12:40:36	7.29	 048	 490	36.6	 24 	 -2 	100%	 4.0	    	    	    	    	    	    	    	    	    	    
[2026-02-02 12:21:36.027]  12:40:42	7.28	 048	 490	36.6	 23 	 -3 	100%	 4.0	    	    	    	    	    	    	    	    	    	    
[2026-02-02 12:21:41.992]  12:40:48	7.28	 048	 489	36.6	 23 	 -3 	100%	 4.0	    	    	    	    	    	    	    	    	    	    
[2026-02-02 12:21:47.969]  12:40:54	7.28	 048	 488	36.6	 23 	 -3 	100%	 4.0	    	    	    	    	    	    	    	    	    	    
[2026-02-02 12:21:53.955]  12:41:00	7.28	 049	 489	36.6	 23 	 -3 	100%	 4.1	    	    	    	    	    	    	    	    	    	    
[2026-02-02 12:21:59.921]  12:41:06	7.28	 049	 490	36.6	 23 	 -3 	100%	 4.1	    	    	    	    	    	    	    	    	    	    
[2026-02-02 12:22:05.898]  12:41:12	7.28	 049	 491	36.6	 23 	 -3 	100%	 4.1	    	    	    	    	    	    	    	    	    	    
[2026-02-02 12:22:11.875]  12:41:18	7.28	 049	 491	36.6	 23 	 -3 	100%	 4.1	    	    	    	    	    	    	    	    	    	    
[2026-02-02 12:22:17.850]  12:41:24	7.28	 049	 490	36.6	 23 	 -3 	100%	 4.1	    	    	    	    	    	    	    	    	    	    
[2026-02-02 12:22:23.830]  12:41:30	7.28	 049	 489	36.6	 23 	 -3 	100%	 4.1	    	    	    	    	    	    	    	    	    	    
[2026-02-02 12:22:29.803]  12:41:36	7.28	 049	 490	36.6	 23 	 -3 	100%	 4.1	    	    	    	    	    	    	    	    	    	    
[2026-02-02 12:22:35.781]  12:41:42	7.28	 049	 489	36.6	 23 	 -3 	100%	 4.0	    	    	    	    	    	    	    	    	    	    
[2026-02-02 12:22:41.755]  12:41:48	7.28	 049	 489	36.6	 23 	 -3 	100%	 4.0	    	    	    	    	    	    	    	    	    	    
[2026-02-02 12:22:47.733]  12:41:54	7.28	 049	 488	36.6	 23 	 -3 	100%	 4.0	    	    	    	    	    	    	    	    	    	    
[2026-02-02 12:22:53.719]  12:42:00	7.28	 049	 487	36.6	 23 	 -3 	100%	 4.1	    	    	    	    	    	    	    	    	    	    
[2026-02-02 12:22:59.684]  12:42:06	7.28	 049	 487	36.6	 23 	 -3 	100%	 4.1	    	    	    	    	    	    	    	    	    	    
[2026-02-02 12:23:05.661]  12:42:12	7.28	 049	 487	36.5	 23 	 -3 	100%	 4.1	    	    	    	    	    	    	    	    	    	    
[2026-02-02 12:23:11.638]  12:42:18	7.28	 049	 487	36.5	 23 	 -3 	100%	 4.1	    	    	    	    	    	    	    	    	    	    
[2026-02-02 12:23:17.615]  12:42:24	7.28	 049	 487	36.5	 23 	 -3 	100%	 4.1	    	    	    	    	    	    	    	    	    	    
[2026-02-02 12:23:23.594]  12:42:30	7.28	 049	 486	36.5	 23 	 -3 	100%	 4.1	    	    	    	    	    	    	    	    	    	    
[2026-02-02 12:23:29.567]  12:42:36	7.28	 049	 486	36.5	 23 	 -3 	100%	 4.1	    	    	    	    	    	    	    	    	    	    
[2026-02-02 12:23:35.543]  12:42:42	7.28	 049	 486	36.5	 23 	 -3 	100%	 4.1	    	    	    	    	    	    	    	    	    	    
[2026-02-02 12:23:41.519]  12:42:48	7.28	 049	 486	36.5	 23 	 -3 	100%	 4.1	    	    	    	    	    	    	    	    	    	    
[2026-02-02 12:23:47.496]  12:42:53	7.28	 049	 486	36.5	 23 	 -3 	100%	 4.1	    	    	    	    	    	    	    	    	    	    
[2026-02-02 12:23:53.483]  12:42:59	7.28	 049	 486	36.5	 23 	 -3 	100%	 4.1	    	    	    	    	    	    	    	    	    	    
[2026-02-02 12:23:59.487]  12:43:05	7.28	 049	 485	36.5	 23 	 -3 	100%	 4.1	    	    	    	    	    	    	    	    	    	    
[2026-02-02 12:24:05.425]  12:43:11	7.28	 049	 485	36.5	 23 	 -3 	100%	 4.1	    	    	    	    	    	    	    	    	    	    
[2026-02-02 12:24:11.403]  12:43:17	7.28	 049	 484	36.5	 23 	 -3 	100%	 4.1	    	    	    	    	    	    	    	    	    	    
[2026-02-02 12:24:17.378]  12:43:23	7.28	 049	 484	36.5	 23 	 -3 	100%	 4.1	    	    	    	    	    	    	    	    	    	    
[2026-02-02 12:24:23.356]  12:43:29	7.28	 049	 485	36.5	 23 	 -3 	100%	 4.1	    	    	    	    	    	    	    	    	    	    
[2026-02-02 12:24:29.330]  12:43:35	7.28	 049	 485	36.5	 23 	 -3 	100%	 4.1	    	    	    	    	    	    	    	    	    	    
[2026-02-02 12:24:35.306]  12:43:41	7.28	 049	 483	36.5	 23 	 -3 	100%	 4.1	    	    	    	    	    	    	    	    	    	    
[2026-02-02 12:24:41.282]  12:43:47	7.28	 049	 483	36.5	 23 	 -3 	100%	 4.1	    	    	    	    	    	    	    	    	    	    
[2026-02-02 12:24:47.259]  12:43:53	7.28	 049	 483	36.5	 23 	 -3 	100%	 4.1	    	    	    	    	    	    	    	    	    	    
[2026-02-02 12:24:53.247]  12:43:59	7.28	 049	 484	36.5	 23 	 -3 	100%	 4.1	    	    	    	    	    	    	    	    	    	    
[2026-02-02 12:24:59.212]  12:44:05	7.28	 049	 485	36.5	 23 	 -3 	100%	 4.1	    	    	    	    	    	    	    	    	    	    
[2026-02-02 12:25:05.201]  12:44:11	7.28	 049	 485	36.5	 23 	 -3 	100%	 4.1	    	    	    	    	    	    	    	    	    	    
[2026-02-02 12:25:11.165]  12:44:17	7.28	 049	 485	36.5	 23 	 -3 	100%	 4.1	    	    	    	    	    	    	    	    	    	    
[2026-02-02 12:25:17.141]  12:44:23	7.28	 049	 485	36.5	 23 	 -3 	100%	 4.1	    	    	    	    	    	    	    	    	    	    
[2026-02-02 12:25:23.120]  12:44:29	7.28	 049	 485	36.5	 23 	 -3 	100%	 4.1	    	    	    	    	    	    	    	    	    	    
[2026-02-02 12:25:29.096]  12:44:35	7.28	 049	 484	36.5	 23 	 -3 	100%	 4.1	    	    	    	    	    	    	    	    	    	    
[2026-02-02 12:25:35.070]  12:44:41	7.28	 049	 484	36.5	 23 	 -3 	100%	 4.1	    	    	    	    	    	    	    	    	    	    
[2026-02-02 12:25:41.038]          	    	ARTERIAL 	 	  	    	    	    	    	    	    	    	  	    VENOUS
[2026-02-02 12:25:41.063]   Time   	 pH 	 CO2	  O2	TEMP	HCO3	 BE 	cSO2	 K+ 	 VO2	  Q 	 BSA	 pH 	 CO2	  O2	TEMP	 SO2	 HCT	 HGB
[2026-02-02 12:25:41.090] 
[2026-02-02 12:25:41.090]  12:44:47	7.28	 049	 483	36.5	 23 	 -3 	100%	 4.1	    	    	    	    	    	    	    	    	    	    
[2026-02-02 12:25:47.026]  12:44:53	7.28	 049	 482	36.4	 23 	 -3 	100%	 4.1	    	    	    	    	    	    	    	    	    	    
[2026-02-02 12:25:53.011]  12:44:59	7.28	 049	 482	36.4	 23 	 -3 	100%	 4.1	    	    	    	    	    	    	    	    	    	    
[2026-02-02 12:25:58.976]  12:45:05	7.28	 049	 482	36.4	 23 	 -3 	100%	 4.1	    	    	    	    	    	    	    	    	    	    
[2026-02-02 12:26:04.951]  12:45:11	7.28	 049	 481	36.4	 23 	 -3 	100%	 4.1	    	    	    	    	    	    	    	    	    	    
[2026-02-02 12:26:10.928]  12:45:17	7.28	 049	 481	36.4	 23 	 -3 	100%	 4.1	    	    	    	    	    	    	    	    	    	    
[2026-02-02 12:26:16.905]  12:45:23	7.28	 049	 483	36.4	 23 	 -3 	100%	 4.1	    	    	    	    	    	    	    	    	    	    
[2026-02-02 12:26:22.885]  12:45:29	7.28	 049	 484	36.4	 23 	 -3 	100%	 4.1	    	    	    	    	    	    	    	    	    	    
[2026-02-02 12:26:28.857]  12:45:35	7.28	 049	 483	36.4	 23 	 -3 	100%	 4.1	    	    	    	    	    	    	    	    	    	    
[2026-02-02 12:26:34.836]  12:45:41	7.28	 049	 481	36.4	 23 	 -3 	100%	 4.1	    	    	    	    	    	    	    	    	    	    
[2026-02-02 12:26:40.811]  12:45:47	7.27	 050	 482	36.4	 23 	 -3 	100%	 4.1	    	    	    	    	    	    	    	    	    	    
[2026-02-02 12:26:46.787]  12:45:53	7.27	 050	 481	36.4	 23 	 -3 	100%	 4.1	    	    	    	    	    	    	    	    	    	    
[2026-02-02 12:26:52.774]  12:45:59	7.27	 050	 473	36.4	 23 	 -3 	100%	 4.1	    	    	    	    	    	    	    	    	    	    
[2026-02-02 12:26:58.751]  12:46:05	7.27	 050	 459	36.4	 23 	 -3 	100%	 4.1	    	    	    	    	    	    	    	    	    	    
[2026-02-02 12:27:04.716]  12:46:11	7.27	 050	 441	36.4	 23 	 -3 	100%	 4.1	    	    	    	    	    	    	    	    	    	    
[2026-02-02 12:27:10.693]  12:46:17	7.27	 050	 422	36.4	 23 	 -3 	100%	 4.1	    	    	    	    	    	    	    	    	    	    
[2026-02-02 12:27:16.668]  12:46:23	7.27	 050	 403	36.4	 23 	 -3 	100%	 4.2	    	    	    	    	    	    	    	    	    	    
[2026-02-02 12:27:22.648]  12:46:29	7.27	 050	 385	36.4	 23 	 -3 	100%	 4.2	    	    	    	    	    	    	    	    	    	    
[2026-02-02 12:27:28.629]  12:46:35	7.27	 050	 371	36.4	 23 	 -3 	100%	 4.2	    	    	    	    	    	    	    	    	    	    
[2026-02-02 12:27:34.597]  12:46:41	7.27	 050	 361	36.4	 23 	 -3 	100%	 4.2	    	    	    	    	    	    	    	    	    	    
[2026-02-02 12:27:40.607]  12:46:47	7.27	 049	 353	36.4	 23 	 -3 	100%	 4.2	    	    	    	    	    	    	    	    	    	    
[2026-02-02 12:27:46.549]  12:46:53	7.27	 049	 347	36.4	 23 	 -3 	100%	 4.2	    	    	    	    	    	    	    	    	    	    
[2026-02-02 12:27:52.537]  12:46:59	7.27	 049	 341	36.4	 23 	 -3 	100%	 4.2	    	    	    	    	    	    	    	    	    	    
[2026-02-02 12:27:58.504]  12:47:05	7.27	 049	 335	36.4	 23 	 -3 	100%	 4.2	    	    	    	    	    	    	    	    	    	    
[2026-02-02 12:28:04.479]  12:47:11	7.28	 049	 327	36.4	 23 	 -3 	100%	 4.2	    	    	    	    	    	    	    	    	    	    
[2026-02-02 12:28:10.456]  12:47:17	7.28	 049	 319	36.4	 23 	 -3 	100%	 4.2	    	    	    	    	    	    	    	    	    	    
[2026-02-02 12:28:16.432]  12:47:23	7.28	 048	 310	36.4	 23 	 -3 	100%	 4.2	    	    	    	    	    	    	    	    	    	    
[2026-02-02 12:28:22.411]  12:47:28	7.28	 048	 300	36.4	 23 	 -3 	100%	 4.2	    	    	    	    	    	    	    	    	    	    
[2026-02-02 12:28:28.386]  12:47:34	7.28	 048	 289	36.4	 23 	 -3 	100%	 4.2	    	    	    	    	    	    	    	    	    	    
[2026-02-02 12:28:34.361]  12:47:40	7.28	 048	 279	36.4	 23 	 -3 	100%	 4.2	    	    	    	    	    	    	    	    	    	    
[2026-02-02 12:28:40.337]  12:47:46	7.28	 048	 267	36.4	 23 	 -3 	100%	 4.2	    	    	    	    	    	    	    	    	    	    
[2026-02-02 12:28:46.313]  12:47:52	7.28	 048	 257	36.4	 23 	 -3 	100%	 4.2	    	    	    	    	    	    	    	    	    	    
[2026-02-02 12:28:52.301]  12:47:58	7.28	 048	 247	36.4	 23 	 -3 	100%	 4.2	    	    	    	    	    	    	    	    	    	    
[2026-02-02 12:28:58.305]  12:48:04	7.28	 048	 237	36.4	 23 	 -3 	100%	 4.2	    	    	    	    	    	    	    	    	    	    
[2026-02-02 12:29:04.243]  12:48:10	7.28	 048	 228	36.4	 23 	 -3 	100%	 4.2	    	    	    	    	    	    	    	    	    	    
[2026-02-02 12:29:10.213]  12:48:16	7.28	 048	 220	36.4	 23 	 -3 	 99%	 4.2	    	    	    	    	    	    	    	    	    	    
[2026-02-02 12:29:16.190]  12:48:22	7.28	 048	 212	36.4	 23 	 -3 	 99%	 4.2	    	    	    	    	    	    	    	    	    	    
[2026-02-02 12:29:22.169]  12:48:28	7.28	 048	 205	36.4	 23 	 -3 	 99%	 4.2	    	    	    	    	    	    	    	    	    	    
[2026-02-02 12:29:28.143]  12:48:34	7.28	 048	 199	36.4	 23 	 -3 	 99%	 4.2	    	    	    	    	    	    	    	    	    	    
[2026-02-02 12:29:34.130]  12:48:41	7.28	 048	 193	36.4	 23 	 -3 	 99%	 4.2	    	    	    	    	    	    	    	    	    	    
[2026-02-02 12:29:40.096]  12:48:47	7.28	 048	 188	36.4	 23 	 -3 	 99%	 4.2	    	    	    	    	    	    	    	    	    	    
[2026-02-02 12:29:46.120]  12:48:53	7.28	 048	 185	36.4	 23 	 -3 	 99%	 4.3	    	    	    	    	    	    	    	    	    	    
[2026-02-02 12:29:52.059]  12:48:58	7.28	 048	 183	36.4	 23 	 -3 	 99%	 4.3	    	    	    	    	    	    	    	    	    	    
[2026-02-02 12:29:58.025]  12:49:04	7.28	 048	 181	36.4	 23 	 -3 	 99%	 4.3	    	    	    	    	    	    	    	    	    	    
[2026-02-02 12:30:04.001]  12:49:10	7.28	 048	 181	36.4	 23 	 -3 	 99%	 4.3	    	    	    	    	    	    	    	    	    	    
[2026-02-02 12:30:09.977]  12:49:16	7.28	 048	 184	36.4	 23 	 -3 	 99%	 4.3	    	    	    	    	    	    	    	    	    	    
[2026-02-02 12:30:15.953]  12:49:22	7.27	 049	 193	36.4	 23 	 -3 	 99%	 4.3	    	    	    	    	    	    	    	    	    	    
[2026-02-02 12:30:21.934]  12:49:28	7.27	 049	 213	36.5	 23 	 -3 	 99%	 4.3	    	    	    	    	    	    	    	    	    	    
[2026-02-02 12:30:27.912]  12:49:34	7.27	 049	 240	36.5	 23 	 -3 	100%	 4.3	    	    	    	    	    	    	    	    	    	    
[2026-02-02 12:30:33.927]  12:49:40	7.27	 050	 268	36.5	 23 	 -3 	100%	 4.3	    	    	    	    	    	    	    	    	    	    
[2026-02-02 12:30:39.859]          	    	ARTERIAL 	 	  	    	    	    	    	    	    	    	  	    VENOUS
[2026-02-02 12:30:39.881]   Time   	 pH 	 CO2	  O2	TEMP	HCO3	 BE 	cSO2	 K+ 	 VO2	  Q 	 BSA	 pH 	 CO2	  O2	TEMP	 SO2	 HCT	 HGB
[2026-02-02 12:30:39.909] 
[2026-02-02 12:30:39.909]  12:49:46	7.27	 050	 293	36.5	 23 	 -3 	100%	 4.3	    	    	    	    	    	    	    	    	    	    
[2026-02-02 12:30:45.841]  12:49:52	7.27	 050	 313	36.5	 23 	 -3 	100%	 4.3	    	    	    	    	    	    	    	    	    	    
[2026-02-02 12:30:51.828]  12:49:58	7.26	 051	 329	36.4	 23 	 -3 	100%	 4.3	    	    	    	    	    	    	    	    	    	    
[2026-02-02 12:30:57.805]  12:50:04	7.26	 051	 341	36.4	 23 	 -3 	100%	 4.3	    	    	    	    	    	    	    	    	    	    
[2026-02-02 12:31:03.770]  12:50:10	7.26	 051	 349	36.4	 23 	 -3 	100%	 4.3	    	    	    	    	    	    	    	    	    	    
[2026-02-02 12:31:09.746]  12:50:16	7.26	 051	 355	36.4	 23 	 -3 	100%	 4.3	    	    	    	    	    	    	    	    	    	    
[2026-02-02 12:31:15.723]  12:50:22	7.26	 051	 359	36.4	 23 	 -3 	100%	 4.3	    	    	    	    	    	    	    	    	    	    
[2026-02-02 12:31:21.703]  12:50:28	7.26	 051	 362	36.4	 23 	 -3 	100%	 4.3	    	    	    	    	    	    	    	    	    	    
[2026-02-02 12:31:27.676]  12:50:34	7.26	 051	 364	36.4	 23 	 -3 	100%	 4.3	    	    	    	    	    	    	    	    	    	    
[2026-02-02 12:31:33.655]  12:50:40	7.26	 051	 365	36.4	 23 	 -3 	100%	 4.3	    	    	    	    	    	    	    	    	    	    
[2026-02-02 12:31:39.629]  12:50:46	7.26	 051	 365	36.4	 23 	 -3 	100%	 4.3	    	    	    	    	    	    	    	    	    	    
[2026-02-02 12:31:45.606]  12:50:52	7.26	 051	 365	36.4	 23 	 -3 	100%	 4.3	    	    	    	    	    	    	    	    	    	    
[2026-02-02 12:31:51.592]  12:50:58	7.26	 051	 365	36.4	 23 	 -3 	100%	 4.3	    	    	    	    	    	    	    	    	    	    
[2026-02-02 12:31:57.558]  12:51:04	7.26	 051	 364	36.4	 23 	 -3 	100%	 4.3	    	    	    	    	    	    	    	    	    	    
[2026-02-02 12:32:03.534]  12:51:10	7.27	 050	 365	36.4	 23 	 -3 	100%	 4.3	    	    	    	    	    	    	    	    	    	    
[2026-02-02 12:32:09.511]  12:51:16	7.27	 049	 368	36.4	 23 	 -3 	100%	 4.3	    	    	    	    	    	    	    	    	    	    
[2026-02-02 12:32:15.486]  12:51:22	7.28	 048	 372	36.4	 23 	 -3 	100%	 4.3	    	    	    	    	    	    	    	    	    	    
[2026-02-02 12:32:21.478]  12:51:28	7.29	 048	 376	36.4	 23 	 -3 	100%	 4.3	    	    	    	    	    	    	    	    	    	    
[2026-02-02 12:32:27.438]  12:51:34	7.30	 047	 380	36.3	 23 	 -3 	100%	 4.3	    	    	    	    	    	    	    	    	    	    
[2026-02-02 12:32:33.415]  12:51:40	7.30	 046	 384	36.3	 23 	 -3 	100%	 4.3	    	    	    	    	    	    	    	    	    	    
[2026-02-02 12:32:39.391]  12:51:46	7.30	 046	 388	36.3	 23 	 -3 	100%	 4.3	    	    	    	    	    	    	    	    	    	    
[2026-02-02 12:32:45.367]  12:51:52	7.31	 045	 393	36.3	 23 	 -3 	100%	 4.3	    	    	    	    	    	    	    	    	    	    
[2026-02-02 12:32:51.366]  12:51:58	7.31	 045	 397	36.3	 23 	 -3 	100%	 4.3	    	    	    	    	    	    	    	    	    	    
[2026-02-02 12:32:57.320]  12:52:04	7.31	 045	 401	36.3	 23 	 -3 	100%	 4.3	    	    	    	    	    	    	    	    	    	    
[2026-02-02 12:33:03.296]  12:52:10	7.32	 044	 404	36.3	 23 	 -3 	100%	 4.3	    	    	    	    	    	    	    	    	    	    
[2026-02-02 12:33:09.272]  12:52:16	7.32	 044	 409	36.3	 23 	 -3 	100%	 4.3	    	    	    	    	    	    	    	    	    	    
[2026-02-02 12:33:15.249]  12:52:22	7.32	 044	 413	36.3	 23 	 -2 	100%	 4.3	    	    	    	    	    	    	    	    	    	    
[2026-02-02 12:33:21.227]  12:52:28	7.32	 044	 417	36.3	 23 	 -2 	100%	 4.3	    	    	    	    	    	    	    	    	    	    
[2026-02-02 12:33:27.241]  12:52:34	7.32	 044	 420	36.3	 23 	 -2 	100%	 4.3	    	    	    	    	    	    	    	    	    	    
[2026-02-02 12:33:33.177]  12:52:40	7.32	 044	 422	36.3	 23 	 -2 	100%	 4.3	    	    	    	    	    	    	    	    	    	    
[2026-02-02 12:33:39.155]  12:52:46	7.32	 044	 424	36.3	 23 	 -2 	100%	 4.3	    	    	    	    	    	    	    	    	    	    
[2026-02-02 12:33:45.131]  12:52:52	7.32	 044	 426	36.3	 23 	 -2 	100%	 4.3	    	    	    	    	    	    	    	    	    	    
[2026-02-02 12:33:51.119]  12:52:58	7.32	 044	 428	36.3	 23 	 -2 	100%	 4.3	    	    	    	    	    	    	    	    	    	    
[2026-02-02 12:33:57.084]  12:53:04	7.32	 044	 429	36.3	 23 	 -2 	100%	 4.3	    	    	    	    	    	    	    	    	    	    
[2026-02-02 12:34:03.060]  12:53:09	7.32	 044	 430	36.3	 23 	 -2 	100%	 4.3	    	    	    	    	    	    	    	    	    	    
[2026-02-02 12:34:09.037]  12:53:15	7.32	 044	 430	36.3	 23 	 -2 	100%	 4.3	    	    	    	    	    	    	    	    	    	    
[2026-02-02 12:34:15.014]  12:53:21	7.32	 044	 431	36.3	 23 	 -2 	100%	 4.3	    	    	    	    	    	    	    	    	    	    
[2026-02-02 12:34:20.992]  12:53:27	7.32	 044	 432	36.3	 23 	 -2 	100%	 4.3	    	    	    	    	    	    	    	    	    	    
[2026-02-02 12:34:26.965]  12:53:33	7.32	 044	 434	36.3	 23 	 -2 	100%	 4.3	    	    	    	    	    	    	    	    	    	    
[2026-02-02 12:34:32.941]  12:53:39	7.32	 044	 435	36.3	 23 	 -2 	100%	 4.3	    	    	    	    	    	    	    	    	    	    
[2026-02-02 12:34:38.920]  12:53:45	7.32	 044	 435	36.3	 23 	 -2 	100%	 4.3	    	    	    	    	    	    	    	    	    	    
[2026-02-02 12:34:44.894]  12:53:51	7.32	 044	 435	36.3	 23 	 -2 	100%	 4.3	    	    	    	    	    	    	    	    	    	    
[2026-02-02 12:34:50.882]  12:53:57	7.32	 044	 436	36.3	 23 	 -2 	100%	 4.3	    	    	    	    	    	    	    	    	    	    
[2026-02-02 12:34:56.847]  12:54:03	7.33	 044	 437	36.4	 23 	 -2 	100%	 4.3	    	    	    	    	    	    	    	    	    	    
[2026-02-02 12:35:02.824]  12:54:09	7.33	 044	 437	36.4	 23 	 -2 	100%	 4.3	    	    	    	    	    	    	    	    	    	    
[2026-02-02 12:35:08.802]  12:54:15	7.33	 044	 436	36.4	 23 	 -2 	100%	 4.3	    	    	    	    	    	    	    	    	    	    
[2026-02-02 12:35:14.780]  12:54:21	7.33	 044	 436	36.4	 23 	 -2 	100%	 4.3	    	    	    	    	    	    	    	    	    	    
[2026-02-02 12:35:20.768]  12:54:27	7.33	 043	 437	36.3	 23 	 -2 	100%	 4.3	    	    	    	    	    	    	    	    	    	    
[2026-02-02 12:35:26.729]  12:54:33	7.33	 043	 437	36.4	 23 	 -2 	100%	 4.3	    	    	    	    	    	    	    	    	    	    
[2026-02-02 12:35:32.744]  12:54:39	7.33	 044	 439	36.4	 23 	 -2 	100%	 4.3	    	    	    	    	    	    	    	    	    	    
[2026-02-02 12:35:38.675]          	    	ARTERIAL 	 	  	    	    	    	    	    	    	    	  	    VENOUS
[2026-02-02 12:35:38.698]   Time   	 pH 	 CO2	  O2	TEMP	HCO3	 BE 	cSO2	 K+ 	 VO2	  Q 	 BSA	 pH 	 CO2	  O2	TEMP	 SO2	 HCT	 HGB
[2026-02-02 12:35:38.728] 
[2026-02-02 12:35:38.728]  12:54:45	7.32	 044	 440	36.4	 23 	 -2 	100%	 4.3	    	    	    	    	    	    	    	    	    	    
[2026-02-02 12:35:44.658]  12:54:51	7.32	 044	 440	36.4	 23 	 -2 	100%	 4.3	    	    	    	    	    	    	    	    	    	    
[2026-02-02 12:35:50.646]  12:54:57	7.32	 045	 440	36.4	 23 	 -2 	100%	 4.3	    	    	    	    	    	    	    	    	    	    
[2026-02-02 12:35:56.612]  12:55:03	7.32	 045	 439	36.4	 23 	 -2 	100%	 4.3	    	    	    	    	    	    	    	    	    	    
[2026-02-02 12:36:02.587]  12:55:09	7.31	 045	 438	36.4	 23 	 -2 	100%	 4.3	    	    	    	    	    	    	    	    	    	    
[2026-02-02 12:36:08.564]  12:55:15	7.31	 046	 437	36.4	 23 	 -2 	100%	 4.3	    	    	    	    	    	    	    	    	    	    
[2026-02-02 12:36:14.540]  12:55:21	7.31	 046	 435	36.4	 23 	 -2 	100%	 4.3	    	    	    	    	    	    	    	    	    	    
[2026-02-02 12:36:20.520]  12:55:27	7.31	 046	 433	36.4	 23 	 -2 	100%	 4.3	    	    	    	    	    	    	    	    	    	    
[2026-02-02 12:36:26.492]  12:55:33	7.31	 046	 431	36.4	 23 	 -2 	100%	 4.3	    	    	    	    	    	    	    	    	    	    
[2026-02-02 12:36:32.469]  12:55:39	7.31	 046	 429	36.4	 23 	 -2 	100%	 4.3	    	    	    	    	    	    	    	    	    	    
[2026-02-02 12:36:38.446]  12:55:45	7.31	 046	 427	36.4	 23 	 -2 	100%	 4.3	    	    	    	    	    	    	    	    	    	    
[2026-02-02 12:36:44.422]  12:55:51	7.31	 046	 426	36.4	 23 	 -2 	100%	 4.3	    	    	    	    	    	    	    	    	    	    
[2026-02-02 12:36:50.408]  12:55:57	7.31	 046	 424	36.4	 23 	 -2 	100%	 4.3	    	    	    	    	    	    	    	    	    	    
[2026-02-02 12:36:56.374]  12:56:03	7.31	 046	 424	36.4	 23 	 -2 	100%	 4.3	    	    	    	    	    	    	    	    	    	    
[2026-02-02 12:37:02.351]  12:56:09	7.31	 046	 423	36.4	 23 	 -2 	100%	 4.3	    	    	    	    	    	    	    	    	    	    
[2026-02-02 12:37:08.327]  12:56:15	7.31	 046	 423	36.4	 23 	 -2 	100%	 4.3	    	    	    	    	    	    	    	    	    	    
[2026-02-02 12:37:14.303]  12:56:21	7.31	 046	 422	36.4	 23 	 -2 	100%	 4.3	    	    	    	    	    	    	    	    	    	    
[2026-02-02 12:37:20.284]  12:56:27	7.31	 046	 421	36.4	 23 	 -2 	100%	 4.3	    	    	    	    	    	    	    	    	    	    
[2026-02-02 12:37:26.258]  12:56:33	7.31	 046	 420	36.4	 23 	 -2 	100%	 4.3	    	    	    	    	    	    	    	    	    	    
[2026-02-02 12:37:32.233]  12:56:39	7.31	 046	 420	36.4	 23 	 -2 	100%	 4.3	    	    	    	    	    	    	    	    	    	    
[2026-02-02 12:37:38.208]  12:56:45	7.31	 046	 420	36.4	 23 	 -2 	100%	 4.3	    	    	    	    	    	    	    	    	    	    
[2026-02-02 12:37:44.185]  12:56:51	7.31	 046	 420	36.4	 23 	 -2 	100%	 4.3	    	    	    	    	    	    	    	    	    	    
[2026-02-02 12:37:50.172]  12:56:57	7.31	 046	 420	36.4	 23 	 -2 	100%	 4.3	    	    	    	    	    	    	    	    	    	    
[2026-02-02 12:37:56.138]  12:57:03	7.31	 046	 419	36.4	 23 	 -2 	100%	 4.3	    	    	    	    	    	    	    	    	    	    
[2026-02-02 12:38:02.114]  12:57:09	7.31	 046	 419	36.4	 23 	 -2 	100%	 4.3	    	    	    	    	    	    	    	    	    	    
[2026-02-02 12:38:08.091]  12:57:15	7.31	 046	 419	36.4	 23 	 -2 	100%	 4.3	    	    	    	    	    	    	    	    	    	    
[2026-02-02 12:38:14.067]  12:57:21	7.31	 046	 418	36.4	 23 	 -2 	100%	 4.4	    	    	    	    	    	    	    	    	    	    
[2026-02-02 12:38:20.047]  12:57:27	7.31	 046	 418	36.4	 23 	 -2 	100%	 4.4	    	    	    	    	    	    	    	    	    	    
[2026-02-02 12:38:26.020]  12:57:33	7.31	 046	 417	36.4	 23 	 -2 	100%	 4.4	    	    	    	    	    	    	    	    	    	    
[2026-02-02 12:38:32.000]  12:57:39	7.31	 046	 417	36.4	 23 	 -2 	100%	 4.3	    	    	    	    	    	    	    	    	    	    
[2026-02-02 12:38:37.974]  12:57:45	7.31	 046	 417	36.4	 23 	 -2 	100%	 4.3	    	    	    	    	    	    	    	    	    	    
[2026-02-02 12:38:43.948]  12:57:51	7.31	 046	 416	36.4	 23 	 -2 	100%	 4.3	    	    	    	    	    	    	    	    	    	    
[2026-02-02 12:38:49.936]  12:57:56	7.31	 046	 415	36.4	 23 	 -2 	100%	 4.3	    	    	    	    	    	    	    	    	    	    
[2026-02-02 12:38:55.904]  12:58:02	7.31	 046	 415	36.4	 23 	 -2 	100%	 4.4	    	    	    	    	    	    	    	    	    	    
[2026-02-02 12:39:01.880]  12:58:08	7.31	 046	 415	36.4	 23 	 -2 	100%	 4.4	    	    	    	    	    	    	    	    	    	    
[2026-02-02 12:39:07.856]  12:58:14	7.31	 046	 415	36.4	 23 	 -2 	100%	 4.3	    	    	    	    	    	    	    	    	    	    
[2026-02-02 12:39:13.000] S12:58:14	7.31	 046	 415	36.4	 23 	 -2 	100%	 4.3	    	    	    	    	    	    	    	    	    	    
[2026-02-02 12:39:13.830]  12:58:20	7.31	 046	 414	36.4	 23 	 -2 	100%	 4.3	    	    	    	    	    	    	    	    	    	    
[2026-02-02 12:39:19.810]  12:58:26	7.31	 046	 415	36.4	 23 	 -2 	100%	 4.4	    	    	    	    	    	    	    	    	    	    
[2026-02-02 12:39:25.784]  12:58:32	7.31	 046	 415	36.4	 23 	 -2 	100%	 4.4	    	    	    	    	    	    	    	    	    	    
[2026-02-02 12:39:31.759]  12:58:38	7.31	 046	 415	36.4	 23 	 -2 	100%	 4.4	    	    	    	    	    	    	    	    	    	    
[2026-02-02 12:39:37.738]  12:58:44	7.31	 046	 415	36.4	 23 	 -2 	100%	 4.4	    	    	    	    	    	    	    	    	    	    
[2026-02-02 12:39:43.712]  12:58:50	7.31	 046	 415	36.4	 23 	 -2 	100%	 4.4	    	    	    	    	    	    	    	    	    	    
[2026-02-02 12:39:49.698]  12:58:56	7.31	 047	 416	36.4	 23 	 -2 	100%	 4.3	    	    	    	    	    	    	    	    	    	    
[2026-02-02 12:39:55.666]  12:59:02	7.31	 047	 416	36.4	 23 	 -2 	100%	 4.3	    	    	    	    	    	    	    	    	    	    
[2026-02-02 12:40:01.641]  12:59:08	7.31	 047	 416	36.4	 23 	 -2 	100%	 4.3	    	    	    	    	    	    	    	    	    	    
[2026-02-02 12:40:07.618]  12:59:14	7.31	 047	 416	36.4	 23 	 -2 	100%	 4.3	    	    	    	    	    	    	    	    	    	    
[2026-02-02 12:40:13.594]  12:59:20	7.30	 047	 417	36.4	 23 	 -2 	100%	 4.3	    	    	    	    	    	    	    	    	    	    
[2026-02-02 12:40:19.574]  12:59:26	7.30	 047	 417	36.4	 23 	 -2 	100%	 4.4	    	    	    	    	    	    	    	    	    	    
[2026-02-02 12:40:25.547]  12:59:32	7.30	 047	 417	36.4	 23 	 -2 	100%	 4.4	    	    	    	    	    	    	    	    	    	    
[2026-02-02 12:40:31.515]          	    	ARTERIAL 	 	  	    	    	    	    	    	    	    	  	    VENOUS
[2026-02-02 12:40:31.540]   Time   	 pH 	 CO2	  O2	TEMP	HCO3	 BE 	cSO2	 K+ 	 VO2	  Q 	 BSA	 pH 	 CO2	  O2	TEMP	 SO2	 HCT	 HGB
[2026-02-02 12:40:31.565] 
[2026-02-02 12:40:31.565]  12:59:38	7.31	 047	 418	36.4	 23 	 -2 	100%	 4.4	    	    	    	    	    	    	    	    	    	    
[2026-02-02 12:40:37.500]  12:59:44	7.30	 047	 418	36.4	 23 	 -2 	100%	 4.4	    	    	    	    	    	    	    	    	    	    
[2026-02-02 12:40:43.477]  12:59:50	7.30	 047	 418	36.4	 23 	 -2 	100%	 4.4	    	    	    	    	    	    	    	    	    	    
[2026-02-02 12:40:49.463]  12:59:56	7.30	 047	 418	36.4	 23 	 -2 	100%	 4.4	    	    	    	    	    	    	    	    	    	    
[2026-02-02 12:40:55.441]  13:00:02	7.30	 047	 418	36.4	 23 	 -2 	100%	 4.4	    	    	    	    	    	    	    	    	    	    
[2026-02-02 12:41:01.406]  13:00:08	7.30	 047	 419	36.4	 23 	 -2 	100%	 4.4	    	    	    	    	    	    	    	    	    	    
[2026-02-02 12:41:07.382]  13:00:14	7.30	 047	 420	36.4	 23 	 -2 	100%	 4.4	    	    	    	    	    	    	    	    	    	    
[2026-02-02 12:41:13.360]  13:00:20	7.30	 047	 420	36.4	 23 	 -2 	100%	 4.4	    	    	    	    	    	    	    	    	    	    
[2026-02-02 12:41:19.337]  13:00:26	7.30	 047	 420	36.4	 23 	 -2 	100%	 4.4	    	    	    	    	    	    	    	    	    	    
[2026-02-02 12:41:25.322]  13:00:32	7.30	 047	 421	36.4	 23 	 -2 	100%	 4.4	    	    	    	    	    	    	    	    	    	    
[2026-02-02 12:41:31.287]  13:00:38	7.30	 047	 421	36.4	 23 	 -2 	100%	 4.4	    	    	    	    	    	    	    	    	    	    
[2026-02-02 12:41:37.263]  13:00:44	7.30	 047	 420	36.4	 23 	 -2 	100%	 4.4	    	    	    	    	    	    	    	    	    	    
[2026-02-02 12:41:43.242]  13:00:50	7.30	 047	 421	36.4	 23 	 -2 	100%	 4.4	    	    	    	    	    	    	    	    	    	    
[2026-02-02 12:41:49.226]  13:00:56	7.30	 047	 421	36.4	 23 	 -2 	100%	 4.4	    	    	    	    	    	    	    	    	    	    
[2026-02-02 12:41:55.194]  13:01:02	7.30	 047	 421	36.4	 23 	 -2 	100%	 4.3	    	    	    	    	    	    	    	    	    	    
[2026-02-02 12:42:01.169]  13:01:08	7.30	 047	 421	36.4	 23 	 -2 	100%	 4.4	    	    	    	    	    	    	    	    	    	    
[2026-02-02 12:42:07.185]  13:01:14	7.30	 047	 421	36.4	 23 	 -2 	100%	 4.3	    	    	    	    	    	    	    	    	    	    
[2026-02-02 12:42:13.122]  13:01:20	7.30	 047	 422	36.4	 23 	 -2 	100%	 4.3	    	    	    	    	    	    	    	    	    	    
[2026-02-02 12:42:19.101]  13:01:26	7.30	 047	 422	36.4	 23 	 -2 	100%	 4.3	    	    	    	    	    	    	    	    	    	    
[2026-02-02 12:42:25.075]  13:01:32	7.30	 047	 422	36.4	 23 	 -2 	100%	 4.3	    	    	    	    	    	    	    	    	    	    
[2026-02-02 12:42:31.051]  13:01:38	7.30	 047	 422	36.4	 23 	 -2 	100%	 4.3	    	    	    	    	    	    	    	    	    	    
[2026-02-02 12:42:37.028]  13:01:44	7.30	 047	 423	36.4	 23 	 -2 	100%	 4.3	    	    	    	    	    	    	    	    	    	    
[2026-02-02 12:42:43.004]  13:01:50	7.30	 047	 423	36.4	 23 	 -2 	100%	 4.3	    	    	    	    	    	    	    	    	    	    
[2026-02-02 12:42:48.991]  13:01:56	7.30	 047	 424	36.4	 23 	 -2 	100%	 4.3	    	    	    	    	    	    	    	    	    	    
[2026-02-02 12:42:54.957]  13:02:01	7.30	 047	 425	36.4	 23 	 -2 	100%	 4.3	    	    	    	    	    	    	    	    	    	    
[2026-02-02 12:43:00.944]  13:02:07	7.30	 047	 426	36.4	 23 	 -2 	100%	 4.3	    	    	    	    	    	    	    	    	    	    
[2026-02-02 12:43:06.910]  13:02:13	7.30	 047	 426	36.4	 23 	 -2 	100%	 4.3	    	    	    	    	    	    	    	    	    	    
[2026-02-02 12:43:12.888]  13:02:19	7.30	 047	 426	36.4	 23 	 -2 	100%	 4.3	    	    	    	    	    	    	    	    	    	    
[2026-02-02 12:43:18.865]  13:02:25	7.30	 047	 426	36.4	 23 	 -2 	100%	 4.3	    	    	    	    	    	    	    	    	    	    
[2026-02-02 12:43:24.837]  13:02:31	7.30	 047	 426	36.4	 23 	 -2 	100%	 4.3	    	    	    	    	    	    	    	    	    	    
[2026-02-02 12:43:30.822]  13:02:37	7.30	 047	 426	36.4	 23 	 -2 	100%	 4.4	    	    	    	    	    	    	    	    	    	    
[2026-02-02 12:43:36.791]  13:02:43	7.30	 047	 426	36.4	 23 	 -2 	100%	 4.4	    	    	    	    	    	    	    	    	    	    
[2026-02-02 12:43:42.767]  13:02:49	7.30	 047	 426	36.4	 23 	 -2 	100%	 4.4	    	    	    	    	    	    	    	    	    	    
[2026-02-02 12:43:48.755]  13:02:55	7.30	 047	 426	36.4	 24 	 -2 	100%	 4.4	    	    	    	    	    	    	    	    	    	    
[2026-02-02 12:43:54.720]  13:03:01	7.30	 047	 426	36.4	 23 	 -2 	100%	 4.4	    	    	    	    	    	    	    	    	    	    
[2026-02-02 12:44:00.696]  13:03:07	7.30	 047	 426	36.4	 24 	 -2 	100%	 4.4	    	    	    	    	    	    	    	    	    	    
[2026-02-02 12:44:06.673]  13:03:13	7.30	 047	 426	36.4	 24 	 -2 	100%	 4.4	    	    	    	    	    	    	    	    	    	    
[2026-02-02 12:44:12.690]  13:03:19	7.30	 047	 426	36.4	 24 	 -2 	100%	 4.4	    	    	    	    	    	    	    	    	    	    
[2026-02-02 12:44:18.633]  13:03:25	7.30	 047	 426	36.4	 24 	 -2 	100%	 4.4	    	    	    	    	    	    	    	    	    	    
[2026-02-02 12:44:24.603]  13:03:31	7.30	 047	 426	36.4	 24 	 -2 	100%	 4.4	    	    	    	    	    	    	    	    	    	    
[2026-02-02 12:44:30.578]  13:03:37	7.30	 047	 426	36.4	 24 	 -2 	100%	 4.4	    	    	    	    	    	    	    	    	    	    
[2026-02-02 12:44:36.557]  13:03:43	7.30	 047	 426	36.4	 24 	 -2 	100%	 4.3	    	    	    	    	    	    	    	    	    	    
[2026-02-02 12:44:42.531]  13:03:49	7.30	 047	 426	36.4	 24 	 -2 	100%	 4.3	    	    	    	    	    	    	    	    	    	    
[2026-02-02 12:44:48.518]  13:03:55	7.30	 047	 426	36.4	 24 	 -2 	100%	 4.4	    	    	    	    	    	    	    	    	    	    
[2026-02-02 12:44:54.490]  13:04:01	7.30	 047	 426	36.4	 24 	 -2 	100%	 4.4	    	    	    	    	    	    	    	    	    	    
[2026-02-02 12:45:00.461]  13:04:07	7.30	 047	 427	36.4	 24 	 -2 	100%	 4.4	    	    	    	    	    	    	    	    	    	    
[2026-02-02 12:45:06.448]  13:04:13	7.30	 047	 427	36.4	 24 	 -2 	100%	 4.4	    	    	    	    	    	    	    	    	    	    
[2026-02-02 12:45:12.418]  13:04:19	7.30	 047	 427	36.4	 24 	 -2 	100%	 4.4	    	    	    	    	    	    	    	    	    	    
[2026-02-02 12:45:18.392]  13:04:25	7.30	 047	 426	36.4	 24 	 -2 	100%	 4.4	    	    	    	    	    	    	    	    	    	    
[2026-02-02 12:45:24.366]  13:04:31	7.30	 047	 426	36.4	 24 	 -2 	100%	 4.4	    	    	    	    	    	    	    	    	    	    
[2026-02-02 12:45:30.337]          	    	ARTERIAL 	 	  	    	    	    	    	    	    	    	  	    VENOUS
[2026-02-02 12:45:30.360]   Time   	 pH 	 CO2	  O2	TEMP	HCO3	 BE 	cSO2	 K+ 	 VO2	  Q 	 BSA	 pH 	 CO2	  O2	TEMP	 SO2	 HCT	 HGB
[2026-02-02 12:45:30.388] 
[2026-02-02 12:45:30.388]  13:04:37	7.30	 047	 426	36.4	 24 	 -2 	100%	 4.4	    	    	    	    	    	    	    	    	    	    
[2026-02-02 12:45:36.330]  13:04:43	7.30	 047	 427	36.4	 24 	 -2 	100%	 4.4	    	    	    	    	    	    	    	    	    	    
[2026-02-02 12:45:42.297]  13:04:49	7.30	 047	 427	36.4	 24 	 -2 	100%	 4.4	    	    	    	    	    	    	    	    	    	    
[2026-02-02 12:45:48.321]  13:04:55	7.30	 047	 428	36.4	 24 	 -2 	100%	 4.4	    	    	    	    	    	    	    	    	    	    
[2026-02-02 12:45:54.251]  13:05:01	7.30	 047	 428	36.4	 24 	 -2 	100%	 4.4	    	    	    	    	    	    	    	    	    	    
[2026-02-02 12:46:00.226]  13:05:07	7.30	 047	 429	36.4	 24 	 -2 	100%	 4.4	    	    	    	    	    	    	    	    	    	    
[2026-02-02 12:46:06.201]  13:05:13	7.30	 047	 429	36.4	 24 	 -2 	100%	 4.4	    	    	    	    	    	    	    	    	    	    
[2026-02-02 12:46:12.176]  13:05:19	7.30	 047	 430	36.4	 24 	 -2 	100%	 4.4	    	    	    	    	    	    	    	    	    	    
[2026-02-02 12:46:18.168]  13:05:25	7.30	 047	 430	36.4	 24 	 -2 	100%	 4.4	    	    	    	    	    	    	    	    	    	    
[2026-02-02 12:46:24.134]  13:05:31	7.30	 047	 430	36.4	 24 	 -2 	100%	 4.4	    	    	    	    	    	    	    	    	    	    
[2026-02-02 12:46:30.106]  13:05:37	7.30	 047	 430	36.4	 24 	 -2 	100%	 4.4	    	    	    	    	    	    	    	    	    	    
[2026-02-02 12:46:36.122]  13:05:43	7.30	 047	 430	36.4	 24 	 -2 	100%	 4.4	    	    	    	    	    	    	    	    	    	    
[2026-02-02 12:46:42.062]  13:05:49	7.30	 047	 429	36.4	 24 	 -2 	100%	 4.4	    	    	    	    	    	    	    	    	    	    
[2026-02-02 12:46:47.867]  13:05:55	7.30	 047	 428	36.4	 24 	 -2 	100%	 4.4	    	    	    	    	    	    	    	    	    	    
[2026-02-02 12:46:53.829]  13:06:01	7.30	 047	 428	36.4	 24 	 -2 	100%	 4.4	    	    	    	    	    	    	    	    	    	    
[2026-02-02 12:46:59.812]  13:06:07	7.30	 047	 428	36.4	 24 	 -2 	100%	 4.4	    	    	    	    	    	    	    	    	    	    
[2026-02-02 12:47:05.781]  13:06:13	7.30	 047	 428	36.4	 24 	 -2 	100%	 4.4	    	    	    	    	    	    	    	    	    	    
[2026-02-02 12:47:08.285] Recalibration Adjustment
[2026-02-02 12:47:08.304] o13:06:15	7.31	 048	 355	36.4	 23 	 -2 	100%	 4.7	    	    	    	    	    	    	    	    	    	    
[2026-02-02 12:47:11.940]  13:06:19	7.30	 049	 366	36.4	 24 	 -1 	100%	 4.7	    	    	    	    	    	    	    	    	    	    
[2026-02-02 12:47:17.933]  13:06:25	7.30	 049	 367	36.4	 24 	 -1 	100%	 4.7	    	    	    	    	    	    	    	    	    	    
[2026-02-02 12:47:23.893]  13:06:31	7.30	 049	 367	36.4	 24 	 -1 	100%	 4.7	    	    	    	    	    	    	    	    	    	    
[2026-02-02 12:47:29.870]  13:06:37	7.30	 049	 367	36.4	 24 	 -1 	100%	 4.7	    	    	    	    	    	    	    	    	    	    
[2026-02-02 12:47:35.846]  13:06:43	7.30	 049	 367	36.4	 24 	 -1 	100%	 4.7	    	    	    	    	    	    	    	    	    	    
[2026-02-02 12:47:41.833]  13:06:49	7.30	 049	 367	36.4	 24 	 -1 	100%	 4.7	    	    	    	    	    	    	    	    	    	    
[2026-02-02 12:47:47.811]  13:06:55	7.30	 049	 366	36.4	 24 	 -1 	100%	 4.7	    	    	    	    	    	    	    	    	    	    
[2026-02-02 12:47:53.777]  13:07:01	7.30	 049	 366	36.4	 24 	 -1 	100%	 4.7	    	    	    	    	    	    	    	    	    	    
[2026-02-02 12:47:59.753]  13:07:07	7.30	 049	 367	36.4	 24 	 -1 	100%	 4.7	    	    	    	    	    	    	    	    	    	    
[2026-02-02 12:48:05.730]  13:07:13	7.30	 049	 367	36.4	 24 	 -1 	100%	 4.7	    	    	    	    	    	    	    	    	    	    
[2026-02-02 12:48:11.704]  13:07:19	7.30	 049	 367	36.4	 24 	 -1 	100%	 4.7	    	    	    	    	    	    	    	    	    	    
[2026-02-02 12:48:17.684]  13:07:25	7.30	 049	 367	36.4	 24 	 -1 	100%	 4.7	    	    	    	    	    	    	    	    	    	    
[2026-02-02 12:48:23.659]  13:07:31	7.30	 049	 367	36.4	 24 	 -1 	100%	 4.7	    	    	    	    	    	    	    	    	    	    
[2026-02-02 12:48:29.634]  13:07:37	7.30	 049	 366	36.4	 24 	 -1 	100%	 4.7	    	    	    	    	    	    	    	    	    	    
[2026-02-02 12:48:35.609]  13:07:43	7.30	 049	 366	36.4	 24 	 -1 	100%	 4.7	    	    	    	    	    	    	    	    	    	    
[2026-02-02 12:48:41.587]  13:07:48	7.30	 049	 367	36.4	 24 	 -1 	100%	 4.7	    	    	    	    	    	    	    	    	    	    
[2026-02-02 12:48:47.573]  13:07:54	7.30	 049	 367	36.4	 24 	 -1 	100%	 4.7	    	    	    	    	    	    	    	    	    	    
[2026-02-02 12:48:53.550]  13:08:00	7.30	 049	 366	36.4	 24 	 -1 	100%	 4.7	    	    	    	    	    	    	    	    	    	    
[2026-02-02 12:48:59.516]  13:08:06	7.30	 049	 366	36.4	 24 	 -1 	100%	 4.7	    	    	    	    	    	    	    	    	    	    
[2026-02-02 12:49:05.503]  13:08:12	7.30	 049	 366	36.4	 24 	 -1 	100%	 4.7	    	    	    	    	    	    	    	    	    	    
[2026-02-02 12:49:11.467]  13:08:18	7.30	 049	 367	36.4	 24 	 -1 	100%	 4.7	    	    	    	    	    	    	    	    	    	    
[2026-02-02 12:49:17.447]  13:08:24	7.30	 049	 367	36.4	 24 	 -1 	100%	 4.7	    	    	    	    	    	    	    	    	    	    
[2026-02-02 12:49:23.420]  13:08:30	7.30	 049	 367	36.4	 24 	 -1 	100%	 4.7	    	    	    	    	    	    	    	    	    	    
[2026-02-02 12:49:29.399]  13:08:36	7.30	 049	 367	36.4	 24 	 -1 	100%	 4.7	    	    	    	    	    	    	    	    	    	    
[2026-02-02 12:49:35.385]  13:08:42	7.30	 049	 367	36.4	 24 	 -1 	100%	 4.7	    	    	    	    	    	    	    	    	    	    
[2026-02-02 12:49:41.351]  13:08:48	7.30	 049	 367	36.4	 24 	 -1 	100%	 4.7	    	    	    	    	    	    	    	    	    	    
[2026-02-02 12:49:47.349]  13:08:54	7.30	 049	 366	36.4	 24 	 -1 	100%	 4.7	    	    	    	    	    	    	    	    	    	    
[2026-02-02 12:49:53.305]  13:09:00	7.30	 049	 366	36.4	 24 	 -1 	100%	 4.7	    	    	    	    	    	    	    	    	    	    
[2026-02-02 12:49:59.293]  13:09:06	7.30	 049	 366	36.4	 24 	 -1 	100%	 4.7	    	    	    	    	    	    	    	    	    	    
[2026-02-02 12:50:05.255]  13:09:12	7.30	 049	 366	36.4	 24 	 -1 	100%	 4.7	    	    	    	    	    	    	    	    	    	    
[2026-02-02 12:50:11.233]  13:09:18	7.30	 049	 365	36.4	 24 	 -1 	100%	 4.7	    	    	    	    	    	    	    	    	    	    
[2026-02-02 12:50:17.211]  13:09:24	7.30	 049	 365	36.4	 24 	 -1 	100%	 4.7	    	    	    	    	    	    	    	    	    	    
[2026-02-02 12:50:23.179]          	    	ARTERIAL 	 	  	    	    	    	    	    	    	    	  	    VENOUS
[2026-02-02 12:50:23.202]   Time   	 pH 	 CO2	  O2	TEMP	HCO3	 BE 	cSO2	 K+ 	 VO2	  Q 	 BSA	 pH 	 CO2	  O2	TEMP	 SO2	 HCT	 HGB
[2026-02-02 12:50:23.233] 
[2026-02-02 12:50:23.233]  13:09:30	7.30	 049	 365	36.4	 24 	 -1 	100%	 4.7	    	    	    	    	    	    	    	    	    	    
[2026-02-02 12:50:29.160]  13:09:36	7.30	 049	 365	36.4	 24 	 -1 	100%	 4.7	    	    	    	    	    	    	    	    	    	    
[2026-02-02 12:50:35.139]  13:09:42	7.30	 049	 365	36.4	 24 	 -1 	100%	 4.7	    	    	    	    	    	    	    	    	    	    
[2026-02-02 12:50:41.114]  13:09:48	7.30	 049	 365	36.4	 24 	 -1 	100%	 4.7	    	    	    	    	    	    	    	    	    	    
[2026-02-02 12:50:47.101]  13:09:54	7.30	 049	 365	36.4	 24 	 -1 	100%	 4.7	    	    	    	    	    	    	    	    	    	    
[2026-02-02 12:50:53.067]  13:10:00	7.30	 050	 365	36.4	 24 	 -1 	100%	 4.7	    	    	    	    	    	    	    	    	    	    
[2026-02-02 12:50:59.044]  13:10:05	7.30	 050	 365	36.4	 24 	 -1 	100%	 4.7	    	    	    	    	    	    	    	    	    	    
[2026-02-02 12:51:05.019]  13:10:11	7.30	 050	 365	36.4	 24 	 -1 	100%	 4.7	    	    	    	    	    	    	    	    	    	    
[2026-02-02 12:51:10.995]  13:10:17	7.30	 050	 365	36.4	 24 	 -1 	100%	 4.7	    	    	    	    	    	    	    	    	    	    
[2026-02-02 12:51:16.975]  13:10:23	7.30	 050	 364	36.4	 24 	 -1 	100%	 4.7	    	    	    	    	    	    	    	    	    	    
[2026-02-02 12:51:22.948]  13:10:29	7.30	 050	 364	36.4	 24 	 -1 	100%	 4.7	    	    	    	    	    	    	    	    	    	    
[2026-02-02 12:51:28.924]  13:10:35	7.30	 050	 365	36.4	 24 	 -1 	100%	 4.7	    	    	    	    	    	    	    	    	    	    
[2026-02-02 12:51:34.901]  13:10:41	7.30	 050	 365	36.4	 24 	 -1 	100%	 4.7	    	    	    	    	    	    	    	    	    	    
[2026-02-02 12:51:40.877]  13:10:47	7.30	 050	 365	36.4	 24 	 -1 	100%	 4.7	    	    	    	    	    	    	    	    	    	    
[2026-02-02 12:51:46.865]  13:10:53	7.30	 050	 365	36.4	 24 	 -1 	100%	 4.7	    	    	    	    	    	    	    	    	    	    
[2026-02-02 12:51:52.830]  13:10:59	7.30	 050	 365	36.4	 24 	 -1 	100%	 4.7	    	    	    	    	    	    	    	    	    	    
[2026-02-02 12:51:58.806]  13:11:05	7.30	 050	 365	36.4	 24 	 -1 	100%	 4.7	    	    	    	    	    	    	    	    	    	    
[2026-02-02 12:52:04.783]  13:11:11	7.30	 050	 365	36.4	 24 	 -1 	100%	 4.7	    	    	    	    	    	    	    	    	    	    
[2026-02-02 12:52:10.759]  13:11:17	7.30	 050	 364	36.4	 24 	 -1 	100%	 4.7	    	    	    	    	    	    	    	    	    	    
[2026-02-02 12:52:16.738]  13:11:23	7.30	 050	 364	36.4	 24 	 -1 	100%	 4.7	    	    	    	    	    	    	    	    	    	    
[2026-02-02 12:52:22.711]  13:11:29	7.30	 050	 364	36.4	 24 	 -1 	100%	 4.7	    	    	    	    	    	    	    	    	    	    
[2026-02-02 12:52:28.691]  13:11:35	7.30	 050	 365	36.4	 24 	 -1 	100%	 4.8	    	    	    	    	    	    	    	    	    	    
[2026-02-02 12:52:34.665]  13:11:41	7.30	 050	 365	36.4	 25 	 -1 	100%	 4.8	    	    	    	    	    	    	    	    	    	    
[2026-02-02 12:52:40.641]  13:11:47	7.30	 050	 365	36.4	 25 	 -1 	100%	 4.7	    	    	    	    	    	    	    	    	    	    
[2026-02-02 12:52:46.628]  13:11:53	7.30	 050	 364	36.4	 24 	 -1 	100%	 4.7	    	    	    	    	    	    	    	    	    	    
[2026-02-02 12:52:52.595]  13:11:59	7.30	 050	 364	36.4	 24 	 -1 	100%	 4.7	    	    	    	    	    	    	    	    	    	    
[2026-02-02 12:52:58.571]  13:12:05	7.30	 050	 364	36.4	 25 	 -1 	100%	 4.7	    	    	    	    	    	    	    	    	    	    
[2026-02-02 12:53:04.558]  13:12:11	7.30	 050	 364	36.4	 25 	 -1 	100%	 4.8	    	    	    	    	    	    	    	    	    	    
[2026-02-02 12:53:10.523]  13:12:17	7.30	 050	 364	36.4	 24 	 -1 	100%	 4.7	    	    	    	    	    	    	    	    	    	    
[2026-02-02 12:53:16.505]  13:12:23	7.30	 050	 364	36.4	 25 	 -1 	100%	 4.7	    	    	    	    	    	    	    	    	    	    
[2026-02-02 12:53:22.478]  13:12:29	7.30	 050	 363	36.4	 25 	 -1 	100%	 4.7	    	    	    	    	    	    	    	    	    	    
[2026-02-02 12:53:28.452]  13:12:35	7.30	 050	 363	36.4	 25 	 -1 	100%	 4.8	    	    	    	    	    	    	    	    	    	    
[2026-02-02 12:53:34.428]  13:12:41	7.30	 050	 363	36.4	 25 	 -1 	100%	 4.8	    	    	    	    	    	    	    	    	    	    
[2026-02-02 12:53:40.405]  13:12:47	7.30	 050	 362	36.4	 25 	 -1 	100%	 4.8	    	    	    	    	    	    	    	    	    	    
[2026-02-02 12:53:46.392]  13:12:53	7.30	 050	 362	36.4	 25 	 -1 	100%	 4.8	    	    	    	    	    	    	    	    	    	    
[2026-02-02 12:53:52.358]  13:12:59	7.30	 050	 362	36.4	 25 	 -1 	100%	 4.8	    	    	    	    	    	    	    	    	    	    
[2026-02-02 12:53:58.338]  13:13:05	7.30	 050	 362	36.4	 25 	 -1 	100%	 4.7	    	    	    	    	    	    	    	    	    	    
[2026-02-02 12:54:04.313]  13:13:11	7.30	 050	 362	36.4	 25 	 -1 	100%	 4.7	    	    	    	    	    	    	    	    	    	    
[2026-02-02 12:54:10.286]  13:13:16	7.30	 050	 362	36.4	 25 	 -1 	100%	 4.7	    	    	    	    	    	    	    	    	    	    
[2026-02-02 12:54:16.277]  13:13:22	7.30	 050	 362	36.4	 25 	 -1 	100%	 4.7	    	    	    	    	    	    	    	    	    	    
[2026-02-02 12:54:22.241]  13:13:28	7.30	 050	 362	36.4	 25 	 -1 	100%	 4.7	    	    	    	    	    	    	    	    	    	    
[2026-02-02 12:54:28.225]  13:13:34	7.30	 050	 362	36.4	 25 	 -1 	100%	 4.8	    	    	    	    	    	    	    	    	    	    
[2026-02-02 12:54:34.232]  13:13:40	7.30	 050	 362	36.4	 25 	 -1 	100%	 4.8	    	    	    	    	    	    	    	    	    	    
[2026-02-02 12:54:40.169]  13:13:46	7.30	 050	 362	36.4	 25 	 -1 	100%	 4.8	    	    	    	    	    	    	    	    	    	    
[2026-02-02 12:54:46.156]  13:13:52	7.30	 050	 362	36.4	 25 	 -1 	100%	 4.8	    	    	    	    	    	    	    	    	    	    
[2026-02-02 12:54:52.121]  13:13:58	7.30	 050	 362	36.4	 25 	 -1 	100%	 4.8	    	    	    	    	    	    	    	    	    	    
[2026-02-02 12:54:58.098]  13:14:04	7.30	 050	 362	36.4	 25 	 -1 	100%	 4.8	    	    	    	    	    	    	    	    	    	    
[2026-02-02 12:55:04.075]  13:14:10	7.30	 050	 362	36.4	 25 	 -1 	100%	 4.8	    	    	    	    	    	    	    	    	    	    
[2026-02-02 12:55:10.053]  13:14:16	7.30	 050	 362	36.4	 25 	 -1 	100%	 4.8	    	    	    	    	    	    	    	    	    	    
[2026-02-02 12:55:16.030]  13:14:22	7.30	 050	 362	36.4	 25 	 -1 	100%	 4.7	    	    	    	    	    	    	    	    	    	    
[2026-02-02 12:55:21.997]          	    	ARTERIAL 	 	  	    	    	    	    	    	    	    	  	    VENOUS
[2026-02-02 12:55:22.022]   Time   	 pH 	 CO2	  O2	TEMP	HCO3	 BE 	cSO2	 K+ 	 VO2	  Q 	 BSA	 pH 	 CO2	  O2	TEMP	 SO2	 HCT	 HGB
[2026-02-02 12:55:22.053] 
[2026-02-02 12:55:22.053]  13:14:28	7.30	 050	 361	36.4	 25 	 -1 	100%	 4.7	    	    	    	    	    	    	    	    	    	    
[2026-02-02 12:55:27.979]  13:14:34	7.30	 050	 361	36.4	 25 	 -1 	100%	 4.7	    	    	    	    	    	    	    	    	    	    
[2026-02-02 12:55:33.955]  13:14:40	7.30	 050	 360	36.4	 25 	 -1 	100%	 4.7	    	    	    	    	    	    	    	    	    	    
[2026-02-02 12:55:39.932]  13:14:46	7.30	 050	 360	36.4	 25 	 -1 	100%	 4.7	    	    	    	    	    	    	    	    	    	    
[2026-02-02 12:55:45.919]  13:14:52	7.30	 050	 360	36.4	 25 	 -1 	100%	 4.7	    	    	    	    	    	    	    	    	    	    
[2026-02-02 12:55:51.885]  13:14:58	7.30	 050	 360	36.4	 25 	 -1 	100%	 4.7	    	    	    	    	    	    	    	    	    	    
[2026-02-02 12:55:57.862]  13:15:04	7.30	 050	 360	36.4	 25 	 -1 	100%	 4.7	    	    	    	    	    	    	    	    	    	    
[2026-02-02 12:56:03.838]  13:15:10	7.30	 050	 360	36.4	 25 	 -1 	100%	 4.8	    	    	    	    	    	    	    	    	    	    
[2026-02-02 12:56:09.814]  13:15:16	7.30	 050	 360	36.4	 25 	 -1 	100%	 4.8	    	    	    	    	    	    	    	    	    	    
[2026-02-02 12:56:15.794]  13:15:22	7.30	 050	 359	36.4	 25 	 -1 	100%	 4.8	    	    	    	    	    	    	    	    	    	    
[2026-02-02 12:56:21.767]  13:15:28	7.30	 050	 359	36.4	 25 	 -1 	100%	 4.8	    	    	    	    	    	    	    	    	    	    
[2026-02-02 12:56:27.743]  13:15:34	7.30	 050	 358	36.4	 25 	 -1 	100%	 4.8	    	    	    	    	    	    	    	    	    	    
[2026-02-02 12:56:33.734]  13:15:40	7.30	 050	 358	36.4	 25 	 -1 	100%	 4.8	    	    	    	    	    	    	    	    	    	    
[2026-02-02 12:56:39.696]  13:15:46	7.30	 050	 358	36.4	 25 	 -1 	100%	 4.8	    	    	    	    	    	    	    	    	    	    
[2026-02-02 12:56:45.682]  13:15:52	7.30	 050	 358	36.4	 25 	 -1 	100%	 4.8	    	    	    	    	    	    	    	    	    	    
[2026-02-02 12:56:51.649]  13:15:58	7.30	 050	 358	36.4	 25 	 -1 	100%	 4.8	    	    	    	    	    	    	    	    	    	    
[2026-02-02 12:56:57.625]  13:16:04	7.30	 050	 358	36.5	 25 	 -1 	100%	 4.7	    	    	    	    	    	    	    	    	    	    
[2026-02-02 12:57:03.601]  13:16:10	7.30	 050	 359	36.5	 25 	 -1 	100%	 4.7	    	    	    	    	    	    	    	    	    	    
[2026-02-02 12:57:09.580]  13:16:16	7.30	 050	 358	36.4	 25 	 -1 	100%	 4.7	    	    	    	    	    	    	    	    	    	    
[2026-02-02 12:57:15.571]  13:16:22	7.30	 050	 358	36.4	 25 	 -1 	100%	 4.7	    	    	    	    	    	    	    	    	    	    
[2026-02-02 12:57:21.530]  13:16:28	7.30	 050	 357	36.4	 25 	 -1 	100%	 4.8	    	    	    	    	    	    	    	    	    	    
[2026-02-02 12:57:27.546]  13:16:34	7.30	 050	 357	36.4	 25 	 -1 	100%	 4.8	    	    	    	    	    	    	    	    	    	    
[2026-02-02 12:57:33.484]  13:16:40	7.30	 050	 357	36.4	 25 	 -1 	100%	 4.8	    	    	    	    	    	    	    	    	    	    
[2026-02-02 12:57:39.460]  13:16:46	7.30	 050	 357	36.4	 25 	 -1 	100%	 4.8	    	    	    	    	    	    	    	    	    	    
[2026-02-02 12:57:45.460]  13:16:52	7.30	 050	 357	36.4	 25 	 -1 	100%	 4.8	    	    	    	    	    	    	    	    	    	    
[2026-02-02 12:57:51.412]  13:16:58	7.30	 050	 358	36.5	 25 	 -1 	100%	 4.8	    	    	    	    	    	    	    	    	    	    
[2026-02-02 12:57:57.389]  13:17:04	7.30	 050	 357	36.5	 25 	 -1 	100%	 4.7	    	    	    	    	    	    	    	    	    	    
[2026-02-02 12:58:03.365]  13:17:10	7.30	 050	 358	36.5	 25 	 -1 	100%	 4.8	    	    	    	    	    	    	    	    	    	    
[2026-02-02 12:58:09.341]  13:17:16	7.29	 050	 358	36.5	 25 	 -1 	100%	 4.8	    	    	    	    	    	    	    	    	    	    
[2026-02-02 12:58:15.359]  13:17:22	7.29	 050	 357	36.5	 25 	 -1 	100%	 4.8	    	    	    	    	    	    	    	    	    	    
[2026-02-02 12:58:21.296]  13:17:28	7.29	 050	 357	36.5	 25 	 -1 	100%	 4.8	    	    	    	    	    	    	    	    	    	    
[2026-02-02 12:58:27.274]  13:17:34	7.29	 050	 357	36.5	 25 	 -1 	100%	 4.8	    	    	    	    	    	    	    	    	    	    
[2026-02-02 12:58:33.247]  13:17:40	7.29	 050	 356	36.5	 25 	 -1 	100%	 4.8	    	    	    	    	    	    	    	    	    	    
[2026-02-02 12:58:39.224]  13:17:46	7.29	 050	 356	36.5	 25 	 -1 	100%	 4.8	    	    	    	    	    	    	    	    	    	    
[2026-02-02 12:58:45.210]  13:17:52	7.29	 050	 356	36.5	 25 	 -1 	100%	 4.8	    	    	    	    	    	    	    	    	    	    
[2026-02-02 12:58:51.176]  13:17:58	7.29	 050	 356	36.5	 25 	 -1 	100%	 4.8	    	    	    	    	    	    	    	    	    	    
[2026-02-02 12:58:57.154]  13:18:04	7.29	 050	 356	36.5	 25 	 -1 	100%	 4.8	    	    	    	    	    	    	    	    	    	    
[2026-02-02 12:59:03.168]  13:18:10	7.29	 050	 356	36.5	 25 	 -1 	100%	 4.8	    	    	    	    	    	    	    	    	    	    
[2026-02-02 12:59:09.105]  13:18:16	7.29	 050	 356	36.5	 25 	 -1 	100%	 4.8	    	    	    	    	    	    	    	    	    	    
[2026-02-02 12:59:15.085]  13:18:22	7.29	 050	 356	36.4	 25 	 -1 	100%	 4.8	    	    	    	    	    	    	    	    	    	    
[2026-02-02 12:59:21.059]  13:18:28	7.29	 050	 356	36.5	 25 	 -1 	100%	 4.8	    	    	    	    	    	    	    	    	    	    
[2026-02-02 12:59:27.034]  13:18:34	7.29	 050	 356	36.4	 25 	 -1 	100%	 4.8	    	    	    	    	    	    	    	    	    	    
[2026-02-02 12:59:33.011]  13:18:40	7.29	 050	 356	36.4	 25 	 -1 	100%	 4.8	    	    	    	    	    	    	    	    	    	    
[2026-02-02 12:59:38.989]  13:18:46	7.29	 050	 355	36.4	 25 	 -1 	100%	 4.8	    	    	    	    	    	    	    	    	    	    
[2026-02-02 12:59:44.973]  13:18:52	7.29	 050	 355	36.5	 25 	 -1 	100%	 4.8	    	    	    	    	    	    	    	    	    	    
[2026-02-02 12:59:50.940]  13:18:58	7.30	 050	 355	36.5	 25 	 -1 	100%	 4.8	    	    	    	    	    	    	    	    	    	    
[2026-02-02 12:59:56.916]  13:19:04	7.29	 050	 354	36.4	 25 	 -1 	100%	 4.8	    	    	    	    	    	    	    	    	    	    
[2026-02-02 13:00:02.892]  13:19:09	7.29	 050	 354	36.4	 25 	 -1 	100%	 4.8	    	    	    	    	    	    	    	    	    	    
[2026-02-02 13:00:08.868]  13:19:15	7.29	 050	 353	36.4	 25 	 -1 	100%	 4.8	    	    	    	    	    	    	    	    	    	    
[2026-02-02 13:00:14.849]  13:19:21	7.29	 050	 352	36.4	 25 	 -1 	100%	 4.8	    	    	    	    	    	    	    	    	    	    
[2026-02-02 13:00:20.824]          	    	ARTERIAL 	 	  	    	    	    	    	    	    	    	  	    VENOUS
[2026-02-02 13:00:20.846]   Time   	 pH 	 CO2	  O2	TEMP	HCO3	 BE 	cSO2	 K+ 	 VO2	  Q 	 BSA	 pH 	 CO2	  O2	TEMP	 SO2	 HCT	 HGB
[2026-02-02 13:00:20.874] 
[2026-02-02 13:00:20.874]  13:19:27	7.29	 050	 352	36.5	 25 	 -1 	100%	 4.8	    	    	    	    	    	    	    	    	    	    
[2026-02-02 13:00:26.798]  13:19:33	7.29	 050	 352	36.5	 25 	 -1 	100%	 4.8	    	    	    	    	    	    	    	    	    	    
[2026-02-02 13:00:32.786]  13:19:39	7.29	 050	 352	36.5	 25 	 -1 	100%	 4.8	    	    	    	    	    	    	    	    	    	    
[2026-02-02 13:00:38.752]  13:19:45	7.29	 050	 352	36.5	 25 	 -1 	100%	 4.8	    	    	    	    	    	    	    	    	    	    
[2026-02-02 13:00:44.752]  13:19:51	7.29	 050	 352	36.5	 25 	 -1 	100%	 4.8	    	    	    	    	    	    	    	    	    	    
[2026-02-02 13:00:50.703]  13:19:57	7.29	 050	 353	36.5	 25 	 -1 	100%	 4.8	    	    	    	    	    	    	    	    	    	    
[2026-02-02 13:00:56.679]  13:20:03	7.29	 050	 353	36.5	 25 	 -1 	100%	 4.8	    	    	    	    	    	    	    	    	    	    
[2026-02-02 13:01:02.658]  13:20:09	7.29	 050	 353	36.5	 25 	 -1 	100%	 4.8	    	    	    	    	    	    	    	    	    	    
[2026-02-02 13:01:08.634]  13:20:15	7.29	 050	 353	36.5	 25 	 -1 	100%	 4.8	    	    	    	    	    	    	    	    	    	    
[2026-02-02 13:01:14.612]  13:20:21	7.29	 050	 353	36.5	 25 	 -1 	100%	 4.8	    	    	    	    	    	    	    	    	    	    
[2026-02-02 13:01:20.587]  13:20:27	7.29	 050	 352	36.5	 25 	 -1 	100%	 4.8	    	    	    	    	    	    	    	    	    	    
[2026-02-02 13:01:26.563]  13:20:33	7.29	 050	 352	36.4	 25 	 -1 	100%	 4.8	    	    	    	    	    	    	    	    	    	    
[2026-02-02 13:01:32.538]  13:20:39	7.29	 050	 352	36.4	 25 	 -1 	100%	 4.8	    	    	    	    	    	    	    	    	    	    
[2026-02-02 13:01:38.514]  13:20:45	7.29	 050	 351	36.3	 25 	 -1 	100%	 4.8	    	    	    	    	    	    	    	    	    	    
[2026-02-02 13:01:44.500]  13:20:51	7.29	 050	 351	36.4	 25 	 -1 	100%	 4.8	    	    	    	    	    	    	    	    	    	    
[2026-02-02 13:01:50.467]  13:20:57	7.29	 050	 351	36.4	 25 	 -1 	100%	 4.8	    	    	    	    	    	    	    	    	    	    
[2026-02-02 13:01:56.445]  13:21:03	7.28	 051	 350	36.4	 24 	 -2 	100%	 4.8	    	    	    	    	    	    	    	    	    	    
[2026-02-02 13:02:02.421]  13:21:09	7.28	 051	 349	36.4	 24 	 -2 	100%	 4.9	    	    	    	    	    	    	    	    	    	    
[2026-02-02 13:02:08.399]  13:21:15	7.28	 051	 349	36.4	 24 	 -2 	100%	 4.9	    	    	    	    	    	    	    	    	    	    
[2026-02-02 13:02:14.376]  13:21:21	7.28	 051	 349	36.4	 24 	 -2 	100%	 4.9	    	    	    	    	    	    	    	    	    	    
[2026-02-02 13:02:20.350]  13:21:27	7.28	 051	 350	36.4	 24 	 -2 	100%	 4.9	    	    	    	    	    	    	    	    	    	    
[2026-02-02 13:02:26.331]  13:21:33	7.28	 051	 350	36.4	 24 	 -2 	100%	 4.9	    	    	    	    	    	    	    	    	    	    
[2026-02-02 13:02:32.302]  13:21:39	7.28	 051	 350	36.4	 24 	 -2 	100%	 4.9	    	    	    	    	    	    	    	    	    	    
[2026-02-02 13:02:38.292]  13:21:45	7.28	 051	 350	36.5	 24 	 -2 	100%	 4.9	    	    	    	    	    	    	    	    	    	    
[2026-02-02 13:02:44.266]  13:21:51	7.28	 051	 349	36.5	 24 	 -2 	100%	 4.9	    	    	    	    	    	    	    	    	    	    
[2026-02-02 13:02:50.231]  13:21:57	7.28	 051	 349	36.4	 24 	 -2 	100%	 4.8	    	    	    	    	    	    	    	    	    	    
[2026-02-02 13:02:56.208]  13:22:03	7.28	 051	 349	36.5	 24 	 -2 	100%	 4.9	    	    	    	    	    	    	    	    	    	    
[2026-02-02 13:03:02.184]  13:22:09	7.28	 051	 349	36.4	 24 	 -2 	100%	 4.9	    	    	    	    	    	    	    	    	    	    
[2026-02-02 13:03:08.170]  13:22:15	7.28	 051	 348	36.4	 24 	 -2 	100%	 4.9	    	    	    	    	    	    	    	    	    	    
[2026-02-02 13:03:14.140]  13:22:21	7.28	 051	 348	36.4	 24 	 -2 	100%	 4.9	    	    	    	    	    	    	    	    	    	    
[2026-02-02 13:03:20.116]  13:22:27	7.28	 051	 348	36.4	 24 	 -2 	100%	 4.8	    	    	    	    	    	    	    	    	    	    
[2026-02-02 13:03:26.091]  13:22:33	7.28	 051	 347	36.4	 24 	 -2 	100%	 4.9	    	    	    	    	    	    	    	    	    	    
[2026-02-02 13:03:32.066]  13:22:39	7.28	 051	 347	36.4	 24 	 -2 	100%	 4.8	    	    	    	    	    	    	    	    	    	    
[2026-02-02 13:03:38.055]  13:22:45	7.28	 051	 346	36.4	 24 	 -2 	100%	 4.8	    	    	    	    	    	    	    	    	    	    
[2026-02-02 13:03:44.030]  13:22:51	7.28	 051	 345	36.4	 24 	 -2 	100%	 4.8	    	    	    	    	    	    	    	    	    	    
[2026-02-02 13:03:49.998]  13:22:57	7.28	 051	 345	36.4	 24 	 -2 	100%	 4.8	    	    	    	    	    	    	    	    	    	    
[2026-02-02 13:03:55.972]  13:23:03	7.28	 051	 344	36.4	 24 	 -2 	100%	 4.8	    	    	    	    	    	    	    	    	    	    
[2026-02-02 13:04:01.948]  13:23:09	7.28	 051	 343	36.4	 24 	 -2 	100%	 4.8	    	    	    	    	    	    	    	    	    	    
[2026-02-02 13:04:07.926]  13:23:15	7.28	 051	 343	36.4	 24 	 -2 	100%	 4.8	    	    	    	    	    	    	    	    	    	    
[2026-02-02 13:04:13.903]  13:23:21	7.28	 051	 342	36.4	 24 	 -2 	100%	 4.8	    	    	    	    	    	    	    	    	    	    
[2026-02-02 13:04:19.877]  13:23:27	7.28	 051	 341	36.5	 24 	 -2 	100%	 4.8	    	    	    	    	    	    	    	    	    	    
[2026-02-02 13:04:25.855]  13:23:33	7.28	 051	 341	36.5	 24 	 -2 	100%	 4.8	    	    	    	    	    	    	    	    	    	    
[2026-02-02 13:04:31.830]  13:23:39	7.28	 051	 340	36.5	 24 	 -2 	100%	 4.8	    	    	    	    	    	    	    	    	    	    
[2026-02-02 13:04:37.806]  13:23:45	7.28	 051	 339	36.5	 24 	 -2 	100%	 4.8	    	    	    	    	    	    	    	    	    	    
[2026-02-02 13:04:43.795]  13:23:51	7.28	 051	 339	36.5	 24 	 -2 	100%	 4.8	    	    	    	    	    	    	    	    	    	    
[2026-02-02 13:04:49.770]  13:23:57	7.28	 051	 338	36.5	 24 	 -2 	100%	 4.8	    	    	    	    	    	    	    	    	    	    
[2026-02-02 13:04:55.735]  13:24:03	7.28	 051	 338	36.5	 24 	 -2 	100%	 4.8	    	    	    	    	    	    	    	    	    	    
[2026-02-02 13:05:01.721]  13:24:09	7.28	 051	 338	36.5	 24 	 -2 	100%	 4.8	    	    	    	    	    	    	    	    	    	    
[2026-02-02 13:05:07.687]  13:24:15	7.28	 051	 337	36.5	 24 	 -2 	100%	 4.8	    	    	    	    	    	    	    	    	    	    
[2026-02-02 13:05:13.668]  13:24:21	7.28	 051	 337	36.5	 24 	 -2 	100%	 4.8	    	    	    	    	    	    	    	    	    	    
[2026-02-02 13:05:19.633]          	    	ARTERIAL 	 	  	    	    	    	    	    	    	    	  	    VENOUS
[2026-02-02 13:05:19.657]   Time   	 pH 	 CO2	  O2	TEMP	HCO3	 BE 	cSO2	 K+ 	 VO2	  Q 	 BSA	 pH 	 CO2	  O2	TEMP	 SO2	 HCT	 HGB
[2026-02-02 13:05:19.688] 
[2026-02-02 13:05:19.688]  13:24:27	7.28	 051	 336	36.5	 24 	 -2 	100%	 4.8	    	    	    	    	    	    	    	    	    	    
[2026-02-02 13:05:25.617]  13:24:32	7.28	 051	 336	36.5	 24 	 -2 	100%	 4.8	    	    	    	    	    	    	    	    	    	    
[2026-02-02 13:05:31.595]  13:24:38	7.28	 052	 336	36.5	 24 	 -2 	100%	 4.8	    	    	    	    	    	    	    	    	    	    
[2026-02-02 13:05:37.570]  13:24:44	7.28	 052	 336	36.5	 24 	 -2 	100%	 4.8	    	    	    	    	    	    	    	    	    	    
[2026-02-02 13:05:43.557]  13:24:50	7.28	 052	 336	36.5	 24 	 -2 	100%	 4.8	    	    	    	    	    	    	    	    	    	    
[2026-02-02 13:05:49.523]  13:24:56	7.28	 052	 337	36.5	 24 	 -2 	100%	 4.8	    	    	    	    	    	    	    	    	    	    
[2026-02-02 13:05:55.502]  13:25:02	7.28	 052	 336	36.5	 24 	 -2 	100%	 4.8	    	    	    	    	    	    	    	    	    	    
[2026-02-02 13:06:01.476]  13:25:08	7.28	 052	 335	36.5	 24 	 -2 	100%	 4.8	    	    	    	    	    	    	    	    	    	    
[2026-02-02 13:06:07.452]  13:25:14	7.28	 052	 334	36.5	 24 	 -2 	100%	 4.8	    	    	    	    	    	    	    	    	    	    
[2026-02-02 13:06:13.431]  13:25:20	7.28	 052	 334	36.5	 24 	 -2 	100%	 4.8	    	    	    	    	    	    	    	    	    	    
[2026-02-02 13:06:19.405]  13:25:26	7.28	 052	 333	36.5	 24 	 -2 	100%	 4.8	    	    	    	    	    	    	    	    	    	    
[2026-02-02 13:06:25.383]  13:25:32	7.28	 052	 333	36.5	 24 	 -2 	100%	 4.8	    	    	    	    	    	    	    	    	    	    
[2026-02-02 13:06:31.357]  13:25:38	7.28	 052	 334	36.5	 24 	 -2 	100%	 4.8	    	    	    	    	    	    	    	    	    	    
[2026-02-02 13:06:37.335]  13:25:44	7.28	 052	 334	36.5	 24 	 -2 	100%	 4.8	    	    	    	    	    	    	    	    	    	    
[2026-02-02 13:06:43.323]  13:25:50	7.28	 052	 333	36.5	 24 	 -2 	100%	 4.8	    	    	    	    	    	    	    	    	    	    
[2026-02-02 13:06:49.287]  13:25:56	7.28	 052	 333	36.5	 24 	 -2 	100%	 4.8	    	    	    	    	    	    	    	    	    	    
[2026-02-02 13:06:55.264]  13:26:02	7.28	 052	 333	36.5	 24 	 -2 	100%	 4.8	    	    	    	    	    	    	    	    	    	    
[2026-02-02 13:07:01.239]  13:26:08	7.28	 052	 333	36.5	 24 	 -2 	100%	 4.9	    	    	    	    	    	    	    	    	    	    
[2026-02-02 13:07:07.229]  13:26:14	7.28	 052	 333	36.5	 24 	 -2 	100%	 4.8	    	    	    	    	    	    	    	    	    	    
[2026-02-02 13:07:13.199]  13:26:20	7.28	 052	 333	36.5	 24 	 -2 	100%	 4.8	    	    	    	    	    	    	    	    	    	    
[2026-02-02 13:07:19.168]  13:26:26	7.28	 052	 333	36.5	 24 	 -2 	100%	 4.8	    	    	    	    	    	    	    	    	    	    
[2026-02-02 13:07:25.144]  13:26:32	7.28	 052	 333	36.5	 24 	 -2 	100%	 4.8	    	    	    	    	    	    	    	    	    	    
[2026-02-02 13:07:31.122]  13:26:37	7.28	 052	 332	36.5	 24 	 -2 	100%	 4.8	    	    	    	    	    	    	    	    	    	    
[2026-02-02 13:07:37.109]  13:26:43	7.28	 052	 332	36.5	 24 	 -2 	100%	 4.8	    	    	    	    	    	    	    	    	    	    
[2026-02-02 13:07:43.086]  13:26:49	7.28	 052	 332	36.5	 24 	 -2 	100%	 4.9	    	    	    	    	    	    	    	    	    	    
[2026-02-02 13:07:49.052]  13:26:55	7.28	 052	 332	36.5	 24 	 -2 	100%	 4.9	    	    	    	    	    	    	    	    	    	    
[2026-02-02 13:07:55.027]  13:27:01	7.28	 052	 332	36.5	 24 	 -2 	100%	 4.8	    	    	    	    	    	    	    	    	    	    
[2026-02-02 13:08:01.002]  13:27:07	7.28	 052	 332	36.5	 24 	 -2 	100%	 4.8	    	    	    	    	    	    	    	    	    	    
[2026-02-02 13:08:06.979]  13:27:13	7.28	 052	 332	36.5	 24 	 -2 	100%	 4.8	    	    	    	    	    	    	    	    	    	    
[2026-02-02 13:08:12.959]  13:27:19	7.28	 052	 333	36.5	 24 	 -2 	100%	 4.9	    	    	    	    	    	    	    	    	    	    
[2026-02-02 13:08:18.944]  13:27:25	7.28	 052	 333	36.5	 24 	 -2 	100%	 4.9	    	    	    	    	    	    	    	    	    	    
[2026-02-02 13:08:24.908]  13:27:31	7.28	 052	 332	36.5	 24 	 -2 	100%	 4.8	    	    	    	    	    	    	    	    	    	    
[2026-02-02 13:08:30.884]  13:27:37	7.28	 052	 332	36.5	 24 	 -2 	100%	 4.8	    	    	    	    	    	    	    	    	    	    
[2026-02-02 13:08:36.861]  13:27:43	7.28	 052	 332	36.5	 24 	 -2 	100%	 4.8	    	    	    	    	    	    	    	    	    	    
[2026-02-02 13:08:42.848]  13:27:49	7.28	 052	 332	36.5	 24 	 -2 	100%	 4.9	    	    	    	    	    	    	    	    	    	    
[2026-02-02 13:08:48.816]  13:27:55	7.28	 052	 332	36.5	 24 	 -2 	100%	 4.9	    	    	    	    	    	    	    	    	    	    
[2026-02-02 13:08:54.790]  13:28:01	7.27	 052	 333	36.5	 24 	 -2 	100%	 4.8	    	    	    	    	    	    	    	    	    	    
[2026-02-02 13:09:00.767]  13:28:07	7.27	 052	 333	36.5	 24 	 -2 	100%	 4.8	    	    	    	    	    	    	    	    	    	    
[2026-02-02 13:09:06.744]  13:28:13	7.28	 052	 332	36.5	 24 	 -2 	100%	 4.9	    	    	    	    	    	    	    	    	    	    
[2026-02-02 13:09:12.722]  13:28:19	7.28	 052	 332	36.5	 24 	 -2 	100%	 4.9	    	    	    	    	    	    	    	    	    	    
[2026-02-02 13:09:18.696]  13:28:25	7.28	 052	 332	36.5	 24 	 -2 	100%	 4.8	    	    	    	    	    	    	    	    	    	    
[2026-02-02 13:09:24.674]  13:28:31	7.28	 052	 332	36.5	 24 	 -2 	100%	 4.8	    	    	    	    	    	    	    	    	    	    
[2026-02-02 13:09:30.650]  13:28:37	7.27	 052	 332	36.5	 24 	 -2 	100%	 4.8	    	    	    	    	    	    	    	    	    	    
[2026-02-02 13:09:36.625]  13:28:43	7.28	 052	 332	36.5	 24 	 -2 	100%	 4.9	    	    	    	    	    	    	    	    	    	    
[2026-02-02 13:09:42.612]  13:28:49	7.28	 052	 333	36.5	 24 	 -2 	100%	 4.9	    	    	    	    	    	    	    	    	    	    
[2026-02-02 13:09:48.578]  13:28:55	7.27	 052	 333	36.5	 24 	 -2 	100%	 4.9	    	    	    	    	    	    	    	    	    	    
[2026-02-02 13:09:54.554]  13:29:01	7.28	 052	 332	36.5	 24 	 -2 	100%	 4.9	    	    	    	    	    	    	    	    	    	    
[2026-02-02 13:10:00.530]  13:29:07	7.28	 052	 332	36.5	 24 	 -2 	100%	 4.9	    	    	    	    	    	    	    	    	    	    
[2026-02-02 13:10:06.508]  13:29:13	7.28	 052	 332	36.5	 24 	 -2 	100%	 4.9	    	    	    	    	    	    	    	    	    	    
[2026-02-02 13:10:12.486]  13:29:19	7.27	 052	 332	36.5	 24 	 -2 	100%	 4.8	    	    	    	    	    	    	    	    	    	    
[2026-02-02 13:10:18.452]          	    	ARTERIAL 	 	  	    	    	    	    	    	    	    	  	    VENOUS
[2026-02-02 13:10:18.472]   Time   	 pH 	 CO2	  O2	TEMP	HCO3	 BE 	cSO2	 K+ 	 VO2	  Q 	 BSA	 pH 	 CO2	  O2	TEMP	 SO2	 HCT	 HGB
[2026-02-02 13:10:18.501] 
[2026-02-02 13:10:18.502]  13:29:25	7.27	 052	 332	36.5	 24 	 -2 	100%	 4.8	    	    	    	    	    	    	    	    	    	    
[2026-02-02 13:10:24.440]  13:29:31	7.27	 052	 332	36.5	 24 	 -2 	100%	 4.9	    	    	    	    	    	    	    	    	    	    
[2026-02-02 13:10:30.413]  13:29:37	7.27	 052	 332	36.5	 24 	 -2 	100%	 4.9	    	    	    	    	    	    	    	    	    	    
[2026-02-02 13:10:36.389]  13:29:43	7.27	 052	 332	36.5	 24 	 -2 	100%	 4.9	    	    	    	    	    	    	    	    	    	    
[2026-02-02 13:10:42.377]  13:29:49	7.27	 052	 333	36.5	 24 	 -2 	100%	 4.9	    	    	    	    	    	    	    	    	    	    
[2026-02-02 13:10:48.342]  13:29:55	7.27	 052	 333	36.5	 24 	 -2 	100%	 4.8	    	    	    	    	    	    	    	    	    	    
[2026-02-02 13:10:54.368]  13:30:01	7.27	 052	 332	36.5	 24 	 -2 	100%	 4.9	    	    	    	    	    	    	    	    	    	    
[2026-02-02 13:11:00.296]  13:30:07	7.27	 052	 332	36.5	 24 	 -2 	100%	 4.9	    	    	    	    	    	    	    	    	    	    
[2026-02-02 13:11:06.273]  13:30:13	7.27	 052	 332	36.5	 24 	 -2 	100%	 4.9	    	    	    	    	    	    	    	    	    	    
[2026-02-02 13:11:12.249]  13:30:19	7.27	 052	 332	36.5	 24 	 -2 	100%	 4.9	    	    	    	    	    	    	    	    	    	    
[2026-02-02 13:11:18.223]  13:30:25	7.27	 052	 332	36.5	 24 	 -2 	100%	 4.9	    	    	    	    	    	    	    	    	    	    
[2026-02-02 13:11:24.241]  13:30:31	7.27	 052	 332	36.5	 24 	 -2 	100%	 4.9	    	    	    	    	    	    	    	    	    	    
[2026-02-02 13:11:30.188]  13:30:37	7.27	 052	 332	36.5	 24 	 -2 	100%	 4.9	    	    	    	    	    	    	    	    	    	    
[2026-02-02 13:11:36.153]  13:30:43	7.27	 052	 332	36.5	 24 	 -2 	100%	 4.9	    	    	    	    	    	    	    	    	    	    
[2026-02-02 13:11:42.140]  13:30:48	7.27	 052	 332	36.5	 24 	 -2 	100%	 4.9	    	    	    	    	    	    	    	    	    	    
[2026-02-02 13:11:48.106]  13:30:54	7.27	 052	 332	36.5	 24 	 -2 	100%	 4.9	    	    	    	    	    	    	    	    	    	    
[2026-02-02 13:11:54.082]  13:31:00	7.27	 052	 332	36.5	 24 	 -2 	100%	 4.9	    	    	    	    	    	    	    	    	    	    
[2026-02-02 13:12:00.068]  13:31:06	7.27	 052	 333	36.5	 24 	 -2 	100%	 4.9	    	    	    	    	    	    	    	    	    	    
[2026-02-02 13:12:06.035]  13:31:12	7.27	 052	 333	36.5	 24 	 -2 	100%	 4.9	    	    	    	    	    	    	    	    	    	    
[2026-02-02 13:12:12.013]  13:31:18	7.27	 052	 333	36.5	 24 	 -2 	100%	 4.9	    	    	    	    	    	    	    	    	    	    
[2026-02-02 13:12:17.987]  13:31:24	7.27	 052	 333	36.5	 24 	 -2 	100%	 4.9	    	    	    	    	    	    	    	    	    	    
[2026-02-02 13:12:23.962]  13:31:30	7.27	 052	 332	36.5	 24 	 -2 	100%	 4.9	    	    	    	    	    	    	    	    	    	    
[2026-02-02 13:12:29.940]  13:31:36	7.27	 052	 332	36.5	 24 	 -2 	100%	 4.9	    	    	    	    	    	    	    	    	    	    
[2026-02-02 13:12:35.915]  13:31:42	7.27	 052	 332	36.5	 24 	 -2 	100%	 4.8	    	    	    	    	    	    	    	    	    	    
[2026-02-02 13:12:41.902]  13:31:48	7.27	 052	 332	36.5	 24 	 -2 	100%	 4.8	    	    	    	    	    	    	    	    	    	    
[2026-02-02 13:12:47.868]  13:31:54	7.27	 052	 331	36.5	 24 	 -2 	100%	 4.9	    	    	    	    	    	    	    	    	    	    
[2026-02-02 13:12:53.844]  13:32:00	7.27	 052	 332	36.5	 24 	 -2 	100%	 4.9	    	    	    	    	    	    	    	    	    	    
[2026-02-02 13:12:59.821]  13:32:06	7.28	 052	 332	36.5	 24 	 -2 	100%	 4.9	    	    	    	    	    	    	    	    	    	    
[2026-02-02 13:13:05.797]  13:32:12	7.28	 052	 332	36.5	 24 	 -2 	100%	 4.9	    	    	    	    	    	    	    	    	    	    
[2026-02-02 13:13:11.776]  13:32:18	7.27	 052	 332	36.5	 24 	 -2 	100%	 4.9	    	    	    	    	    	    	    	    	    	    
[2026-02-02 13:13:17.750]  13:32:24	7.27	 052	 332	36.5	 24 	 -2 	100%	 4.9	    	    	    	    	    	    	    	    	    	    
[2026-02-02 13:13:23.738]  13:32:30	7.27	 052	 332	36.5	 24 	 -2 	100%	 4.9	    	    	    	    	    	    	    	    	    	    
[2026-02-02 13:13:29.704]  13:32:36	7.27	 052	 331	36.5	 24 	 -2 	100%	 4.9	    	    	    	    	    	    	    	    	    	    
[2026-02-02 13:13:35.680]  13:32:42	7.27	 052	 332	36.5	 24 	 -2 	100%	 4.9	    	    	    	    	    	    	    	    	    	    
[2026-02-02 13:13:41.667]  13:32:48	7.27	 052	 332	36.5	 24 	 -2 	100%	 4.9	    	    	    	    	    	    	    	    	    	    
[2026-02-02 13:13:47.633]  13:32:54	7.28	 052	 332	36.5	 24 	 -2 	100%	 4.9	    	    	    	    	    	    	    	    	    	    
[2026-02-02 13:13:53.609]  13:33:00	7.27	 052	 331	36.5	 24 	 -2 	100%	 4.9	    	    	    	    	    	    	    	    	    	    
[2026-02-02 13:13:59.586]  13:33:06	7.27	 052	 331	36.5	 24 	 -2 	100%	 4.8	    	    	    	    	    	    	    	    	    	    
[2026-02-02 13:14:05.561]  13:33:12	7.27	 052	 331	36.5	 24 	 -2 	100%	 4.9	    	    	    	    	    	    	    	    	    	    
[2026-02-02 13:14:11.542]  13:33:18	7.27	 052	 331	36.5	 24 	 -2 	100%	 4.9	    	    	    	    	    	    	    	    	    	    
[2026-02-02 13:14:17.516]  13:33:24	7.27	 052	 331	36.5	 24 	 -2 	100%	 4.9	    	    	    	    	    	    	    	    	    	    
[2026-02-02 13:14:23.490]  13:33:30	7.27	 052	 331	36.5	 24 	 -2 	100%	 4.9	    	    	    	    	    	    	    	    	    	    
[2026-02-02 13:14:29.467]  13:33:36	7.27	 052	 331	36.5	 24 	 -2 	100%	 4.9	    	    	    	    	    	    	    	    	    	    
[2026-02-02 13:14:35.444]  13:33:42	7.27	 052	 330	36.5	 24 	 -2 	100%	 4.9	    	    	    	    	    	    	    	    	    	    
[2026-02-02 13:14:41.431]  13:33:48	7.27	 052	 330	36.5	 24 	 -2 	100%	 4.9	    	    	    	    	    	    	    	    	    	    
[2026-02-02 13:14:47.395]  13:33:54	7.27	 052	 330	36.5	 24 	 -2 	100%	 4.9	    	    	    	    	    	    	    	    	    	    
[2026-02-02 13:14:53.373]  13:34:00	7.27	 052	 330	36.5	 24 	 -2 	100%	 4.9	    	    	    	    	    	    	    	    	    	    
[2026-02-02 13:14:59.356]  13:34:06	7.27	 052	 330	36.5	 24 	 -2 	100%	 4.9	    	    	    	    	    	    	    	    	    	    
[2026-02-02 13:15:05.326]  13:34:12	7.27	 052	 329	36.5	 24 	 -2 	100%	 4.9	    	    	    	    	    	    	    	    	    	    
[2026-02-02 13:15:11.304]  13:34:18	7.27	 052	 329	36.5	 24 	 -2 	100%	 4.9	    	    	    	    	    	    	    	    	    	    
[2026-02-02 13:15:17.269]          	    	ARTERIAL 	 	  	    	    	    	    	    	    	    	  	    VENOUS
[2026-02-02 13:15:17.291]   Time   	 pH 	 CO2	  O2	TEMP	HCO3	 BE 	cSO2	 K+ 	 VO2	  Q 	 BSA	 pH 	 CO2	  O2	TEMP	 SO2	 HCT	 HGB
[2026-02-02 13:15:17.319] 
[2026-02-02 13:15:17.319]  13:34:24	7.27	 052	 329	36.5	 24 	 -2 	100%	 4.9	    	    	    	    	    	    	    	    	    	    
[2026-02-02 13:15:23.254]  13:34:30	7.27	 052	 330	36.5	 24 	 -2 	100%	 4.9	    	    	    	    	    	    	    	    	    	    
[2026-02-02 13:15:29.230]  13:34:36	7.27	 052	 330	36.5	 24 	 -2 	100%	 4.9	    	    	    	    	    	    	    	    	    	    
[2026-02-02 13:15:35.207]  13:34:42	7.27	 052	 330	36.5	 24 	 -2 	100%	 4.9	    	    	    	    	    	    	    	    	    	    
[2026-02-02 13:15:41.195]  13:34:48	7.27	 052	 330	36.5	 24 	 -2 	100%	 4.9	    	    	    	    	    	    	    	    	    	    
[2026-02-02 13:15:47.159]  13:34:54	7.27	 052	 330	36.5	 24 	 -2 	100%	 4.9	    	    	    	    	    	    	    	    	    	    
[2026-02-02 13:15:53.136]  13:35:00	7.27	 052	 330	36.5	 24 	 -2 	100%	 4.9	    	    	    	    	    	    	    	    	    	    
[2026-02-02 13:15:59.114]  13:35:06	7.27	 052	 330	36.5	 24 	 -2 	100%	 4.9	    	    	    	    	    	    	    	    	    	    
[2026-02-02 13:16:05.089]  13:35:12	7.27	 052	 330	36.5	 24 	 -2 	100%	 4.9	    	    	    	    	    	    	    	    	    	    
[2026-02-02 13:16:11.068]  13:35:18	7.27	 052	 331	36.5	 24 	 -2 	100%	 4.9	    	    	    	    	    	    	    	    	    	    
[2026-02-02 13:16:17.042]  13:35:24	7.27	 052	 330	36.5	 24 	 -2 	100%	 4.9	    	    	    	    	    	    	    	    	    	    
[2026-02-02 13:16:23.019]  13:35:29	7.27	 052	 330	36.5	 24 	 -2 	100%	 4.9	    	    	    	    	    	    	    	    	    	    
[2026-02-02 13:16:28.994]  13:35:35	7.27	 052	 330	36.5	 24 	 -2 	100%	 4.9	    	    	    	    	    	    	    	    	    	    
[2026-02-02 13:16:34.970]  13:35:41	7.27	 052	 331	36.5	 24 	 -2 	100%	 4.9	    	    	    	    	    	    	    	    	    	    
[2026-02-02 13:16:40.958]  13:35:47	7.27	 052	 331	36.5	 24 	 -2 	100%	 4.9	    	    	    	    	    	    	    	    	    	    
[2026-02-02 13:16:46.923]  13:35:53	7.27	 052	 331	36.5	 24 	 -2 	100%	 4.9	    	    	    	    	    	    	    	    	    	    
[2026-02-02 13:16:52.899]  13:35:59	7.27	 052	 331	36.5	 24 	 -2 	100%	 4.9	    	    	    	    	    	    	    	    	    	    
[2026-02-02 13:16:58.878]  13:36:05	7.27	 052	 331	36.5	 24 	 -2 	100%	 4.9	    	    	    	    	    	    	    	    	    	    
[2026-02-02 13:17:04.855]  13:36:11	7.27	 052	 331	36.5	 24 	 -2 	100%	 4.9	    	    	    	    	    	    	    	    	    	    
[2026-02-02 13:17:10.832]  13:36:17	7.27	 052	 330	36.5	 24 	 -2 	100%	 4.9	    	    	    	    	    	    	    	    	    	    
[2026-02-02 13:17:16.805]  13:36:23	7.27	 052	 330	36.5	 24 	 -2 	100%	 4.9	    	    	    	    	    	    	    	    	    	    
[2026-02-02 13:17:22.782]  13:36:29	7.27	 052	 330	36.5	 24 	 -2 	100%	 4.9	    	    	    	    	    	    	    	    	    	    
[2026-02-02 13:17:28.760]  13:36:35	7.27	 052	 330	36.5	 24 	 -2 	100%	 4.9	    	    	    	    	    	    	    	    	    	    
[2026-02-02 13:17:34.734]  13:36:41	7.27	 052	 330	36.5	 24 	 -2 	100%	 4.9	    	    	    	    	    	    	    	    	    	    
[2026-02-02 13:17:40.721]  13:36:47	7.27	 052	 329	36.5	 24 	 -2 	100%	 4.9	    	    	    	    	    	    	    	    	    	    
[2026-02-02 13:17:46.689]  13:36:53	7.27	 052	 330	36.5	 24 	 -2 	100%	 4.9	    	    	    	    	    	    	    	    	    	    
[2026-02-02 13:17:52.664]  13:36:59	7.27	 052	 330	36.5	 24 	 -2 	100%	 4.9	    	    	    	    	    	    	    	    	    	    
[2026-02-02 13:17:58.678]  13:37:05	7.27	 052	 330	36.5	 24 	 -2 	100%	 4.9	    	    	    	    	    	    	    	    	    	    
[2026-02-02 13:18:04.616]  13:37:11	7.27	 052	 330	36.5	 24 	 -2 	100%	 4.9	    	    	    	    	    	    	    	    	    	    
[2026-02-02 13:18:10.596]  13:37:17	7.27	 052	 329	36.5	 24 	 -2 	100%	 4.9	    	    	    	    	    	    	    	    	    	    
[2026-02-02 13:18:16.570]  13:37:23	7.27	 052	 329	36.5	 24 	 -2 	100%	 4.9	    	    	    	    	    	    	    	    	    	    
[2026-02-02 13:18:22.547]  13:37:29	7.27	 052	 329	36.5	 24 	 -2 	100%	 4.9	    	    	    	    	    	    	    	    	    	    
[2026-02-02 13:18:28.524]  13:37:35	7.27	 052	 328	36.5	 24 	 -2 	100%	 4.9	    	    	    	    	    	    	    	    	    	    
[2026-02-02 13:18:34.499]  13:37:40	7.27	 052	 328	36.5	 24 	 -2 	100%	 4.9	    	    	    	    	    	    	    	    	    	    
[2026-02-02 13:18:40.487]  13:37:46	7.27	 052	 328	36.5	 24 	 -2 	100%	 4.9	    	    	    	    	    	    	    	    	    	    
[2026-02-02 13:18:46.499]  13:37:52	7.27	 052	 328	36.5	 24 	 -2 	100%	 4.9	    	    	    	    	    	    	    	    	    	    
[2026-02-02 13:18:52.428]  13:37:58	7.27	 052	 328	36.5	 24 	 -2 	100%	 4.9	    	    	    	    	    	    	    	    	    	    
[2026-02-02 13:18:58.405]  13:38:04	7.27	 052	 328	36.5	 24 	 -2 	100%	 4.9	    	    	    	    	    	    	    	    	    	    
[2026-02-02 13:19:04.382]  13:38:10	7.27	 052	 328	36.5	 24 	 -2 	100%	 4.9	    	    	    	    	    	    	    	    	    	    
[2026-02-02 13:19:10.359]  13:38:16	7.27	 052	 328	36.5	 24 	 -2 	100%	 4.9	    	    	    	    	    	    	    	    	    	    
[2026-02-02 13:19:16.333]  13:38:22	7.27	 052	 327	36.5	 24 	 -2 	100%	 5.0	    	    	    	    	    	    	    	    	    	    
[2026-02-02 13:19:22.308]  13:38:28	7.27	 052	 327	36.5	 24 	 -2 	100%	 5.0	    	    	    	    	    	    	    	    	    	    
[2026-02-02 13:19:28.286]  13:38:34	7.27	 052	 326	36.5	 24 	 -2 	100%	 4.9	    	    	    	    	    	    	    	    	    	    
[2026-02-02 13:19:34.301]  13:38:40	7.27	 052	 325	36.5	 24 	 -2 	100%	 4.9	    	    	    	    	    	    	    	    	    	    
[2026-02-02 13:19:40.250]  13:38:46	7.27	 052	 325	36.5	 24 	 -2 	100%	 4.9	    	    	    	    	    	    	    	    	    	    
[2026-02-02 13:19:46.214]  13:38:52	7.27	 052	 324	36.5	 24 	 -2 	100%	 4.9	    	    	    	    	    	    	    	    	    	    
[2026-02-02 13:19:52.191]  13:38:58	7.27	 052	 323	36.5	 24 	 -2 	100%	 4.9	    	    	    	    	    	    	    	    	    	    
[2026-02-02 13:19:58.167]  13:39:04	7.27	 052	 323	36.5	 24 	 -2 	100%	 5.0	    	    	    	    	    	    	    	    	    	    
[2026-02-02 13:20:04.144]  13:39:10	7.27	 052	 323	36.5	 24 	 -2 	100%	 5.0	    	    	    	    	    	    	    	    	    	    
[2026-02-02 13:20:10.135]  13:39:16	7.27	 052	 323	36.5	 24 	 -2 	100%	 5.0	    	    	    	    	    	    	    	    	    	    
[2026-02-02 13:20:16.087]          	    	ARTERIAL 	 	  	    	    	    	    	    	    	    	  	    VENOUS
[2026-02-02 13:20:16.120]   Time   	 pH 	 CO2	  O2	TEMP	HCO3	 BE 	cSO2	 K+ 	 VO2	  Q 	 BSA	 pH 	 CO2	  O2	TEMP	 SO2	 HCT	 HGB
[2026-02-02 13:20:16.146] 
[2026-02-02 13:20:16.146]  13:39:22	7.27	 052	 323	36.5	 24 	 -2 	100%	 4.9	    	    	    	    	    	    	    	    	    	    
[2026-02-02 13:20:22.072]  13:39:28	7.27	 052	 324	36.5	 24 	 -2 	100%	 4.9	    	    	    	    	    	    	    	    	    	    
[2026-02-02 13:20:28.049]  13:39:34	7.27	 052	 324	36.5	 24 	 -2 	100%	 4.9	    	    	    	    	    	    	    	    	    	    
[2026-02-02 13:20:34.026]  13:39:40	7.27	 052	 324	36.5	 24 	 -2 	100%	 4.9	    	    	    	    	    	    	    	    	    	    
[2026-02-02 13:20:40.022]  13:39:46	7.27	 052	 324	36.5	 24 	 -2 	100%	 4.9	    	    	    	    	    	    	    	    	    	    
[2026-02-02 13:20:45.979]  13:39:52	7.27	 052	 325	36.5	 24 	 -2 	100%	 5.0	    	    	    	    	    	    	    	    	    	    
[2026-02-02 13:20:51.954]  13:39:58	7.27	 052	 325	36.5	 24 	 -2 	100%	 5.0	    	    	    	    	    	    	    	    	    	    
[2026-02-02 13:20:57.933]  13:40:04	7.27	 052	 324	36.5	 24 	 -2 	100%	 4.9	    	    	    	    	    	    	    	    	    	    
[2026-02-02 13:21:03.908]  13:40:10	7.27	 052	 324	36.5	 24 	 -2 	100%	 4.9	    	    	    	    	    	    	    	    	    	    
[2026-02-02 13:21:09.886]  13:40:16	7.27	 052	 324	36.5	 24 	 -2 	100%	 4.9	    	    	    	    	    	    	    	    	    	    
[2026-02-02 13:21:15.862]  13:40:22	7.27	 052	 323	36.5	 24 	 -2 	100%	 4.9	    	    	    	    	    	    	    	    	    	    
[2026-02-02 13:21:21.836]  13:40:28	7.27	 052	 322	36.5	 24 	 -2 	100%	 4.9	    	    	    	    	    	    	    	    	    	    
[2026-02-02 13:21:27.812]  13:40:34	7.27	 052	 322	36.5	 24 	 -2 	100%	 5.0	    	    	    	    	    	    	    	    	    	    
[2026-02-02 13:21:33.789]  13:40:40	7.27	 052	 323	36.5	 24 	 -2 	100%	 5.0	    	    	    	    	    	    	    	    	    	    
[2026-02-02 13:21:39.775]  13:40:46	7.27	 052	 324	36.5	 24 	 -2 	100%	 5.0	    	    	    	    	    	    	    	    	    	    
[2026-02-02 13:21:45.741]  13:40:52	7.27	 052	 325	36.5	 24 	 -2 	100%	 4.9	    	    	    	    	    	    	    	    	    	    
[2026-02-02 13:21:51.718]  13:40:58	7.27	 052	 325	36.5	 24 	 -2 	100%	 4.9	    	    	    	    	    	    	    	    	    	    
[2026-02-02 13:21:57.695]  13:41:04	7.27	 052	 325	36.5	 24 	 -2 	100%	 5.0	    	    	    	    	    	    	    	    	    	    
[2026-02-02 13:22:03.671]  13:41:10	7.27	 052	 325	36.5	 24 	 -2 	100%	 5.0	    	    	    	    	    	    	    	    	    	    
[2026-02-02 13:22:09.651]  13:41:16	7.27	 052	 326	36.5	 24 	 -2 	100%	 5.0	    	    	    	    	    	    	    	    	    	    
[2026-02-02 13:22:15.635]  13:41:22	7.27	 052	 326	36.5	 24 	 -2 	100%	 5.0	    	    	    	    	    	    	    	    	    	    
[2026-02-02 13:22:21.601]  13:41:28	7.27	 052	 325	36.5	 24 	 -2 	100%	 4.9	    	    	    	    	    	    	    	    	    	    
[2026-02-02 13:22:27.615]  13:41:34	7.27	 052	 325	36.5	 24 	 -2 	100%	 5.0	    	    	    	    	    	    	    	    	    	    
[2026-02-02 13:22:33.552]  13:41:40	7.27	 052	 324	36.5	 24 	 -2 	100%	 5.0	    	    	    	    	    	    	    	    	    	    
[2026-02-02 13:22:39.540]  13:41:46	7.27	 052	 323	36.5	 24 	 -2 	100%	 5.0	    	    	    	    	    	    	    	    	    	    
[2026-02-02 13:22:45.517]  13:41:51	7.27	 052	 323	36.5	 24 	 -2 	100%	 5.0	    	    	    	    	    	    	    	    	    	    
[2026-02-02 13:22:51.482]  13:41:57	7.27	 052	 323	36.5	 24 	 -2 	100%	 5.0	    	    	    	    	    	    	    	    	    	    
[2026-02-02 13:22:57.469]  13:42:03	7.27	 052	 323	36.5	 24 	 -2 	100%	 5.0	    	    	    	    	    	    	    	    	    	    
[2026-02-02 13:23:03.434]  13:42:09	7.27	 052	 323	36.5	 24 	 -2 	100%	 5.0	    	    	    	    	    	    	    	    	    	    
[2026-02-02 13:23:09.414]  13:42:16	7.27	 052	 323	36.5	 24 	 -2 	100%	 5.0	    	    	    	    	    	    	    	    	    	    
[2026-02-02 13:23:15.389]  13:42:22	7.27	 052	 323	36.5	 24 	 -2 	100%	 5.0	    	    	    	    	    	    	    	    	    	    
[2026-02-02 13:23:21.374]  13:42:28	7.27	 052	 323	36.5	 24 	 -2 	100%	 5.0	    	    	    	    	    	    	    	    	    	    
[2026-02-02 13:23:27.340]  13:42:34	7.27	 052	 323	36.5	 24 	 -2 	100%	 5.0	    	    	    	    	    	    	    	    	    	    
[2026-02-02 13:23:33.317]  13:42:40	7.27	 052	 323	36.5	 24 	 -2 	100%	 5.0	    	    	    	    	    	    	    	    	    	    
[2026-02-02 13:23:39.317]  13:42:46	7.27	 052	 323	36.5	 24 	 -2 	100%	 5.0	    	    	    	    	    	    	    	    	    	    
[2026-02-02 13:23:45.272]  13:42:51	7.27	 052	 323	36.5	 24 	 -2 	100%	 5.0	    	    	    	    	    	    	    	    	    	    
[2026-02-02 13:23:51.245]  13:42:57	7.27	 052	 323	36.5	 24 	 -2 	100%	 5.0	    	    	    	    	    	    	    	    	    	    
[2026-02-02 13:23:57.222]  13:43:03	7.27	 052	 323	36.5	 24 	 -2 	100%	 5.0	    	    	    	    	    	    	    	    	    	    
[2026-02-02 13:24:03.201]  13:43:09	7.27	 052	 323	36.5	 24 	 -2 	100%	 5.0	    	    	    	    	    	    	    	    	    	    
[2026-02-02 13:24:09.190]  13:43:15	7.27	 052	 322	36.5	 24 	 -2 	100%	 5.0	    	    	    	    	    	    	    	    	    	    
[2026-02-02 13:24:15.150]  13:43:21	7.27	 052	 322	36.5	 24 	 -2 	100%	 5.0	    	    	    	    	    	    	    	    	    	    
[2026-02-02 13:24:21.128]  13:43:27	7.27	 052	 322	36.5	 24 	 -2 	100%	 5.0	    	    	    	    	    	    	    	    	    	    
[2026-02-02 13:24:27.105]  13:43:33	7.27	 052	 322	36.5	 24 	 -2 	100%	 5.0	    	    	    	    	    	    	    	    	    	    
[2026-02-02 13:24:33.080]  13:43:39	7.27	 052	 322	36.5	 24 	 -2 	100%	 5.0	    	    	    	    	    	    	    	    	    	    
[2026-02-02 13:24:39.066]  13:43:45	7.27	 052	 322	36.5	 24 	 -2 	100%	 5.0	    	    	    	    	    	    	    	    	    	    
[2026-02-02 13:24:45.038]  13:43:51	7.27	 052	 322	36.5	 24 	 -2 	100%	 5.0	    	    	    	    	    	    	    	    	    	    
[2026-02-02 13:24:51.020]  13:43:57	7.27	 052	 321	36.5	 24 	 -2 	100%	 5.0	    	    	    	    	    	    	    	    	    	    
[2026-02-02 13:24:56.986]  13:44:03	7.27	 052	 320	36.5	 24 	 -2 	100%	 5.0	    	    	    	    	    	    	    	    	    	    
[2026-02-02 13:25:02.962]  13:44:09	7.27	 052	 320	36.5	 24 	 -2 	100%	 5.0	    	    	    	    	    	    	    	    	    	    
[2026-02-02 13:25:08.941]  13:44:15	7.27	 052	 319	36.5	 24 	 -2 	100%	 5.0	    	    	    	    	    	    	    	    	    	    
[2026-02-02 13:25:14.906]          	    	ARTERIAL 	 	  	    	    	    	    	    	    	    	  	    VENOUS
[2026-02-02 13:25:14.930]   Time   	 pH 	 CO2	  O2	TEMP	HCO3	 BE 	cSO2	 K+ 	 VO2	  Q 	 BSA	 pH 	 CO2	  O2	TEMP	 SO2	 HCT	 HGB
[2026-02-02 13:25:14.957] 
[2026-02-02 13:25:14.957]  13:44:21	7.27	 052	 319	36.5	 24 	 -2 	100%	 5.0	    	    	    	    	    	    	    	    	    	    
[2026-02-02 13:25:20.893]  13:44:27	7.27	 052	 318	36.5	 24 	 -2 	100%	 5.0	    	    	    	    	    	    	    	    	    	    
[2026-02-02 13:25:26.868]  13:44:33	7.27	 052	 317	36.5	 24 	 -2 	100%	 5.0	    	    	    	    	    	    	    	    	    	    
[2026-02-02 13:25:32.845]  13:44:39	7.27	 052	 317	36.5	 24 	 -2 	100%	 5.0	    	    	    	    	    	    	    	    	    	    
[2026-02-02 13:25:38.831]  13:44:45	7.27	 052	 317	36.5	 24 	 -2 	100%	 5.0	    	    	    	    	    	    	    	    	    	    
[2026-02-02 13:25:44.796]  13:44:51	7.27	 052	 317	36.5	 24 	 -2 	100%	 5.0	    	    	    	    	    	    	    	    	    	    
[2026-02-02 13:25:50.776]  13:44:57	7.27	 052	 317	36.5	 24 	 -2 	100%	 5.0	    	    	    	    	    	    	    	    	    	    
[2026-02-02 13:25:56.749]  13:45:03	7.27	 052	 317	36.5	 24 	 -2 	100%	 5.0	    	    	    	    	    	    	    	    	    	    
[2026-02-02 13:26:02.725]  13:45:09	7.27	 052	 317	36.5	 24 	 -2 	100%	 5.0	    	    	    	    	    	    	    	    	    	    
[2026-02-02 13:26:08.707]  13:45:15	7.27	 052	 317	36.5	 24 	 -2 	100%	 5.0	    	    	    	    	    	    	    	    	    	    
[2026-02-02 13:26:14.680]  13:45:21	7.27	 052	 317	36.5	 24 	 -2 	100%	 5.0	    	    	    	    	    	    	    	    	    	    
[2026-02-02 13:26:20.655]  13:45:27	7.27	 052	 317	36.6	 24 	 -2 	100%	 5.0	    	    	    	    	    	    	    	    	    	    
[2026-02-02 13:26:26.636]  13:45:33	7.27	 052	 316	36.6	 24 	 -2 	100%	 5.0	    	    	    	    	    	    	    	    	    	    
[2026-02-02 13:26:32.608]  13:45:39	7.27	 052	 316	36.5	 24 	 -2 	100%	 5.0	    	    	    	    	    	    	    	    	    	    
[2026-02-02 13:26:38.594]  13:45:45	7.27	 052	 315	36.5	 24 	 -2 	100%	 5.0	    	    	    	    	    	    	    	    	    	    
[2026-02-02 13:26:44.560]  13:45:51	7.27	 052	 315	36.5	 24 	 -2 	100%	 5.0	    	    	    	    	    	    	    	    	    	    
[2026-02-02 13:26:50.538]  13:45:57	7.27	 052	 315	36.5	 24 	 -2 	100%	 5.0	    	    	    	    	    	    	    	    	    	    
[2026-02-02 13:26:56.515]  13:46:03	7.27	 052	 315	36.5	 24 	 -2 	100%	 5.0	    	    	    	    	    	    	    	    	    	    
[2026-02-02 13:27:02.489]  13:46:09	7.27	 053	 315	36.5	 24 	 -2 	100%	 5.0	    	    	    	    	    	    	    	    	    	    
[2026-02-02 13:27:08.469]  13:46:15	7.27	 053	 315	36.5	 24 	 -2 	100%	 5.0	    	    	    	    	    	    	    	    	    	    
[2026-02-02 13:27:14.442]  13:46:21	7.27	 053	 314	36.5	 24 	 -2 	100%	 5.0	    	    	    	    	    	    	    	    	    	    
[2026-02-02 13:27:20.421]  13:46:27	7.27	 053	 314	36.6	 24 	 -2 	100%	 5.0	    	    	    	    	    	    	    	    	    	    
[2026-02-02 13:27:26.396]  13:46:33	7.27	 053	 314	36.6	 24 	 -2 	100%	 5.0	    	    	    	    	    	    	    	    	    	    
[2026-02-02 13:27:32.373]  13:46:39	7.27	 053	 315	36.5	 24 	 -2 	100%	 5.0	    	    	    	    	    	    	    	    	    	    
[2026-02-02 13:27:38.359]  13:46:45	7.27	 053	 314	36.5	 24 	 -2 	100%	 5.0	    	    	    	    	    	    	    	    	    	    
[2026-02-02 13:27:44.324]  13:46:51	7.27	 053	 314	36.5	 24 	 -2 	100%	 5.0	    	    	    	    	    	    	    	    	    	    
[2026-02-02 13:27:50.300]  13:46:57	7.27	 053	 313	36.5	 24 	 -2 	100%	 5.0	    	    	    	    	    	    	    	    	    	    
[2026-02-02 13:27:56.276]  13:47:02	7.27	 053	 313	36.5	 24 	 -2 	100%	 5.0	    	    	    	    	    	    	    	    	    	    
[2026-02-02 13:28:02.253]  13:47:08	7.27	 053	 312	36.5	 24 	 -2 	100%	 5.0	    	    	    	    	    	    	    	    	    	    
[2026-02-02 13:28:08.233]  13:47:14	7.27	 053	 311	36.6	 24 	 -2 	100%	 5.0	    	    	    	    	    	    	    	    	    	    
[2026-02-02 13:28:14.207]  13:47:20	7.27	 053	 311	36.6	 24 	 -2 	100%	 5.0	    	    	    	    	    	    	    	    	    	    
[2026-02-02 13:28:20.183]  13:47:26	7.27	 053	 311	36.6	 24 	 -2 	100%	 5.0	    	    	    	    	    	    	    	    	    	    
[2026-02-02 13:28:26.158]  13:47:32	7.27	 053	 312	36.6	 24 	 -2 	100%	 5.0	    	    	    	    	    	    	    	    	    	    
[2026-02-02 13:28:32.135]  13:47:38	7.27	 053	 312	36.5	 24 	 -2 	100%	 5.0	    	    	    	    	    	    	    	    	    	    
[2026-02-02 13:28:38.122]  13:47:44	7.27	 053	 312	36.5	 24 	 -2 	100%	 5.0	    	    	    	    	    	    	    	    	    	    
[2026-02-02 13:28:44.088]  13:47:50	7.27	 053	 312	36.5	 24 	 -2 	100%	 5.0	    	    	    	    	    	    	    	    	    	    
[2026-02-02 13:28:50.064]  13:47:56	7.27	 053	 312	36.6	 24 	 -2 	100%	 5.0	    	    	    	    	    	    	    	    	    	    
[2026-02-02 13:28:56.044]  13:48:02	7.27	 053	 312	36.6	 24 	 -2 	100%	 5.0	    	    	    	    	    	    	    	    	    	    
[2026-02-02 13:29:02.017]  13:48:08	7.27	 053	 311	36.6	 24 	 -2 	100%	 5.0	    	    	    	    	    	    	    	    	    	    
[2026-02-02 13:29:07.997]  13:48:14	7.27	 053	 311	36.6	 24 	 -2 	100%	 5.0	    	    	    	    	    	    	    	    	    	    
[2026-02-02 13:29:13.969]  13:48:20	7.27	 053	 311	36.6	 24 	 -2 	100%	 5.0	    	    	    	    	    	    	    	    	    	    
[2026-02-02 13:29:19.946]  13:48:26	7.27	 053	 311	36.6	 24 	 -2 	100%	 5.0	    	    	    	    	    	    	    	    	    	    
[2026-02-02 13:29:25.922]  13:48:32	7.27	 053	 311	36.6	 24 	 -2 	100%	 5.0	    	    	    	    	    	    	    	    	    	    
[2026-02-02 13:29:31.898]  13:48:38	7.27	 053	 311	36.6	 24 	 -2 	100%	 5.0	    	    	    	    	    	    	    	    	    	    
[2026-02-02 13:29:37.885]  13:48:44	7.27	 053	 311	36.6	 24 	 -2 	100%	 5.0	    	    	    	    	    	    	    	    	    	    
[2026-02-02 13:29:43.852]  13:48:50	7.27	 053	 311	36.6	 24 	 -2 	100%	 5.0	    	    	    	    	    	    	    	    	    	    
[2026-02-02 13:29:49.827]  13:48:56	7.27	 053	 311	36.6	 24 	 -2 	100%	 5.0	    	    	    	    	    	    	    	    	    	    
[2026-02-02 13:29:55.803]  13:49:02	7.27	 053	 311	36.6	 24 	 -2 	100%	 5.1	    	    	    	    	    	    	    	    	    	    
[2026-02-02 13:30:01.783]  13:49:08	7.27	 053	 311	36.6	 24 	 -2 	100%	 5.0	    	    	    	    	    	    	    	    	    	    
[2026-02-02 13:30:07.760]  13:49:14	7.27	 053	 312	36.6	 24 	 -2 	100%	 5.0	    	    	    	    	    	    	    	    	    	    
[2026-02-02 13:30:13.738]          	    	ARTERIAL 	 	  	    	    	    	    	    	    	    	  	    VENOUS
[2026-02-02 13:30:13.761]   Time   	 pH 	 CO2	  O2	TEMP	HCO3	 BE 	cSO2	 K+ 	 VO2	  Q 	 BSA	 pH 	 CO2	  O2	TEMP	 SO2	 HCT	 HGB
[2026-02-02 13:30:13.785] 
[2026-02-02 13:30:13.785]  13:49:20	7.27	 053	 312	36.6	 24 	 -2 	100%	 5.0	    	    	    	    	    	    	    	    	    	    
[2026-02-02 13:30:19.713]  13:49:26	7.27	 053	 312	36.6	 25 	 -2 	100%	 5.0	    	    	    	    	    	    	    	    	    	    
[2026-02-02 13:30:25.686]  13:49:32	7.27	 053	 312	36.6	 24 	 -2 	100%	 5.0	    	    	    	    	    	    	    	    	    	    
[2026-02-02 13:30:31.662]  13:49:38	7.27	 053	 311	36.6	 24 	 -2 	100%	 5.0	    	    	    	    	    	    	    	    	    	    
[2026-02-02 13:30:37.649]  13:49:44	7.27	 053	 311	36.6	 25 	 -2 	100%	 5.0	    	    	    	    	    	    	    	    	    	    
[2026-02-02 13:30:43.617]  13:49:50	7.27	 053	 311	36.6	 24 	 -2 	100%	 5.0	    	    	    	    	    	    	    	    	    	    
[2026-02-02 13:30:49.591]  13:49:56	7.27	 053	 311	36.6	 24 	 -2 	100%	 5.0	    	    	    	    	    	    	    	    	    	    
[2026-02-02 13:30:55.568]  13:50:02	7.27	 053	 312	36.5	 25 	 -2 	100%	 5.0	    	    	    	    	    	    	    	    	    	    
[2026-02-02 13:31:01.544]  13:50:08	7.27	 053	 312	36.6	 24 	 -2 	100%	 5.0	    	    	    	    	    	    	    	    	    	    
[2026-02-02 13:31:07.524]  13:50:14	7.27	 053	 311	36.6	 24 	 -2 	100%	 5.0	    	    	    	    	    	    	    	    	    	    
[2026-02-02 13:31:13.497]  13:50:20	7.27	 053	 311	36.6	 25 	 -2 	100%	 5.0	    	    	    	    	    	    	    	    	    	    
[2026-02-02 13:31:19.475]  13:50:26	7.27	 053	 311	36.6	 25 	 -2 	100%	 5.0	    	    	    	    	    	    	    	    	    	    
[2026-02-02 13:31:25.449]  13:50:32	7.27	 053	 310	36.6	 24 	 -2 	100%	 5.0	    	    	    	    	    	    	    	    	    	    
[2026-02-02 13:31:31.425]  13:50:38	7.27	 053	 310	36.6	 25 	 -2 	100%	 5.0	    	    	    	    	    	    	    	    	    	    
[2026-02-02 13:31:37.416]  13:50:44	7.27	 053	 309	36.6	 25 	 -2 	100%	 5.0	    	    	    	    	    	    	    	    	    	    
[2026-02-02 13:31:43.383]  13:50:50	7.27	 053	 308	36.6	 25 	 -2 	100%	 5.1	    	    	    	    	    	    	    	    	    	    
[2026-02-02 13:31:49.359]  13:50:56	7.27	 053	 308	36.6	 25 	 -2 	100%	 5.1	    	    	    	    	    	    	    	    	    	    
[2026-02-02 13:31:55.335]  13:51:02	7.27	 053	 307	36.6	 25 	 -2 	100%	 5.1	    	    	    	    	    	    	    	    	    	    
[2026-02-02 13:32:01.308]  13:51:08	7.27	 053	 307	36.6	 25 	 -2 	100%	 5.1	    	    	    	    	    	    	    	    	    	    
[2026-02-02 13:32:07.289]  13:51:14	7.27	 053	 306	36.6	 25 	 -2 	100%	 5.1	    	    	    	    	    	    	    	    	    	    
[2026-02-02 13:32:13.261]  13:51:20	7.27	 053	 306	36.6	 25 	 -2 	100%	 5.0	    	    	    	    	    	    	    	    	    	    
[2026-02-02 13:32:19.237]  13:51:26	7.27	 053	 306	36.6	 25 	 -2 	100%	 5.0	    	    	    	    	    	    	    	    	    	    
[2026-02-02 13:32:25.214]  13:51:32	7.27	 053	 306	36.6	 25 	 -2 	100%	 5.0	    	    	    	    	    	    	    	    	    	    
[2026-02-02 13:32:31.190]  13:51:37	7.27	 053	 305	36.6	 25 	 -2 	100%	 5.0	    	    	    	    	    	    	    	    	    	    
[2026-02-02 13:32:37.179]  13:51:43	7.27	 053	 304	36.6	 25 	 -2 	100%	 5.0	    	    	    	    	    	    	    	    	    	    
[2026-02-02 13:32:43.149]  13:51:49	7.27	 053	 304	36.6	 25 	 -2 	100%	 5.0	    	    	    	    	    	    	    	    	    	    
[2026-02-02 13:32:49.121]  13:51:55	7.27	 053	 304	36.6	 25 	 -2 	100%	 5.0	    	    	    	    	    	    	    	    	    	    
[2026-02-02 13:32:55.095]  13:52:01	7.27	 053	 303	36.6	 25 	 -2 	100%	 5.0	    	    	    	    	    	    	    	    	    	    
[2026-02-02 13:33:01.071]  13:52:07	7.27	 053	 303	36.6	 25 	 -2 	100%	 5.1	    	    	    	    	    	    	    	    	    	    
[2026-02-02 13:33:07.058]  13:52:13	7.27	 053	 303	36.6	 25 	 -2 	100%	 5.1	    	    	    	    	    	    	    	    	    	    
[2026-02-02 13:33:13.024]  13:52:19	7.27	 053	 303	36.6	 25 	 -2 	100%	 5.1	    	    	    	    	    	    	    	    	    	    
[2026-02-02 13:33:19.001]  13:52:25	7.27	 053	 303	36.6	 25 	 -2 	100%	 5.0	    	    	    	    	    	    	    	    	    	    
[2026-02-02 13:33:24.978]  13:52:31	7.27	 053	 304	36.6	 25 	 -2 	100%	 5.0	    	    	    	    	    	    	    	    	    	    
[2026-02-02 13:33:30.957]  13:52:37	7.27	 053	 304	36.6	 25 	 -2 	100%	 5.0	    	    	    	    	    	    	    	    	    	    
[2026-02-02 13:33:36.943]  13:52:43	7.27	 053	 304	36.6	 25 	 -2 	100%	 5.1	    	    	    	    	    	    	    	    	    	    
[2026-02-02 13:33:42.906]  13:52:49	7.27	 053	 304	36.6	 25 	 -2 	100%	 5.1	    	    	    	    	    	    	    	    	    	    
[2026-02-02 13:33:48.882]  13:52:55	7.27	 053	 305	36.6	 25 	 -2 	100%	 5.1	    	    	    	    	    	    	    	    	    	    
[2026-02-02 13:33:54.861]  13:53:01	7.27	 053	 305	36.6	 25 	 -2 	100%	 5.0	    	    	    	    	    	    	    	    	    	    
[2026-02-02 13:34:00.836]  13:53:07	7.27	 053	 305	36.6	 25 	 -2 	100%	 5.1	    	    	    	    	    	    	    	    	    	    
[2026-02-02 13:34:06.826]  13:53:13	7.27	 053	 305	36.6	 25 	 -2 	100%	 5.1	    	    	    	    	    	    	    	    	    	    
[2026-02-02 13:34:12.789]  13:53:19	7.27	 053	 305	36.6	 25 	 -2 	100%	 5.1	    	    	    	    	    	    	    	    	    	    
[2026-02-02 13:34:18.765]  13:53:25	7.27	 053	 304	36.6	 25 	 -2 	100%	 5.0	    	    	    	    	    	    	    	    	    	    
[2026-02-02 13:34:24.741]  13:53:31	7.27	 053	 303	36.6	 25 	 -2 	100%	 5.0	    	    	    	    	    	    	    	    	    	    
[2026-02-02 13:34:30.718]  13:53:37	7.27	 053	 302	36.6	 25 	 -2 	100%	 5.0	    	    	    	    	    	    	    	    	    	    
[2026-02-02 13:34:36.716]  13:53:43	7.27	 053	 302	36.6	 25 	 -2 	100%	 5.1	    	    	    	    	    	    	    	    	    	    
[2026-02-02 13:34:42.671]  13:53:49	7.27	 053	 302	36.6	 25 	 -2 	100%	 5.1	    	    	    	    	    	    	    	    	    	    
[2026-02-02 13:34:48.686]  13:53:55	7.27	 053	 304	36.6	 25 	 -2 	100%	 5.1	    	    	    	    	    	    	    	    	    	    
[2026-02-02 13:34:54.625]  13:54:01	7.27	 053	 305	36.6	 25 	 -2 	100%	 5.1	    	    	    	    	    	    	    	    	    	    
[2026-02-02 13:35:00.599]  13:54:07	7.27	 053	 304	36.6	 25 	 -2 	100%	 5.1	    	    	    	    	    	    	    	    	    	    
[2026-02-02 13:35:06.582]  13:54:13	7.27	 053	 303	36.6	 25 	 -2 	100%	 5.1	    	    	    	    	    	    	    	    	    	    
[2026-02-02 13:35:12.544]          	    	ARTERIAL 	 	  	    	    	    	    	    	    	    	  	    VENOUS
[2026-02-02 13:35:12.565]   Time   	 pH 	 CO2	  O2	TEMP	HCO3	 BE 	cSO2	 K+ 	 VO2	  Q 	 BSA	 pH 	 CO2	  O2	TEMP	 SO2	 HCT	 HGB
[2026-02-02 13:35:12.596] 
[2026-02-02 13:35:12.596]  13:54:19	7.27	 053	 303	36.6	 25 	 -2 	100%	 5.1	    	    	    	    	    	    	    	    	    	    
[2026-02-02 13:35:18.529]  13:54:25	7.27	 053	 304	36.6	 25 	 -2 	100%	 5.1	    	    	    	    	    	    	    	    	    	    
[2026-02-02 13:35:24.505]  13:54:31	7.27	 054	 301	36.6	 25 	 -2 	100%	 5.1	    	    	    	    	    	    	    	    	    	    
[2026-02-02 13:35:30.481]  13:54:37	7.26	 054	 296	36.6	 25 	 -2 	100%	 5.1	    	    	    	    	    	    	    	    	    	    
[2026-02-02 13:35:36.468]  13:54:43	7.26	 054	 289	36.6	 25 	 -2 	100%	 5.1	    	    	    	    	    	    	    	    	    	    
[2026-02-02 13:35:42.433]  13:54:49	7.26	 054	 282	36.5	 25 	 -2 	100%	 5.1	    	    	    	    	    	    	    	    	    	    
[2026-02-02 13:35:48.412]  13:54:55	7.26	 054	 273	36.6	 25 	 -2 	100%	 5.1	    	    	    	    	    	    	    	    	    	    
[2026-02-02 13:35:54.390]  13:55:01	7.26	 054	 264	36.6	 25 	 -2 	100%	 5.1	    	    	    	    	    	    	    	    	    	    
[2026-02-02 13:36:00.376]  13:55:07	7.26	 054	 257	36.6	 25 	 -2 	100%	 5.1	    	    	    	    	    	    	    	    	    	    
[2026-02-02 13:36:06.344]  13:55:13	7.26	 055	 252	36.6	 25 	 -2 	100%	 5.1	    	    	    	    	    	    	    	    	    	    
[2026-02-02 13:36:12.316]  13:55:19	7.26	 055	 249	36.6	 25 	 -2 	100%	 5.1	    	    	    	    	    	    	    	    	    	    
[2026-02-02 13:36:18.296]  13:55:25	7.26	 055	 249	36.6	 25 	 -2 	100%	 5.1	    	    	    	    	    	    	    	    	    	    
[2026-02-02 13:36:24.269]  13:55:31	7.26	 055	 248	36.6	 25 	 -2 	100%	 5.1	    	    	    	    	    	    	    	    	    	    
[2026-02-02 13:36:30.257]  13:55:37	7.26	 055	 247	36.6	 25 	 -2 	100%	 5.1	    	    	    	    	    	    	    	    	    	    
[2026-02-02 13:36:36.232]  13:55:43	7.26	 055	 245	36.6	 25 	 -2 	100%	 5.1	    	    	    	    	    	    	    	    	    	    
[2026-02-02 13:36:42.199]  13:55:49	7.26	 055	 241	36.6	 25 	 -2 	100%	 5.1	    	    	    	    	    	    	    	    	    	    
[2026-02-02 13:36:48.175]  13:55:55	7.26	 055	 236	36.6	 25 	 -2 	100%	 5.1	    	    	    	    	    	    	    	    	    	    
[2026-02-02 13:36:54.151]  13:56:01	7.25	 055	 231	36.6	 25 	 -2 	100%	 5.1	    	    	    	    	    	    	    	    	    	    
[2026-02-02 13:37:00.122]  13:56:07	7.25	 055	 225	36.6	 25 	 -2 	 99%	 5.1	    	    	    	    	    	    	    	    	    	    
[2026-02-02 13:37:06.105]  13:56:13	7.25	 055	 220	36.6	 25 	 -2 	 99%	 5.1	    	    	    	    	    	    	    	    	    	    
[2026-02-02 13:37:12.077]  13:56:19	7.25	 055	 214	36.6	 25 	 -2 	 99%	 5.1	    	    	    	    	    	    	    	    	    	    
[2026-02-02 13:37:18.051]  13:56:25	7.25	 056	 210	36.6	 25 	 -2 	 99%	 5.1	    	    	    	    	    	    	    	    	    	    
[2026-02-02 13:37:24.028]  13:56:31	7.25	 056	 206	36.6	 25 	 -2 	 99%	 5.1	    	    	    	    	    	    	    	    	    	    
[2026-02-02 13:37:30.004]  13:56:37	7.25	 056	 203	36.6	 25 	 -2 	 99%	 5.1	    	    	    	    	    	    	    	    	    	    
[2026-02-02 13:37:35.992]  13:56:43	7.25	 056	 200	36.6	 25 	 -2 	 99%	 5.1	    	    	    	    	    	    	    	    	    	    
[2026-02-02 13:37:41.995]  13:56:49	7.25	 056	 197	36.6	 25 	 -2 	 99%	 5.1	    	    	    	    	    	    	    	    	    	    
[2026-02-02 13:37:47.933]  13:56:54	7.25	 056	 194	36.6	 25 	 -2 	 99%	 5.1	    	    	    	    	    	    	    	    	    	    
[2026-02-02 13:37:53.910]  13:57:00	7.25	 056	 190	36.6	 25 	 -2 	 99%	 5.1	    	    	    	    	    	    	    	    	    	    
[2026-02-02 13:37:59.886]  13:57:06	7.25	 056	 187	36.6	 25 	 -2 	 99%	 5.1	    	    	    	    	    	    	    	    	    	    
[2026-02-02 13:38:05.867]  13:57:12	7.25	 056	 185	36.6	 25 	 -2 	 99%	 5.1	    	    	    	    	    	    	    	    	    	    
[2026-02-02 13:38:11.838]  13:57:18	7.25	 057	 182	36.6	 25 	 -2 	 99%	 5.1	    	    	    	    	    	    	    	    	    	    
[2026-02-02 13:38:17.828]  13:57:24	7.25	 057	 180	36.6	 25 	 -2 	 99%	 5.1	    	    	    	    	    	    	    	    	    	    
[2026-02-02 13:38:23.791]  13:57:30	7.25	 057	 177	36.6	 25 	 -2 	 99%	 5.1	    	    	    	    	    	    	    	    	    	    
[2026-02-02 13:38:29.770]  13:57:36	7.25	 057	 175	36.6	 25 	 -2 	 99%	 5.1	    	    	    	    	    	    	    	    	    	    
[2026-02-02 13:38:35.754]  13:57:42	7.25	 057	 173	36.6	 25 	 -2 	 99%	 5.1	    	    	    	    	    	    	    	    	    	    
[2026-02-02 13:38:41.719]  13:57:48	7.25	 057	 171	36.6	 25 	 -2 	 99%	 5.1	    	    	    	    	    	    	    	    	    	    
[2026-02-02 13:38:47.708]  13:57:54	7.25	 057	 169	36.6	 25 	 -2 	 99%	 5.1	    	    	    	    	    	    	    	    	    	    
[2026-02-02 13:38:53.674]  13:58:00	7.25	 056	 169	36.6	 25 	 -2 	 99%	 5.1	    	    	    	    	    	    	    	    	    	    
[2026-02-02 13:38:59.648]  13:58:06	7.25	 056	 171	36.6	 25 	 -2 	 99%	 5.1	    	    	    	    	    	    	    	    	    	    
[2026-02-02 13:39:05.629]  13:58:12	7.26	 055	 176	36.6	 25 	 -2 	 99%	 5.1	    	    	    	    	    	    	    	    	    	    
[2026-02-02 13:39:11.604]  13:58:18	7.26	 054	 181	36.6	 24 	 -2 	 99%	 5.1	    	    	    	    	    	    	    	    	    	    
[2026-02-02 13:39:17.579]  13:58:24	7.27	 053	 186	36.6	 24 	 -2 	 99%	 5.1	    	    	    	    	    	    	    	    	    	    
[2026-02-02 13:39:23.557]  13:58:30	7.27	 052	 192	36.6	 24 	 -2 	 99%	 5.1	    	    	    	    	    	    	    	    	    	    
[2026-02-02 13:39:29.533]  13:58:36	7.28	 051	 197	36.6	 24 	 -2 	 99%	 5.1	    	    	    	    	    	    	    	    	    	    
[2026-02-02 13:39:35.518]  13:58:42	7.28	 051	 202	36.6	 24 	 -2 	 99%	 5.1	    	    	    	    	    	    	    	    	    	    
[2026-02-02 13:39:41.484]  13:58:48	7.28	 050	 208	36.6	 24 	 -2 	 99%	 5.1	    	    	    	    	    	    	    	    	    	    
[2026-02-02 13:39:47.460]  13:58:54	7.30	 050	 212	36.6	 25 	 -1 	 99%	 5.1	    	    	    	    	    	    	    	    	    	    
[2026-02-02 13:39:53.436]  13:59:00	7.30	 050	 216	36.6	 24 	 -1 	 99%	 5.1	    	    	    	    	    	    	    	    	    	    
[2026-02-02 13:39:59.419]  13:59:06	7.30	 049	 220	36.6	 24 	 -1 	100%	 5.1	    	    	    	    	    	    	    	    	    	    
[2026-02-02 13:40:05.396]  13:59:12	7.30	 049	 224	36.6	 24 	 -1 	100%	 5.1	    	    	    	    	    	    	    	    	    	    
[2026-02-02 13:40:11.363]          	    	ARTERIAL 	 	  	    	    	    	    	    	    	    	  	    VENOUS
[2026-02-02 13:40:11.383]   Time   	 pH 	 CO2	  O2	TEMP	HCO3	 BE 	cSO2	 K+ 	 VO2	  Q 	 BSA	 pH 	 CO2	  O2	TEMP	 SO2	 HCT	 HGB
[2026-02-02 13:40:11.412] 
[2026-02-02 13:40:11.412]  13:59:18	7.31	 048	 228	36.6	 24 	 -1 	100%	 5.1	    	    	    	    	    	    	    	    	    	    
[2026-02-02 13:40:17.346]  13:59:24	7.31	 048	 232	36.6	 24 	 -1 	100%	 5.1	    	    	    	    	    	    	    	    	    	    
[2026-02-02 13:40:23.322]  13:59:30	7.31	 048	 234	36.6	 24 	 -1 	100%	 5.1	    	    	    	    	    	    	    	    	    	    
[2026-02-02 13:40:29.300]  13:59:36	7.31	 048	 236	36.6	 24 	 -1 	100%	 5.1	    	    	    	    	    	    	    	    	    	    
[2026-02-02 13:40:35.288]  13:59:42	7.31	 047	 238	36.6	 24 	 -1 	100%	 5.1	    	    	    	    	    	    	    	    	    	    
[2026-02-02 13:40:41.251]  13:59:48	7.32	 047	 239	36.6	 24 	 -1 	100%	 5.1	    	    	    	    	    	    	    	    	    	    
[2026-02-02 13:40:47.230]  13:59:54	7.32	 047	 241	36.6	 24 	 -1 	100%	 5.1	    	    	    	    	    	    	    	    	    	    
[2026-02-02 13:40:53.203]  14:00:00	7.32	 047	 243	36.6	 24 	 -1 	100%	 5.1	    	    	    	    	    	    	    	    	    	    
[2026-02-02 13:40:59.181]  14:00:06	7.32	 046	 245	36.6	 24 	 -1 	100%	 5.1	    	    	    	    	    	    	    	    	    	    
[2026-02-02 13:41:05.160]  14:00:12	7.32	 046	 247	36.6	 24 	 -1 	100%	 5.2	    	    	    	    	    	    	    	    	    	    
[2026-02-02 13:41:11.137]  14:00:18	7.32	 046	 249	36.6	 24 	 -1 	100%	 5.2	    	    	    	    	    	    	    	    	    	    
[2026-02-02 13:41:17.112]  14:00:24	7.32	 046	 251	36.6	 24 	 -1 	100%	 5.1	    	    	    	    	    	    	    	    	    	    
[2026-02-02 13:41:23.086]  14:00:30	7.33	 046	 253	36.6	 24 	 -1 	100%	 5.1	    	    	    	    	    	    	    	    	    	    
[2026-02-02 13:41:29.063]  14:00:36	7.33	 046	 255	36.6	 24 	 -1 	100%	 5.1	    	    	    	    	    	    	    	    	    	    
[2026-02-02 13:41:35.049]  14:00:42	7.33	 046	 256	36.6	 24 	 -1 	100%	 5.1	    	    	    	    	    	    	    	    	    	    
[2026-02-02 13:41:41.015]  14:00:48	7.33	 046	 257	36.6	 24 	 -1 	100%	 5.1	    	    	    	    	    	    	    	    	    	    
[2026-02-02 13:41:46.991]  14:00:54	7.32	 046	 256	36.6	 24 	 -1 	100%	 5.1	    	    	    	    	    	    	    	    	    	    
[2026-02-02 13:41:52.972]  14:01:00	7.32	 046	 255	36.6	 24 	 -1 	100%	 5.2	    	    	    	    	    	    	    	    	    	    
[2026-02-02 13:41:58.946]  14:01:06	7.32	 046	 254	36.6	 24 	 -1 	100%	 5.2	    	    	    	    	    	    	    	    	    	    
[2026-02-02 13:42:04.924]  14:01:12	7.32	 046	 254	36.6	 24 	 -1 	100%	 5.2	    	    	    	    	    	    	    	    	    	    
[2026-02-02 13:42:10.898]  14:01:18	7.32	 047	 253	36.6	 24 	 -1 	100%	 5.2	    	    	    	    	    	    	    	    	    	    
[2026-02-02 13:42:16.877]  14:01:24	7.32	 047	 252	36.6	 24 	 -1 	100%	 5.2	    	    	    	    	    	    	    	    	    	    
[2026-02-02 13:42:22.850]  14:01:30	7.32	 047	 251	36.6	 24 	 -1 	100%	 5.2	    	    	    	    	    	    	    	    	    	    
[2026-02-02 13:42:28.825]  14:01:36	7.32	 047	 249	36.6	 24 	 -1 	100%	 5.2	    	    	    	    	    	    	    	    	    	    
[2026-02-02 13:42:34.814]  14:01:42	7.32	 047	 248	36.6	 24 	 -1 	100%	 5.2	    	    	    	    	    	    	    	    	    	    
[2026-02-02 13:42:40.816]  14:01:48	7.32	 047	 247	36.6	 24 	 -1 	100%	 5.2	    	    	    	    	    	    	    	    	    	    
[2026-02-02 13:42:46.755]  14:01:54	7.32	 047	 246	36.6	 24 	 -1 	100%	 5.2	    	    	    	    	    	    	    	    	    	    
[2026-02-02 13:42:52.731]  14:02:00	7.32	 047	 245	36.6	 24 	 -1 	100%	 5.2	    	    	    	    	    	    	    	    	    	    
[2026-02-02 13:42:58.719]  14:02:05	7.32	 047	 243	36.6	 24 	 -1 	100%	 5.2	    	    	    	    	    	    	    	    	    	    
[2026-02-02 13:43:04.687]  14:02:11	7.32	 047	 242	36.6	 24 	 -1 	100%	 5.2	    	    	    	    	    	    	    	    	    	    
[2026-02-02 13:43:10.660]  14:02:17	7.32	 047	 240	36.6	 24 	 -1 	100%	 5.2	    	    	    	    	    	    	    	    	    	    
[2026-02-02 13:43:16.637]  14:02:23	7.32	 047	 239	36.6	 24 	 -1 	100%	 5.2	    	    	    	    	    	    	    	    	    	    
[2026-02-02 13:43:22.615]  14:02:29	7.32	 047	 238	36.6	 24 	 -1 	100%	 5.2	    	    	    	    	    	    	    	    	    	    
[2026-02-02 13:43:28.589]  14:02:35	7.32	 047	 237	36.6	 24 	 -1 	100%	 5.2	    	    	    	    	    	    	    	    	    	    
[2026-02-02 13:43:34.577]  14:02:41	7.32	 047	 235	36.6	 24 	 -1 	100%	 5.3	    	    	    	    	    	    	    	    	    	    
[2026-02-02 13:43:40.554]  14:02:47	7.32	 047	 234	36.6	 24 	 -1 	100%	 5.3	    	    	    	    	    	    	    	    	    	    
[2026-02-02 13:43:46.519]  14:02:53	7.32	 047	 232	36.6	 24 	 -1 	100%	 5.2	    	    	    	    	    	    	    	    	    	    
[2026-02-02 13:43:52.496]  14:02:59	7.31	 048	 230	36.6	 25 	 -1 	100%	 5.2	    	    	    	    	    	    	    	    	    	    
[2026-02-02 13:43:58.471]  14:03:05	7.31	 048	 227	36.6	 25 	 -1 	100%	 5.2	    	    	    	    	    	    	    	    	    	    
[2026-02-02 13:44:04.450]  14:03:11	7.31	 048	 224	36.6	 25 	 -1 	100%	 5.2	    	    	    	    	    	    	    	    	    	    
[2026-02-02 13:44:10.424]  14:03:17	7.31	 049	 221	36.6	 25 	 -1 	100%	 5.2	    	    	    	    	    	    	    	    	    	    
[2026-02-02 13:44:16.400]  14:03:23	7.31	 049	 217	36.6	 25 	 -1 	100%	 5.3	    	    	    	    	    	    	    	    	    	    
[2026-02-02 13:44:22.373]  14:03:29	7.30	 049	 213	36.6	 25 	 -1 	 99%	 5.3	    	    	    	    	    	    	    	    	    	    
[2026-02-02 13:44:28.348]  14:03:35	7.30	 049	 208	36.6	 25 	 -1 	 99%	 5.3	    	    	    	    	    	    	    	    	    	    
[2026-02-02 13:44:34.338]  14:03:41	7.30	 050	 205	36.6	 25 	 -1 	 99%	 5.3	    	    	    	    	    	    	    	    	    	    
[2026-02-02 13:44:40.301]  14:03:46	7.30	 050	 202	36.6	 25 	 -1 	 99%	 5.3	    	    	    	    	    	    	    	    	    	    
[2026-02-02 13:44:46.282]  14:03:52	7.30	 050	 199	36.6	 25 	 -1 	 99%	 5.3	    	    	    	    	    	    	    	    	    	    
[2026-02-02 13:44:52.267]  14:03:58	7.30	 050	 196	36.6	 25 	 -1 	 99%	 5.2	    	    	    	    	    	    	    	    	    	    
[2026-02-02 13:44:58.231]  14:04:04	7.30	 050	 191	36.6	 25 	 -1 	 99%	 5.2	    	    	    	    	    	    	    	    	    	    
[2026-02-02 13:45:04.249]  14:04:10	7.30	 050	 185	36.6	 25 	 -1 	 99%	 5.2	    	    	    	    	    	    	    	    	    	    
[2026-02-02 13:45:10.175]          	    	ARTERIAL 	 	  	    	    	    	    	    	    	    	  	    VENOUS
[2026-02-02 13:45:10.198]   Time   	 pH 	 CO2	  O2	TEMP	HCO3	 BE 	cSO2	 K+ 	 VO2	  Q 	 BSA	 pH 	 CO2	  O2	TEMP	 SO2	 HCT	 HGB
[2026-02-02 13:45:10.225] 
[2026-02-02 13:45:10.225]  14:04:16	7.30	 050	 182	36.6	 25 	 -1 	 99%	 5.3	    	    	    	    	    	    	    	    	    	    
[2026-02-02 13:45:16.159]  14:04:22	7.30	 050	 178	36.6	 25 	 -1 	 99%	 5.3	    	    	    	    	    	    	    	    	    	    
[2026-02-02 13:45:22.149]  14:04:28	7.28	 051	 176	36.7	 24 	 -2 	 99%	 5.4	    	    	    	    	    	    	    	    	    	    
[2026-02-02 13:45:28.114]  14:04:34	7.28	 051	 175	36.6	 24 	 -2 	 99%	 5.3	    	    	    	    	    	    	    	    	    	    
[2026-02-02 13:45:34.102]  14:04:40	7.28	 051	 173	36.6	 24 	 -2 	 99%	 5.3	    	    	    	    	    	    	    	    	    	    
[2026-02-02 13:45:40.066]  14:04:46	7.28	 051	 172	36.6	 24 	 -2 	 99%	 5.3	    	    	    	    	    	    	    	    	    	    
[2026-02-02 13:45:46.044]  14:04:52	7.28	 051	 170	36.6	 24 	 -2 	 99%	 5.3	    	    	    	    	    	    	    	    	    	    
[2026-02-02 13:45:52.022]  14:04:58	7.28	 051	 168	36.6	 24 	 -2 	 99%	 5.3	    	    	    	    	    	    	    	    	    	    
[2026-02-02 13:45:57.998]  14:05:04	7.28	 051	 165	36.6	 24 	 -2 	 99%	 5.4	    	    	    	    	    	    	    	    	    	    
[2026-02-02 13:46:03.975]  14:05:10	7.28	 051	 163	36.6	 24 	 -2 	 99%	 5.4	    	    	    	    	    	    	    	    	    	    
[2026-02-02 13:46:09.949]  14:05:16	7.28	 051	 161	36.6	 24 	 -2 	 99%	 5.3	    	    	    	    	    	    	    	    	    	    
[2026-02-02 13:46:15.924]  14:05:22	7.28	 051	 160	36.6	 24 	 -2 	 99%	 5.3	    	    	    	    	    	    	    	    	    	    
[2026-02-02 13:46:21.902]  14:05:28	7.28	 051	 159	36.6	 24 	 -2 	 99%	 5.3	    	    	    	    	    	    	    	    	    	    
[2026-02-02 13:46:27.877]  14:05:34	7.28	 051	 160	36.6	 24 	 -2 	 99%	 5.3	    	    	    	    	    	    	    	    	    	    
[2026-02-02 13:46:33.863]  14:05:40	7.28	 051	 160	36.6	 24 	 -2 	 99%	 5.3	    	    	    	    	    	    	    	    	    	    
[2026-02-02 13:46:39.830]  14:05:46	7.28	 051	 159	36.6	 24 	 -2 	 99%	 5.4	    	    	    	    	    	    	    	    	    	    
[2026-02-02 13:46:45.808]  14:05:52	7.28	 051	 159	36.6	 24 	 -2 	 99%	 5.4	    	    	    	    	    	    	    	    	    	    
[2026-02-02 13:46:51.786]  14:05:58	7.28	 051	 158	36.6	 24 	 -2 	 99%	 5.3	    	    	    	    	    	    	    	    	    	    
[2026-02-02 13:46:57.760]  14:06:04	7.28	 051	 157	36.6	 24 	 -2 	 99%	 5.3	    	    	    	    	    	    	    	    	    	    
[2026-02-02 13:47:03.738]  14:06:10	7.28	 051	 156	36.6	 24 	 -2 	 99%	 5.3	    	    	    	    	    	    	    	    	    	    
[2026-02-02 13:47:09.712]  14:06:16	7.28	 051	 156	36.7	 24 	 -2 	 99%	 5.4	    	    	    	    	    	    	    	    	    	    
[2026-02-02 13:47:15.691]  14:06:22	7.28	 051	 155	36.7	 24 	 -2 	 99%	 5.4	    	    	    	    	    	    	    	    	    	    
[2026-02-02 13:47:21.664]  14:06:28	7.28	 051	 155	36.7	 24 	 -2 	 99%	 5.4	    	    	    	    	    	    	    	    	    	    
[2026-02-02 13:47:27.640]  14:06:34	7.28	 051	 156	36.7	 24 	 -2 	 99%	 5.4	    	    	    	    	    	    	    	    	    	    
[2026-02-02 13:47:33.628]  14:06:40	7.28	 051	 155	36.6	 24 	 -2 	 99%	 5.4	    	    	    	    	    	    	    	    	    	    
[2026-02-02 13:47:39.594]  14:06:46	7.28	 051	 154	36.6	 24 	 -2 	 99%	 5.3	    	    	    	    	    	    	    	    	    	    
[2026-02-02 13:47:45.570]  14:06:52	7.28	 051	 154	36.6	 24 	 -2 	 99%	 5.3	    	    	    	    	    	    	    	    	    	    
[2026-02-02 13:47:51.557]  14:06:58	7.28	 051	 154	36.6	 24 	 -2 	 99%	 5.3	    	    	    	    	    	    	    	    	    	    
[2026-02-02 13:47:57.524]  14:07:04	7.28	 051	 154	36.6	 24 	 -2 	 99%	 5.3	    	    	    	    	    	    	    	    	    	    
[2026-02-02 13:48:03.502]  14:07:10	7.28	 051	 154	36.6	 24 	 -2 	 99%	 5.3	    	    	    	    	    	    	    	    	    	    
[2026-02-02 13:48:09.477]  14:07:16	7.28	 052	 153	36.6	 24 	 -2 	 99%	 5.4	    	    	    	    	    	    	    	    	    	    
[2026-02-02 13:48:15.452]  14:07:22	7.28	 052	 153	36.7	 24 	 -2 	 99%	 5.4	    	    	    	    	    	    	    	    	    	    
[2026-02-02 13:48:21.429]  14:07:28	7.28	 052	 152	36.6	 24 	 -2 	 99%	 5.4	    	    	    	    	    	    	    	    	    	    
[2026-02-02 13:48:27.404]  14:07:34	7.28	 052	 152	36.6	 24 	 -2 	 99%	 5.4	    	    	    	    	    	    	    	    	    	    
[2026-02-02 13:48:33.391]  14:07:40	7.28	 052	 151	36.6	 24 	 -2 	 99%	 5.3	    	    	    	    	    	    	    	    	    	    
[2026-02-02 13:48:39.364]  14:07:46	7.27	 052	 150	36.6	 24 	 -2 	 99%	 5.3	    	    	    	    	    	    	    	    	    	    
[2026-02-02 13:48:45.334]  14:07:52	7.27	 052	 149	36.6	 24 	 -2 	 99%	 5.3	    	    	    	    	    	    	    	    	    	    
[2026-02-02 13:48:51.312]  14:07:57	7.27	 052	 148	36.6	 24 	 -2 	 99%	 5.3	    	    	    	    	    	    	    	    	    	    
[2026-02-02 13:48:57.286]  14:08:03	7.27	 052	 148	36.6	 24 	 -2 	 99%	 5.4	    	    	    	    	    	    	    	    	    	    
[2026-02-02 13:49:03.278]  14:08:09	7.27	 052	 148	36.6	 24 	 -2 	 99%	 5.4	    	    	    	    	    	    	    	    	    	    
[2026-02-02 13:49:09.238]  14:08:15	7.27	 052	 147	36.6	 24 	 -2 	 99%	 5.4	    	    	    	    	    	    	    	    	    	    
[2026-02-02 13:49:15.216]  14:08:21	7.27	 052	 146	36.6	 24 	 -2 	 99%	 5.3	    	    	    	    	    	    	    	    	    	    
[2026-02-02 13:49:21.193]  14:08:27	7.27	 052	 145	36.6	 24 	 -2 	 99%	 5.3	    	    	    	    	    	    	    	    	    	    
[2026-02-02 13:49:27.167]  14:08:33	7.27	 052	 145	36.6	 24 	 -2 	 99%	 5.3	    	    	    	    	    	    	    	    	    	    
[2026-02-02 13:49:33.157]  14:08:39	7.27	 052	 145	36.6	 24 	 -2 	 99%	 5.3	    	    	    	    	    	    	    	    	    	    
[2026-02-02 13:49:39.121]  14:08:45	7.27	 052	 145	36.6	 24 	 -2 	 99%	 5.3	    	    	    	    	    	    	    	    	    	    
[2026-02-02 13:49:45.099]  14:08:51	7.27	 052	 144	36.6	 24 	 -2 	 99%	 5.4	    	    	    	    	    	    	    	    	    	    
[2026-02-02 13:49:51.073]  14:08:57	7.27	 052	 144	36.6	 24 	 -2 	 99%	 5.4	    	    	    	    	    	    	    	    	    	    
[2026-02-02 13:49:57.050]  14:09:04	7.27	 052	 143	36.6	 24 	 -2 	 99%	 5.4	    	    	    	    	    	    	    	    	    	    
[2026-02-02 13:50:03.066]  14:09:10	7.27	 052	 143	36.7	 24 	 -2 	 99%	 5.4	    	    	    	    	    	    	    	    	    	    
[2026-02-02 13:50:08.996]          	    	ARTERIAL 	 	  	    	    	    	    	    	    	    	  	    VENOUS
[2026-02-02 13:50:09.017]   Time   	 pH 	 CO2	  O2	TEMP	HCO3	 BE 	cSO2	 K+ 	 VO2	  Q 	 BSA	 pH 	 CO2	  O2	TEMP	 SO2	 HCT	 HGB
[2026-02-02 13:50:09.045] 
[2026-02-02 13:50:09.045]  14:09:16	7.27	 052	 143	36.7	 24 	 -2 	 99%	 5.4	    	    	    	    	    	    	    	    	    	    
[2026-02-02 13:50:14.978]  14:09:22	7.27	 052	 142	36.7	 24 	 -2 	 99%	 5.3	    	    	    	    	    	    	    	    	    	    
[2026-02-02 13:50:20.956]  14:09:28	7.27	 052	 142	36.6	 24 	 -2 	 99%	 5.3	    	    	    	    	    	    	    	    	    	    
[2026-02-02 13:50:26.931]  14:09:34	7.27	 052	 141	36.6	 24 	 -2 	 99%	 5.3	    	    	    	    	    	    	    	    	    	    
[2026-02-02 13:50:32.921]  14:09:39	7.27	 052	 141	36.6	 24 	 -2 	 99%	 5.3	    	    	    	    	    	    	    	    	    	    
[2026-02-02 13:50:38.884]  14:09:45	7.27	 052	 141	36.6	 24 	 -2 	 98%	 5.3	    	    	    	    	    	    	    	    	    	    
[2026-02-02 13:50:44.872]  14:09:51	7.27	 052	 141	36.6	 24 	 -2 	 99%	 5.3	    	    	    	    	    	    	    	    	    	    
[2026-02-02 13:50:50.837]  14:09:57	7.27	 052	 141	36.6	 24 	 -2 	 98%	 5.3	    	    	    	    	    	    	    	    	    	    
[2026-02-02 13:50:56.813]  14:10:03	7.27	 052	 140	36.6	 24 	 -2 	 98%	 5.3	    	    	    	    	    	    	    	    	    	    
[2026-02-02 13:51:02.795]  14:10:09	7.27	 052	 140	36.7	 24 	 -2 	 98%	 5.4	    	    	    	    	    	    	    	    	    	    
[2026-02-02 13:51:08.767]  14:10:15	7.27	 052	 140	36.7	 24 	 -2 	 98%	 5.3	    	    	    	    	    	    	    	    	    	    
[2026-02-02 13:51:14.742]  14:10:21	7.27	 052	 139	36.7	 24 	 -2 	 98%	 5.3	    	    	    	    	    	    	    	    	    	    
[2026-02-02 13:51:20.719]  14:10:27	7.27	 052	 139	36.6	 24 	 -2 	 98%	 5.3	    	    	    	    	    	    	    	    	    	    
[2026-02-02 13:51:26.700]  14:10:33	7.27	 052	 138	36.6	 24 	 -2 	 98%	 5.4	    	    	    	    	    	    	    	    	    	    
[2026-02-02 13:51:32.684]  14:10:39	7.27	 052	 138	36.6	 24 	 -2 	 98%	 5.3	    	    	    	    	    	    	    	    	    	    
[2026-02-02 13:51:38.648]  14:10:45	7.27	 052	 138	36.6	 24 	 -2 	 98%	 5.3	    	    	    	    	    	    	    	    	    	    
[2026-02-02 13:51:44.629]  14:10:51	7.27	 052	 138	36.6	 24 	 -2 	 98%	 5.3	    	    	    	    	    	    	    	    	    	    
[2026-02-02 13:51:50.601]  14:10:57	7.27	 052	 138	36.6	 24 	 -2 	 98%	 5.4	    	    	    	    	    	    	    	    	    	    
[2026-02-02 13:51:56.578]  14:11:03	7.27	 052	 138	36.7	 24 	 -2 	 98%	 5.3	    	    	    	    	    	    	    	    	    	    
[2026-02-02 13:52:02.557]  14:11:09	7.27	 052	 137	36.7	 24 	 -2 	 98%	 5.3	    	    	    	    	    	    	    	    	    	    
[2026-02-02 13:52:08.532]  14:11:15	7.27	 053	 137	36.7	 24 	 -2 	 98%	 5.3	    	    	    	    	    	    	    	    	    	    
[2026-02-02 13:52:14.507]  14:11:21	7.27	 052	 137	36.6	 24 	 -2 	 98%	 5.3	    	    	    	    	    	    	    	    	    	    
[2026-02-02 13:52:20.493]  14:11:27	7.27	 053	 137	36.6	 24 	 -2 	 98%	 5.3	    	    	    	    	    	    	    	    	    	    
[2026-02-02 13:52:26.498]  14:11:33	7.27	 053	 137	36.6	 24 	 -2 	 98%	 5.4	    	    	    	    	    	    	    	    	    	    
[2026-02-02 13:52:32.446]  14:11:39	7.27	 053	 136	36.6	 24 	 -2 	 98%	 5.3	    	    	    	    	    	    	    	    	    	    
[2026-02-02 13:52:38.412]  14:11:45	7.27	 053	 136	36.6	 24 	 -2 	 98%	 5.3	    	    	    	    	    	    	    	    	    	    
[2026-02-02 13:52:44.388]  14:11:51	7.27	 053	 136	36.6	 24 	 -2 	 98%	 5.4	    	    	    	    	    	    	    	    	    	    
[2026-02-02 13:52:50.368]  14:11:57	7.27	 053	 136	36.6	 24 	 -2 	 98%	 5.4	    	    	    	    	    	    	    	    	    	    
[2026-02-02 13:52:56.341]  14:12:03	7.27	 053	 136	36.7	 24 	 -2 	 98%	 5.3	    	    	    	    	    	    	    	    	    	    
[2026-02-02 13:53:02.332]  14:12:09	7.27	 053	 135	36.7	 24 	 -2 	 98%	 5.3	    	    	    	    	    	    	    	    	    	    
[2026-02-02 13:53:08.294]  14:12:15	7.27	 053	 135	36.7	 24 	 -2 	 98%	 5.4	    	    	    	    	    	    	    	    	    	    
[2026-02-02 13:53:14.271]  14:12:21	7.27	 053	 135	36.6	 24 	 -2 	 98%	 5.4	    	    	    	    	    	    	    	    	    	    
[2026-02-02 13:53:20.248]  14:12:27	7.27	 053	 135	36.6	 24 	 -2 	 98%	 5.4	    	    	    	    	    	    	    	    	    	    
[2026-02-02 13:53:26.223]  14:12:33	7.27	 053	 134	36.6	 24 	 -2 	 98%	 5.3	    	    	    	    	    	    	    	    	    	    
[2026-02-02 13:53:32.221]  14:12:39	7.27	 053	 134	36.6	 24 	 -2 	 98%	 5.3	    	    	    	    	    	    	    	    	    	    
[2026-02-02 13:53:38.177]  14:12:45	7.27	 053	 134	36.7	 24 	 -2 	 98%	 5.4	    	    	    	    	    	    	    	    	    	    
[2026-02-02 13:53:44.152]  14:12:51	7.27	 053	 134	36.7	 24 	 -2 	 98%	 5.4	    	    	    	    	    	    	    	    	    	    
[2026-02-02 13:53:50.128]  14:12:57	7.27	 053	 133	36.7	 24 	 -2 	 98%	 5.4	    	    	    	    	    	    	    	    	    	    
[2026-02-02 13:53:56.105]  14:13:03	7.27	 053	 133	36.7	 24 	 -2 	 98%	 5.3	    	    	    	    	    	    	    	    	    	    
[2026-02-02 13:54:02.084]  14:13:09	7.27	 053	 133	36.7	 24 	 -2 	 98%	 5.3	    	    	    	    	    	    	    	    	    	    
[2026-02-02 13:54:08.057]  14:13:15	7.27	 053	 133	36.7	 24 	 -2 	 98%	 5.4	    	    	    	    	    	    	    	    	    	    
[2026-02-02 13:54:14.034]  14:13:21	7.27	 053	 132	36.6	 24 	 -2 	 98%	 5.4	    	    	    	    	    	    	    	    	    	    
[2026-02-02 13:54:20.012]  14:13:27	7.26	 053	 132	36.6	 24 	 -2 	 98%	 5.4	    	    	    	    	    	    	    	    	    	    
[2026-02-02 13:54:25.996]  14:13:33	7.26	 053	 132	36.6	 24 	 -2 	 98%	 5.4	    	    	    	    	    	    	    	    	    	    
[2026-02-02 13:54:32.013]  14:13:39	7.27	 053	 131	36.6	 24 	 -2 	 98%	 5.4	    	    	    	    	    	    	    	    	    	    
[2026-02-02 13:54:37.940]  14:13:45	7.26	 053	 131	36.7	 24 	 -2 	 98%	 5.4	    	    	    	    	    	    	    	    	    	    
[2026-02-02 13:54:43.918]  14:13:50	7.26	 053	 131	36.7	 24 	 -2 	 98%	 5.4	    	    	    	    	    	    	    	    	    	    
[2026-02-02 13:54:49.892]  14:13:56	7.26	 053	 131	36.7	 24 	 -2 	 98%	 5.4	    	    	    	    	    	    	    	    	    	    
[2026-02-02 13:54:55.869]  14:14:02	7.26	 053	 131	36.7	 24 	 -2 	 98%	 5.4	    	    	    	    	    	    	    	    	    	    
[2026-02-02 13:55:01.201] S14:14:02	7.26	 053	 131	36.7	 24 	 -2 	 98%	 5.4	    	    	    	    	    	    	    	    	    	    
[2026-02-02 13:55:01.842]          	    	ARTERIAL 	 	  	    	    	    	    	    	    	    	  	    VENOUS
[2026-02-02 13:55:01.864]   Time   	 pH 	 CO2	  O2	TEMP	HCO3	 BE 	cSO2	 K+ 	 VO2	  Q 	 BSA	 pH 	 CO2	  O2	TEMP	 SO2	 HCT	 HGB
[2026-02-02 13:55:01.890] 
[2026-02-02 13:55:01.892]  14:14:08	7.26	 053	 131	36.7	 24 	 -2 	 98%	 5.3	    	    	    	    	    	    	    	    	    	    
[2026-02-02 13:55:07.643]  14:14:14	7.26	 053	 131	36.7	 24 	 -2 	 98%	 5.4	    	    	    	    	    	    	    	    	    	    
[2026-02-02 13:55:13.621]  14:14:20	7.26	 053	 130	36.6	 24 	 -2 	 98%	 5.4	    	    	    	    	    	    	    	    	    	    
[2026-02-02 13:55:19.596]  14:14:27	7.26	 053	 129	36.6	 24 	 -2 	 98%	 5.4	    	    	    	    	    	    	    	    	    	    
[2026-02-02 13:55:25.573]  14:14:33	7.26	 053	 129	36.7	 24 	 -2 	 98%	 5.4	    	    	    	    	    	    	    	    	    	    
[2026-02-02 13:55:31.559]  14:14:39	7.26	 053	 129	36.7	 24 	 -2 	 98%	 5.4	    	    	    	    	    	    	    	    	    	    
[2026-02-02 13:55:37.526]  14:14:44	7.26	 053	 129	36.7	 24 	 -2 	 98%	 5.4	    	    	    	    	    	    	    	    	    	    
[2026-02-02 13:55:43.501]  14:14:50	7.26	 053	 129	36.7	 24 	 -2 	 98%	 5.4	    	    	    	    	    	    	    	    	    	    
[2026-02-02 13:55:48.682] Recalibration Adjustment
[2026-02-02 13:55:48.690] o14:14:55	7.25	 055	 154	36.7	 24 	 -2 	 98%	 5.3	    	    	    	    	    	    	    	    	    	    
[2026-02-02 13:55:49.669]  14:14:56	7.25	 055	 151	36.7	 24 	 -2 	 99%	 5.3	    	    	    	    	    	    	    	    	    	    
[2026-02-02 13:55:55.645]  14:15:02	7.25	 055	 151	36.7	 24 	 -2 	 99%	 5.4	    	    	    	    	    	    	    	    	    	    
[2026-02-02 13:56:01.612]  14:15:08	7.25	 055	 151	36.7	 24 	 -2 	 99%	 5.4	    	    	    	    	    	    	    	    	    	    
[2026-02-02 13:56:07.585]  14:15:14	7.25	 055	 151	36.7	 24 	 -2 	 99%	 5.3	    	    	    	    	    	    	    	    	    	    
[2026-02-02 13:56:13.562]  14:15:20	7.25	 055	 151	36.7	 24 	 -2 	 99%	 5.3	    	    	    	    	    	    	    	    	    	    
[2026-02-02 13:56:19.536]  14:15:26	7.25	 056	 149	36.7	 24 	 -2 	 99%	 5.3	    	    	    	    	    	    	    	    	    	    
[2026-02-02 13:56:25.514]  14:15:32	7.24	 057	 144	36.7	 25 	 -2 	 98%	 5.4	    	    	    	    	    	    	    	    	    	    
[2026-02-02 13:56:31.510]  14:15:38	7.23	 058	 136	36.7	 25 	 -2 	 98%	 5.4	    	    	    	    	    	    	    	    	    	    
[2026-02-02 13:56:37.466]  14:15:44	7.23	 059	 131	36.7	 25 	 -2 	 98%	 5.3	    	    	    	    	    	    	    	    	    	    
[2026-02-02 13:56:43.443]  14:15:50	7.23	 059	 132	36.7	 25 	 -2 	 98%	 5.3	    	    	    	    	    	    	    	    	    	    
[2026-02-02 13:56:49.419]  14:15:56	7.23	 060	 134	36.7	 25 	 -2 	 98%	 5.3	    	    	    	    	    	    	    	    	    	    
[2026-02-02 13:56:55.395]  14:16:02	7.22	 062	 128	36.7	 25 	 -2 	 98%	 5.3	    	    	    	    	    	    	    	    	    	    
[2026-02-02 13:57:01.385]  14:16:08	7.21	 062	 119	36.7	 25 	 -2 	 97%	 5.4	    	    	    	    	    	    	    	    	    	    
[2026-02-02 13:57:07.349]  14:16:14	7.22	 062	 113	36.7	 25 	 -2 	 97%	 5.4	    	    	    	    	    	    	    	    	    	    
[2026-02-02 13:57:13.337]  14:16:20	7.22	 061	 111	36.7	 25 	 -2 	 97%	 5.4	    	    	    	    	    	    	    	    	    	    
[2026-02-02 13:57:19.304]  14:16:26	7.22	 061	 109	36.7	 25 	 -2 	 97%	 5.4	    	    	    	    	    	    	    	    	    	    
[2026-02-02 13:57:25.281]  14:16:32	7.22	 060	 108	36.7	 25 	 -2 	 97%	 5.3	    	    	    	    	    	    	    	    	    	    
[2026-02-02 13:57:31.268]  14:16:38	7.22	 060	 108	36.7	 25 	 -2 	 97%	 5.3	    	    	    	    	    	    	    	    	    	    
[2026-02-02 13:57:37.232]  14:16:44	7.22	 059	 107	36.7	 25 	 -2 	 97%	 5.3	    	    	    	    	    	    	    	    	    	    
[2026-02-02 13:57:43.209]  14:16:50	7.23	 059	 107	36.7	 25 	 -2 	 97%	 5.3	    	    	    	    	    	    	    	    	    	    
[2026-02-02 13:57:49.185]  14:16:56	7.23	 059	 107	36.7	 25 	 -2 	 97%	 5.3	    	    	    	    	    	    	    	    	    	    
[2026-02-02 13:57:55.161]  14:17:02	7.23	 059	 107	36.7	 25 	 -2 	 97%	 5.4	    	    	    	    	    	    	    	    	    	    
[2026-02-02 13:58:01.143]  14:17:08	7.23	 059	 107	36.7	 25 	 -2 	 97%	 5.4	    	    	    	    	    	    	    	    	    	    
[2026-02-02 13:58:07.115]  14:17:14	7.23	 059	 107	36.7	 25 	 -2 	 97%	 5.4	    	    	    	    	    	    	    	    	    	    
[2026-02-02 13:58:13.091]  14:17:20	7.23	 059	 108	36.7	 25 	 -2 	 97%	 5.4	    	    	    	    	    	    	    	    	    	    
[2026-02-02 13:58:19.067]  14:17:26	7.23	 059	 108	36.7	 25 	 -2 	 97%	 5.4	    	    	    	    	    	    	    	    	    	    
[2026-02-02 13:58:25.046]  14:17:32	7.23	 058	 108	36.7	 25 	 -2 	 97%	 5.3	    	    	    	    	    	    	    	    	    	    
[2026-02-02 13:58:31.032]  14:17:38	7.23	 058	 109	36.7	 25 	 -2 	 97%	 5.3	    	    	    	    	    	    	    	    	    	    
[2026-02-02 13:58:37.008]  14:17:44	7.23	 058	 109	36.7	 25 	 -2 	 97%	 5.3	    	    	    	    	    	    	    	    	    	    
[2026-02-02 13:58:42.972]  14:17:50	7.23	 058	 109	36.7	 25 	 -2 	 97%	 5.3	    	    	    	    	    	    	    	    	    	    
[2026-02-02 13:58:48.951]  14:17:56	7.23	 058	 109	36.7	 25 	 -2 	 97%	 5.3	    	    	    	    	    	    	    	    	    	    
[2026-02-02 13:58:54.925]  14:18:02	7.23	 058	 110	36.7	 25 	 -2 	 97%	 5.3	    	    	    	    	    	    	    	    	    	    
[2026-02-02 13:59:00.907]  14:18:08	7.23	 058	 110	36.7	 25 	 -2 	 97%	 5.3	    	    	    	    	    	    	    	    	    	    
[2026-02-02 13:59:06.874]  14:18:14	7.23	 058	 110	36.7	 25 	 -2 	 97%	 5.4	    	    	    	    	    	    	    	    	    	    
[2026-02-02 13:59:12.853]  14:18:20	7.23	 058	 110	36.7	 25 	 -2 	 97%	 5.4	    	    	    	    	    	    	    	    	    	    
[2026-02-02 13:59:18.834]  14:18:26	7.23	 059	 112	36.7	 25 	 -2 	 97%	 5.4	    	    	    	    	    	    	    	    	    	    
[2026-02-02 13:59:24.803]  14:18:32	7.22	 060	 112	36.7	 25 	 -2 	 97%	 5.4	    	    	    	    	    	    	    	    	    	    
[2026-02-02 13:59:30.795]  14:18:38	7.22	 059	 118	36.6	 25 	 -2 	 97%	 5.4	    	    	    	    	    	    	    	    	    	    
[2026-02-02 13:59:36.761]  14:18:44	7.23	 059	 136	36.6	 25 	 -2 	 98%	 5.4	    	    	    	    	    	    	    	    	    	    
[2026-02-02 13:59:42.733]  14:18:50	7.23	 058	 162	36.6	 25 	 -2 	 99%	 5.4	    	    	    	    	    	    	    	    	    	    
[2026-02-02 13:59:48.710]  14:18:55	7.22	 060	 176	36.7	 25 	 -2 	 99%	 5.4	    	    	    	    	    	    	    	    	    	    
[2026-02-02 13:59:54.678]          	    	ARTERIAL 	 	  	    	    	    	    	    	    	    	  	    VENOUS
[2026-02-02 13:59:54.700]   Time   	 pH 	 CO2	  O2	TEMP	HCO3	 BE 	cSO2	 K+ 	 VO2	  Q 	 BSA	 pH 	 CO2	  O2	TEMP	 SO2	 HCT	 HGB
[2026-02-02 13:59:54.725] 
[2026-02-02 13:59:54.725]  14:19:01	7.21	 061	 170	36.7	 25 	 -2 	 99%	 5.4	    	    	    	    	    	    	    	    	    	    
[2026-02-02 14:00:00.665]  14:19:07	7.22	 061	 155	36.7	 25 	 -2 	 99%	 5.4	    	    	    	    	    	    	    	    	    	    
[2026-02-02 14:00:06.638]  14:19:13	7.22	 061	 143	36.7	 25 	 -2 	 98%	 5.4	    	    	    	    	    	    	    	    	    	    
[2026-02-02 14:00:12.616]  14:19:19	7.22	 060	 135	36.7	 25 	 -2 	 98%	 5.3	    	    	    	    	    	    	    	    	    	    
[2026-02-02 14:00:18.605]  14:19:25	7.22	 059	 130	36.7	 25 	 -2 	 98%	 5.3	    	    	    	    	    	    	    	    	    	    
[2026-02-02 14:00:24.568]  14:19:31	7.23	 059	 126	36.7	 25 	 -3 	 98%	 5.3	    	    	    	    	    	    	    	    	    	    
[2026-02-02 14:00:30.553]  14:19:37	7.23	 058	 123	36.7	 25 	 -3 	 98%	 5.4	    	    	    	    	    	    	    	    	    	    
[2026-02-02 14:00:36.521]  14:19:43	7.23	 058	 121	36.7	 24 	 -3 	 97%	 5.4	    	    	    	    	    	    	    	    	    	    
[2026-02-02 14:00:42.497]  14:19:49	7.23	 058	 119	36.7	 24 	 -3 	 97%	 5.4	    	    	    	    	    	    	    	    	    	    
[2026-02-02 14:00:48.473]  14:19:55	7.23	 057	 118	36.7	 24 	 -3 	 97%	 5.3	    	    	    	    	    	    	    	    	    	    
[2026-02-02 14:00:54.448]  14:20:01	7.23	 057	 117	36.7	 24 	 -3 	 97%	 5.4	    	    	    	    	    	    	    	    	    	    
[2026-02-02 14:01:00.441]  14:20:07	7.23	 057	 117	36.7	 24 	 -3 	 97%	 5.4	    	    	    	    	    	    	    	    	    	    
[2026-02-02 14:01:06.402]  14:20:13	7.24	 057	 117	36.7	 24 	 -3 	 97%	 5.4	    	    	    	    	    	    	    	    	    	    
[2026-02-02 14:01:12.378]  14:20:19	7.24	 057	 117	36.7	 24 	 -3 	 97%	 5.4	    	    	    	    	    	    	    	    	    	    
[2026-02-02 14:01:18.357]  14:20:25	7.24	 057	 117	36.7	 24 	 -3 	 97%	 5.3	    	    	    	    	    	    	    	    	    	    
[2026-02-02 14:01:24.331]  14:20:31	7.24	 056	 117	36.7	 24 	 -3 	 97%	 5.3	    	    	    	    	    	    	    	    	    	    
[2026-02-02 14:01:30.333]  14:20:37	7.24	 056	 117	36.7	 24 	 -3 	 97%	 5.4	    	    	    	    	    	    	    	    	    	    
[2026-02-02 14:01:36.287]  14:20:42	7.24	 056	 117	36.7	 24 	 -3 	 97%	 5.4	    	    	    	    	    	    	    	    	    	    
[2026-02-02 14:01:42.261]  14:20:48	7.24	 056	 118	36.7	 24 	 -3 	 97%	 5.4	    	    	    	    	    	    	    	    	    	    
[2026-02-02 14:01:48.239]  14:20:54	7.24	 056	 118	36.7	 24 	 -3 	 97%	 5.3	    	    	    	    	    	    	    	    	    	    
[2026-02-02 14:01:54.212]  14:21:00	7.24	 056	 118	36.7	 24 	 -3 	 97%	 5.3	    	    	    	    	    	    	    	    	    	    
[2026-02-02 14:02:00.204]  14:21:06	7.24	 056	 117	36.7	 24 	 -3 	 97%	 5.3	    	    	    	    	    	    	    	    	    	    
[2026-02-02 14:02:06.166]  14:21:12	7.24	 056	 116	36.7	 24 	 -3 	 97%	 5.4	    	    	    	    	    	    	    	    	    	    
[2026-02-02 14:02:12.142]  14:21:18	7.24	 056	 115	36.7	 24 	 -3 	 97%	 5.4	    	    	    	    	    	    	    	    	    	    
[2026-02-02 14:02:18.118]  14:21:24	7.24	 056	 116	36.7	 24 	 -3 	 97%	 5.4	    	    	    	    	    	    	    	    	    	    
[2026-02-02 14:02:24.102]  14:21:30	7.24	 056	 117	36.7	 24 	 -3 	 97%	 5.3	    	    	    	    	    	    	    	    	    	    
[2026-02-02 14:02:30.081]  14:21:36	7.24	 056	 117	36.7	 24 	 -3 	 97%	 5.4	    	    	    	    	    	    	    	    	    	    
[2026-02-02 14:02:36.047]  14:21:42	7.24	 056	 117	36.7	 24 	 -3 	 97%	 5.4	    	    	    	    	    	    	    	    	    	    
[2026-02-02 14:02:42.026]  14:21:48	7.24	 056	 116	36.7	 24 	 -3 	 97%	 5.4	    	    	    	    	    	    	    	    	    	    
[2026-02-02 14:02:48.001]  14:21:54	7.24	 056	 116	36.7	 24 	 -3 	 97%	 5.4	    	    	    	    	    	    	    	    	    	    
[2026-02-02 14:02:53.977]  14:22:00	7.24	 056	 116	36.7	 24 	 -3 	 97%	 5.4	    	    	    	    	    	    	    	    	    	    
[2026-02-02 14:02:59.957]  14:22:06	7.24	 056	 116	36.7	 24 	 -3 	 97%	 5.4	    	    	    	    	    	    	    	    	    	    
[2026-02-02 14:03:05.929]  14:22:12	7.24	 056	 116	36.7	 24 	 -3 	 97%	 5.3	    	    	    	    	    	    	    	    	    	    
[2026-02-02 14:03:11.907]  14:22:18	7.24	 056	 116	36.7	 24 	 -3 	 97%	 5.3	    	    	    	    	    	    	    	    	    	    
[2026-02-02 14:03:17.882]  14:22:24	7.24	 056	 116	36.7	 24 	 -3 	 97%	 5.4	    	    	    	    	    	    	    	    	    	    
[2026-02-02 14:03:23.871]  14:22:30	7.24	 056	 116	36.7	 24 	 -3 	 97%	 5.4	    	    	    	    	    	    	    	    	    	    
[2026-02-02 14:03:29.847]  14:22:36	7.24	 056	 116	36.7	 24 	 -3 	 97%	 5.4	    	    	    	    	    	    	    	    	    	    
[2026-02-02 14:03:35.826]  14:22:42	7.24	 056	 116	36.7	 24 	 -3 	 97%	 5.4	    	    	    	    	    	    	    	    	    	    
[2026-02-02 14:03:41.790]  14:22:48	7.24	 056	 116	36.7	 24 	 -3 	 97%	 5.4	    	    	    	    	    	    	    	    	    	    
[2026-02-02 14:03:47.764]  14:22:54	7.24	 056	 116	36.7	 24 	 -3 	 97%	 5.4	    	    	    	    	    	    	    	    	    	    
[2026-02-02 14:03:53.741]  14:23:00	7.24	 056	 116	36.7	 24 	 -3 	 97%	 5.4	    	    	    	    	    	    	    	    	    	    
[2026-02-02 14:03:59.721]  14:23:06	7.24	 056	 116	36.7	 24 	 -3 	 97%	 5.4	    	    	    	    	    	    	    	    	    	    
[2026-02-02 14:04:05.704]  14:23:12	7.24	 056	 117	36.7	 24 	 -3 	 97%	 5.4	    	    	    	    	    	    	    	    	    	    
[2026-02-02 14:04:11.669]  14:23:18	7.24	 056	 117	36.7	 24 	 -3 	 97%	 5.5	    	    	    	    	    	    	    	    	    	    
[2026-02-02 14:04:17.658]  14:23:24	7.24	 056	 117	36.7	 24 	 -3 	 97%	 5.4	    	    	    	    	    	    	    	    	    	    
[2026-02-02 14:04:23.623]  14:23:30	7.24	 056	 118	36.7	 24 	 -3 	 97%	 5.4	    	    	    	    	    	    	    	    	    	    
[2026-02-02 14:04:29.621]  14:23:36	7.24	 056	 118	36.7	 24 	 -3 	 97%	 5.4	    	    	    	    	    	    	    	    	    	    
[2026-02-02 14:04:35.574]  14:23:42	7.24	 056	 118	36.7	 24 	 -2 	 97%	 5.4	    	    	    	    	    	    	    	    	    	    
[2026-02-02 14:04:41.553]  14:23:48	7.24	 056	 118	36.7	 24 	 -3 	 97%	 5.4	    	    	    	    	    	    	    	    	    	    
[2026-02-02 14:04:47.529]  14:23:54	7.24	 056	 117	36.6	 24 	 -3 	 97%	 5.4	    	    	    	    	    	    	    	    	    	    
[2026-02-02 14:04:53.497]          	    	ARTERIAL 	 	  	    	    	    	    	    	    	    	  	    VENOUS
[2026-02-02 14:04:53.523]   Time   	 pH 	 CO2	  O2	TEMP	HCO3	 BE 	cSO2	 K+ 	 VO2	  Q 	 BSA	 pH 	 CO2	  O2	TEMP	 SO2	 HCT	 HGB
[2026-02-02 14:04:53.555] 
[2026-02-02 14:04:53.555]  14:24:00	7.24	 056	 116	36.7	 24 	 -3 	 97%	 5.5	    	    	    	    	    	    	    	    	    	    
[2026-02-02 14:04:58.700] S14:24:00	7.24	 056	 116	36.7	 24 	 -3 	 97%	 5.5	    	    	    	    	    	    	    	    	    	    
[2026-02-02 14:04:59.485]  14:24:06	7.24	 056	 116	36.7	 24 	 -3 	 97%	 5.5	    	    	    	    	    	    	    	    	    	    
[2026-02-02 14:05:05.459]  14:24:12	7.24	 056	 115	36.7	 24 	 -3 	 97%	 5.4	    	    	    	    	    	    	    	    	    	    
[2026-02-02 14:05:11.433]  14:24:18	7.24	 056	 115	36.7	 24 	 -3 	 97%	 5.4	    	    	    	    	    	    	    	    	    	    
[2026-02-02 14:05:17.410]  14:24:24	7.24	 056	 115	36.7	 24 	 -3 	 97%	 5.4	    	    	    	    	    	    	    	    	    	    
[2026-02-02 14:05:23.387]  14:24:30	7.24	 056	 115	36.7	 24 	 -3 	 97%	 5.5	    	    	    	    	    	    	    	    	    	    
[2026-02-02 14:05:29.373]  14:24:36	7.24	 056	 114	36.7	 24 	 -3 	 97%	 5.4	    	    	    	    	    	    	    	    	    	    
[2026-02-02 14:05:35.339]  14:24:42	7.24	 056	 114	36.7	 24 	 -3 	 97%	 5.4	    	    	    	    	    	    	    	    	    	    
[2026-02-02 14:05:41.315]  14:24:48	7.23	 057	 115	36.7	 24 	 -2 	 97%	 5.4	    	    	    	    	    	    	    	    	    	    
[2026-02-02 14:05:47.296]  14:24:53	7.23	 059	 115	36.6	 25 	 -2 	 97%	 5.5	    	    	    	    	    	    	    	    	    	    
[2026-02-02 14:05:53.270]  14:24:59	7.22	 059	 114	36.6	 25 	 -2 	 97%	 5.5	    	    	    	    	    	    	    	    	    	    
[2026-02-02 14:05:59.247]  14:25:05	7.22	 059	 115	36.6	 25 	 -2 	 97%	 5.4	    	    	    	    	    	    	    	    	    	    
[2026-02-02 14:06:05.221]  14:25:12	7.23	 059	 132	36.6	 25 	 -2 	 98%	 5.4	    	    	    	    	    	    	    	    	    	    
[2026-02-02 14:06:11.209]  14:25:18	7.23	 059	 164	36.6	 25 	 -2 	 99%	 5.4	    	    	    	    	    	    	    	    	    	    
[2026-02-02 14:06:17.174]  14:25:24	7.22	 060	 188	36.6	 25 	 -2 	 99%	 5.4	    	    	    	    	    	    	    	    	    	    
[2026-02-02 14:06:23.150]  14:25:30	7.21	 062	 185	36.7	 25 	 -2 	 99%	 5.5	    	    	    	    	    	    	    	    	    	    
[2026-02-02 14:06:29.137]  14:25:36	7.21	 063	 168	36.7	 25 	 -2 	 99%	 5.5	    	    	    	    	    	    	    	    	    	    
[2026-02-02 14:06:35.103]  14:25:42	7.21	 062	 150	36.7	 25 	 -2 	 98%	 5.5	    	    	    	    	    	    	    	    	    	    
[2026-02-02 14:06:41.079]  14:25:48	7.21	 062	 137	36.7	 25 	 -2 	 98%	 5.4	    	    	    	    	    	    	    	    	    	    
[2026-02-02 14:06:47.057]  14:25:54	7.22	 061	 128	36.7	 25 	 -2 	 98%	 5.4	    	    	    	    	    	    	    	    	    	    
[2026-02-02 14:06:53.034]  14:26:00	7.22	 060	 122	36.7	 25 	 -3 	 97%	 5.5	    	    	    	    	    	    	    	    	    	    
[2026-02-02 14:06:59.012]  14:26:06	7.22	 059	 118	36.7	 25 	 -3 	 97%	 5.5	    	    	    	    	    	    	    	    	    	    
[2026-02-02 14:07:04.984]  14:26:12	7.22	 059	 115	36.7	 24 	 -3 	 97%	 5.6	    	    	    	    	    	    	    	    	    	    
[2026-02-02 14:07:10.963]  14:26:18	7.23	 058	 113	36.7	 24 	 -3 	 97%	 5.6	    	    	    	    	    	    	    	    	    	    
[2026-02-02 14:07:16.937]  14:26:24	7.23	 058	 111	36.7	 24 	 -3 	 97%	 5.5	    	    	    	    	    	    	    	    	    	    
[2026-02-02 14:07:22.914]  14:26:30	7.23	 058	 111	36.7	 24 	 -3 	 97%	 5.5	    	    	    	    	    	    	    	    	    	    
[2026-02-02 14:07:28.902]  14:26:36	7.23	 058	 110	36.7	 24 	 -3 	 97%	 5.4	    	    	    	    	    	    	    	    	    	    
[2026-02-02 14:07:34.868]  14:26:42	7.23	 058	 110	36.7	 24 	 -3 	 97%	 5.5	    	    	    	    	    	    	    	    	    	    
[2026-02-02 14:07:40.846]  14:26:48	7.23	 057	 110	36.7	 24 	 -3 	 97%	 5.5	    	    	    	    	    	    	    	    	    	    
[2026-02-02 14:07:46.821]  14:26:54	7.23	 057	 110	36.7	 24 	 -3 	 97%	 5.6	    	    	    	    	    	    	    	    	    	    
[2026-02-02 14:07:52.798]  14:27:00	7.23	 058	 111	36.7	 25 	 -3 	 97%	 5.5	    	    	    	    	    	    	    	    	    	    
[2026-02-02 14:07:58.776]  14:27:06	7.22	 060	 111	36.7	 25 	 -2 	 97%	 5.5	    	    	    	    	    	    	    	    	    	    
[2026-02-02 14:08:04.763]  14:27:12	7.22	 061	 110	36.7	 25 	 -2 	 97%	 5.5	    	    	    	    	    	    	    	    	    	    
[2026-02-02 14:08:10.729]  14:27:17	7.21	 062	 110	36.7	 25 	 -2 	 97%	 5.5	    	    	    	    	    	    	    	    	    	    
[2026-02-02 14:08:16.705]  14:27:23	7.21	 063	 107	36.7	 25 	 -2 	 96%	 5.5	    	    	    	    	    	    	    	    	    	    
[2026-02-02 14:08:22.683]  14:27:29	7.21	 063	 105	36.7	 25 	 -2 	 96%	 5.6	    	    	    	    	    	    	    	    	    	    
[2026-02-02 14:08:28.668]  14:27:35	7.21	 062	 104	36.7	 25 	 -2 	 96%	 5.6	    	    	    	    	    	    	    	    	    	    
[2026-02-02 14:08:34.645]  14:27:41	7.21	 061	 102	36.7	 25 	 -2 	 96%	 5.6	    	    	    	    	    	    	    	    	    	    
[2026-02-02 14:08:40.611]  14:27:47	7.22	 061	 102	36.7	 25 	 -2 	 96%	 5.6	    	    	    	    	    	    	    	    	    	    
[2026-02-02 14:08:46.598]  14:27:53	7.22	 060	 101	36.7	 25 	 -2 	 96%	 5.6	    	    	    	    	    	    	    	    	    	    
[2026-02-02 14:08:52.564]  14:27:59	7.22	 060	 101	36.7	 25 	 -3 	 96%	 5.5	    	    	    	    	    	    	    	    	    	    
[2026-02-02 14:08:58.553]  14:28:05	7.22	 059	 101	36.7	 25 	 -3 	 96%	 5.5	    	    	    	    	    	    	    	    	    	    
[2026-02-02 14:09:04.517]  14:28:11	7.22	 059	 101	36.7	 25 	 -3 	 96%	 5.5	    	    	    	    	    	    	    	    	    	    
[2026-02-02 14:09:10.492]  14:28:17	7.22	 060	 101	36.7	 25 	 -3 	 96%	 5.4	    	    	    	    	    	    	    	    	    	    
[2026-02-02 14:09:16.469]  14:28:23	7.21	 061	 100	36.7	 25 	 -3 	 96%	 5.4	    	    	    	    	    	    	    	    	    	    
[2026-02-02 14:09:22.445]  14:28:29	7.20	 063	 099	36.7	 25 	 -3 	 95%	 5.4	    	    	    	    	    	    	    	    	    	    
[2026-02-02 14:09:28.432]  14:28:35	7.20	 063	 097	36.7	 25 	 -3 	 95%	 5.5	    	    	    	    	    	    	    	    	    	    
[2026-02-02 14:09:34.398]  14:28:41	7.20	 063	 096	36.7	 25 	 -2 	 95%	 5.5	    	    	    	    	    	    	    	    	    	    
[2026-02-02 14:09:40.373]  14:28:47	7.21	 062	 096	36.7	 25 	 -2 	 95%	 5.6	    	    	    	    	    	    	    	    	    	    
[2026-02-02 14:09:46.342]          	    	ARTERIAL 	 	  	    	    	    	    	    	    	    	  	    VENOUS
[2026-02-02 14:09:46.364]   Time   	 pH 	 CO2	  O2	TEMP	HCO3	 BE 	cSO2	 K+ 	 VO2	  Q 	 BSA	 pH 	 CO2	  O2	TEMP	 SO2	 HCT	 HGB
[2026-02-02 14:09:46.392] 
[2026-02-02 14:09:46.392]  14:28:53	7.21	 062	 096	36.7	 25 	 -2 	 95%	 5.5	    	    	    	    	    	    	    	    	    	    
[2026-02-02 14:09:52.325]  14:28:59	7.21	 061	 097	36.7	 25 	 -3 	 95%	 5.5	    	    	    	    	    	    	    	    	    	    
[2026-02-02 14:09:58.306]  14:29:05	7.21	 061	 099	36.7	 25 	 -3 	 96%	 5.5	    	    	    	    	    	    	    	    	    	    
[2026-02-02 14:10:04.282]  14:29:11	7.21	 062	 101	36.7	 25 	 -2 	 96%	 5.6	    	    	    	    	    	    	    	    	    	    
[2026-02-02 14:10:10.268]  14:29:17	7.20	 064	 102	36.7	 25 	 -2 	 96%	 5.6	    	    	    	    	    	    	    	    	    	    
[2026-02-02 14:10:16.236]  14:29:23	7.19	 066	 102	36.7	 26 	 -2 	 96%	 5.5	    	    	    	    	    	    	    	    	    	    
[2026-02-02 14:10:22.209]  14:29:29	7.19	 066	 100	36.7	 26 	 -2 	 95%	 5.5	    	    	    	    	    	    	    	    	    	    
[2026-02-02 14:10:28.196]  14:29:35	7.19	 066	 099	36.7	 26 	 -2 	 95%	 5.5	    	    	    	    	    	    	    	    	    	    
[2026-02-02 14:10:34.163]  14:29:41	7.20	 065	 097	36.7	 25 	 -2 	 95%	 5.5	    	    	    	    	    	    	    	    	    	    
[2026-02-02 14:10:40.137]  14:29:47	7.20	 064	 095	36.7	 25 	 -2 	 95%	 5.6	    	    	    	    	    	    	    	    	    	    
[2026-02-02 14:10:46.114]  14:29:53	7.20	 063	 094	36.7	 25 	 -2 	 95%	 5.5	    	    	    	    	    	    	    	    	    	    
[2026-02-02 14:10:52.101]  14:29:59	7.21	 063	 094	36.7	 25 	 -2 	 95%	 5.5	    	    	    	    	    	    	    	    	    	    
[2026-02-02 14:10:58.071]  14:30:05	7.21	 062	 093	36.7	 25 	 -3 	 95%	 5.5	    	    	    	    	    	    	    	    	    	    
[2026-02-02 14:11:04.043]  14:30:11	7.21	 062	 094	36.7	 25 	 -3 	 95%	 5.6	    	    	    	    	    	    	    	    	    	    
[2026-02-02 14:11:10.019]  14:30:17	7.21	 061	 094	36.7	 25 	 -3 	 95%	 5.6	    	    	    	    	    	    	    	    	    	    
[2026-02-02 14:11:15.995]  14:30:23	7.21	 061	 094	36.7	 25 	 -3 	 95%	 5.5	    	    	    	    	    	    	    	    	    	    
[2026-02-02 14:11:21.972]  14:30:29	7.21	 061	 095	36.7	 25 	 -3 	 95%	 5.5	    	    	    	    	    	    	    	    	    	    
[2026-02-02 14:11:26.444] Recalibration Adjustment
[2026-02-02 14:11:26.454] o14:30:32	7.24	 056	 116	36.7	 24 	 -3 	 97%	 5.5	    	    	    	    	    	    	    	    	    	    
[2026-02-02 14:11:27.961]  14:30:34	7.21	 061	 095	36.7	 25 	 -3 	 95%	 5.5	    	    	    	    	    	    	    	    	    	    
[2026-02-02 14:11:33.938]  14:30:40	7.22	 060	 095	36.7	 25 	 -3 	 95%	 5.6	    	    	    	    	    	    	    	    	    	    
[2026-02-02 14:11:39.905]  14:30:46	7.22	 060	 096	36.7	 25 	 -3 	 95%	 5.5	    	    	    	    	    	    	    	    	    	    
[2026-02-02 14:11:45.881]  14:30:52	7.22	 060	 096	36.7	 25 	 -3 	 95%	 5.5	    	    	    	    	    	    	    	    	    	    
[2026-02-02 14:11:51.858]  14:30:58	7.22	 060	 096	36.7	 25 	 -3 	 95%	 5.5	    	    	    	    	    	    	    	    	    	    
[2026-02-02 14:11:57.840]  14:31:04	7.22	 060	 097	36.7	 25 	 -3 	 95%	 5.6	    	    	    	    	    	    	    	    	    	    
[2026-02-02 14:12:03.819]  14:31:10	7.22	 060	 097	36.7	 25 	 -3 	 95%	 5.6	    	    	    	    	    	    	    	    	    	    
[2026-02-02 14:12:09.792]  14:31:16	7.22	 060	 098	36.7	 25 	 -3 	 95%	 5.5	    	    	    	    	    	    	    	    	    	    
[2026-02-02 14:12:15.772]  14:31:22	7.22	 060	 098	36.7	 25 	 -3 	 96%	 5.5	    	    	    	    	    	    	    	    	    	    
[2026-02-02 14:12:21.785]  14:31:28	7.22	 060	 100	36.7	 25 	 -3 	 96%	 5.6	    	    	    	    	    	    	    	    	    	    
[2026-02-02 14:12:27.739]  14:31:34	7.22	 060	 101	36.6	 25 	 -3 	 96%	 5.6	    	    	    	    	    	    	    	    	    	    
[2026-02-02 14:12:33.704]  14:31:40	7.22	 060	 103	36.6	 25 	 -3 	 96%	 5.5	    	    	    	    	    	    	    	    	    	    
[2026-02-02 14:12:39.683]  14:31:46	7.21	 060	 105	36.6	 25 	 -3 	 96%	 5.5	    	    	    	    	    	    	    	    	    	    
[2026-02-02 14:12:45.672]  14:31:52	7.21	 061	 106	36.6	 25 	 -3 	 96%	 5.6	    	    	    	    	    	    	    	    	    	    
[2026-02-02 14:12:51.640]  14:31:58	7.21	 061	 107	36.6	 25 	 -3 	 96%	 5.6	    	    	    	    	    	    	    	    	    	    
[2026-02-02 14:12:57.620]  14:32:04	7.21	 061	 108	36.7	 25 	 -3 	 96%	 5.5	    	    	    	    	    	    	    	    	    	    
[2026-02-02 14:13:03.596]  14:32:10	7.21	 062	 109	36.6	 25 	 -3 	 96%	 5.5	    	    	    	    	    	    	    	    	    	    
[2026-02-02 14:13:09.610]  14:32:16	7.21	 062	 109	36.6	 25 	 -3 	 97%	 5.6	    	    	    	    	    	    	    	    	    	    
[2026-02-02 14:13:15.550]  14:32:22	7.21	 062	 110	36.6	 25 	 -3 	 97%	 5.6	    	    	    	    	    	    	    	    	    	    
[2026-02-02 14:13:21.524]  14:32:28	7.21	 062	 111	36.7	 25 	 -3 	 97%	 5.5	    	    	    	    	    	    	    	    	    	    
[2026-02-02 14:13:27.522]  14:32:34	7.20	 062	 111	36.7	 25 	 -3 	 97%	 5.6	    	    	    	    	    	    	    	    	    	    
[2026-02-02 14:13:33.480]  14:32:40	7.20	 062	 112	36.7	 25 	 -3 	 97%	 5.6	    	    	    	    	    	    	    	    	    	    
[2026-02-02 14:13:39.457]  14:32:46	7.20	 062	 112	36.7	 25 	 -3 	 97%	 5.6	    	    	    	    	    	    	    	    	    	    
[2026-02-02 14:13:45.436]  14:32:51	7.20	 062	 114	36.7	 25 	 -3 	 97%	 5.6	    	    	    	    	    	    	    	    	    	    
[2026-02-02 14:13:51.413]  14:32:57	7.20	 062	 117	36.7	 25 	 -3 	 97%	 5.6	    	    	    	    	    	    	    	    	    	    
[2026-02-02 14:13:57.395]  14:33:03	7.20	 063	 123	36.7	 25 	 -3 	 97%	 5.6	    	    	    	    	    	    	    	    	    	    
[2026-02-02 14:14:03.369]  14:33:09	7.20	 063	 130	36.7	 25 	 -3 	 98%	 5.5	    	    	    	    	    	    	    	    	    	    
[2026-02-02 14:14:09.350]  14:33:15	7.19	 064	 136	36.7	 25 	 -3 	 98%	 5.5	    	    	    	    	    	    	    	    	    	    
[2026-02-02 14:14:15.325]  14:33:21	7.19	 065	 142	36.7	 25 	 -3 	 98%	 5.6	    	    	    	    	    	    	    	    	    	    
[2026-02-02 14:14:21.303]  14:33:27	7.19	 065	 147	36.7	 25 	 -3 	 98%	 5.6	    	    	    	    	    	    	    	    	    	    
[2026-02-02 14:14:27.292]  14:33:33	7.19	 066	 152	36.7	 25 	 -3 	 98%	 5.6	    	    	    	    	    	    	    	    	    	    
[2026-02-02 14:14:33.262]  14:33:39	7.19	 066	 158	36.7	 25 	 -3 	 99%	 5.6	    	    	    	    	    	    	    	    	    	    
[2026-02-02 14:14:39.228]          	    	ARTERIAL 	 	  	    	    	    	    	    	    	    	  	    VENOUS
[2026-02-02 14:14:39.251]   Time   	 pH 	 CO2	  O2	TEMP	HCO3	 BE 	cSO2	 K+ 	 VO2	  Q 	 BSA	 pH 	 CO2	  O2	TEMP	 SO2	 HCT	 HGB
[2026-02-02 14:14:39.279] 
[2026-02-02 14:14:39.279]  14:33:45	7.18	 067	 164	36.7	 25 	 -3 	 99%	 5.6	    	    	    	    	    	    	    	    	    	    
[2026-02-02 14:14:45.214]  14:33:51	7.18	 067	 169	36.7	 25 	 -3 	 99%	 5.6	    	    	    	    	    	    	    	    	    	    
[2026-02-02 14:14:51.193]  14:33:57	7.18	 067	 173	36.8	 25 	 -3 	 99%	 5.6	    	    	    	    	    	    	    	    	    	    
[2026-02-02 14:14:57.173]  14:34:03	7.18	 068	 174	36.8	 26 	 -2 	 99%	 5.6	    	    	    	    	    	    	    	    	    	    
[2026-02-02 14:15:03.148]  14:34:09	7.18	 068	 176	36.8	 26 	 -2 	 99%	 5.6	    	    	    	    	    	    	    	    	    	    
[2026-02-02 14:15:09.133]  14:34:15	7.18	 068	 177	36.8	 26 	 -3 	 99%	 5.6	    	    	    	    	    	    	    	    	    	    
[2026-02-02 14:15:15.104]  14:34:21	7.18	 068	 179	36.8	 26 	 -2 	 99%	 5.6	    	    	    	    	    	    	    	    	    	    
[2026-02-02 14:15:21.084]  14:34:27	7.18	 068	 179	36.8	 26 	 -2 	 99%	 5.7	    	    	    	    	    	    	    	    	    	    
[2026-02-02 14:15:27.070]  14:34:33	7.18	 068	 177	36.8	 26 	 -2 	 99%	 5.6	    	    	    	    	    	    	    	    	    	    
[2026-02-02 14:15:33.037]  14:34:39	7.18	 069	 176	36.8	 26 	 -2 	 99%	 5.6	    	    	    	    	    	    	    	    	    	    
[2026-02-02 14:15:39.018]  14:34:45	7.18	 069	 177	36.8	 26 	 -2 	 99%	 5.6	    	    	    	    	    	    	    	    	    	    
[2026-02-02 14:15:44.993]  14:34:51	7.18	 069	 178	36.8	 26 	 -2 	 99%	 5.7	    	    	    	    	    	    	    	    	    	    
[2026-02-02 14:15:50.972]  14:34:57	7.18	 069	 180	36.8	 26 	 -2 	 99%	 5.6	    	    	    	    	    	    	    	    	    	    
[2026-02-02 14:15:56.955]  14:35:03	7.18	 069	 181	36.8	 26 	 -2 	 99%	 5.6	    	    	    	    	    	    	    	    	    	    
[2026-02-02 14:16:02.928]  14:35:09	7.18	 069	 182	36.8	 26 	 -2 	 99%	 5.7	    	    	    	    	    	    	    	    	    	    
[2026-02-02 14:16:08.905]  14:35:15	7.18	 069	 184	36.8	 26 	 -2 	 99%	 5.7	    	    	    	    	    	    	    	    	    	    
[2026-02-02 14:16:14.885]  14:35:21	7.18	 069	 185	36.8	 26 	 -2 	 99%	 5.6	    	    	    	    	    	    	    	    	    	    
[2026-02-02 14:16:20.861]  14:35:27	7.18	 068	 188	36.8	 26 	 -2 	 99%	 5.6	    	    	    	    	    	    	    	    	    	    
[2026-02-02 14:16:26.850]  14:35:33	7.19	 066	 192	36.8	 25 	 -3 	 99%	 5.6	    	    	    	    	    	    	    	    	    	    
[2026-02-02 14:16:32.817]  14:35:39	7.19	 065	 196	36.8	 25 	 -3 	 99%	 5.7	    	    	    	    	    	    	    	    	    	    
[2026-02-02 14:16:38.797]  14:35:45	7.20	 064	 200	36.8	 25 	 -3 	 99%	 5.6	    	    	    	    	    	    	    	    	    	    
[2026-02-02 14:16:44.774]  14:35:51	7.20	 063	 204	36.8	 25 	 -3 	 99%	 5.6	    	    	    	    	    	    	    	    	    	    
[2026-02-02 14:16:50.751]  14:35:57	7.20	 063	 208	36.8	 25 	 -3 	 99%	 5.6	    	    	    	    	    	    	    	    	    	    
[2026-02-02 14:16:56.734]  14:36:02	7.21	 062	 212	36.8	 25 	 -3 	 99%	 5.6	    	    	    	    	    	    	    	    	    	    
[2026-02-02 14:17:02.717]  14:36:08	7.21	 061	 216	36.8	 25 	 -3 	 99%	 5.6	    	    	    	    	    	    	    	    	    	    
[2026-02-02 14:17:08.683]  14:36:14	7.21	 061	 219	36.8	 25 	 -3 	 99%	 5.6	    	    	    	    	    	    	    	    	    	    
[2026-02-02 14:17:14.661]  14:36:20	7.21	 060	 223	36.8	 25 	 -3 	 99%	 5.6	    	    	    	    	    	    	    	    	    	    
[2026-02-02 14:17:20.643]  14:36:26	7.22	 060	 226	36.8	 24 	 -3 	 99%	 5.6	    	    	    	    	    	    	    	    	    	    
[2026-02-02 14:17:26.629]  14:36:32	7.22	 060	 229	36.7	 24 	 -3 	 99%	 5.6	    	    	    	    	    	    	    	    	    	    
[2026-02-02 14:17:32.595]  14:36:38	7.22	 059	 232	36.7	 24 	 -3 	 99%	 5.6	    	    	    	    	    	    	    	    	    	    
[2026-02-02 14:17:38.575]  14:36:44	7.22	 060	 235	36.7	 25 	 -3 	 99%	 5.6	    	    	    	    	    	    	    	    	    	    
[2026-02-02 14:17:44.552]  14:36:50	7.22	 060	 236	36.7	 25 	 -3 	 99%	 5.6	    	    	    	    	    	    	    	    	    	    
[2026-02-02 14:17:50.529]  14:36:56	7.21	 061	 237	36.7	 25 	 -3 	 99%	 5.6	    	    	    	    	    	    	    	    	    	    
[2026-02-02 14:17:56.510]  14:37:02	7.21	 062	 238	36.7	 25 	 -3 	 99%	 5.6	    	    	    	    	    	    	    	    	    	    
[2026-02-02 14:18:02.485]  14:37:08	7.21	 063	 238	36.7	 25 	 -2 	 99%	 5.6	    	    	    	    	    	    	    	    	    	    
[2026-02-02 14:18:08.462]  14:37:14	7.20	 063	 238	36.7	 25 	 -2 	 99%	 5.6	    	    	    	    	    	    	    	    	    	    
[2026-02-02 14:18:14.452]  14:37:20	7.20	 064	 240	36.7	 25 	 -2 	 99%	 5.6	    	    	    	    	    	    	    	    	    	    
[2026-02-02 14:18:20.420]  14:37:26	7.20	 064	 243	36.7	 25 	 -2 	 99%	 5.6	    	    	    	    	    	    	    	    	    	    
[2026-02-02 14:18:26.451]  14:37:32	7.20	 064	 248	36.7	 25 	 -3 	100%	 5.6	    	    	    	    	    	    	    	    	    	    
[2026-02-02 14:18:32.379]  14:37:38	7.20	 064	 254	36.7	 25 	 -2 	100%	 5.6	    	    	    	    	    	    	    	    	    	    
[2026-02-02 14:18:38.359]  14:37:44	7.20	 064	 260	36.7	 25 	 -3 	100%	 5.6	    	    	    	    	    	    	    	    	    	    
[2026-02-02 14:18:44.335]  14:37:50	7.20	 064	 266	36.7	 25 	 -3 	100%	 5.6	    	    	    	    	    	    	    	    	    	    
[2026-02-02 14:18:50.313]  14:37:56	7.20	 064	 272	36.7	 25 	 -3 	100%	 5.6	    	    	    	    	    	    	    	    	    	    
[2026-02-02 14:18:56.294]  14:38:02	7.20	 064	 279	36.7	 25 	 -3 	100%	 5.6	    	    	    	    	    	    	    	    	    	    
[2026-02-02 14:19:02.269]  14:38:08	7.20	 063	 285	36.7	 25 	 -3 	100%	 5.6	    	    	    	    	    	    	    	    	    	    
[2026-02-02 14:19:08.246]  14:38:14	7.20	 063	 290	36.7	 25 	 -3 	100%	 5.6	    	    	    	    	    	    	    	    	    	    
[2026-02-02 14:19:14.224]  14:38:20	7.20	 063	 294	36.7	 25 	 -3 	100%	 5.6	    	    	    	    	    	    	    	    	    	    
[2026-02-02 14:19:20.204]  14:38:26	7.20	 063	 298	36.7	 25 	 -3 	100%	 5.6	    	    	    	    	    	    	    	    	    	    
[2026-02-02 14:19:26.191]  14:38:32	7.20	 063	 301	36.7	 25 	 -3 	100%	 5.6	    	    	    	    	    	    	    	    	    	    
[2026-02-02 14:19:32.158]  14:38:38	7.20	 063	 303	36.7	 25 	 -3 	100%	 5.6	    	    	    	    	    	    	    	    	    	    
[2026-02-02 14:19:38.141]          	    	ARTERIAL 	 	  	    	    	    	    	    	    	    	  	    VENOUS
[2026-02-02 14:19:38.162]   Time   	 pH 	 CO2	  O2	TEMP	HCO3	 BE 	cSO2	 K+ 	 VO2	  Q 	 BSA	 pH 	 CO2	  O2	TEMP	 SO2	 HCT	 HGB
[2026-02-02 14:19:38.191] 
[2026-02-02 14:19:38.191]  14:38:44	7.20	 063	 307	36.7	 25 	 -3 	100%	 5.6	    	    	    	    	    	    	    	    	    	    
[2026-02-02 14:19:44.114]  14:38:50	7.20	 063	 313	36.7	 25 	 -3 	100%	 5.6	    	    	    	    	    	    	    	    	    	    
[2026-02-02 14:19:50.092]  14:38:56	7.20	 063	 322	36.7	 25 	 -3 	100%	 5.6	    	    	    	    	    	    	    	    	    	    
[2026-02-02 14:19:56.074]  14:39:02	7.20	 063	 332	36.7	 25 	 -3 	100%	 5.6	    	    	    	    	    	    	    	    	    	    
[2026-02-02 14:20:02.049]  14:39:08	7.20	 063	 342	36.7	 25 	 -3 	100%	 5.6	    	    	    	    	    	    	    	    	    	    
[2026-02-02 14:20:08.025]  14:39:14	7.20	 063	 350	36.7	 25 	 -3 	100%	 5.6	    	    	    	    	    	    	    	    	    	    
[2026-02-02 14:20:14.005]  14:39:20	7.20	 063	 357	36.7	 25 	 -3 	100%	 5.6	    	    	    	    	    	    	    	    	    	    
[2026-02-02 14:20:19.993]  14:39:26	7.20	 063	 364	36.7	 25 	 -3 	100%	 5.6	    	    	    	    	    	    	    	    	    	    
[2026-02-02 14:20:25.969]  14:39:32	7.20	 063	 369	36.7	 25 	 -3 	100%	 5.6	    	    	    	    	    	    	    	    	    	    
[2026-02-02 14:20:31.937]  14:39:38	7.20	 063	 374	36.7	 25 	 -3 	100%	 5.6	    	    	    	    	    	    	    	    	    	    
[2026-02-02 14:20:37.914]  14:39:44	7.20	 063	 378	36.7	 25 	 -3 	100%	 5.6	    	    	    	    	    	    	    	    	    	    
[2026-02-02 14:20:43.892]  14:39:50	7.20	 063	 381	36.7	 25 	 -3 	100%	 5.6	    	    	    	    	    	    	    	    	    	    
[2026-02-02 14:20:49.885]  14:39:56	7.20	 063	 384	36.7	 25 	 -3 	100%	 5.6	    	    	    	    	    	    	    	    	    	    
[2026-02-02 14:20:55.852]  14:40:02	7.20	 063	 386	36.7	 25 	 -3 	100%	 5.6	    	    	    	    	    	    	    	    	    	    
[2026-02-02 14:21:01.831]  14:40:08	7.20	 063	 388	36.7	 25 	 -3 	100%	 5.6	    	    	    	    	    	    	    	    	    	    
[2026-02-02 14:21:07.805]  14:40:13	7.20	 063	 390	36.7	 25 	 -3 	100%	 5.6	    	    	    	    	    	    	    	    	    	    
[2026-02-02 14:21:13.783]  14:40:19	7.20	 063	 393	36.7	 25 	 -3 	100%	 5.7	    	    	    	    	    	    	    	    	    	    
[2026-02-02 14:21:19.797]  14:40:25	7.20	 063	 396	36.7	 25 	 -3 	100%	 5.7	    	    	    	    	    	    	    	    	    	    
[2026-02-02 14:21:25.748]  14:40:31	7.20	 063	 400	36.7	 25 	 -3 	100%	 5.6	    	    	    	    	    	    	    	    	    	    
[2026-02-02 14:21:31.716]  14:40:37	7.20	 063	 402	36.7	 25 	 -3 	100%	 5.6	    	    	    	    	    	    	    	    	    	    
[2026-02-02 14:21:37.693]  14:40:43	7.20	 063	 405	36.7	 25 	 -3 	100%	 5.7	    	    	    	    	    	    	    	    	    	    
[2026-02-02 14:21:43.673]  14:40:49	7.20	 063	 407	36.7	 25 	 -3 	100%	 5.7	    	    	    	    	    	    	    	    	    	    
[2026-02-02 14:21:49.651]  14:40:55	7.20	 063	 409	36.7	 25 	 -3 	100%	 5.6	    	    	    	    	    	    	    	    	    	    
[2026-02-02 14:21:55.631]  14:41:01	7.20	 063	 411	36.7	 25 	 -3 	100%	 5.6	    	    	    	    	    	    	    	    	    	    
[2026-02-02 14:22:01.605]  14:41:07	7.20	 063	 413	36.7	 25 	 -3 	100%	 5.7	    	    	    	    	    	    	    	    	    	    
[2026-02-02 14:22:07.584]  14:41:14	7.20	 063	 415	36.7	 25 	 -3 	100%	 5.7	    	    	    	    	    	    	    	    	    	    
[2026-02-02 14:22:13.560]  14:41:20	7.20	 063	 416	36.7	 25 	 -3 	100%	 5.7	    	    	    	    	    	    	    	    	    	    
[2026-02-02 14:22:19.539]  14:41:26	7.20	 063	 417	36.7	 25 	 -3 	100%	 5.6	    	    	    	    	    	    	    	    	    	    
[2026-02-02 14:22:25.539]  14:41:32	7.20	 063	 417	36.7	 25 	 -3 	100%	 5.7	    	    	    	    	    	    	    	    	    	    
[2026-02-02 14:22:31.496]  14:41:38	7.20	 063	 418	36.8	 25 	 -3 	100%	 5.7	    	    	    	    	    	    	    	    	    	    
[2026-02-02 14:22:37.472]  14:41:44	7.20	 063	 419	36.7	 25 	 -3 	100%	 5.7	    	    	    	    	    	    	    	    	    	    
[2026-02-02 14:22:43.450]  14:41:50	7.20	 063	 419	36.7	 25 	 -3 	100%	 5.7	    	    	    	    	    	    	    	    	    	    
[2026-02-02 14:22:49.429]  14:41:56	7.20	 063	 420	36.7	 25 	 -3 	100%	 5.6	    	    	    	    	    	    	    	    	    	    
[2026-02-02 14:22:55.409]  14:42:01	7.20	 063	 420	36.7	 25 	 -3 	100%	 5.7	    	    	    	    	    	    	    	    	    	    
[2026-02-02 14:23:01.384]  14:42:07	7.20	 063	 421	36.7	 25 	 -3 	100%	 5.7	    	    	    	    	    	    	    	    	    	    
[2026-02-02 14:23:07.373]  14:42:13	7.20	 063	 422	36.7	 25 	 -3 	100%	 5.8	    	    	    	    	    	    	    	    	    	    
[2026-02-02 14:23:13.339]  14:42:19	7.20	 063	 422	36.7	 25 	 -3 	100%	 5.8	    	    	    	    	    	    	    	    	    	    
[2026-02-02 14:23:19.318]  14:42:25	7.20	 063	 423	36.8	 25 	 -3 	100%	 5.7	    	    	    	    	    	    	    	    	    	    
[2026-02-02 14:23:25.306]  14:42:31	7.20	 063	 423	36.8	 25 	 -3 	100%	 5.7	    	    	    	    	    	    	    	    	    	    
[2026-02-02 14:23:31.275]  14:42:37	7.20	 063	 422	36.8	 25 	 -3 	100%	 5.7	    	    	    	    	    	    	    	    	    	    
[2026-02-02 14:23:37.264]  14:42:43	7.20	 063	 423	36.7	 25 	 -3 	100%	 5.8	    	    	    	    	    	    	    	    	    	    
[2026-02-02 14:23:43.229]  14:42:49	7.20	 063	 424	36.7	 25 	 -3 	100%	 5.8	    	    	    	    	    	    	    	    	    	    
[2026-02-02 14:23:49.208]  14:42:55	7.20	 063	 425	36.7	 25 	 -3 	100%	 5.8	    	    	    	    	    	    	    	    	    	    
[2026-02-02 14:23:55.187]  14:43:01	7.20	 063	 425	36.7	 25 	 -3 	100%	 5.7	    	    	    	    	    	    	    	    	    	    
[2026-02-02 14:24:01.163]  14:43:07	7.20	 063	 425	36.7	 25 	 -3 	100%	 5.8	    	    	    	    	    	    	    	    	    	    
[2026-02-02 14:24:07.141]  14:43:13	7.20	 062	 426	36.7	 25 	 -3 	100%	 5.8	    	    	    	    	    	    	    	    	    	    
[2026-02-02 14:24:13.119]  14:43:19	7.21	 062	 428	36.8	 25 	 -3 	100%	 5.8	    	    	    	    	    	    	    	    	    	    
[2026-02-02 14:24:19.098]  14:43:25	7.21	 061	 429	36.8	 25 	 -3 	100%	 5.7	    	    	    	    	    	    	    	    	    	    
[2026-02-02 14:24:25.085]  14:43:31	7.21	 061	 431	36.8	 25 	 -3 	100%	 5.8	    	    	    	    	    	    	    	    	    	    
[2026-02-02 14:24:31.052]  14:43:37	7.21	 061	 433	36.8	 25 	 -3 	100%	 5.8	    	    	    	    	    	    	    	    	    	    
[2026-02-02 14:24:37.023]          	    	ARTERIAL 	 	  	    	    	    	    	    	    	    	  	    VENOUS
[2026-02-02 14:24:37.054]   Time   	 pH 	 CO2	  O2	TEMP	HCO3	 BE 	cSO2	 K+ 	 VO2	  Q 	 BSA	 pH 	 CO2	  O2	TEMP	 SO2	 HCT	 HGB
[2026-02-02 14:24:37.069] 
[2026-02-02 14:24:37.072]  14:43:43	7.21	 060	 434	36.8	 24 	 -3 	100%	 5.8	    	    	    	    	    	    	    	    	    	    
[2026-02-02 14:24:43.007]  14:43:49	7.21	 060	 436	36.8	 24 	 -3 	100%	 5.8	    	    	    	    	    	    	    	    	    	    
[2026-02-02 14:24:48.998]  14:43:55	7.21	 060	 438	36.8	 24 	 -3 	100%	 5.8	    	    	    	    	    	    	    	    	    	    
[2026-02-02 14:24:54.967]  14:44:01	7.21	 060	 440	36.8	 24 	 -3 	100%	 5.8	    	    	    	    	    	    	    	    	    	    
[2026-02-02 14:25:00.944]  14:44:07	7.22	 060	 440	36.8	 24 	 -3 	100%	 5.8	    	    	    	    	    	    	    	    	    	    
[2026-02-02 14:25:06.919]  14:44:13	7.22	 059	 441	36.8	 24 	 -3 	100%	 5.8	    	    	    	    	    	    	    	    	    	    
[2026-02-02 14:25:12.897]  14:44:19	7.22	 059	 442	36.8	 24 	 -3 	100%	 5.8	    	    	    	    	    	    	    	    	    	    
[2026-02-02 14:25:18.876]  14:44:25	7.22	 059	 442	36.8	 24 	 -3 	100%	 5.8	    	    	    	    	    	    	    	    	    	    
[2026-02-02 14:25:24.865]  14:44:31	7.22	 059	 442	36.8	 24 	 -3 	100%	 5.8	    	    	    	    	    	    	    	    	    	    
[2026-02-02 14:25:30.830]  14:44:37	7.22	 059	 441	36.8	 24 	 -3 	100%	 5.9	    	    	    	    	    	    	    	    	    	    
[2026-02-02 14:25:36.810]  14:44:43	7.22	 059	 440	36.8	 24 	 -3 	100%	 5.9	    	    	    	    	    	    	    	    	    	    
[2026-02-02 14:25:42.787]  14:44:49	7.22	 060	 437	36.8	 24 	 -3 	100%	 5.8	    	    	    	    	    	    	    	    	    	    
[2026-02-02 14:25:48.765]  14:44:55	7.21	 060	 433	36.8	 24 	 -3 	100%	 5.9	    	    	    	    	    	    	    	    	    	    
[2026-02-02 14:25:54.747]  14:45:01	7.21	 060	 431	36.8	 24 	 -3 	100%	 5.9	    	    	    	    	    	    	    	    	    	    
[2026-02-02 14:26:00.720]  14:45:07	7.21	 060	 427	36.8	 24 	 -3 	100%	 5.9	    	    	    	    	    	    	    	    	    	    
[2026-02-02 14:26:06.698]  14:45:13	7.21	 061	 424	36.8	 24 	 -3 	100%	 5.9	    	    	    	    	    	    	    	    	    	    
[2026-02-02 14:26:12.678]  14:45:19	7.21	 061	 420	36.8	 25 	 -3 	100%	 5.9	    	    	    	    	    	    	    	    	    	    
[2026-02-02 14:26:18.656]  14:45:25	7.21	 061	 416	36.8	 25 	 -3 	100%	 5.9	    	    	    	    	    	    	    	    	    	    
[2026-02-02 14:26:24.643]  14:45:31	7.21	 061	 413	36.8	 25 	 -3 	100%	 5.9	    	    	    	    	    	    	    	    	    	    
[2026-02-02 14:26:30.609]  14:45:37	7.21	 061	 409	36.8	 25 	 -3 	100%	 5.9	    	    	    	    	    	    	    	    	    	    
[2026-02-02 14:26:36.592]  14:45:43	7.21	 062	 407	36.8	 25 	 -3 	100%	 5.9	    	    	    	    	    	    	    	    	    	    
[2026-02-02 14:26:42.565]  14:45:49	7.21	 062	 404	36.8	 25 	 -3 	100%	 5.9	    	    	    	    	    	    	    	    	    	    
[2026-02-02 14:26:48.543]  14:45:55	7.20	 062	 402	36.8	 25 	 -3 	100%	 5.9	    	    	    	    	    	    	    	    	    	    
[2026-02-02 14:26:54.525]  14:46:01	7.20	 062	 399	36.8	 25 	 -3 	100%	 5.9	    	    	    	    	    	    	    	    	    	    
[2026-02-02 14:27:00.500]  14:46:07	7.20	 062	 397	36.8	 25 	 -3 	100%	 6.0	    	    	    	    	    	    	    	    	    	    
[2026-02-02 14:27:06.477]  14:46:12	7.20	 062	 395	36.8	 25 	 -3 	100%	 5.9	    	    	    	    	    	    	    	    	    	    
[2026-02-02 14:27:12.455]  14:46:18	7.20	 063	 392	36.8	 25 	 -3 	100%	 5.9	    	    	    	    	    	    	    	    	    	    
[2026-02-02 14:27:18.433]  14:46:24	7.20	 063	 389	36.8	 25 	 -3 	100%	 5.9	    	    	    	    	    	    	    	    	    	    
[2026-02-02 14:27:24.422]  14:46:30	7.20	 063	 387	36.8	 25 	 -3 	100%	 5.9	    	    	    	    	    	    	    	    	    	    
[2026-02-02 14:27:30.389]  14:46:37	7.20	 064	 384	36.8	 25 	 -3 	100%	 5.9	    	    	    	    	    	    	    	    	    	    
[2026-02-02 14:27:36.366]  14:46:43	7.20	 064	 381	36.8	 25 	 -3 	100%	 5.9	    	    	    	    	    	    	    	    	    	    
[2026-02-02 14:27:42.348]  14:46:49	7.19	 064	 378	36.8	 25 	 -3 	100%	 5.9	    	    	    	    	    	    	    	    	    	    
[2026-02-02 14:27:48.322]  14:46:55	7.19	 064	 376	36.8	 25 	 -3 	100%	 6.0	    	    	    	    	    	    	    	    	    	    
[2026-02-02 14:27:54.302]  14:47:01	7.19	 065	 374	36.8	 25 	 -3 	100%	 6.0	    	    	    	    	    	    	    	    	    	    
[2026-02-02 14:28:00.281]  14:47:07	7.19	 065	 372	36.8	 25 	 -3 	100%	 5.9	    	    	    	    	    	    	    	    	    	    
[2026-02-02 14:28:06.256]  14:47:13	7.19	 065	 371	36.8	 25 	 -3 	100%	 5.9	    	    	    	    	    	    	    	    	    	    
[2026-02-02 14:28:12.234]  14:47:19	7.19	 065	 369	36.8	 25 	 -3 	100%	 5.9	    	    	    	    	    	    	    	    	    	    
[2026-02-02 14:28:18.212]  14:47:25	7.19	 066	 368	36.8	 25 	 -3 	100%	 6.0	    	    	    	    	    	    	    	    	    	    
[2026-02-02 14:28:24.203]  14:47:31	7.19	 066	 366	36.8	 25 	 -3 	100%	 6.0	    	    	    	    	    	    	    	    	    	    
[2026-02-02 14:28:30.181]  14:47:37	7.18	 066	 365	36.8	 25 	 -3 	100%	 5.9	    	    	    	    	    	    	    	    	    	    
[2026-02-02 14:28:36.145]  14:47:43	7.18	 066	 364	36.8	 25 	 -3 	100%	 5.9	    	    	    	    	    	    	    	    	    	    
[2026-02-02 14:28:42.123]  14:47:48	7.18	 066	 362	36.8	 25 	 -3 	100%	 5.9	    	    	    	    	    	    	    	    	    	    
[2026-02-02 14:28:48.102]  14:47:54	7.18	 067	 361	36.8	 25 	 -3 	100%	 6.0	    	    	    	    	    	    	    	    	    	    
[2026-02-02 14:28:54.082]  14:48:00	7.18	 067	 358	36.8	 25 	 -3 	100%	 6.0	    	    	    	    	    	    	    	    	    	    
[2026-02-02 14:29:00.068]  14:48:06	7.18	 067	 356	36.8	 25 	 -3 	100%	 6.0	    	    	    	    	    	    	    	    	    	    
[2026-02-02 14:29:06.035]  14:48:12	7.18	 067	 353	36.8	 25 	 -3 	100%	 5.9	    	    	    	    	    	    	    	    	    	    
[2026-02-02 14:29:12.011]  14:48:18	7.18	 067	 352	36.8	 25 	 -3 	100%	 6.0	    	    	    	    	    	    	    	    	    	    
[2026-02-02 14:29:17.986]  14:48:24	7.18	 067	 351	36.6	 25 	 -3 	100%	 5.9	    	    	    	    	    	    	    	    	    	    
[2026-02-02 14:29:23.978]  14:48:30	7.18	 067	 347	36.7	 25 	 -3 	100%	 6.0	    	    	    	    	    	    	    	    	    	    
[2026-02-02 14:29:26.495] S14:48:30	7.18	 067	 347	36.7	 25 	 -3 	100%	 6.0	    	    	    	    	    	    	    	    	    	    
[2026-02-02 14:29:29.938]          	    	ARTERIAL 	 	  	    	    	    	    	    	    	    	  	    VENOUS
[2026-02-02 14:29:29.964]   Time   	 pH 	 CO2	  O2	TEMP	HCO3	 BE 	cSO2	 K+ 	 VO2	  Q 	 BSA	 pH 	 CO2	  O2	TEMP	 SO2	 HCT	 HGB
[2026-02-02 14:29:29.993] 
[2026-02-02 14:29:29.993]  14:48:36	7.18	 068	 343	36.8	 25 	 -3 	100%	 6.0	    	    	    	    	    	    	    	    	    	    
[2026-02-02 14:29:35.921]  14:48:42	7.17	 068	 340	36.8	 25 	 -3 	100%	 6.0	    	    	    	    	    	    	    	    	    	    
[2026-02-02 14:29:41.897]  14:48:48	7.17	 069	 338	36.9	 25 	 -3 	100%	 5.9	    	    	    	    	    	    	    	    	    	    
[2026-02-02 14:29:47.875]  14:48:54	7.17	 069	 337	36.9	 25 	 -3 	100%	 5.9	    	    	    	    	    	    	    	    	    	    
[2026-02-02 14:29:53.855]  14:49:00	7.17	 070	 336	36.9	 26 	 -3 	100%	 5.9	    	    	    	    	    	    	    	    	    	    
[2026-02-02 14:29:59.830]  14:49:06	7.17	 070	 336	36.9	 26 	 -3 	100%	 5.9	    	    	    	    	    	    	    	    	    	    
[2026-02-02 14:30:05.808]  14:49:12	7.17	 070	 335	36.9	 26 	 -3 	100%	 6.0	    	    	    	    	    	    	    	    	    	    
[2026-02-02 14:30:11.785]  14:49:18	7.16	 071	 333	36.9	 26 	 -3 	100%	 6.0	    	    	    	    	    	    	    	    	    	    
[2026-02-02 14:30:17.761]  14:49:24	7.16	 071	 332	36.9	 26 	 -3 	100%	 5.9	    	    	    	    	    	    	    	    	    	    
[2026-02-02 14:30:23.753]  14:49:30	7.16	 071	 331	36.9	 26 	 -3 	100%	 5.9	    	    	    	    	    	    	    	    	    	    
[2026-02-02 14:30:29.721]  14:49:36	7.16	 071	 331	36.9	 26 	 -3 	100%	 6.0	    	    	    	    	    	    	    	    	    	    
[2026-02-02 14:30:35.698]  14:49:42	7.16	 072	 332	36.9	 26 	 -3 	100%	 6.0	    	    	    	    	    	    	    	    	    	    
[2026-02-02 14:30:41.675]  14:49:48	7.16	 072	 332	36.9	 26 	 -3 	100%	 5.9	    	    	    	    	    	    	    	    	    	    
[2026-02-02 14:30:47.654]  14:49:54	7.16	 072	 332	36.9	 26 	 -3 	100%	 5.9	    	    	    	    	    	    	    	    	    	    
[2026-02-02 14:30:53.637]  14:50:00	7.16	 072	 332	36.9	 26 	 -3 	100%	 5.9	    	    	    	    	    	    	    	    	    	    
[2026-02-02 14:30:59.608]  14:50:06	7.16	 072	 331	36.9	 26 	 -3 	100%	 5.9	    	    	    	    	    	    	    	    	    	    
[2026-02-02 14:31:05.585]  14:50:12	7.15	 073	 330	36.9	 26 	 -3 	100%	 5.9	    	    	    	    	    	    	    	    	    	    
[2026-02-02 14:31:11.563]  14:50:18	7.15	 073	 330	36.9	 26 	 -3 	100%	 5.9	    	    	    	    	    	    	    	    	    	    
[2026-02-02 14:31:17.352]  14:50:24	7.15	 073	 330	36.9	 26 	 -3 	100%	 5.9	    	    	    	    	    	    	    	    	    	    
[2026-02-02 14:31:23.340]  14:50:30	7.15	 073	 330	36.9	 26 	 -3 	100%	 5.9	    	    	    	    	    	    	    	    	    	    
[2026-02-02 14:31:29.307]  14:50:36	7.15	 074	 330	36.9	 26 	 -3 	100%	 5.9	    	    	    	    	    	    	    	    	    	    
[2026-02-02 14:31:35.287]  14:50:42	7.15	 074	 330	36.9	 26 	 -3 	100%	 5.9	    	    	    	    	    	    	    	    	    	    
[2026-02-02 14:31:41.261]  14:50:48	7.15	 074	 330	36.9	 26 	 -3 	100%	 5.9	    	    	    	    	    	    	    	    	    	    
[2026-02-02 14:31:47.243]  14:50:54	7.15	 074	 330	36.9	 26 	 -3 	100%	 5.9	    	    	    	    	    	    	    	    	    	    
[2026-02-02 14:31:53.220]  14:51:00	7.15	 074	 329	36.9	 26 	 -3 	100%	 5.9	    	    	    	    	    	    	    	    	    	    
[2026-02-02 14:31:56.441] Recalibration Adjustment
[2026-02-02 14:31:56.449] o14:51:02	7.16	 072	 350	36.7	 25 	 -3 	100%	 5.5	    	    	    	    	    	    	    	    	    	    
[2026-02-02 14:31:59.382]  14:51:06	7.13	 079	 332	36.9	 27 	 -2 	100%	 5.4	    	    	    	    	    	    	    	    	    	    
[2026-02-02 14:32:05.385]  14:51:12	7.13	 079	 332	36.9	 27 	 -2 	100%	 5.4	    	    	    	    	    	    	    	    	    	    
[2026-02-02 14:32:11.336]  14:51:18	7.13	 079	 331	36.9	 27 	 -2 	100%	 5.4	    	    	    	    	    	    	    	    	    	    
[2026-02-02 14:32:17.315]  14:51:24	7.13	 079	 331	36.9	 27 	 -2 	100%	 5.4	    	    	    	    	    	    	    	    	    	    
[2026-02-02 14:32:23.303]  14:51:30	7.13	 080	 330	36.9	 27 	 -2 	100%	 5.4	    	    	    	    	    	    	    	    	    	    
[2026-02-02 14:32:29.273]  14:51:36	7.13	 080	 329	36.9	 27 	 -2 	100%	 5.4	    	    	    	    	    	    	    	    	    	    
[2026-02-02 14:32:35.247]  14:51:42	7.13	 080	 328	36.9	 27 	 -2 	100%	 5.4	    	    	    	    	    	    	    	    	    	    
[2026-02-02 14:32:41.225]  14:51:48	7.13	 080	 327	36.9	 27 	 -3 	100%	 5.4	    	    	    	    	    	    	    	    	    	    
[2026-02-02 14:32:47.205]  14:51:54	7.13	 080	 327	36.9	 27 	 -2 	100%	 5.4	    	    	    	    	    	    	    	    	    	    
[2026-02-02 14:32:53.185]  14:51:59	7.12	 080	 327	36.9	 27 	 -2 	100%	 5.4	    	    	    	    	    	    	    	    	    	    
[2026-02-02 14:32:59.196]  14:52:05	7.12	 080	 326	36.9	 27 	 -2 	100%	 5.4	    	    	    	    	    	    	    	    	    	    
[2026-02-02 14:33:05.136]  14:52:11	7.12	 081	 325	36.9	 27 	 -2 	100%	 5.4	    	    	    	    	    	    	    	    	    	    
[2026-02-02 14:33:11.117]  14:52:17	7.12	 081	 326	36.9	 27 	 -2 	100%	 5.4	    	    	    	    	    	    	    	    	    	    
[2026-02-02 14:33:17.092]  14:52:23	7.12	 081	 326	36.9	 27 	 -3 	100%	 5.4	    	    	    	    	    	    	    	    	    	    
[2026-02-02 14:33:23.083]  14:52:29	7.12	 081	 326	36.9	 27 	 -3 	100%	 5.4	    	    	    	    	    	    	    	    	    	    
[2026-02-02 14:33:29.043]  14:52:35	7.12	 081	 326	36.9	 27 	 -2 	100%	 5.4	    	    	    	    	    	    	    	    	    	    
[2026-02-02 14:33:35.024]  14:52:41	7.12	 081	 326	36.9	 27 	 -3 	100%	 5.4	    	    	    	    	    	    	    	    	    	    
[2026-02-02 14:33:40.999]  14:52:47	7.12	 081	 325	36.9	 27 	 -3 	100%	 5.4	    	    	    	    	    	    	    	    	    	    
[2026-02-02 14:33:46.976]  14:52:53	7.12	 081	 325	36.9	 27 	 -3 	100%	 5.4	    	    	    	    	    	    	    	    	    	    
[2026-02-02 14:33:52.958]  14:52:59	7.12	 081	 325	37.0	 27 	 -3 	100%	 5.4	    	    	    	    	    	    	    	    	    	    
[2026-02-02 14:33:58.931]  14:53:05	7.12	 081	 326	37.0	 27 	 -3 	100%	 5.4	    	    	    	    	    	    	    	    	    	    
[2026-02-02 14:34:04.908]  14:53:11	7.12	 082	 327	36.9	 27 	 -3 	100%	 5.3	    	    	    	    	    	    	    	    	    	    
[2026-02-02 14:34:10.889]  14:53:17	7.11	 083	 323	36.9	 27 	 -3 	100%	 5.4	    	    	    	    	    	    	    	    	    	    
[2026-02-02 14:34:16.864]  14:53:23	7.11	 084	 319	36.9	 27 	 -3 	100%	 5.4	    	    	    	    	    	    	    	    	    	    
[2026-02-02 14:34:22.843]          	    	ARTERIAL 	 	  	    	    	    	    	    	    	    	  	    VENOUS
[2026-02-02 14:34:22.874]   Time   	 pH 	 CO2	  O2	TEMP	HCO3	 BE 	cSO2	 K+ 	 VO2	  Q 	 BSA	 pH 	 CO2	  O2	TEMP	 SO2	 HCT	 HGB
[2026-02-02 14:34:22.899] 
[2026-02-02 14:34:22.899]  14:53:29	7.10	 085	 319	36.9	 27 	 -3 	100%	 5.4	    	    	    	    	    	    	    	    	    	    
[2026-02-02 14:34:28.819]  14:53:35	7.10	 086	 318	37.0	 27 	 -2 	100%	 5.4	    	    	    	    	    	    	    	    	    	    
[2026-02-02 14:34:34.795]  14:53:41	7.10	 086	 316	37.0	 27 	 -2 	100%	 5.4	    	    	    	    	    	    	    	    	    	    
[2026-02-02 14:34:40.780]  14:53:47	7.10	 086	 315	37.0	 27 	 -2 	100%	 5.4	    	    	    	    	    	    	    	    	    	    
[2026-02-02 14:34:46.750]  14:53:53	7.10	 086	 315	37.0	 27 	 -2 	100%	 5.4	    	    	    	    	    	    	    	    	    	    
[2026-02-02 14:34:52.733]  14:53:59	7.11	 085	 316	37.0	 27 	 -2 	100%	 5.3	    	    	    	    	    	    	    	    	    	    
[2026-02-02 14:34:58.706]  14:54:04	7.11	 085	 316	37.0	 27 	 -3 	100%	 5.3	    	    	    	    	    	    	    	    	    	    
[2026-02-02 14:35:04.683]  14:54:10	7.11	 085	 317	36.9	 27 	 -3 	100%	 5.4	    	    	    	    	    	    	    	    	    	    
[2026-02-02 14:35:10.660]  14:54:16	7.11	 085	 317	36.9	 27 	 -3 	100%	 5.4	    	    	    	    	    	    	    	    	    	    
[2026-02-02 14:35:16.639]  14:54:22	7.11	 085	 314	36.9	 27 	 -3 	100%	 5.4	    	    	    	    	    	    	    	    	    	    
[2026-02-02 14:35:22.625]  14:54:28	7.10	 085	 313	36.9	 27 	 -3 	100%	 5.4	    	    	    	    	    	    	    	    	    	    
[2026-02-02 14:35:28.593]  14:54:34	7.10	 086	 313	36.9	 27 	 -3 	100%	 5.4	    	    	    	    	    	    	    	    	    	    
[2026-02-02 14:35:34.570]  14:54:40	7.10	 086	 313	37.0	 27 	 -3 	100%	 5.4	    	    	    	    	    	    	    	    	    	    
[2026-02-02 14:35:40.549]  14:54:46	7.10	 086	 314	37.0	 27 	 -3 	100%	 5.4	    	    	    	    	    	    	    	    	    	    
[2026-02-02 14:35:46.536]  14:54:52	7.10	 085	 315	37.0	 27 	 -3 	100%	 5.3	    	    	    	    	    	    	    	    	    	    
[2026-02-02 14:35:52.505]  14:54:58	7.10	 085	 315	37.0	 27 	 -3 	100%	 5.4	    	    	    	    	    	    	    	    	    	    
[2026-02-02 14:35:58.480]  14:55:04	7.10	 085	 316	37.0	 27 	 -3 	100%	 5.4	    	    	    	    	    	    	    	    	    	    
[2026-02-02 14:36:04.457]  14:55:10	7.10	 086	 319	37.0	 27 	 -3 	100%	 5.4	    	    	    	    	    	    	    	    	    	    
[2026-02-02 14:36:10.434]  14:55:16	7.10	 087	 322	37.0	 27 	 -3 	100%	 5.4	    	    	    	    	    	    	    	    	    	    
[2026-02-02 14:36:16.424]  14:55:22	7.09	 088	 325	37.0	 27 	 -3 	100%	 5.4	    	    	    	    	    	    	    	    	    	    
[2026-02-02 14:36:22.400]  14:55:28	7.09	 089	 325	37.0	 27 	 -3 	100%	 5.4	    	    	    	    	    	    	    	    	    	    
[2026-02-02 14:36:28.367]  14:55:34	7.09	 089	 324	37.0	 27 	 -3 	100%	 5.4	    	    	    	    	    	    	    	    	    	    
[2026-02-02 14:36:34.345]  14:55:40	7.09	 088	 329	37.0	 27 	 -3 	100%	 5.4	    	    	    	    	    	    	    	    	    	    
[2026-02-02 14:36:40.360]  14:55:46	7.10	 086	 335	37.0	 27 	 -3 	100%	 5.4	    	    	    	    	    	    	    	    	    	    
[2026-02-02 14:36:46.310]  14:55:52	7.11	 083	 339	37.0	 27 	 -3 	100%	 5.4	    	    	    	    	    	    	    	    	    	    
[2026-02-02 14:36:52.282]  14:55:58	7.12	 080	 344	37.0	 26 	 -3 	100%	 5.4	    	    	    	    	    	    	    	    	    	    
[2026-02-02 14:36:58.254]  14:56:04	7.13	 077	 349	37.0	 26 	 -3 	100%	 5.4	    	    	    	    	    	    	    	    	    	    
[2026-02-02 14:37:04.234]  14:56:10	7.14	 075	 353	37.0	 26 	 -3 	100%	 5.4	    	    	    	    	    	    	    	    	    	    
[2026-02-02 14:37:10.209]  14:56:16	7.15	 073	 358	37.0	 25 	 -3 	100%	 5.4	    	    	    	    	    	    	    	    	    	    
[2026-02-02 14:37:16.186]  14:56:22	7.15	 072	 361	37.0	 25 	 -3 	100%	 5.3	    	    	    	    	    	    	    	    	    	    
[2026-02-02 14:37:22.171]  14:56:28	7.16	 070	 365	37.0	 25 	 -3 	100%	 5.3	    	    	    	    	    	    	    	    	    	    
[2026-02-02 14:37:28.150]  14:56:34	7.16	 069	 369	37.0	 25 	 -3 	100%	 5.4	    	    	    	    	    	    	    	    	    	    
[2026-02-02 14:37:34.116]  14:56:40	7.16	 068	 373	37.0	 25 	 -3 	100%	 5.4	    	    	    	    	    	    	    	    	    	    
[2026-02-02 14:37:40.092]  14:56:46	7.17	 067	 376	37.0	 25 	 -3 	100%	 5.4	    	    	    	    	    	    	    	    	    	    
[2026-02-02 14:37:46.071]  14:56:52	7.17	 067	 379	37.0	 25 	 -3 	100%	 5.4	    	    	    	    	    	    	    	    	    	    
[2026-02-02 14:37:52.051]  14:56:58	7.17	 066	 382	37.0	 25 	 -3 	100%	 5.4	    	    	    	    	    	    	    	    	    	    
[2026-02-02 14:37:58.026]  14:57:04	7.18	 065	 384	37.0	 24 	 -3 	100%	 5.5	    	    	    	    	    	    	    	    	    	    
[2026-02-02 14:38:04.003]  14:57:10	7.18	 065	 386	37.0	 24 	 -4 	100%	 5.5	    	    	    	    	    	    	    	    	    	    
[2026-02-02 14:38:09.982]  14:57:16	7.18	 064	 388	37.0	 24 	 -4 	100%	 5.4	    	    	    	    	    	    	    	    	    	    
[2026-02-02 14:38:15.959]  14:57:22	7.18	 064	 389	37.0	 24 	 -4 	100%	 5.5	    	    	    	    	    	    	    	    	    	    
[2026-02-02 14:38:21.946]  14:57:28	7.19	 064	 390	37.0	 24 	 -4 	100%	 5.5	    	    	    	    	    	    	    	    	    	    
[2026-02-02 14:38:27.914]  14:57:34	7.19	 063	 390	37.0	 24 	 -4 	100%	 5.5	    	    	    	    	    	    	    	    	    	    
[2026-02-02 14:38:33.890]  14:57:40	7.19	 063	 390	37.0	 24 	 -4 	100%	 5.5	    	    	    	    	    	    	    	    	    	    
[2026-02-02 14:38:39.880]  14:57:46	7.19	 063	 391	37.0	 24 	 -4 	100%	 5.5	    	    	    	    	    	    	    	    	    	    
[2026-02-02 14:38:45.845]  14:57:52	7.19	 062	 391	37.0	 24 	 -4 	100%	 5.5	    	    	    	    	    	    	    	    	    	    
[2026-02-02 14:38:51.838]  14:57:58	7.19	 062	 391	37.0	 24 	 -4 	100%	 5.5	    	    	    	    	    	    	    	    	    	    
[2026-02-02 14:38:57.800]  14:58:04	7.20	 062	 392	37.0	 24 	 -4 	100%	 5.5	    	    	    	    	    	    	    	    	    	    
[2026-02-02 14:39:03.777]  14:58:10	7.20	 061	 391	37.0	 24 	 -4 	100%	 5.5	    	    	    	    	    	    	    	    	    	    
[2026-02-02 14:39:09.755]  14:58:16	7.20	 061	 391	37.0	 24 	 -4 	100%	 5.5	    	    	    	    	    	    	    	    	    	    
[2026-02-02 14:39:15.732]  14:58:22	7.20	 061	 391	37.0	 24 	 -4 	100%	 5.6	    	    	    	    	    	    	    	    	    	    
[2026-02-02 14:39:21.712]          	    	ARTERIAL 	 	  	    	    	    	    	    	    	    	  	    VENOUS
[2026-02-02 14:39:21.734]   Time   	 pH 	 CO2	  O2	TEMP	HCO3	 BE 	cSO2	 K+ 	 VO2	  Q 	 BSA	 pH 	 CO2	  O2	TEMP	 SO2	 HCT	 HGB
[2026-02-02 14:39:21.764] 
[2026-02-02 14:39:21.764]  14:58:28	7.20	 061	 391	37.0	 24 	 -4 	100%	 5.5	    	    	    	    	    	    	    	    	    	    
[2026-02-02 14:39:27.687]  14:58:34	7.20	 060	 392	36.9	 24 	 -4 	100%	 5.5	    	    	    	    	    	    	    	    	    	    
[2026-02-02 14:39:33.667]  14:58:40	7.20	 060	 392	36.9	 24 	 -4 	100%	 5.6	    	    	    	    	    	    	    	    	    	    
[2026-02-02 14:39:39.642]  14:58:46	7.20	 060	 392	36.9	 24 	 -4 	100%	 5.6	    	    	    	    	    	    	    	    	    	    
[2026-02-02 14:39:45.620]  14:58:52	7.20	 060	 392	36.9	 24 	 -4 	100%	 5.6	    	    	    	    	    	    	    	    	    	    
[2026-02-02 14:39:51.601]  14:58:58	7.20	 060	 393	36.9	 24 	 -4 	100%	 5.6	    	    	    	    	    	    	    	    	    	    
[2026-02-02 14:39:57.575]  14:59:04	7.20	 060	 393	36.9	 24 	 -4 	100%	 5.6	    	    	    	    	    	    	    	    	    	    
[2026-02-02 14:40:03.552]  14:59:10	7.20	 059	 394	36.9	 24 	 -4 	100%	 5.6	    	    	    	    	    	    	    	    	    	    
[2026-02-02 14:40:09.530]  14:59:16	7.21	 059	 394	36.9	 24 	 -4 	100%	 5.6	    	    	    	    	    	    	    	    	    	    
[2026-02-02 14:40:15.507]  14:59:22	7.21	 059	 395	36.9	 24 	 -4 	100%	 5.6	    	    	    	    	    	    	    	    	    	    
[2026-02-02 14:40:21.537]  14:59:28	7.21	 059	 395	36.9	 24 	 -4 	100%	 5.6	    	    	    	    	    	    	    	    	    	    
[2026-02-02 14:40:27.461]  14:59:34	7.21	 059	 394	36.9	 24 	 -4 	100%	 5.6	    	    	    	    	    	    	    	    	    	    
[2026-02-02 14:40:33.439]  14:59:40	7.21	 059	 394	36.9	 24 	 -4 	100%	 5.6	    	    	    	    	    	    	    	    	    	    
[2026-02-02 14:40:39.418]  14:59:46	7.21	 059	 393	36.9	 24 	 -4 	100%	 5.6	    	    	    	    	    	    	    	    	    	    
[2026-02-02 14:40:45.395]  14:59:52	7.21	 059	 392	36.9	 24 	 -4 	100%	 5.6	    	    	    	    	    	    	    	    	    	    
[2026-02-02 14:40:51.378]  14:59:57	7.21	 059	 391	36.9	 24 	 -4 	100%	 5.6	    	    	    	    	    	    	    	    	    	    
[2026-02-02 14:40:57.350]  15:00:03	7.21	 059	 390	36.9	 24 	 -4 	100%	 5.6	    	    	    	    	    	    	    	    	    	    
[2026-02-02 14:41:03.326]  15:00:09	7.21	 059	 390	36.9	 24 	 -4 	100%	 5.6	    	    	    	    	    	    	    	    	    	    
[2026-02-02 14:41:09.303]  15:00:15	7.21	 059	 390	36.9	 24 	 -4 	100%	 5.7	    	    	    	    	    	    	    	    	    	    
[2026-02-02 14:41:15.282]  15:00:21	7.21	 059	 391	36.9	 24 	 -4 	100%	 5.7	    	    	    	    	    	    	    	    	    	    
[2026-02-02 14:41:21.269]  15:00:27	7.21	 059	 391	36.9	 24 	 -4 	100%	 5.7	    	    	    	    	    	    	    	    	    	    
[2026-02-02 14:41:27.235]  15:00:33	7.21	 059	 391	36.9	 24 	 -4 	100%	 5.7	    	    	    	    	    	    	    	    	    	    
[2026-02-02 14:41:33.213]  15:00:39	7.21	 059	 392	36.9	 24 	 -4 	100%	 5.7	    	    	    	    	    	    	    	    	    	    
[2026-02-02 14:41:39.192]  15:00:45	7.21	 059	 393	36.9	 24 	 -4 	100%	 5.7	    	    	    	    	    	    	    	    	    	    
[2026-02-02 14:41:45.169]  15:00:51	7.21	 058	 394	36.9	 24 	 -4 	100%	 5.7	    	    	    	    	    	    	    	    	    	    
[2026-02-02 14:41:51.150]  15:00:57	7.21	 058	 395	36.9	 24 	 -4 	100%	 5.7	    	    	    	    	    	    	    	    	    	    
[2026-02-02 14:41:57.125]  15:01:03	7.21	 058	 395	36.9	 24 	 -4 	100%	 5.7	    	    	    	    	    	    	    	    	    	    
[2026-02-02 14:42:03.101]  15:01:09	7.21	 058	 396	36.9	 24 	 -3 	100%	 5.7	    	    	    	    	    	    	    	    	    	    
[2026-02-02 14:42:09.078]  15:01:15	7.22	 059	 396	36.9	 24 	 -3 	100%	 5.7	    	    	    	    	    	    	    	    	    	    
[2026-02-02 14:42:15.056]  15:01:21	7.22	 059	 396	36.9	 24 	 -3 	100%	 5.6	    	    	    	    	    	    	    	    	    	    
[2026-02-02 14:42:21.044]  15:01:27	7.22	 059	 396	36.9	 24 	 -3 	100%	 5.6	    	    	    	    	    	    	    	    	    	    
[2026-02-02 14:42:27.050]  15:01:33	7.22	 059	 396	36.9	 24 	 -3 	100%	 5.6	    	    	    	    	    	    	    	    	    	    
[2026-02-02 14:42:32.999]  15:01:39	7.22	 059	 396	36.9	 24 	 -3 	100%	 5.6	    	    	    	    	    	    	    	    	    	    
[2026-02-02 14:42:38.965]  15:01:45	7.22	 059	 395	36.8	 24 	 -3 	100%	 5.6	    	    	    	    	    	    	    	    	    	    
[2026-02-02 14:42:44.943]  15:01:51	7.22	 059	 395	36.8	 24 	 -3 	100%	 5.6	    	    	    	    	    	    	    	    	    	    
[2026-02-02 14:42:50.924]  15:01:57	7.22	 059	 396	36.8	 25 	 -3 	100%	 5.7	    	    	    	    	    	    	    	    	    	    
[2026-02-02 14:42:56.898]  15:02:03	7.23	 059	 397	36.8	 25 	 -3 	100%	 5.7	    	    	    	    	    	    	    	    	    	    
[2026-02-02 14:43:02.886]  15:02:09	7.23	 059	 399	36.8	 25 	 -3 	100%	 5.6	    	    	    	    	    	    	    	    	    	    
[2026-02-02 14:43:08.853]  15:02:15	7.23	 059	 399	36.8	 25 	 -3 	100%	 5.6	    	    	    	    	    	    	    	    	    	    
[2026-02-02 14:43:14.842]  15:02:21	7.23	 059	 400	36.8	 25 	 -2 	100%	 5.6	    	    	    	    	    	    	    	    	    	    
[2026-02-02 14:43:20.819]  15:02:27	7.23	 059	 400	36.8	 25 	 -2 	100%	 5.6	    	    	    	    	    	    	    	    	    	    
[2026-02-02 14:43:26.788]  15:02:33	7.23	 059	 401	36.8	 25 	 -2 	100%	 5.7	    	    	    	    	    	    	    	    	    	    
[2026-02-02 14:43:32.765]  15:02:39	7.23	 059	 401	36.8	 25 	 -2 	100%	 5.7	    	    	    	    	    	    	    	    	    	    
[2026-02-02 14:43:38.740]  15:02:45	7.23	 059	 402	36.8	 25 	 -2 	100%	 5.6	    	    	    	    	    	    	    	    	    	    
[2026-02-02 14:43:44.719]  15:02:51	7.23	 058	 402	36.8	 25 	 -2 	100%	 5.6	    	    	    	    	    	    	    	    	    	    
[2026-02-02 14:43:50.698]  15:02:57	7.23	 058	 402	36.8	 25 	 -2 	100%	 5.6	    	    	    	    	    	    	    	    	    	    
[2026-02-02 14:43:56.672]  15:03:03	7.23	 059	 403	36.8	 25 	 -2 	100%	 5.7	    	    	    	    	    	    	    	    	    	    
[2026-02-02 14:44:02.650]  15:03:09	7.23	 058	 403	36.8	 25 	 -2 	100%	 5.6	    	    	    	    	    	    	    	    	    	    
[2026-02-02 14:44:08.627]  15:03:15	7.23	 058	 404	36.8	 25 	 -2 	100%	 5.6	    	    	    	    	    	    	    	    	    	    
[2026-02-02 14:44:14.607]  15:03:21	7.23	 058	 405	36.8	 25 	 -2 	100%	 5.6	    	    	    	    	    	    	    	    	    	    
[2026-02-02 14:44:20.586]          	    	ARTERIAL 	 	  	    	    	    	    	    	    	    	  	    VENOUS
[2026-02-02 14:44:20.611]   Time   	 pH 	 CO2	  O2	TEMP	HCO3	 BE 	cSO2	 K+ 	 VO2	  Q 	 BSA	 pH 	 CO2	  O2	TEMP	 SO2	 HCT	 HGB
[2026-02-02 14:44:20.635] 
[2026-02-02 14:44:20.635]  15:03:27	7.23	 058	 406	36.8	 25 	 -2 	100%	 5.6	    	    	    	    	    	    	    	    	    	    
[2026-02-02 14:44:26.560]  15:03:33	7.23	 058	 407	36.8	 25 	 -2 	100%	 5.7	    	    	    	    	    	    	    	    	    	    
[2026-02-02 14:44:32.576]  15:03:39	7.23	 058	 408	36.8	 25 	 -2 	100%	 5.7	    	    	    	    	    	    	    	    	    	    
[2026-02-02 14:44:38.515]  15:03:45	7.23	 058	 409	36.8	 25 	 -2 	100%	 5.6	    	    	    	    	    	    	    	    	    	    
[2026-02-02 14:44:44.492]  15:03:51	7.23	 058	 411	36.8	 25 	 -2 	100%	 5.6	    	    	    	    	    	    	    	    	    	    
[2026-02-02 14:44:50.472]  15:03:57	7.23	 058	 412	36.8	 25 	 -2 	100%	 5.6	    	    	    	    	    	    	    	    	    	    
[2026-02-02 14:44:56.446]  15:04:03	7.23	 058	 413	36.8	 25 	 -2 	100%	 5.7	    	    	    	    	    	    	    	    	    	    
[2026-02-02 14:45:02.426]  15:04:09	7.24	 058	 415	36.8	 25 	 -2 	100%	 5.6	    	    	    	    	    	    	    	    	    	    
[2026-02-02 14:45:08.401]  15:04:14	7.24	 058	 415	36.8	 25 	 -2 	100%	 5.6	    	    	    	    	    	    	    	    	    	    
[2026-02-02 14:45:14.381]  15:04:20	7.23	 062	 387	36.9	 26 	 -1 	100%	 5.7	    	    	    	    	    	    	    	    	    	    
[2026-02-02 14:45:20.367]  15:04:26	7.20	 067	 300	37.0	 27 	 -1 	100%	 5.7	    	    	    	    	    	    	    	    	    	    
[2026-02-02 14:45:26.328]  15:04:32	7.19	 069	 226	36.9	 27 	 -1 	 99%	 5.7	    	    	    	    	    	    	    	    	    	    
[2026-02-02 14:45:32.308]  15:04:38	7.19	 068	 188	36.9	 27 	 -1 	 99%	 5.6	    	    	    	    	    	    	    	    	    	    
[2026-02-02 14:45:38.288]  15:04:44	7.21	 065	 193	36.8	 26 	 -2 	 99%	 5.6	    	    	    	    	    	    	    	    	    	    
[2026-02-02 14:45:44.261]  15:04:50	7.21	 064	 240	36.9	 26 	 -2 	 99%	 5.7	    	    	    	    	    	    	    	    	    	    
[2026-02-02 14:45:50.248]  15:04:56	7.20	 068	 265	36.9	 27 	 -1 	100%	 5.7	    	    	    	    	    	    	    	    	    	    
[2026-02-02 14:45:56.220]  15:05:02	7.18	 072	 231	37.0	 27 	 -1 	 99%	 5.7	    	    	    	    	    	    	    	    	    	    
[2026-02-02 14:46:02.192]  15:05:08	7.18	 070	 210	36.9	 27 	 -2 	 99%	 5.6	    	    	    	    	    	    	    	    	    	    
[2026-02-02 14:46:08.170]  15:05:14	7.19	 068	 219	36.9	 26 	 -2 	 99%	 5.6	    	    	    	    	    	    	    	    	    	    
[2026-02-02 14:46:14.147]  15:05:20	7.20	 066	 242	36.8	 26 	 -2 	 99%	 5.6	    	    	    	    	    	    	    	    	    	    
[2026-02-02 14:46:20.141]  15:05:26	7.20	 066	 268	36.8	 26 	 -2 	100%	 5.7	    	    	    	    	    	    	    	    	    	    
[2026-02-02 14:46:26.107]  15:05:32	7.20	 065	 292	36.8	 26 	 -2 	100%	 5.7	    	    	    	    	    	    	    	    	    	    
[2026-02-02 14:46:32.086]  15:05:38	7.20	 065	 316	36.8	 26 	 -2 	100%	 5.7	    	    	    	    	    	    	    	    	    	    
[2026-02-02 14:46:38.061]  15:05:44	7.20	 065	 337	36.8	 26 	 -2 	100%	 5.6	    	    	    	    	    	    	    	    	    	    
[2026-02-02 14:46:44.050]  15:05:50	7.20	 065	 355	36.8	 26 	 -2 	100%	 5.6	    	    	    	    	    	    	    	    	    	    
[2026-02-02 14:46:50.019]  15:05:56	7.20	 065	 370	36.8	 26 	 -2 	100%	 5.6	    	    	    	    	    	    	    	    	    	    
[2026-02-02 14:46:55.994]  15:06:02	7.20	 065	 383	36.8	 26 	 -2 	100%	 5.6	    	    	    	    	    	    	    	    	    	    
[2026-02-02 14:47:01.969]  15:06:08	7.21	 065	 393	36.8	 26 	 -2 	100%	 5.6	    	    	    	    	    	    	    	    	    	    
[2026-02-02 14:47:07.946]  15:06:14	7.21	 065	 401	36.8	 26 	 -2 	100%	 5.6	    	    	    	    	    	    	    	    	    	    
[2026-02-02 14:47:13.924]  15:06:20	7.21	 065	 406	36.8	 26 	 -2 	100%	 5.7	    	    	    	    	    	    	    	    	    	    
[2026-02-02 14:47:19.911]  15:06:26	7.21	 065	 411	36.8	 26 	 -1 	100%	 5.7	    	    	    	    	    	    	    	    	    	    
[2026-02-02 14:47:25.892]  15:06:32	7.21	 066	 417	36.8	 26 	 -1 	100%	 5.7	    	    	    	    	    	    	    	    	    	    
[2026-02-02 14:47:31.855]  15:06:38	7.20	 067	 420	36.8	 26 	 -1 	100%	 5.6	    	    	    	    	    	    	    	    	    	    
[2026-02-02 14:47:37.831]  15:06:44	7.20	 067	 418	36.8	 27 	 -1 	100%	 5.6	    	    	    	    	    	    	    	    	    	    
[2026-02-02 14:47:43.811]  15:06:50	7.20	 067	 414	36.8	 27 	 -1 	100%	 5.6	    	    	    	    	    	    	    	    	    	    
[2026-02-02 14:47:49.790]  15:06:56	7.20	 068	 415	36.8	 27 	 -1 	100%	 5.6	    	    	    	    	    	    	    	    	    	    
[2026-02-02 14:47:55.765]  15:07:02	7.19	 069	 418	36.8	 27 	 -1 	100%	 5.6	    	    	    	    	    	    	    	    	    	    
[2026-02-02 14:48:01.743]  15:07:08	7.19	 069	 420	36.9	 27 	 -1 	100%	 5.6	    	    	    	    	    	    	    	    	    	    
[2026-02-02 14:48:07.720]  15:07:14	7.20	 069	 422	36.9	 27 	 -1 	100%	 5.6	    	    	    	    	    	    	    	    	    	    
[2026-02-02 14:48:13.696]  15:07:20	7.20	 068	 423	36.9	 27 	 -1 	100%	 5.6	    	    	    	    	    	    	    	    	    	    
[2026-02-02 14:48:19.683]  15:07:26	7.20	 068	 425	36.9	 27 	 -1 	100%	 5.6	    	    	    	    	    	    	    	    	    	    
[2026-02-02 14:48:25.651]  15:07:32	7.20	 068	 426	36.9	 27 	 -1 	100%	 5.6	    	    	    	    	    	    	    	    	    	    
[2026-02-02 14:48:31.628]  15:07:38	7.20	 068	 427	36.9	 27 	 -1 	100%	 5.5	    	    	    	    	    	    	    	    	    	    
[2026-02-02 14:48:37.604]  15:07:44	7.20	 068	 428	36.9	 27 	 -1 	100%	 5.6	    	    	    	    	    	    	    	    	    	    
[2026-02-02 14:48:43.582]  15:07:50	7.20	 068	 428	36.9	 27 	 -1 	100%	 5.6	    	    	    	    	    	    	    	    	    	    
[2026-02-02 14:48:49.562]  15:07:56	7.20	 068	 428	36.9	 27 	 -1 	100%	 5.6	    	    	    	    	    	    	    	    	    	    
[2026-02-02 14:48:55.536]  15:08:02	7.20	 068	 427	36.9	 27 	 -1 	100%	 5.6	    	    	    	    	    	    	    	    	    	    
[2026-02-02 14:49:01.513]  15:08:08	7.20	 068	 427	36.9	 27 	 -1 	100%	 5.6	    	    	    	    	    	    	    	    	    	    
[2026-02-02 14:49:07.489]  15:08:14	7.20	 068	 426	36.9	 27 	 -1 	100%	 5.5	    	    	    	    	    	    	    	    	    	    
[2026-02-02 14:49:13.466]  15:08:20	7.20	 068	 425	36.9	 27 	 -1 	100%	 5.5	    	    	    	    	    	    	    	    	    	    
[2026-02-02 14:49:19.458]          	    	ARTERIAL 	 	  	    	    	    	    	    	    	    	  	    VENOUS
[2026-02-02 14:49:19.485]   Time   	 pH 	 CO2	  O2	TEMP	HCO3	 BE 	cSO2	 K+ 	 VO2	  Q 	 BSA	 pH 	 CO2	  O2	TEMP	 SO2	 HCT	 HGB
[2026-02-02 14:49:19.517] 
[2026-02-02 14:49:19.517]  15:08:26	7.20	 068	 425	36.9	 27 	 -1 	100%	 5.5	    	    	    	    	    	    	    	    	    	    
[2026-02-02 14:49:25.422]  15:08:32	7.20	 068	 425	36.9	 27 	 -1 	100%	 5.6	    	    	    	    	    	    	    	    	    	    
[2026-02-02 14:49:31.399]  15:08:38	7.20	 068	 425	36.9	 27 	 -1 	100%	 5.5	    	    	    	    	    	    	    	    	    	    
[2026-02-02 14:49:37.377]  15:08:44	7.20	 069	 425	36.9	 27 	 -1 	100%	 5.5	    	    	    	    	    	    	    	    	    	    
[2026-02-02 14:49:43.364]  15:08:50	7.20	 069	 425	36.9	 27 	 -1 	100%	 5.6	    	    	    	    	    	    	    	    	    	    
[2026-02-02 14:49:49.334]  15:08:56	7.20	 069	 425	36.9	 27 	 -1 	100%	 5.5	    	    	    	    	    	    	    	    	    	    
[2026-02-02 14:49:55.307]  15:09:02	7.20	 069	 424	36.9	 27 	 -1 	100%	 5.5	    	    	    	    	    	    	    	    	    	    
[2026-02-02 14:50:01.288]  15:09:08	7.20	 069	 424	36.9	 27 	 -1 	100%	 5.5	    	    	    	    	    	    	    	    	    	    
[2026-02-02 14:50:07.261]  15:09:14	7.20	 069	 423	36.9	 27 	 -1 	100%	 5.5	    	    	    	    	    	    	    	    	    	    
[2026-02-02 14:50:13.238]  15:09:19	7.20	 069	 423	36.9	 27 	 -1 	100%	 5.5	    	    	    	    	    	    	    	    	    	    
[2026-02-02 14:50:19.264]  15:09:25	7.20	 069	 422	36.9	 27 	 -1 	100%	 5.5	    	    	    	    	    	    	    	    	    	    
[2026-02-02 14:50:25.193]  15:09:31	7.20	 069	 421	36.9	 27 	 -1 	100%	 5.5	    	    	    	    	    	    	    	    	    	    
[2026-02-02 14:50:31.170]  15:09:37	7.20	 069	 421	36.9	 27 	 -1 	100%	 5.5	    	    	    	    	    	    	    	    	    	    
[2026-02-02 14:50:37.159]  15:09:43	7.20	 069	 421	36.9	 27 	 -1 	100%	 5.5	    	    	    	    	    	    	    	    	    	    
[2026-02-02 14:50:43.125]  15:09:49	7.20	 069	 420	36.9	 27 	 -1 	100%	 5.5	    	    	    	    	    	    	    	    	    	    
[2026-02-02 14:50:49.104]  15:09:55	7.20	 069	 420	36.9	 27 	 -1 	100%	 5.5	    	    	    	    	    	    	    	    	    	    
[2026-02-02 14:50:55.079]  15:10:01	7.20	 069	 420	36.9	 27 	 -1 	100%	 5.6	    	    	    	    	    	    	    	    	    	    
[2026-02-02 14:51:01.056]  15:10:07	7.20	 069	 420	36.9	 27 	 -1 	100%	 5.5	    	    	    	    	    	    	    	    	    	    
[2026-02-02 14:51:07.035]  15:10:13	7.20	 069	 420	36.9	 27 	 -1 	100%	 5.5	    	    	    	    	    	    	    	    	    	    
[2026-02-02 14:51:13.010]  15:10:19	7.20	 069	 420	36.9	 27 	 -1 	100%	 5.5	    	    	    	    	    	    	    	    	    	    
[2026-02-02 14:51:18.997]  15:10:25	7.20	 069	 420	36.9	 27 	 -1 	100%	 5.5	    	    	    	    	    	    	    	    	    	    
[2026-02-02 14:51:24.965]  15:10:31	7.20	 069	 419	36.9	 27 	 -1 	100%	 5.6	    	    	    	    	    	    	    	    	    	    
[2026-02-02 14:51:30.941]  15:10:37	7.20	 070	 419	36.9	 27 	 -1 	100%	 5.5	    	    	    	    	    	    	    	    	    	    
[2026-02-02 14:51:36.919]  15:10:43	7.19	 070	 420	36.9	 27 	 -1 	100%	 5.5	    	    	    	    	    	    	    	    	    	    
[2026-02-02 14:51:42.899]  15:10:49	7.19	 072	 420	37.0	 27 	 -1 	100%	 5.5	    	    	    	    	    	    	    	    	    	    
[2026-02-02 14:51:48.891]  15:10:55	7.18	 073	 417	37.0	 28 	 -1 	100%	 5.6	    	    	    	    	    	    	    	    	    	    
[2026-02-02 14:51:54.852]  15:11:01	7.17	 075	 416	37.0	 28 	 -0 	100%	 5.6	    	    	    	    	    	    	    	    	    	    
[2026-02-02 14:52:00.832]  15:11:07	7.18	 075	 415	37.0	 28 	 -0 	100%	 5.5	    	    	    	    	    	    	    	    	    	    
[2026-02-02 14:52:06.807]  15:11:13	7.18	 074	 414	37.0	 28 	 -0 	100%	 5.5	    	    	    	    	    	    	    	    	    	    
[2026-02-02 14:52:12.784]  15:11:19	7.18	 073	 413	37.0	 28 	 -0 	100%	 5.6	    	    	    	    	    	    	    	    	    	    
[2026-02-02 14:52:18.772]  15:11:25	7.18	 073	 413	37.0	 28 	 -0 	100%	 5.6	    	    	    	    	    	    	    	    	    	    
[2026-02-02 14:52:24.740]  15:11:31	7.19	 073	 412	37.0	 28 	 -1 	100%	 5.5	    	    	    	    	    	    	    	    	    	    
[2026-02-02 14:52:30.716]  15:11:37	7.19	 072	 413	37.0	 28 	 -1 	100%	 5.5	    	    	    	    	    	    	    	    	    	    
[2026-02-02 14:52:36.693]  15:11:43	7.19	 072	 413	37.0	 28 	 -1 	100%	 5.6	    	    	    	    	    	    	    	    	    	    
[2026-02-02 14:52:42.672]  15:11:49	7.18	 073	 412	37.0	 28 	 -1 	100%	 5.6	    	    	    	    	    	    	    	    	    	    
[2026-02-02 14:52:48.650]  15:11:55	7.18	 074	 411	37.0	 28 	 -1 	100%	 5.5	    	    	    	    	    	    	    	    	    	    
[2026-02-02 14:52:54.625]  15:12:01	7.18	 075	 410	37.0	 28 	 -0 	100%	 5.6	    	    	    	    	    	    	    	    	    	    
[2026-02-02 14:53:00.600]  15:12:07	7.17	 076	 408	37.0	 28 	 -0 	100%	 5.6	    	    	    	    	    	    	    	    	    	    
[2026-02-02 14:53:06.579]  15:12:13	7.17	 076	 405	37.0	 28 	 -0 	100%	 5.6	    	    	    	    	    	    	    	    	    	    
[2026-02-02 14:53:12.557]  15:12:19	7.17	 077	 402	37.0	 28 	 -0 	100%	 5.6	    	    	    	    	    	    	    	    	    	    
[2026-02-02 14:53:18.547]  15:12:25	7.17	 078	 398	37.0	 28 	 -0 	100%	 5.5	    	    	    	    	    	    	    	    	    	    
[2026-02-02 14:53:24.510]  15:12:31	7.16	 079	 394	37.0	 28 	 -0 	100%	 5.5	    	    	    	    	    	    	    	    	    	    
[2026-02-02 14:53:30.487]  15:12:37	7.16	 080	 391	37.0	 29 	  0 	100%	 5.6	    	    	    	    	    	    	    	    	    	    
[2026-02-02 14:53:36.464]  15:12:43	7.16	 082	 389	37.0	 30 	  1 	100%	 5.5	    	    	    	    	    	    	    	    	    	    
[2026-02-02 14:53:42.452]  15:12:49	7.17	 083	 390	37.0	 30 	  2 	100%	 5.4	    	    	    	    	    	    	    	    	    	    
[2026-02-02 14:53:48.424]  15:12:55	7.17	 083	 391	37.0	 31 	  2 	100%	 5.4	    	    	    	    	    	    	    	    	    	    
[2026-02-02 14:53:54.407]  15:13:01	7.17	 084	 393	37.0	 31 	  2 	100%	 5.4	    	    	    	    	    	    	    	    	    	    
[2026-02-02 14:54:00.372]  15:13:07	7.17	 084	 395	37.0	 31 	  2 	100%	 5.4	    	    	    	    	    	    	    	    	    	    
[2026-02-02 14:54:06.355]  15:13:13	7.17	 084	 398	37.0	 31 	  3 	100%	 5.4	    	    	    	    	    	    	    	    	    	    
[2026-02-02 14:54:12.326]  15:13:19	7.18	 085	 402	37.0	 32 	  3 	100%	 5.4	    	    	    	    	    	    	    	    	    	    
[2026-02-02 14:54:18.306]          	    	ARTERIAL 	 	  	    	    	    	    	    	    	    	  	    VENOUS
[2026-02-02 14:54:18.330]   Time   	 pH 	 CO2	  O2	TEMP	HCO3	 BE 	cSO2	 K+ 	 VO2	  Q 	 BSA	 pH 	 CO2	  O2	TEMP	 SO2	 HCT	 HGB
[2026-02-02 14:54:18.354] 
[2026-02-02 14:54:18.354]  15:13:24	7.18	 085	 406	37.0	 32 	  3 	100%	 5.4	    	    	    	    	    	    	    	    	    	    
[2026-02-02 14:54:24.280]  15:13:30	7.18	 085	 411	37.0	 32 	  3 	100%	 5.4	    	    	    	    	    	    	    	    	    	    
[2026-02-02 14:54:30.260]  15:13:36	7.18	 085	 416	37.0	 32 	  3 	100%	 5.4	    	    	    	    	    	    	    	    	    	    
[2026-02-02 14:54:36.236]  15:13:42	7.18	 085	 420	37.0	 32 	  3 	100%	 5.3	    	    	    	    	    	    	    	    	    	    
[2026-02-02 14:54:42.212]  15:13:48	7.18	 086	 424	37.0	 32 	  3 	100%	 5.3	    	    	    	    	    	    	    	    	    	    
[2026-02-02 14:54:48.193]  15:13:54	7.18	 086	 427	37.0	 32 	  3 	100%	 5.3	    	    	    	    	    	    	    	    	    	    
[2026-02-02 14:54:54.168]  15:14:00	7.18	 086	 429	37.0	 32 	  3 	100%	 5.3	    	    	    	    	    	    	    	    	    	    
[2026-02-02 14:55:00.143]  15:14:06	7.17	 086	 431	37.0	 32 	  3 	100%	 5.3	    	    	    	    	    	    	    	    	    	    
[2026-02-02 14:55:06.120]  15:14:12	7.17	 087	 432	37.0	 32 	  3 	100%	 5.3	    	    	    	    	    	    	    	    	    	    
[2026-02-02 14:55:12.100]  15:14:18	7.17	 087	 433	37.0	 32 	  3 	100%	 5.3	    	    	    	    	    	    	    	    	    	    
[2026-02-02 14:55:18.125]  15:14:24	7.17	 087	 434	37.0	 32 	  3 	100%	 5.3	    	    	    	    	    	    	    	    	    	    
[2026-02-02 14:55:24.051]  15:14:29	7.17	 087	 434	37.0	 32 	  4 	100%	 5.3	    	    	    	    	    	    	    	    	    	    
[2026-02-02 14:55:30.030]  15:14:35	7.17	 088	 435	37.0	 33 	  4 	100%	 5.3	    	    	    	    	    	    	    	    	    	    
[2026-02-02 14:55:36.006]  15:14:41	7.17	 088	 436	37.0	 33 	  4 	100%	 5.3	    	    	    	    	    	    	    	    	    	    
[2026-02-02 14:55:41.983]  15:14:47	7.17	 088	 437	37.0	 33 	  4 	100%	 5.3	    	    	    	    	    	    	    	    	    	    
[2026-02-02 14:55:47.966]  15:14:53	7.17	 088	 438	37.0	 33 	  4 	100%	 5.3	    	    	    	    	    	    	    	    	    	    
[2026-02-02 14:55:53.938]  15:14:59	7.17	 089	 439	37.0	 33 	  4 	100%	 5.3	    	    	    	    	    	    	    	    	    	    
[2026-02-02 14:55:59.915]  15:15:05	7.17	 089	 439	37.0	 33 	  4 	100%	 5.3	    	    	    	    	    	    	    	    	    	    
[2026-02-02 14:56:05.891]  15:15:11	7.17	 089	 440	37.0	 33 	  4 	100%	 5.2	    	    	    	    	    	    	    	    	    	    
[2026-02-02 14:56:11.872]  15:15:17	7.17	 089	 441	37.0	 33 	  4 	100%	 5.3	    	    	    	    	    	    	    	    	    	    
[2026-02-02 14:56:17.856]  15:15:23	7.17	 089	 442	37.0	 33 	  4 	100%	 5.2	    	    	    	    	    	    	    	    	    	    
[2026-02-02 14:56:23.823]  15:15:29	7.17	 090	 443	37.0	 33 	  4 	100%	 5.2	    	    	    	    	    	    	    	    	    	    
[2026-02-02 14:56:29.808]  15:15:35	7.17	 090	 444	37.0	 33 	  4 	100%	 5.2	    	    	    	    	    	    	    	    	    	    
[2026-02-02 14:56:35.780]  15:15:41	7.17	 090	 445	37.0	 33 	  4 	100%	 5.2	    	    	    	    	    	    	    	    	    	    
[2026-02-02 14:56:41.762]  15:15:47	7.17	 091	 446	37.0	 33 	  4 	100%	 5.2	    	    	    	    	    	    	    	    	    	    
[2026-02-02 14:56:47.735]  15:15:53	7.17	 091	 448	37.0	 33 	  4 	100%	 5.2	    	    	    	    	    	    	    	    	    	    
[2026-02-02 14:56:53.709]  15:15:59	7.17	 091	 449	37.0	 33 	  4 	100%	 5.2	    	    	    	    	    	    	    	    	    	    
[2026-02-02 14:56:59.687]  15:16:05	7.17	 091	 449	37.0	 34 	  4 	100%	 5.2	    	    	    	    	    	    	    	    	    	    
[2026-02-02 14:57:05.663]  15:16:11	7.17	 091	 450	37.0	 34 	  4 	100%	 5.2	    	    	    	    	    	    	    	    	    	    
[2026-02-02 14:57:11.641]  15:16:17	7.17	 091	 452	37.0	 34 	  5 	100%	 5.2	    	    	    	    	    	    	    	    	    	    
[2026-02-02 14:57:17.629]  15:16:23	7.17	 092	 454	37.0	 34 	  5 	100%	 5.2	    	    	    	    	    	    	    	    	    	    
[2026-02-02 14:57:23.596]  15:16:29	7.16	 094	 455	37.0	 34 	  5 	100%	 5.2	    	    	    	    	    	    	    	    	    	    
[2026-02-02 14:57:29.572]  15:16:35	7.16	 095	 456	37.1	 34 	  5 	100%	 5.2	    	    	    	    	    	    	    	    	    	    
[2026-02-02 14:57:35.549]  15:16:41	7.16	 096	 458	37.0	 34 	  5 	100%	 5.2	    	    	    	    	    	    	    	    	    	    
[2026-02-02 14:57:41.581]  15:16:47	7.16	 096	 460	37.0	 34 	  5 	100%	 5.2	    	    	    	    	    	    	    	    	    	    
[2026-02-02 14:57:47.507]  15:16:53	7.16	 095	 462	37.0	 34 	  5 	100%	 5.1	    	    	    	    	    	    	    	    	    	    
[2026-02-02 14:57:53.482]  15:16:59	7.16	 094	 464	37.0	 34 	  5 	100%	 5.1	    	    	    	    	    	    	    	    	    	    
[2026-02-02 14:57:59.458]  15:17:05	7.17	 092	 467	37.0	 34 	  5 	100%	 5.2	    	    	    	    	    	    	    	    	    	    
[2026-02-02 14:58:05.435]  15:17:11	7.18	 090	 470	37.0	 34 	  5 	100%	 5.1	    	    	    	    	    	    	    	    	    	    
[2026-02-02 14:58:11.413]  15:17:17	7.18	 089	 473	37.0	 34 	  5 	100%	 5.1	    	    	    	    	    	    	    	    	    	    
[2026-02-02 14:58:17.399]  15:17:23	7.18	 088	 476	37.0	 34 	  5 	100%	 5.2	    	    	    	    	    	    	    	    	    	    
[2026-02-02 14:58:23.368]  15:17:29	7.19	 087	 478	37.0	 33 	  5 	100%	 5.1	    	    	    	    	    	    	    	    	    	    
[2026-02-02 14:58:29.343]  15:17:35	7.19	 087	 479	37.0	 33 	  5 	100%	 5.1	    	    	    	    	    	    	    	    	    	    
[2026-02-02 14:58:35.320]  15:17:41	7.19	 086	 481	37.0	 33 	  5 	100%	 5.1	    	    	    	    	    	    	    	    	    	    
[2026-02-02 14:58:41.297]  15:17:47	7.19	 085	 482	37.0	 33 	  5 	100%	 5.2	    	    	    	    	    	    	    	    	    	    
[2026-02-02 14:58:47.278]  15:17:53	7.20	 085	 484	37.0	 33 	  5 	100%	 5.2	    	    	    	    	    	    	    	    	    	    
[2026-02-02 14:58:53.264]  15:17:59	7.20	 084	 485	37.0	 33 	  5 	100%	 5.1	    	    	    	    	    	    	    	    	    	    
[2026-02-02 14:58:59.230]  15:18:05	7.20	 084	 486	37.0	 33 	  5 	100%	 5.1	    	    	    	    	    	    	    	    	    	    
[2026-02-02 14:59:05.208]  15:18:11	7.20	 084	 487	37.0	 33 	  5 	100%	 5.1	    	    	    	    	    	    	    	    	    	    
[2026-02-02 14:59:11.184]  15:18:17	7.20	 083	 488	37.0	 33 	  5 	100%	 5.1	    	    	    	    	    	    	    	    	    	    
[2026-02-02 14:59:17.164]          	    	ARTERIAL 	 	  	    	    	    	    	    	    	    	  	    VENOUS
[2026-02-02 14:59:17.187]   Time   	 pH 	 CO2	  O2	TEMP	HCO3	 BE 	cSO2	 K+ 	 VO2	  Q 	 BSA	 pH 	 CO2	  O2	TEMP	 SO2	 HCT	 HGB
[2026-02-02 14:59:17.212] 
[2026-02-02 14:59:17.214]  15:18:23	7.21	 083	 490	37.0	 33 	  5 	100%	 5.1	    	    	    	    	    	    	    	    	    	    
[2026-02-02 14:59:23.138]  15:18:29	7.21	 083	 491	37.0	 33 	  5 	100%	 5.1	    	    	    	    	    	    	    	    	    	    
[2026-02-02 14:59:29.115]  15:18:35	7.21	 083	 492	37.0	 33 	  5 	100%	 5.2	    	    	    	    	    	    	    	    	    	    
[2026-02-02 14:59:35.093]  15:18:40	7.21	 082	 493	37.0	 33 	  5 	100%	 5.2	    	    	    	    	    	    	    	    	    	    
[2026-02-02 14:59:41.070]  15:18:47	7.21	 082	 494	37.0	 33 	  5 	100%	 5.2	    	    	    	    	    	    	    	    	    	    
[2026-02-02 14:59:47.052]  15:18:53	7.21	 082	 495	37.0	 33 	  5 	100%	 5.2	    	    	    	    	    	    	    	    	    	    
[2026-02-02 14:59:53.024]  15:18:59	7.21	 082	 496	37.0	 33 	  5 	100%	 5.2	    	    	    	    	    	    	    	    	    	    
[2026-02-02 14:59:59.003]  15:19:05	7.21	 081	 497	37.0	 33 	  5 	100%	 5.2	    	    	    	    	    	    	    	    	    	    
[2026-02-02 15:00:04.980]  15:19:11	7.22	 081	 499	37.0	 33 	  5 	100%	 5.2	    	    	    	    	    	    	    	    	    	    
[2026-02-02 15:00:10.956]  15:19:17	7.21	 081	 499	37.0	 33 	  5 	100%	 5.1	    	    	    	    	    	    	    	    	    	    
[2026-02-02 15:00:16.948]  15:19:23	7.21	 080	 500	37.0	 33 	  4 	100%	 5.1	    	    	    	    	    	    	    	    	    	    
[2026-02-02 15:00:22.913]  15:19:29	7.21	 080	 502	37.0	 32 	  4 	100%	 5.1	    	    	    	    	    	    	    	    	    	    
[2026-02-02 15:00:28.890]  15:19:35	7.21	 081	 502	37.0	 33 	  4 	100%	 5.2	    	    	    	    	    	    	    	    	    	    
[2026-02-02 15:00:34.867]  15:19:41	7.20	 083	 503	37.0	 33 	  4 	100%	 5.2	    	    	    	    	    	    	    	    	    	    
[2026-02-02 15:00:40.845]  15:19:47	7.19	 084	 504	36.9	 33 	  4 	100%	 5.2	    	    	    	    	    	    	    	    	    	    
[2026-02-02 15:00:46.826]  15:19:53	7.19	 085	 505	36.9	 33 	  4 	100%	 5.3	    	    	    	    	    	    	    	    	    	    
[2026-02-02 15:00:52.801]  15:19:59	7.18	 085	 505	37.0	 32 	  4 	100%	 5.3	    	    	    	    	    	    	    	    	    	    
[2026-02-02 15:00:58.776]  15:20:05	7.19	 084	 506	37.0	 32 	  3 	100%	 5.3	    	    	    	    	    	    	    	    	    	    
[2026-02-02 15:01:04.759]  15:20:11	7.19	 082	 505	37.0	 32 	  3 	100%	 5.3	    	    	    	    	    	    	    	    	    	    
[2026-02-02 15:01:10.730]  15:20:17	7.20	 081	 506	37.0	 31 	  3 	100%	 5.3	    	    	    	    	    	    	    	    	    	    
[2026-02-02 15:01:16.719]  15:20:23	7.20	 079	 508	37.0	 31 	  3 	100%	 5.3	    	    	    	    	    	    	    	    	    	    
[2026-02-02 15:01:22.685]  15:20:28	7.21	 077	 511	37.0	 31 	  3 	100%	 5.3	    	    	    	    	    	    	    	    	    	    
[2026-02-02 15:01:28.664]  15:20:34	7.21	 076	 515	37.0	 31 	  3 	100%	 5.3	    	    	    	    	    	    	    	    	    	    
[2026-02-02 15:01:34.639]  15:20:40	7.22	 074	 519	36.9	 30 	  2 	100%	 5.3	    	    	    	    	    	    	    	    	    	    
[2026-02-02 15:01:40.617]  15:20:46	7.22	 074	 520	36.9	 30 	  2 	100%	 5.3	    	    	    	    	    	    	    	    	    	    
[2026-02-02 15:01:46.599]  15:20:52	7.22	 073	 521	36.9	 30 	  2 	100%	 5.4	    	    	    	    	    	    	    	    	    	    
[2026-02-02 15:01:52.570]  15:20:58	7.22	 072	 521	36.9	 30 	  2 	100%	 5.4	    	    	    	    	    	    	    	    	    	    
[2026-02-02 15:01:58.548]  15:21:04	7.22	 072	 520	37.0	 30 	  2 	100%	 5.4	    	    	    	    	    	    	    	    	    	    
[2026-02-02 15:02:04.526]  15:21:10	7.23	 071	 519	37.0	 30 	  2 	100%	 5.4	    	    	    	    	    	    	    	    	    	    
[2026-02-02 15:02:10.541]  15:21:16	7.23	 071	 519	36.9	 30 	  2 	100%	 5.4	    	    	    	    	    	    	    	    	    	    
[2026-02-02 15:02:16.487]  15:21:22	7.23	 070	 518	36.9	 30 	  2 	100%	 5.4	    	    	    	    	    	    	    	    	    	    
[2026-02-02 15:02:22.453]  15:21:28	7.23	 070	 518	36.9	 30 	  2 	100%	 5.4	    	    	    	    	    	    	    	    	    	    
[2026-02-02 15:02:28.430]  15:21:34	7.23	 070	 518	36.9	 29 	  2 	100%	 5.4	    	    	    	    	    	    	    	    	    	    
[2026-02-02 15:02:34.408]  15:21:40	7.23	 069	 518	36.9	 29 	  2 	100%	 5.4	    	    	    	    	    	    	    	    	    	    
[2026-02-02 15:02:40.384]  15:21:46	7.23	 069	 518	36.9	 29 	  2 	100%	 5.4	    	    	    	    	    	    	    	    	    	    
[2026-02-02 15:02:46.364]  15:21:52	7.23	 069	 518	36.9	 29 	  2 	100%	 5.4	    	    	    	    	    	    	    	    	    	    
[2026-02-02 15:02:52.343]  15:21:58	7.24	 068	 518	36.9	 29 	  2 	100%	 5.4	    	    	    	    	    	    	    	    	    	    
[2026-02-02 15:02:58.316]  15:22:04	7.24	 068	 518	36.9	 29 	  2 	100%	 5.4	    	    	    	    	    	    	    	    	    	    
[2026-02-02 15:03:04.293]  15:22:10	7.24	 068	 518	36.9	 29 	  2 	100%	 5.5	    	    	    	    	    	    	    	    	    	    
[2026-02-02 15:03:10.269]  15:22:16	7.24	 068	 518	36.9	 29 	  2 	100%	 5.5	    	    	    	    	    	    	    	    	    	    
[2026-02-02 15:03:16.256]  15:22:22	7.24	 067	 518	36.9	 29 	  2 	100%	 5.5	    	    	    	    	    	    	    	    	    	    
[2026-02-02 15:03:22.224]  15:22:28	7.24	 067	 518	36.9	 29 	  2 	100%	 5.5	    	    	    	    	    	    	    	    	    	    
[2026-02-02 15:03:28.201]  15:22:34	7.24	 067	 518	36.9	 29 	  2 	100%	 5.6	    	    	    	    	    	    	    	    	    	    
[2026-02-02 15:03:34.179]  15:22:40	7.24	 067	 518	36.9	 29 	  2 	100%	 5.6	    	    	    	    	    	    	    	    	    	    
[2026-02-02 15:03:40.155]  15:22:46	7.24	 067	 518	37.0	 29 	  2 	100%	 5.6	    	    	    	    	    	    	    	    	    	    
[2026-02-02 15:03:46.134]  15:22:52	7.24	 068	 518	37.0	 29 	  2 	100%	 5.6	    	    	    	    	    	    	    	    	    	    
[2026-02-02 15:03:52.108]  15:22:58	7.22	 071	 519	37.0	 30 	  2 	100%	 5.6	    	    	    	    	    	    	    	    	    	    
[2026-02-02 15:03:58.088]  15:23:04	7.22	 072	 519	37.0	 30 	  2 	100%	 5.6	    	    	    	    	    	    	    	    	    	    
[2026-02-02 15:04:04.065]  15:23:10	7.21	 074	 520	37.0	 30 	  2 	100%	 5.6	    	    	    	    	    	    	    	    	    	    
[2026-02-02 15:04:10.042]  15:23:16	7.21	 074	 521	37.0	 30 	  2 	100%	 5.5	    	    	    	    	    	    	    	    	    	    
[2026-02-02 15:04:16.020]          	    	ARTERIAL 	 	  	    	    	    	    	    	    	    	  	    VENOUS
[2026-02-02 15:04:16.041]   Time   	 pH 	 CO2	  O2	TEMP	HCO3	 BE 	cSO2	 K+ 	 VO2	  Q 	 BSA	 pH 	 CO2	  O2	TEMP	 SO2	 HCT	 HGB
[2026-02-02 15:04:16.073] 
[2026-02-02 15:04:16.073]  15:23:22	7.22	 071	 523	37.0	 29 	  2 	100%	 5.5	    	    	    	    	    	    	    	    	    	    
[2026-02-02 15:04:21.995]  15:23:28	7.23	 069	 526	37.0	 29 	  1 	100%	 5.5	    	    	    	    	    	    	    	    	    	    
[2026-02-02 15:04:27.971]  15:23:34	7.24	 067	 528	37.0	 29 	  1 	100%	 5.5	    	    	    	    	    	    	    	    	    	    
[2026-02-02 15:04:33.948]  15:23:40	7.24	 066	 531	37.0	 28 	  1 	100%	 5.5	    	    	    	    	    	    	    	    	    	    
[2026-02-02 15:04:39.935]  15:23:46	7.25	 065	 533	37.0	 28 	  1 	100%	 5.5	    	    	    	    	    	    	    	    	    	    
[2026-02-02 15:04:45.904]  15:23:52	7.25	 064	 535	36.9	 28 	  1 	100%	 5.6	    	    	    	    	    	    	    	    	    	    
[2026-02-02 15:04:51.881]  15:23:58	7.25	 063	 536	36.9	 28 	  1 	100%	 5.6	    	    	    	    	    	    	    	    	    	    
[2026-02-02 15:04:57.853]  15:24:04	7.25	 063	 537	36.9	 28 	  1 	100%	 5.7	    	    	    	    	    	    	    	    	    	    
[2026-02-02 15:05:03.872]  15:24:10	7.26	 062	 538	36.9	 28 	  1 	100%	 5.7	    	    	    	    	    	    	    	    	    	    
[2026-02-02 15:05:09.819]  15:24:16	7.26	 062	 538	36.9	 28 	  1 	100%	 5.7	    	    	    	    	    	    	    	    	    	    
[2026-02-02 15:05:15.795]  15:24:22	7.26	 062	 538	36.9	 28 	  1 	100%	 5.7	    	    	    	    	    	    	    	    	    	    
[2026-02-02 15:05:21.763]  15:24:28	7.26	 061	 537	36.9	 28 	  1 	100%	 5.7	    	    	    	    	    	    	    	    	    	    
[2026-02-02 15:05:27.739]  15:24:34	7.26	 061	 536	36.9	 28 	  1 	100%	 5.7	    	    	    	    	    	    	    	    	    	    
[2026-02-02 15:05:33.715]  15:24:40	7.26	 061	 536	36.9	 28 	  1 	100%	 5.8	    	    	    	    	    	    	    	    	    	    
[2026-02-02 15:05:39.695]  15:24:46	7.27	 061	 535	36.9	 28 	  1 	100%	 5.8	    	    	    	    	    	    	    	    	    	    
[2026-02-02 15:05:45.674]  15:24:52	7.27	 060	 535	36.9	 28 	  1 	100%	 5.8	    	    	    	    	    	    	    	    	    	    
[2026-02-02 15:05:51.647]  15:24:58	7.27	 060	 534	36.9	 28 	  1 	100%	 5.8	    	    	    	    	    	    	    	    	    	    
[2026-02-02 15:05:57.625]  15:25:04	7.27	 060	 534	36.9	 28 	  1 	100%	 5.7	    	    	    	    	    	    	    	    	    	    
[2026-02-02 15:06:03.605]  15:25:10	7.27	 060	 535	36.9	 28 	  1 	100%	 5.7	    	    	    	    	    	    	    	    	    	    
[2026-02-02 15:06:09.578]  15:25:16	7.27	 060	 535	36.9	 28 	  1 	100%	 5.7	    	    	    	    	    	    	    	    	    	    
[2026-02-02 15:06:15.567]  15:25:22	7.27	 060	 535	36.9	 28 	  1 	100%	 5.7	    	    	    	    	    	    	    	    	    	    
[2026-02-02 15:06:21.534]  15:25:28	7.27	 060	 536	36.9	 28 	  1 	100%	 5.7	    	    	    	    	    	    	    	    	    	    
[2026-02-02 15:06:27.509]  15:25:34	7.27	 060	 537	36.9	 28 	  1 	100%	 5.7	    	    	    	    	    	    	    	    	    	    
[2026-02-02 15:06:33.485]  15:25:40	7.27	 059	 538	36.9	 28 	  1 	100%	 5.7	    	    	    	    	    	    	    	    	    	    
[2026-02-02 15:06:39.462]  15:25:46	7.27	 059	 538	36.9	 28 	  1 	100%	 5.7	    	    	    	    	    	    	    	    	    	    
[2026-02-02 15:06:45.443]  15:25:52	7.27	 059	 538	37.0	 28 	  1 	100%	 5.7	    	    	    	    	    	    	    	    	    	    
[2026-02-02 15:06:51.418]  15:25:58	7.26	 062	 537	37.0	 28 	  1 	100%	 5.7	    	    	    	    	    	    	    	    	    	    
[2026-02-02 15:06:57.395]  15:26:03	7.25	 064	 535	37.0	 28 	  1 	100%	 5.8	    	    	    	    	    	    	    	    	    	    
[2026-02-02 15:07:03.369]  15:26:09	7.25	 065	 533	37.0	 29 	  1 	100%	 5.8	    	    	    	    	    	    	    	    	    	    
[2026-02-02 15:07:09.347]  15:26:15	7.24	 067	 532	37.0	 29 	  2 	100%	 5.8	    	    	    	    	    	    	    	    	    	    
[2026-02-02 15:07:15.343]  15:26:21	7.23	 068	 534	37.0	 29 	  1 	100%	 5.9	    	    	    	    	    	    	    	    	    	    
[2026-02-02 15:07:21.300]  15:26:27	7.24	 066	 536	37.0	 28 	  1 	100%	 5.9	    	    	    	    	    	    	    	    	    	    
[2026-02-02 15:07:27.278]  15:26:33	7.25	 064	 537	37.0	 28 	  1 	100%	 5.9	    	    	    	    	    	    	    	    	    	    
[2026-02-02 15:07:33.257]  15:26:39	7.26	 062	 538	37.0	 28 	  1 	100%	 5.9	    	    	    	    	    	    	    	    	    	    
[2026-02-02 15:07:39.231]  15:26:45	7.26	 061	 539	37.0	 28 	  1 	100%	 5.9	    	    	    	    	    	    	    	    	    	    
[2026-02-02 15:07:45.212]  15:26:51	7.27	 060	 539	37.0	 28 	  1 	100%	 5.9	    	    	    	    	    	    	    	    	    	    
[2026-02-02 15:07:51.185]  15:26:57	7.27	 059	 540	37.0	 27 	  1 	100%	 5.8	    	    	    	    	    	    	    	    	    	    
[2026-02-02 15:07:57.174]  15:27:03	7.27	 059	 540	37.0	 27 	  1 	100%	 5.8	    	    	    	    	    	    	    	    	    	    
[2026-02-02 15:08:03.139]  15:27:09	7.27	 058	 540	37.0	 27 	  1 	100%	 5.8	    	    	    	    	    	    	    	    	    	    
[2026-02-02 15:08:09.116]  15:27:15	7.28	 058	 539	37.0	 27 	  1 	100%	 5.8	    	    	    	    	    	    	    	    	    	    
[2026-02-02 15:08:15.107]  15:27:21	7.28	 058	 539	37.0	 27 	  1 	100%	 5.9	    	    	    	    	    	    	    	    	    	    
[2026-02-02 15:08:21.069]  15:27:27	7.28	 058	 538	37.0	 27 	  1 	100%	 5.9	    	    	    	    	    	    	    	    	    	    
[2026-02-02 15:08:27.046]  15:27:33	7.28	 057	 537	37.0	 27 	  1 	100%	 5.9	    	    	    	    	    	    	    	    	    	    
[2026-02-02 15:08:33.024]  15:27:39	7.28	 057	 536	37.0	 27 	  1 	100%	 5.9	    	    	    	    	    	    	    	    	    	    
[2026-02-02 15:08:39.000]  15:27:45	7.28	 057	 536	37.0	 27 	  1 	100%	 5.9	    	    	    	    	    	    	    	    	    	    
[2026-02-02 15:08:45.019]  15:27:51	7.28	 057	 535	37.0	 27 	  1 	100%	 5.9	    	    	    	    	    	    	    	    	    	    
[2026-02-02 15:08:50.957]  15:27:57	7.28	 057	 535	37.0	 27 	  1 	100%	 6.0	    	    	    	    	    	    	    	    	    	    
[2026-02-02 15:08:56.931]  15:28:03	7.28	 057	 535	37.0	 27 	  1 	100%	 5.9	    	    	    	    	    	    	    	    	    	    
[2026-02-02 15:09:02.909]  15:28:09	7.29	 056	 535	37.0	 27 	  1 	100%	 5.9	    	    	    	    	    	    	    	    	    	    
[2026-02-02 15:09:08.885]  15:28:15	7.29	 056	 535	37.0	 27 	  1 	100%	 5.9	    	    	    	    	    	    	    	    	    	    
[2026-02-02 15:09:14.867]          	    	ARTERIAL 	 	  	    	    	    	    	    	    	    	  	    VENOUS
[2026-02-02 15:09:14.888]   Time   	 pH 	 CO2	  O2	TEMP	HCO3	 BE 	cSO2	 K+ 	 VO2	  Q 	 BSA	 pH 	 CO2	  O2	TEMP	 SO2	 HCT	 HGB
[2026-02-02 15:09:14.912] 
[2026-02-02 15:09:14.912]  15:28:21	7.29	 056	 534	37.0	 27 	  1 	100%	 6.0	    	    	    	    	    	    	    	    	    	    
[2026-02-02 15:09:20.838]  15:28:27	7.29	 056	 534	37.0	 27 	  1 	100%	 6.0	    	    	    	    	    	    	    	    	    	    
[2026-02-02 15:09:26.815]  15:28:33	7.29	 056	 534	37.0	 27 	  1 	100%	 5.9	    	    	    	    	    	    	    	    	    	    
[2026-02-02 15:09:32.795]  15:28:39	7.29	 056	 533	37.0	 27 	  1 	100%	 6.0	    	    	    	    	    	    	    	    	    	    
[2026-02-02 15:09:38.771]  15:28:45	7.29	 056	 533	37.0	 27 	  1 	100%	 6.0	    	    	    	    	    	    	    	    	    	    
[2026-02-02 15:09:44.751]  15:28:51	7.29	 056	 534	37.0	 27 	  1 	100%	 6.0	    	    	    	    	    	    	    	    	    	    
[2026-02-02 15:09:50.727]  15:28:57	7.29	 056	 534	37.0	 27 	  1 	100%	 6.0	    	    	    	    	    	    	    	    	    	    
[2026-02-02 15:09:56.703]  15:29:03	7.29	 056	 534	37.0	 27 	  1 	100%	 6.0	    	    	    	    	    	    	    	    	    	    
[2026-02-02 15:10:02.681]  15:29:09	7.28	 057	 531	37.0	 28 	  1 	100%	 6.0	    	    	    	    	    	    	    	    	    	    
[2026-02-02 15:10:08.661]  15:29:15	7.27	 060	 528	37.0	 28 	  1 	100%	 6.0	    	    	    	    	    	    	    	    	    	    
[2026-02-02 15:10:14.642]  15:29:21	7.26	 061	 525	37.0	 28 	  1 	100%	 6.0	    	    	    	    	    	    	    	    	    	    
[2026-02-02 15:10:20.611]  15:29:27	7.26	 063	 522	37.0	 28 	  1 	100%	 6.0	    	    	    	    	    	    	    	    	    	    
[2026-02-02 15:10:26.588]  15:29:32	7.25	 065	 517	37.0	 29 	  1 	100%	 6.0	    	    	    	    	    	    	    	    	    	    
[2026-02-02 15:10:32.569]  15:29:38	7.25	 064	 513	37.1	 28 	  1 	100%	 6.0	    	    	    	    	    	    	    	    	    	    
[2026-02-02 15:10:38.543]  15:29:44	7.26	 062	 511	37.1	 28 	  1 	100%	 6.0	    	    	    	    	    	    	    	    	    	    
[2026-02-02 15:10:44.522]  15:29:50	7.27	 060	 510	37.1	 28 	  1 	100%	 6.0	    	    	    	    	    	    	    	    	    	    
[2026-02-02 15:10:50.535]  15:29:56	7.27	 059	 509	37.1	 27 	  1 	100%	 6.0	    	    	    	    	    	    	    	    	    	    
[2026-02-02 15:10:56.472]  15:30:02	7.28	 058	 507	37.0	 27 	  1 	100%	 6.0	    	    	    	    	    	    	    	    	    	    
[2026-02-02 15:11:02.449]  15:30:08	7.28	 057	 505	37.0	 27 	  1 	100%	 6.1	    	    	    	    	    	    	    	    	    	    
[2026-02-02 15:11:08.426]  15:30:14	7.28	 057	 503	37.0	 27 	  1 	100%	 6.1	    	    	    	    	    	    	    	    	    	    
[2026-02-02 15:11:14.413]  15:30:20	7.28	 057	 501	37.0	 27 	  1 	100%	 6.0	    	    	    	    	    	    	    	    	    	    
[2026-02-02 15:11:20.377]  15:30:26	7.28	 056	 499	37.0	 27 	  1 	100%	 6.0	    	    	    	    	    	    	    	    	    	    
[2026-02-02 15:11:26.354]  15:30:32	7.28	 056	 496	37.0	 27 	  1 	100%	 6.1	    	    	    	    	    	    	    	    	    	    
[2026-02-02 15:11:32.330]  15:30:38	7.29	 056	 494	37.0	 27 	  1 	100%	 6.1	    	    	    	    	    	    	    	    	    	    
[2026-02-02 15:11:38.346]  15:30:44	7.29	 056	 493	37.0	 27 	  1 	100%	 6.1	    	    	    	    	    	    	    	    	    	    
[2026-02-02 15:11:44.287]  15:30:50	7.29	 056	 491	37.0	 27 	  1 	100%	 6.1	    	    	    	    	    	    	    	    	    	    
[2026-02-02 15:11:50.262]  15:30:56	7.29	 056	 490	37.0	 27 	  1 	100%	 6.1	    	    	    	    	    	    	    	    	    	    
[2026-02-02 15:11:56.238]  15:31:02	7.29	 056	 488	37.0	 27 	  1 	100%	 6.1	    	    	    	    	    	    	    	    	    	    
[2026-02-02 15:12:02.216]  15:31:08	7.29	 056	 487	37.0	 27 	  1 	100%	 6.1	    	    	    	    	    	    	    	    	    	    
[2026-02-02 15:12:08.192]  15:31:14	7.29	 056	 486	37.0	 27 	  1 	100%	 6.1	    	    	    	    	    	    	    	    	    	    
[2026-02-02 15:12:14.181]  15:31:19	7.29	 055	 485	37.0	 27 	  1 	100%	 6.1	    	    	    	    	    	    	    	    	    	    
[2026-02-02 15:12:20.148]  15:31:25	7.29	 055	 484	37.0	 27 	  1 	100%	 6.1	    	    	    	    	    	    	    	    	    	    
[2026-02-02 15:12:26.123]  15:31:31	7.29	 055	 483	37.0	 27 	  1 	100%	 6.1	    	    	    	    	    	    	    	    	    	    
[2026-02-02 15:12:32.099]  15:31:37	7.29	 055	 482	37.0	 27 	  1 	100%	 6.1	    	    	    	    	    	    	    	    	    	    
[2026-02-02 15:12:38.077]  15:31:43	7.29	 055	 482	37.0	 27 	  1 	100%	 6.1	    	    	    	    	    	    	    	    	    	    
[2026-02-02 15:12:44.057]  15:31:49	7.29	 055	 482	37.0	 27 	  1 	100%	 6.1	    	    	    	    	    	    	    	    	    	    
[2026-02-02 15:12:50.032]  15:31:55	7.29	 055	 481	37.0	 27 	  1 	100%	 6.1	    	    	    	    	    	    	    	    	    	    
[2026-02-02 15:12:56.007]  15:32:01	7.29	 055	 481	37.0	 27 	  1 	100%	 6.1	    	    	    	    	    	    	    	    	    	    
[2026-02-02 15:13:01.985]  15:32:07	7.29	 055	 480	37.0	 27 	  1 	100%	 6.1	    	    	    	    	    	    	    	    	    	    
[2026-02-02 15:13:07.962]  15:32:13	7.29	 055	 480	37.0	 27 	  1 	100%	 6.1	    	    	    	    	    	    	    	    	    	    
[2026-02-02 15:13:13.950]  15:32:19	7.29	 055	 478	37.0	 27 	  1 	100%	 6.1	    	    	    	    	    	    	    	    	    	    
[2026-02-02 15:13:19.915]  15:32:25	7.28	 058	 470	37.0	 28 	  1 	100%	 6.1	    	    	    	    	    	    	    	    	    	    
[2026-02-02 15:13:25.894]  15:32:31	7.27	 060	 459	37.0	 28 	  1 	100%	 6.2	    	    	    	    	    	    	    	    	    	    
[2026-02-02 15:13:31.870]  15:32:37	7.27	 061	 448	37.0	 28 	  1 	100%	 6.1	    	    	    	    	    	    	    	    	    	    
[2026-02-02 15:13:37.845]  15:32:43	7.26	 062	 432	37.0	 28 	  1 	100%	 6.1	    	    	    	    	    	    	    	    	    	    
[2026-02-02 15:13:43.826]  15:32:49	7.25	 065	 411	37.1	 28 	  1 	100%	 6.1	    	    	    	    	    	    	    	    	    	    
[2026-02-02 15:13:49.811]  15:32:55	7.25	 063	 402	37.1	 28 	  1 	100%	 6.1	    	    	    	    	    	    	    	    	    	    
[2026-02-02 15:13:55.777]  15:33:01	7.26	 061	 405	37.1	 28 	  1 	100%	 6.1	    	    	    	    	    	    	    	    	    	    
[2026-02-02 15:14:01.753]  15:33:07	7.27	 059	 413	37.0	 27 	  1 	100%	 6.1	    	    	    	    	    	    	    	    	    	    
[2026-02-02 15:14:07.733]  15:33:13	7.27	 058	 420	37.0	 27 	  1 	100%	 6.2	    	    	    	    	    	    	    	    	    	    
[2026-02-02 15:14:13.710]          	    	ARTERIAL 	 	  	    	    	    	    	    	    	    	  	    VENOUS
[2026-02-02 15:14:13.732]   Time   	 pH 	 CO2	  O2	TEMP	HCO3	 BE 	cSO2	 K+ 	 VO2	  Q 	 BSA	 pH 	 CO2	  O2	TEMP	 SO2	 HCT	 HGB
[2026-02-02 15:14:13.763] 
[2026-02-02 15:14:13.763]  15:33:19	7.28	 057	 428	37.0	 27 	  1 	100%	 6.2	    	    	    	    	    	    	    	    	    	    
[2026-02-02 15:14:19.685]  15:33:25	7.28	 057	 435	37.0	 27 	  1 	100%	 6.2	    	    	    	    	    	    	    	    	    	    
[2026-02-02 15:14:25.662]  15:33:31	7.28	 056	 440	37.0	 27 	  0 	100%	 6.2	    	    	    	    	    	    	    	    	    	    
[2026-02-02 15:14:31.678]  15:33:37	7.28	 056	 445	37.0	 27 	  0 	100%	 6.2	    	    	    	    	    	    	    	    	    	    
[2026-02-02 15:14:37.616]  15:33:43	7.29	 056	 448	37.0	 27 	  0 	100%	 6.2	    	    	    	    	    	    	    	    	    	    
[2026-02-02 15:14:43.596]  15:33:49	7.29	 056	 447	37.0	 27 	  1 	100%	 6.2	    	    	    	    	    	    	    	    	    	    
[2026-02-02 15:14:49.570]  15:33:55	7.29	 056	 440	37.0	 27 	  1 	100%	 6.2	    	    	    	    	    	    	    	    	    	    
[2026-02-02 15:14:55.546]  15:34:01	7.28	 056	 430	37.0	 27 	  1 	100%	 6.2	    	    	    	    	    	    	    	    	    	    
[2026-02-02 15:15:01.524]  15:34:07	7.29	 056	 418	37.0	 27 	  1 	100%	 6.2	    	    	    	    	    	    	    	    	    	    
[2026-02-02 15:15:07.501]  15:34:13	7.29	 056	 407	37.0	 27 	  1 	100%	 6.2	    	    	    	    	    	    	    	    	    	    
[2026-02-02 15:15:13.488]  15:34:19	7.29	 056	 396	37.0	 27 	  1 	100%	 6.2	    	    	    	    	    	    	    	    	    	    
[2026-02-02 15:15:19.454]  15:34:25	7.29	 056	 386	37.0	 27 	  1 	100%	 6.2	    	    	    	    	    	    	    	    	    	    
[2026-02-02 15:15:25.430]  15:34:31	7.29	 056	 379	37.0	 27 	  1 	100%	 6.2	    	    	    	    	    	    	    	    	    	    
[2026-02-02 15:15:31.408]  15:34:37	7.29	 056	 373	37.0	 27 	  1 	100%	 6.2	    	    	    	    	    	    	    	    	    	    
[2026-02-02 15:15:37.397]  15:34:43	7.29	 056	 367	37.0	 27 	  1 	100%	 6.2	    	    	    	    	    	    	    	    	    	    
[2026-02-02 15:15:43.365]  15:34:49	7.29	 055	 363	37.0	 27 	  0 	100%	 6.2	    	    	    	    	    	    	    	    	    	    
[2026-02-02 15:15:49.340]  15:34:55	7.29	 055	 360	37.0	 27 	  0 	100%	 6.2	    	    	    	    	    	    	    	    	    	    
[2026-02-02 15:15:55.315]  15:35:01	7.29	 055	 357	37.0	 27 	  1 	100%	 6.2	    	    	    	    	    	    	    	    	    	    
[2026-02-02 15:16:01.299]  15:35:07	7.29	 055	 355	37.0	 27 	  0 	100%	 6.2	    	    	    	    	    	    	    	    	    	    
[2026-02-02 15:16:07.269]  15:35:13	7.29	 055	 354	37.0	 27 	  0 	100%	 6.2	    	    	    	    	    	    	    	    	    	    
[2026-02-02 15:16:13.258]  15:35:19	7.29	 055	 352	37.0	 27 	  1 	100%	 6.2	    	    	    	    	    	    	    	    	    	    
[2026-02-02 15:16:19.237]  15:35:25	7.29	 055	 350	37.0	 27 	  0 	100%	 6.2	    	    	    	    	    	    	    	    	    	    
[2026-02-02 15:16:25.200]  15:35:31	7.29	 055	 348	37.0	 27 	  0 	100%	 6.2	    	    	    	    	    	    	    	    	    	    
[2026-02-02 15:16:31.179]  15:35:37	7.29	 055	 345	37.0	 27 	  1 	100%	 6.3	    	    	    	    	    	    	    	    	    	    
[2026-02-02 15:16:37.156]  15:35:43	7.29	 055	 344	37.0	 27 	  0 	100%	 6.2	    	    	    	    	    	    	    	    	    	    
[2026-02-02 15:16:43.134]  15:35:49	7.29	 055	 342	37.0	 27 	  0 	100%	 6.2	    	    	    	    	    	    	    	    	    	    
[2026-02-02 15:16:49.107]  15:35:55	7.29	 055	 340	37.0	 27 	  0 	100%	 6.2	    	    	    	    	    	    	    	    	    	    
[2026-02-02 15:16:55.084]  15:36:01	7.29	 055	 339	37.0	 27 	  0 	100%	 6.3	    	    	    	    	    	    	    	    	    	    
[2026-02-02 15:17:01.075]  15:36:07	7.29	 055	 338	37.0	 27 	  0 	100%	 6.2	    	    	    	    	    	    	    	    	    	    
[2026-02-02 15:17:07.041]  15:36:12	7.29	 055	 336	37.0	 27 	  0 	100%	 6.2	    	    	    	    	    	    	    	    	    	    
[2026-02-02 15:17:13.026]  15:36:18	7.29	 055	 335	37.0	 27 	  1 	100%	 6.3	    	    	    	    	    	    	    	    	    	    
[2026-02-02 15:17:18.993]  15:36:24	7.29	 055	 334	37.0	 27 	  1 	100%	 6.3	    	    	    	    	    	    	    	    	    	    
[2026-02-02 15:17:24.969]  15:36:30	7.28	 057	 320	37.1	 27 	  1 	100%	 6.3	    	    	    	    	    	    	    	    	    	    
[2026-02-02 15:17:30.960]  15:36:36	7.27	 060	 294	37.0	 28 	  1 	100%	 6.3	    	    	    	    	    	    	    	    	    	    
[2026-02-02 15:17:36.923]  15:36:42	7.26	 060	 266	37.0	 28 	  1 	100%	 6.3	    	    	    	    	    	    	    	    	    	    
[2026-02-02 15:17:42.904]  15:36:48	7.26	 061	 238	37.0	 28 	  1 	100%	 6.3	    	    	    	    	    	    	    	    	    	    
[2026-02-02 15:17:48.873]  15:36:54	7.25	 064	 203	37.1	 28 	  1 	 99%	 6.3	    	    	    	    	    	    	    	    	    	    
[2026-02-02 15:17:54.849]  15:37:00	7.24	 064	 175	37.1	 28 	  1 	 99%	 6.3	    	    	    	    	    	    	    	    	    	    
[2026-02-02 15:18:00.827]  15:37:06	7.25	 063	 161	37.1	 28 	  1 	 99%	 6.3	    	    	    	    	    	    	    	    	    	    
[2026-02-02 15:18:06.804]  15:37:12	7.25	 062	 151	37.1	 28 	  1 	 99%	 6.3	    	    	    	    	    	    	    	    	    	    
[2026-02-02 15:18:12.801]  15:37:18	7.26	 061	 141	37.1	 27 	  1 	 98%	 6.3	    	    	    	    	    	    	    	    	    	    
[2026-02-02 15:18:18.757]  15:37:24	7.26	 060	 133	37.1	 27 	  0 	 98%	 6.3	    	    	    	    	    	    	    	    	    	    
[2026-02-02 15:18:24.736]  15:37:30	7.26	 059	 127	37.0	 27 	  0 	 98%	 6.3	    	    	    	    	    	    	    	    	    	    
[2026-02-02 15:18:30.713]  15:37:36	7.26	 059	 123	37.0	 27 	  0 	 98%	 6.3	    	    	    	    	    	    	    	    	    	    
[2026-02-02 15:18:36.687]  15:37:42	7.27	 059	 121	37.0	 27 	  0 	 98%	 6.3	    	    	    	    	    	    	    	    	    	    
[2026-02-02 15:18:42.669]  15:37:48	7.27	 058	 120	37.0	 27 	  0 	 98%	 6.3	    	    	    	    	    	    	    	    	    	    
[2026-02-02 15:18:48.642]  15:37:54	7.27	 058	 119	37.0	 27 	  0 	 98%	 6.3	    	    	    	    	    	    	    	    	    	    
[2026-02-02 15:18:54.618]  15:38:00	7.27	 058	 119	37.0	 27 	  0 	 98%	 6.3	    	    	    	    	    	    	    	    	    	    
[2026-02-02 15:19:00.596]  15:38:06	7.27	 058	 119	37.0	 27 	  0 	 98%	 6.3	    	    	    	    	    	    	    	    	    	    
[2026-02-02 15:19:06.574]  15:38:12	7.27	 058	 119	37.0	 27 	  0 	 98%	 6.3	    	    	    	    	    	    	    	    	    	    
[2026-02-02 15:19:12.551]          	    	ARTERIAL 	 	  	    	    	    	    	    	    	    	  	    VENOUS
[2026-02-02 15:19:12.574]   Time   	 pH 	 CO2	  O2	TEMP	HCO3	 BE 	cSO2	 K+ 	 VO2	  Q 	 BSA	 pH 	 CO2	  O2	TEMP	 SO2	 HCT	 HGB
[2026-02-02 15:19:12.605] 
[2026-02-02 15:19:12.605]  15:38:18	7.27	 058	 119	37.0	 27 	  0 	 98%	 6.3	    	    	    	    	    	    	    	    	    	    
[2026-02-02 15:19:18.526]  15:38:24	7.27	 058	 119	37.0	 27 	  0 	 98%	 6.3	    	    	    	    	    	    	    	    	    	    
[2026-02-02 15:19:24.514]  15:38:30	7.27	 058	 119	37.0	 27 	  0 	 98%	 6.3	    	    	    	    	    	    	    	    	    	    
[2026-02-02 15:19:30.479]  15:38:36	7.27	 058	 118	37.0	 27 	  0 	 98%	 6.3	    	    	    	    	    	    	    	    	    	    
[2026-02-02 15:19:36.468]  15:38:42	7.27	 058	 118	37.0	 27 	  0 	 98%	 6.3	    	    	    	    	    	    	    	    	    	    
[2026-02-02 15:19:42.437]  15:38:48	7.27	 058	 117	37.0	 27 	  0 	 98%	 6.3	    	    	    	    	    	    	    	    	    	    
[2026-02-02 15:19:48.411]  15:38:54	7.27	 058	 117	37.0	 27 	  0 	 98%	 6.3	    	    	    	    	    	    	    	    	    	    
[2026-02-02 15:19:54.386]  15:39:00	7.27	 058	 117	37.0	 27 	  0 	 98%	 6.3	    	    	    	    	    	    	    	    	    	    
[2026-02-02 15:20:00.363]  15:39:06	7.27	 057	 117	37.0	 27 	  0 	 98%	 6.3	    	    	    	    	    	    	    	    	    	    
[2026-02-02 15:20:06.341]  15:39:12	7.27	 057	 117	37.0	 27 	  0 	 98%	 6.3	    	    	    	    	    	    	    	    	    	    
[2026-02-02 15:20:12.329]  15:39:18	7.27	 057	 117	37.0	 27 	  0 	 98%	 6.3	    	    	    	    	    	    	    	    	    	    
[2026-02-02 15:20:18.294]  15:39:24	7.27	 057	 116	37.0	 27 	  0 	 98%	 6.3	    	    	    	    	    	    	    	    	    	    
[2026-02-02 15:20:24.271]  15:39:30	7.27	 057	 115	37.0	 27 	  0 	 98%	 6.3	    	    	    	    	    	    	    	    	    	    
[2026-02-02 15:20:30.247]  15:39:36	7.27	 057	 115	37.0	 27 	  0 	 97%	 6.4	    	    	    	    	    	    	    	    	    	    
[2026-02-02 15:20:36.224]  15:39:42	7.27	 058	 112	37.1	 27 	  0 	 97%	 6.3	    	    	    	    	    	    	    	    	    	    
[2026-02-02 15:20:42.211]  15:39:48	7.26	 061	 105	37.1	 28 	  1 	 97%	 6.3	    	    	    	    	    	    	    	    	    	    
[2026-02-02 15:20:48.180]  15:39:54	7.25	 062	 096	37.0	 28 	  1 	 96%	 6.4	    	    	    	    	    	    	    	    	    	    
[2026-02-02 15:20:54.165]  15:40:00	7.25	 062	 090	37.1	 28 	  1 	 95%	 6.3	    	    	    	    	    	    	    	    	    	    
[2026-02-02 15:21:00.131]  15:40:06	7.24	 064	 085	37.1	 28 	  1 	 94%	 6.4	    	    	    	    	    	    	    	    	    	    
[2026-02-02 15:21:06.109]  15:40:12	7.23	 066	 080	37.1	 28 	  1 	 93%	 6.3	    	    	    	    	    	    	    	    	    	    
[2026-02-02 15:21:12.097]  15:40:18	7.23	 066	 077	37.1	 28 	  1 	 92%	 6.3	    	    	    	    	    	    	    	    	    	    
[2026-02-02 15:21:18.061]  15:40:24	7.24	 065	 077	37.1	 28 	  1 	 92%	 6.3	    	    	    	    	    	    	    	    	    	    
[2026-02-02 15:21:24.038]  15:40:30	7.24	 064	 077	37.1	 28 	  1 	 92%	 6.3	    	    	    	    	    	    	    	    	    	    
[2026-02-02 15:21:30.018]  15:40:36	7.25	 063	 075	37.1	 28 	  0 	 92%	 6.3	    	    	    	    	    	    	    	    	    	    
[2026-02-02 15:21:35.992]  15:40:42	7.25	 062	 075	37.1	 27 	  0 	 92%	 6.4	    	    	    	    	    	    	    	    	    	    
[2026-02-02 15:21:41.984]  15:40:48	7.25	 062	 074	37.1	 27 	  0 	 92%	 6.4	    	    	    	    	    	    	    	    	    	    
[2026-02-02 15:21:47.948]  15:40:54	7.25	 061	 074	37.1	 27 	  0 	 92%	 6.4	    	    	    	    	    	    	    	    	    	    
[2026-02-02 15:21:53.925]  15:41:00	7.25	 061	 074	37.1	 27 	  0 	 92%	 6.4	    	    	    	    	    	    	    	    	    	    
[2026-02-02 15:21:59.900]  15:41:06	7.26	 061	 074	37.1	 27 	  0 	 91%	 6.4	    	    	    	    	    	    	    	    	    	    
[2026-02-02 15:22:05.875]  15:41:12	7.26	 061	 074	37.1	 27 	  0 	 92%	 6.4	    	    	    	    	    	    	    	    	    	    
[2026-02-02 15:22:11.865]  15:41:18	7.26	 060	 073	37.1	 27 	  0 	 91%	 6.4	    	    	    	    	    	    	    	    	    	    
[2026-02-02 15:22:17.829]  15:41:24	7.26	 060	 073	37.1	 27 	  0 	 91%	 6.4	    	    	    	    	    	    	    	    	    	    
[2026-02-02 15:22:23.806]  15:41:30	7.26	 060	 073	37.1	 27 	  0 	 91%	 6.4	    	    	    	    	    	    	    	    	    	    
[2026-02-02 15:22:29.785]  15:41:35	7.26	 060	 073	37.1	 27 	  0 	 91%	 6.4	    	    	    	    	    	    	    	    	    	    
[2026-02-02 15:22:35.762]  15:41:41	7.26	 060	 073	37.1	 27 	  0 	 91%	 6.4	    	    	    	    	    	    	    	    	    	    
[2026-02-02 15:22:41.739]  15:41:47	7.26	 060	 072	37.1	 27 	  0 	 91%	 6.4	    	    	    	    	    	    	    	    	    	    
[2026-02-02 15:22:47.713]  15:41:53	7.26	 060	 072	37.1	 27 	  0 	 91%	 6.4	    	    	    	    	    	    	    	    	    	    
[2026-02-02 15:22:53.702]  15:41:59	7.26	 060	 072	37.1	 27 	  0 	 91%	 6.4	    	    	    	    	    	    	    	    	    	    
[2026-02-02 15:22:59.669]  15:42:05	7.26	 060	 072	37.1	 27 	  0 	 91%	 6.4	    	    	    	    	    	    	    	    	    	    
[2026-02-02 15:23:05.653]  15:42:11	7.26	 060	 073	37.1	 27 	  0 	 91%	 6.4	    	    	    	    	    	    	    	    	    	    
[2026-02-02 15:23:11.631]  15:42:17	7.26	 060	 073	37.1	 27 	  0 	 91%	 6.4	    	    	    	    	    	    	    	    	    	    
[2026-02-02 15:23:17.597]  15:42:23	7.26	 060	 072	37.1	 27 	  0 	 91%	 6.4	    	    	    	    	    	    	    	    	    	    
[2026-02-02 15:23:23.573]  15:42:29	7.26	 060	 073	37.1	 27 	  0 	 91%	 6.4	    	    	    	    	    	    	    	    	    	    
[2026-02-02 15:23:29.550]  15:42:35	7.26	 060	 072	37.1	 27 	  0 	 91%	 6.4	    	    	    	    	    	    	    	    	    	    
[2026-02-02 15:23:35.527]  15:42:41	7.26	 060	 072	37.0	 27 	  0 	 91%	 6.4	    	    	    	    	    	    	    	    	    	    
[2026-02-02 15:23:41.507]  15:42:47	7.26	 060	 072	37.0	 27 	  0 	 91%	 6.4	    	    	    	    	    	    	    	    	    	    
[2026-02-02 15:23:47.480]  15:42:53	7.26	 060	 072	37.0	 27 	  0 	 91%	 6.4	    	    	    	    	    	    	    	    	    	    
[2026-02-02 15:23:53.457]  15:42:59	7.26	 060	 072	37.1	 27 	  0 	 91%	 6.4	    	    	    	    	    	    	    	    	    	    
[2026-02-02 15:23:59.434]  15:43:05	7.26	 061	 072	37.1	 27 	  0 	 91%	 6.3	    	    	    	    	    	    	    	    	    	    
[2026-02-02 15:24:05.411]  15:43:11	7.25	 063	 070	37.1	 28 	  1 	 90%	 6.4	    	    	    	    	    	    	    	    	    	    
[2026-02-02 15:24:11.393]          	    	ARTERIAL 	 	  	    	    	    	    	    	    	    	  	    VENOUS
[2026-02-02 15:24:11.417]   Time   	 pH 	 CO2	  O2	TEMP	HCO3	 BE 	cSO2	 K+ 	 VO2	  Q 	 BSA	 pH 	 CO2	  O2	TEMP	 SO2	 HCT	 HGB
[2026-02-02 15:24:11.442] 
[2026-02-02 15:24:11.442]  15:43:17	7.24	 065	 067	37.1	 28 	  1 	 89%	 6.4	    	    	    	    	    	    	    	    	    	    
[2026-02-02 15:24:17.381]  15:43:23	7.24	 065	 066	37.1	 28 	  1 	 88%	 6.5	    	    	    	    	    	    	    	    	    	    
[2026-02-02 15:24:23.344]  15:43:29	7.24	 066	 065	37.1	 28 	  1 	 88%	 6.4	    	    	    	    	    	    	    	    	    	    
[2026-02-02 15:24:29.323]  15:43:35	7.23	 068	 064	37.1	 28 	  1 	 87%	 6.4	    	    	    	    	    	    	    	    	    	    
[2026-02-02 15:24:35.299]  15:43:41	7.22	 069	 061	37.1	 28 	  1 	 85%	 6.4	    	    	    	    	    	    	    	    	    	    
[2026-02-02 15:24:41.277]  15:43:47	7.23	 067	 060	37.1	 28 	  1 	 85%	 6.4	    	    	    	    	    	    	    	    	    	    
[2026-02-02 15:24:47.251]  15:43:53	7.23	 066	 060	37.2	 28 	  1 	 85%	 6.4	    	    	    	    	    	    	    	    	    	    
[2026-02-02 15:24:53.228]  15:43:59	7.24	 065	 060	37.2	 28 	  1 	 85%	 6.4	    	    	    	    	    	    	    	    	    	    
[2026-02-02 15:24:59.206]  15:44:05	7.24	 065	 059	37.2	 28 	  1 	 84%	 6.4	    	    	    	    	    	    	    	    	    	    
[2026-02-02 15:25:05.184]  15:44:11	7.24	 064	 059	37.2	 28 	  0 	 84%	 6.4	    	    	    	    	    	    	    	    	    	    
[2026-02-02 15:25:11.179]  15:44:17	7.24	 064	 059	37.2	 28 	  1 	 84%	 6.4	    	    	    	    	    	    	    	    	    	    
[2026-02-02 15:25:17.137]  15:44:23	7.24	 064	 058	37.2	 28 	  0 	 84%	 6.4	    	    	    	    	    	    	    	    	    	    
[2026-02-02 15:25:23.112]  15:44:29	7.24	 064	 058	37.2	 28 	  0 	 84%	 6.4	    	    	    	    	    	    	    	    	    	    
[2026-02-02 15:25:29.088]  15:44:35	7.24	 064	 058	37.2	 28 	  0 	 84%	 6.5	    	    	    	    	    	    	    	    	    	    
[2026-02-02 15:25:35.065]  15:44:41	7.24	 063	 058	37.2	 28 	  0 	 84%	 6.5	    	    	    	    	    	    	    	    	    	    
[2026-02-02 15:25:41.057]  15:44:47	7.24	 063	 057	37.2	 28 	  0 	 84%	 6.5	    	    	    	    	    	    	    	    	    	    
[2026-02-02 15:25:47.021]  15:44:53	7.24	 063	 057	37.2	 28 	  0 	 83%	 6.5	    	    	    	    	    	    	    	    	    	    
[2026-02-02 15:25:53.008]  15:44:59	7.24	 063	 057	37.2	 28 	  0 	 83%	 6.4	    	    	    	    	    	    	    	    	    	    
[2026-02-02 15:25:58.972]  15:45:05	7.25	 063	 057	37.2	 28 	  0 	 83%	 6.4	    	    	    	    	    	    	    	    	    	    
[2026-02-02 15:26:04.950]  15:45:11	7.25	 063	 057	37.2	 28 	  0 	 83%	 6.4	    	    	    	    	    	    	    	    	    	    
[2026-02-02 15:26:10.938]  15:45:17	7.25	 063	 057	37.2	 27 	  0 	 84%	 6.5	    	    	    	    	    	    	    	    	    	    
[2026-02-02 15:26:16.902]  15:45:23	7.25	 063	 057	37.2	 28 	  0 	 84%	 6.5	    	    	    	    	    	    	    	    	    	    
[2026-02-02 15:26:22.882]  15:45:29	7.25	 063	 057	37.2	 27 	  0 	 84%	 6.4	    	    	    	    	    	    	    	    	    	    
[2026-02-02 15:26:28.856]  15:45:34	7.25	 063	 058	37.2	 27 	  0 	 84%	 6.4	    	    	    	    	    	    	    	    	    	    
[2026-02-02 15:26:34.832]  15:45:40	7.25	 062	 058	37.2	 27 	  0 	 84%	 6.4	    	    	    	    	    	    	    	    	    	    
[2026-02-02 15:26:40.812]  15:45:46	7.25	 062	 058	37.2	 27 	  0 	 84%	 6.4	    	    	    	    	    	    	    	    	    	    
[2026-02-02 15:26:46.786]  15:45:52	7.25	 062	 058	37.2	 27 	  0 	 84%	 6.4	    	    	    	    	    	    	    	    	    	    
[2026-02-02 15:26:52.798]  15:45:58	7.25	 062	 058	37.2	 27 	  0 	 84%	 6.4	    	    	    	    	    	    	    	    	    	    
[2026-02-02 15:26:58.741]  15:46:04	7.25	 062	 058	37.2	 27 	  0 	 84%	 6.5	    	    	    	    	    	    	    	    	    	    
[2026-02-02 15:27:04.728]  15:46:10	7.25	 062	 058	37.2	 27 	  0 	 84%	 6.4	    	    	    	    	    	    	    	    	    	    
[2026-02-02 15:27:10.705]  15:46:16	7.25	 062	 058	37.2	 27 	  0 	 84%	 6.4	    	    	    	    	    	    	    	    	    	    
[2026-02-02 15:27:16.671]  15:46:22	7.25	 062	 058	37.2	 27 	  0 	 84%	 6.4	    	    	    	    	    	    	    	    	    	    
[2026-02-02 15:27:22.648]  15:46:28	7.25	 062	 059	37.2	 27 	  0 	 84%	 6.5	    	    	    	    	    	    	    	    	    	    
[2026-02-02 15:27:28.624]  15:46:34	7.25	 062	 059	37.2	 27 	  0 	 85%	 6.4	    	    	    	    	    	    	    	    	    	    
[2026-02-02 15:27:34.601]  15:46:40	7.25	 062	 059	37.1	 27 	  0 	 85%	 6.4	    	    	    	    	    	    	    	    	    	    
[2026-02-02 15:27:40.582]  15:46:46	7.25	 062	 059	37.1	 27 	  0 	 85%	 6.5	    	    	    	    	    	    	    	    	    	    
[2026-02-02 15:27:46.554]  15:46:52	7.25	 062	 059	37.2	 27 	  0 	 85%	 6.5	    	    	    	    	    	    	    	    	    	    
[2026-02-02 15:27:52.530]  15:46:58	7.25	 062	 059	37.2	 27 	  0 	 85%	 6.4	    	    	    	    	    	    	    	    	    	    
[2026-02-02 15:27:58.519]  15:47:04	7.24	 064	 059	37.2	 28 	  0 	 84%	 6.4	    	    	    	    	    	    	    	    	    	    
[2026-02-02 15:28:04.485]  15:47:10	7.23	 066	 057	37.2	 28 	  1 	 83%	 6.4	    	    	    	    	    	    	    	    	    	    
[2026-02-02 15:28:10.472]  15:47:16	7.23	 067	 055	37.2	 28 	  1 	 81%	 6.4	    	    	    	    	    	    	    	    	    	    
[2026-02-02 15:28:16.438]  15:47:22	7.23	 067	 056	37.2	 28 	  1 	 81%	 6.5	    	    	    	    	    	    	    	    	    	    
[2026-02-02 15:28:22.415]  15:47:28	7.22	 068	 056	37.2	 28 	  1 	 81%	 6.5	    	    	    	    	    	    	    	    	    	    
[2026-02-02 15:28:28.392]  15:47:34	7.21	 070	 054	37.2	 29 	  1 	 79%	 6.5	    	    	    	    	    	    	    	    	    	    
[2026-02-02 15:28:34.367]  15:47:40	7.21	 070	 052	37.2	 29 	  1 	 77%	 6.4	    	    	    	    	    	    	    	    	    	    
[2026-02-02 15:28:40.348]  15:47:46	7.22	 068	 051	37.2	 28 	  1 	 77%	 6.4	    	    	    	    	    	    	    	    	    	    
[2026-02-02 15:28:46.322]  15:47:52	7.23	 067	 050	37.3	 28 	  1 	 76%	 6.4	    	    	    	    	    	    	    	    	    	    
[2026-02-02 15:28:52.298]  15:47:57	7.23	 067	 049	37.3	 28 	  1 	 76%	 6.5	    	    	    	    	    	    	    	    	    	    
[2026-02-02 15:28:58.275]  15:48:03	7.23	 067	 048	37.3	 28 	  1 	 75%	 6.5	    	    	    	    	    	    	    	    	    	    
[2026-02-02 15:29:04.256]  15:48:09	7.23	 066	 048	37.3	 28 	  1 	 74%	 6.5	    	    	    	    	    	    	    	    	    	    
[2026-02-02 15:29:10.243]          	    	ARTERIAL 	 	  	    	    	    	    	    	    	    	  	    VENOUS
[2026-02-02 15:29:10.266]   Time   	 pH 	 CO2	  O2	TEMP	HCO3	 BE 	cSO2	 K+ 	 VO2	  Q 	 BSA	 pH 	 CO2	  O2	TEMP	 SO2	 HCT	 HGB
[2026-02-02 15:29:10.292] 
[2026-02-02 15:29:10.294]  15:48:15	7.23	 066	 048	37.3	 28 	  1 	 74%	 6.5	    	    	    	    	    	    	    	    	    	    
[2026-02-02 15:29:16.206]  15:48:21	7.23	 066	 048	37.3	 28 	  1 	 75%	 6.4	    	    	    	    	    	    	    	    	    	    
[2026-02-02 15:29:22.193]  15:48:27	7.23	 066	 048	37.3	 28 	  1 	 75%	 6.5	    	    	    	    	    	    	    	    	    	    
[2026-02-02 15:29:28.159]  15:48:33	7.23	 066	 049	37.3	 28 	  1 	 75%	 6.5	    	    	    	    	    	    	    	    	    	    
[2026-02-02 15:29:34.137]  15:48:39	7.23	 066	 048	37.3	 28 	  1 	 75%	 6.5	    	    	    	    	    	    	    	    	    	    
[2026-02-02 15:29:40.116]  15:48:45	7.23	 066	 048	37.3	 28 	  1 	 75%	 6.5	    	    	    	    	    	    	    	    	    	    
[2026-02-02 15:29:46.126]  15:48:51	7.23	 066	 049	37.3	 28 	  1 	 75%	 6.5	    	    	    	    	    	    	    	    	    	    
[2026-02-02 15:29:52.074]  15:48:57	7.23	 066	 049	37.2	 28 	  1 	 76%	 6.5	    	    	    	    	    	    	    	    	    	    
[2026-02-02 15:29:58.043]  15:49:03	7.23	 065	 049	37.2	 28 	  0 	 76%	 6.5	    	    	    	    	    	    	    	    	    	    
[2026-02-02 15:30:04.020]  15:49:09	7.23	 065	 049	37.2	 28 	  0 	 76%	 6.5	    	    	    	    	    	    	    	    	    	    
[2026-02-02 15:30:10.008]  15:49:15	7.23	 065	 049	37.2	 28 	  0 	 76%	 6.5	    	    	    	    	    	    	    	    	    	    
[2026-02-02 15:30:15.975]  15:49:21	7.23	 065	 049	37.2	 28 	  0 	 76%	 6.5	    	    	    	    	    	    	    	    	    	    
[2026-02-02 15:30:21.952]  15:49:27	7.23	 065	 049	37.2	 28 	  0 	 76%	 6.5	    	    	    	    	    	    	    	    	    	    
[2026-02-02 15:30:27.936]  15:49:33	7.23	 065	 050	37.2	 28 	  0 	 76%	 6.4	    	    	    	    	    	    	    	    	    	    
[2026-02-02 15:30:33.903]  15:49:39	7.23	 065	 050	37.2	 28 	  0 	 77%	 6.4	    	    	    	    	    	    	    	    	    	    
[2026-02-02 15:30:39.883]  15:49:45	7.23	 065	 050	37.2	 28 	  0 	 77%	 6.5	    	    	    	    	    	    	    	    	    	    
[2026-02-02 15:30:45.857]  15:49:51	7.23	 065	 050	37.2	 28 	  0 	 77%	 6.5	    	    	    	    	    	    	    	    	    	    
[2026-02-02 15:30:51.834]  15:49:57	7.23	 065	 050	37.2	 28 	  0 	 77%	 6.5	    	    	    	    	    	    	    	    	    	    
[2026-02-02 15:30:57.812]  15:50:03	7.23	 065	 050	37.2	 28 	  0 	 77%	 6.4	    	    	    	    	    	    	    	    	    	    
[2026-02-02 15:31:03.787]  15:50:09	7.23	 065	 050	37.2	 28 	  0 	 77%	 6.4	    	    	    	    	    	    	    	    	    	    
[2026-02-02 15:31:09.774]  15:50:15	7.23	 066	 051	37.2	 28 	  1 	 77%	 6.4	    	    	    	    	    	    	    	    	    	    
[2026-02-02 15:31:15.742]  15:50:21	7.22	 068	 050	37.2	 28 	  1 	 76%	 6.4	    	    	    	    	    	    	    	    	    	    
[2026-02-02 15:31:21.719]  15:50:27	7.22	 070	 048	37.2	 28 	  1 	 73%	 6.5	    	    	    	    	    	    	    	    	    	    
[2026-02-02 15:31:27.694]  15:50:33	7.22	 070	 047	37.2	 28 	  1 	 73%	 6.5	    	    	    	    	    	    	    	    	    	    
[2026-02-02 15:31:33.671]  15:50:39	7.21	 070	 048	37.2	 28 	  1 	 74%	 6.5	    	    	    	    	    	    	    	    	    	    
[2026-02-02 15:31:39.655]  15:50:45	7.21	 071	 049	37.2	 29 	  1 	 74%	 6.5	    	    	    	    	    	    	    	    	    	    
[2026-02-02 15:31:45.631]  15:50:51	7.20	 073	 046	37.2	 29 	  1 	 71%	 6.5	    	    	    	    	    	    	    	    	    	    
[2026-02-02 15:31:51.646]  15:50:57	7.20	 073	 046	37.0	 29 	  1 	 70%	 6.4	    	    	    	    	    	    	    	    	    	    
[2026-02-02 15:31:57.583]  15:51:03	7.20	 072	 046	37.1	 29 	  1 	 70%	 6.4	    	    	    	    	    	    	    	    	    	    
[2026-02-02 15:32:01.824] S15:51:03	7.20	 072	 046	37.1	 29 	  1 	 70%	 6.4	    	    	    	    	    	    	    	    	    	    
[2026-02-02 15:32:03.557]  15:51:09	7.21	 071	 045	37.2	 29 	  1 	 70%	 6.5	    	    	    	    	    	    	    	    	    	    
[2026-02-02 15:32:09.556]  15:51:15	7.21	 070	 045	37.3	 28 	  1 	 69%	 6.4	    	    	    	    	    	    	    	    	    	    
[2026-02-02 15:32:15.513]  15:51:21	7.22	 069	 045	37.3	 28 	  1 	 69%	 6.4	    	    	    	    	    	    	    	    	    	    
[2026-02-02 15:32:21.488]  15:51:27	7.22	 069	 045	37.3	 28 	  1 	 70%	 6.4	    	    	    	    	    	    	    	    	    	    
[2026-02-02 15:32:27.464]  15:51:33	7.22	 069	 045	37.3	 28 	  1 	 70%	 6.4	    	    	    	    	    	    	    	    	    	    
[2026-02-02 15:32:33.442]  15:51:39	7.22	 069	 045	37.3	 28 	  1 	 70%	 6.4	    	    	    	    	    	    	    	    	    	    
[2026-02-02 15:32:39.421]  15:51:45	7.22	 068	 046	37.3	 28 	  1 	 71%	 6.5	    	    	    	    	    	    	    	    	    	    
[2026-02-02 15:32:45.394]  15:51:51	7.22	 068	 046	37.3	 28 	  1 	 71%	 6.5	    	    	    	    	    	    	    	    	    	    
[2026-02-02 15:32:51.370]  15:51:57	7.22	 068	 046	37.3	 28 	  1 	 71%	 6.5	    	    	    	    	    	    	    	    	    	    
[2026-02-02 15:32:57.351]  15:52:02	7.22	 068	 046	37.3	 28 	  0 	 72%	 6.5	    	    	    	    	    	    	    	    	    	    
[2026-02-02 15:33:03.326]  15:52:08	7.22	 068	 047	37.3	 28 	  0 	 72%	 6.5	    	    	    	    	    	    	    	    	    	    
[2026-02-02 15:33:09.310]  15:52:14	7.22	 068	 047	37.3	 28 	  0 	 72%	 6.4	    	    	    	    	    	    	    	    	    	    
[2026-02-02 15:33:15.276]  15:52:20	7.22	 068	 047	37.3	 28 	  0 	 73%	 6.4	    	    	    	    	    	    	    	    	    	    
[2026-02-02 15:33:21.253]  15:52:26	7.22	 068	 047	37.3	 28 	  0 	 73%	 6.4	    	    	    	    	    	    	    	    	    	    
[2026-02-02 15:33:27.232]  15:52:32	7.22	 068	 047	37.2	 28 	  0 	 73%	 6.4	    	    	    	    	    	    	    	    	    	    
[2026-02-02 15:33:33.218]  15:52:38	7.22	 067	 048	37.2	 28 	  0 	 73%	 6.5	    	    	    	    	    	    	    	    	    	    
[2026-02-02 15:33:39.003]  15:52:44	7.22	 067	 048	37.3	 28 	  0 	 74%	 6.5	    	    	    	    	    	    	    	    	    	    
[2026-02-02 15:33:44.977]  15:52:50	7.22	 067	 048	37.3	 28 	  0 	 74%	 6.5	    	    	    	    	    	    	    	    	    	    
[2026-02-02 15:33:50.955]  15:52:56	7.22	 067	 048	37.2	 28 	  0 	 74%	 6.5	    	    	    	    	    	    	    	    	    	    
[2026-02-02 15:33:56.928]  15:53:02	7.22	 067	 048	37.2	 28 	  0 	 74%	 6.4	    	    	    	    	    	    	    	    	    	    
[2026-02-02 15:34:02.897]          	    	ARTERIAL 	 	  	    	    	    	    	    	    	    	  	    VENOUS
[2026-02-02 15:34:02.919]   Time   	 pH 	 CO2	  O2	TEMP	HCO3	 BE 	cSO2	 K+ 	 VO2	  Q 	 BSA	 pH 	 CO2	  O2	TEMP	 SO2	 HCT	 HGB
[2026-02-02 15:34:02.945] 
[2026-02-02 15:34:02.945]  15:53:08	7.22	 067	 049	37.2	 28 	  0 	 75%	 6.4	    	    	    	    	    	    	    	    	    	    
[2026-02-02 15:34:06.533] Recalibration Adjustment
[2026-02-02 15:34:06.541] o15:53:11	7.19	 080	 046	37.1	 29 	  1 	 70%	 6.8	    	    	    	    	    	    	    	    	    	    
[2026-02-02 15:34:09.081]  15:53:14	7.21	 074	 049	37.2	 30 	  2 	 74%	 6.8	    	    	    	    	    	    	    	    	    	    
[2026-02-02 15:34:15.061]  15:53:20	7.21	 074	 049	37.2	 30 	  2 	 74%	 6.8	    	    	    	    	    	    	    	    	    	    
[2026-02-02 15:34:21.027]  15:53:26	7.21	 074	 049	37.2	 30 	  2 	 75%	 6.8	    	    	    	    	    	    	    	    	    	    
[2026-02-02 15:34:27.001]  15:53:32	7.21	 074	 049	37.2	 30 	  2 	 75%	 6.8	    	    	    	    	    	    	    	    	    	    
[2026-02-02 15:34:32.978]  15:53:38	7.21	 074	 050	37.2	 30 	  2 	 75%	 6.9	    	    	    	    	    	    	    	    	    	    
[2026-02-02 15:34:38.972]  15:53:44	7.21	 073	 050	37.2	 30 	  2 	 75%	 6.8	    	    	    	    	    	    	    	    	    	    
[2026-02-02 15:34:44.936]  15:53:50	7.21	 073	 050	37.2	 30 	  2 	 75%	 6.8	    	    	    	    	    	    	    	    	    	    
[2026-02-02 15:34:50.909]  15:53:56	7.21	 073	 050	37.2	 30 	  2 	 75%	 6.8	    	    	    	    	    	    	    	    	    	    
[2026-02-02 15:34:56.886]  15:54:02	7.21	 073	 050	37.2	 30 	  2 	 75%	 6.8	    	    	    	    	    	    	    	    	    	    
[2026-02-02 15:35:02.863]  15:54:08	7.21	 073	 050	37.2	 30 	  2 	 75%	 6.8	    	    	    	    	    	    	    	    	    	    
[2026-02-02 15:35:08.850]  15:54:14	7.21	 073	 050	37.2	 30 	  2 	 75%	 6.9	    	    	    	    	    	    	    	    	    	    
[2026-02-02 15:35:14.815]  15:54:20	7.21	 073	 050	37.2	 30 	  2 	 75%	 6.8	    	    	    	    	    	    	    	    	    	    
[2026-02-02 15:35:20.804]  15:54:26	7.21	 073	 050	37.2	 30 	  2 	 75%	 6.8	    	    	    	    	    	    	    	    	    	    
[2026-02-02 15:35:26.769]  15:54:32	7.21	 073	 050	37.2	 30 	  2 	 75%	 6.8	    	    	    	    	    	    	    	    	    	    
[2026-02-02 15:35:32.759]  15:54:38	7.21	 073	 050	37.2	 30 	  2 	 75%	 6.9	    	    	    	    	    	    	    	    	    	    
[2026-02-02 15:35:38.727]  15:54:44	7.21	 073	 050	37.2	 30 	  2 	 75%	 6.9	    	    	    	    	    	    	    	    	    	    
[2026-02-02 15:35:44.701]  15:54:50	7.21	 073	 050	37.2	 30 	  2 	 75%	 6.8	    	    	    	    	    	    	    	    	    	    
[2026-02-02 15:35:50.675]  15:54:56	7.21	 073	 050	37.2	 30 	  2 	 75%	 6.8	    	    	    	    	    	    	    	    	    	    
[2026-02-02 15:35:56.653]  15:55:02	7.21	 073	 050	37.2	 30 	  2 	 75%	 6.9	    	    	    	    	    	    	    	    	    	    
[2026-02-02 15:36:02.641]  15:55:08	7.21	 073	 050	37.2	 30 	  2 	 75%	 6.8	    	    	    	    	    	    	    	    	    	    
[2026-02-02 15:36:08.616]  15:55:14	7.21	 073	 050	37.2	 30 	  2 	 75%	 6.8	    	    	    	    	    	    	    	    	    	    
[2026-02-02 15:36:14.583]  15:55:20	7.22	 072	 050	37.2	 30 	  2 	 76%	 6.9	    	    	    	    	    	    	    	    	    	    
[2026-02-02 15:36:20.561]  15:55:26	7.22	 072	 050	37.2	 30 	  2 	 76%	 6.9	    	    	    	    	    	    	    	    	    	    
[2026-02-02 15:36:26.537]  15:55:32	7.22	 072	 050	37.2	 30 	  2 	 76%	 6.9	    	    	    	    	    	    	    	    	    	    
[2026-02-02 15:36:32.514]  15:55:38	7.22	 072	 050	37.2	 30 	  2 	 76%	 6.8	    	    	    	    	    	    	    	    	    	    
[2026-02-02 15:36:38.494]  15:55:44	7.22	 072	 050	37.2	 30 	  2 	 76%	 6.9	    	    	    	    	    	    	    	    	    	    
[2026-02-02 15:36:44.467]  15:55:50	7.22	 072	 050	37.2	 30 	  2 	 76%	 6.9	    	    	    	    	    	    	    	    	    	    
[2026-02-02 15:36:50.444]  15:55:56	7.22	 072	 050	37.2	 30 	  2 	 76%	 6.9	    	    	    	    	    	    	    	    	    	    
[2026-02-02 15:36:56.471]  15:56:02	7.21	 073	 050	37.2	 30 	  2 	 76%	 6.9	    	    	    	    	    	    	    	    	    	    
[2026-02-02 15:37:02.397]  15:56:08	7.21	 074	 050	37.2	 30 	  2 	 75%	 6.8	    	    	    	    	    	    	    	    	    	    
[2026-02-02 15:37:08.384]  15:56:13	7.20	 075	 049	37.3	 30 	  2 	 74%	 6.9	    	    	    	    	    	    	    	    	    	    
[2026-02-02 15:37:14.350]  15:56:20	7.21	 075	 048	37.3	 30 	  2 	 72%	 6.9	    	    	    	    	    	    	    	    	    	    
[2026-02-02 15:37:20.327]  15:56:26	7.21	 075	 047	37.3	 30 	  2 	 72%	 6.9	    	    	    	    	    	    	    	    	    	    
[2026-02-02 15:37:26.303]  15:56:32	7.21	 074	 047	37.3	 30 	  2 	 72%	 6.9	    	    	    	    	    	    	    	    	    	    
[2026-02-02 15:37:32.281]  15:56:38	7.21	 074	 048	37.3	 30 	  2 	 73%	 6.9	    	    	    	    	    	    	    	    	    	    
[2026-02-02 15:37:38.260]  15:56:44	7.21	 074	 048	37.3	 30 	  2 	 73%	 6.9	    	    	    	    	    	    	    	    	    	    
[2026-02-02 15:37:44.233]  15:56:50	7.21	 074	 048	37.3	 30 	  2 	 73%	 6.9	    	    	    	    	    	    	    	    	    	    
[2026-02-02 15:37:50.213]  15:56:56	7.20	 076	 047	37.3	 30 	  2 	 72%	 6.9	    	    	    	    	    	    	    	    	    	    
[2026-02-02 15:37:56.189]  15:57:02	7.19	 079	 045	37.3	 30 	  2 	 69%	 6.9	    	    	    	    	    	    	    	    	    	    
[2026-02-02 15:38:02.179]  15:57:08	7.19	 079	 044	37.3	 31 	  2 	 68%	 6.9	    	    	    	    	    	    	    	    	    	    
[2026-02-02 15:38:08.153]  15:57:14	7.20	 078	 045	37.3	 30 	  2 	 69%	 6.9	    	    	    	    	    	    	    	    	    	    
[2026-02-02 15:38:14.119]  15:57:20	7.20	 076	 045	37.3	 30 	  2 	 70%	 6.9	    	    	    	    	    	    	    	    	    	    
[2026-02-02 15:38:20.096]  15:57:26	7.20	 076	 045	37.3	 30 	  2 	 69%	 6.9	    	    	    	    	    	    	    	    	    	    
[2026-02-02 15:38:26.075]  15:57:32	7.20	 076	 045	37.3	 30 	  2 	 69%	 6.9	    	    	    	    	    	    	    	    	    	    
[2026-02-02 15:38:32.049]  15:57:38	7.20	 076	 045	37.3	 30 	  2 	 69%	 6.9	    	    	    	    	    	    	    	    	    	    
[2026-02-02 15:38:38.029]  15:57:44	7.20	 076	 045	37.3	 30 	  2 	 70%	 6.9	    	    	    	    	    	    	    	    	    	    
[2026-02-02 15:38:44.002]  15:57:50	7.20	 075	 046	37.3	 30 	  2 	 70%	 7.0	    	    	    	    	    	    	    	    	    	    
[2026-02-02 15:38:49.982]  15:57:56	7.20	 075	 046	37.3	 30 	  2 	 70%	 6.9	    	    	    	    	    	    	    	    	    	    
[2026-02-02 15:38:55.949]          	    	ARTERIAL 	 	  	    	    	    	    	    	    	    	  	    VENOUS
[2026-02-02 15:38:55.974]   Time   	 pH 	 CO2	  O2	TEMP	HCO3	 BE 	cSO2	 K+ 	 VO2	  Q 	 BSA	 pH 	 CO2	  O2	TEMP	 SO2	 HCT	 HGB
[2026-02-02 15:38:55.997] 
[2026-02-02 15:38:55.997]  15:58:02	7.20	 075	 046	37.3	 30 	  2 	 70%	 6.9	    	    	    	    	    	    	    	    	    	    
[2026-02-02 15:39:01.933]  15:58:08	7.20	 075	 046	37.3	 30 	  2 	 70%	 6.9	    	    	    	    	    	    	    	    	    	    
[2026-02-02 15:39:07.919]  15:58:14	7.21	 075	 046	37.3	 30 	  2 	 71%	 6.9	    	    	    	    	    	    	    	    	    	    
[2026-02-02 15:39:13.887]  15:58:20	7.21	 075	 046	37.3	 30 	  2 	 71%	 6.9	    	    	    	    	    	    	    	    	    	    
[2026-02-02 15:39:19.862]  15:58:26	7.21	 075	 047	37.3	 30 	  2 	 71%	 6.9	    	    	    	    	    	    	    	    	    	    
[2026-02-02 15:39:25.840]  15:58:32	7.21	 075	 047	37.3	 30 	  2 	 71%	 6.9	    	    	    	    	    	    	    	    	    	    
[2026-02-02 15:39:31.817]  15:58:38	7.21	 075	 047	37.3	 30 	  2 	 72%	 6.9	    	    	    	    	    	    	    	    	    	    
[2026-02-02 15:39:37.807]  15:58:44	7.21	 075	 047	37.3	 30 	  2 	 72%	 6.9	    	    	    	    	    	    	    	    	    	    
[2026-02-02 15:39:43.769]  15:58:50	7.20	 075	 047	37.3	 30 	  2 	 72%	 6.9	    	    	    	    	    	    	    	    	    	    
[2026-02-02 15:39:49.744]  15:58:56	7.20	 076	 047	37.3	 30 	  2 	 72%	 6.9	    	    	    	    	    	    	    	    	    	    
[2026-02-02 15:39:55.722]  15:59:02	7.20	 076	 047	37.3	 30 	  2 	 72%	 6.9	    	    	    	    	    	    	    	    	    	    
[2026-02-02 15:40:01.704]  15:59:08	7.20	 075	 047	37.3	 30 	  2 	 72%	 6.9	    	    	    	    	    	    	    	    	    	    
[2026-02-02 15:40:07.684]  15:59:13	7.21	 075	 048	37.3	 30 	  2 	 73%	 6.9	    	    	    	    	    	    	    	    	    	    
[2026-02-02 15:40:13.652]  15:59:19	7.20	 076	 049	37.3	 30 	  2 	 74%	 6.9	    	    	    	    	    	    	    	    	    	    
[2026-02-02 15:40:19.641]  15:59:25	7.19	 077	 049	37.3	 30 	  2 	 73%	 6.9	    	    	    	    	    	    	    	    	    	    
[2026-02-02 15:40:25.604]  15:59:31	7.19	 078	 048	37.3	 30 	  2 	 72%	 6.9	    	    	    	    	    	    	    	    	    	    
[2026-02-02 15:40:31.581]  15:59:37	7.19	 079	 048	37.3	 30 	  2 	 72%	 6.9	    	    	    	    	    	    	    	    	    	    
[2026-02-02 15:40:37.562]  15:59:43	7.19	 078	 053	37.3	 30 	  2 	 77%	 6.9	    	    	    	    	    	    	    	    	    	    
[2026-02-02 15:40:43.535]  15:59:49	7.19	 079	 062	37.3	 30 	  2 	 84%	 6.9	    	    	    	    	    	    	    	    	    	    
[2026-02-02 15:40:49.511]  15:59:55	7.18	 081	 064	37.3	 30 	  2 	 85%	 6.9	    	    	    	    	    	    	    	    	    	    
[2026-02-02 15:40:55.487]  16:00:01	7.17	 083	 059	37.3	 31 	  2 	 81%	 6.9	    	    	    	    	    	    	    	    	    	    
[2026-02-02 15:41:01.463]  16:00:07	7.17	 082	 054	37.4	 31 	  2 	 77%	 6.9	    	    	    	    	    	    	    	    	    	    
[2026-02-02 15:41:07.450]  16:00:13	7.18	 081	 052	37.3	 30 	  2 	 76%	 6.8	    	    	    	    	    	    	    	    	    	    
[2026-02-02 15:41:13.417]  16:00:19	7.19	 079	 052	37.3	 30 	  2 	 76%	 6.8	    	    	    	    	    	    	    	    	    	    
[2026-02-02 15:41:19.396]  16:00:25	7.19	 078	 053	37.3	 30 	  2 	 77%	 6.8	    	    	    	    	    	    	    	    	    	    
[2026-02-02 15:41:25.370]  16:00:31	7.19	 078	 054	37.3	 30 	  2 	 78%	 6.8	    	    	    	    	    	    	    	    	    	    
[2026-02-02 15:41:31.347]  16:00:37	7.18	 079	 054	37.3	 30 	  2 	 78%	 6.8	    	    	    	    	    	    	    	    	    	    
[2026-02-02 15:41:37.327]  16:00:43	7.18	 080	 055	37.3	 30 	  2 	 79%	 6.8	    	    	    	    	    	    	    	    	    	    
[2026-02-02 15:41:43.301]  16:00:49	7.18	 081	 055	37.3	 30 	  2 	 79%	 6.8	    	    	    	    	    	    	    	    	    	    
[2026-02-02 15:41:49.277]  16:00:55	7.18	 082	 056	37.3	 30 	  2 	 79%	 6.8	    	    	    	    	    	    	    	    	    	    
[2026-02-02 15:41:55.253]  16:01:01	7.17	 083	 057	37.3	 31 	  2 	 79%	 6.8	    	    	    	    	    	    	    	    	    	    
[2026-02-02 15:42:01.232]  16:01:07	7.17	 083	 057	37.3	 31 	  2 	 80%	 6.8	    	    	    	    	    	    	    	    	    	    
[2026-02-02 15:42:07.257]  16:01:13	7.17	 084	 058	37.3	 31 	  2 	 80%	 6.8	    	    	    	    	    	    	    	    	    	    
[2026-02-02 15:42:13.184]  16:01:19	7.17	 084	 058	37.3	 31 	  2 	 80%	 6.8	    	    	    	    	    	    	    	    	    	    
[2026-02-02 15:42:19.160]  16:01:25	7.18	 082	 061	37.2	 31 	  2 	 83%	 6.8	    	    	    	    	    	    	    	    	    	    
[2026-02-02 15:42:25.136]  16:01:31	7.18	 081	 082	37.2	 30 	  2 	 92%	 6.8	    	    	    	    	    	    	    	    	    	    
[2026-02-02 15:42:31.110]  16:01:37	7.17	 081	 126	37.2	 30 	  1 	 97%	 6.8	    	    	    	    	    	    	    	    	    	    
[2026-02-02 15:42:37.091]  16:01:42	7.17	 082	 176	37.3	 30 	  1 	 99%	 6.8	    	    	    	    	    	    	    	    	    	    
[2026-02-02 15:42:43.065]  16:01:48	7.16	 083	 219	37.3	 30 	  1 	 99%	 6.8	    	    	    	    	    	    	    	    	    	    
[2026-02-02 15:42:49.046]  16:01:54	7.16	 084	 255	37.3	 30 	  1 	100%	 6.8	    	    	    	    	    	    	    	    	    	    
[2026-02-02 15:42:55.062]  16:02:00	7.16	 085	 281	37.3	 30 	  1 	100%	 6.8	    	    	    	    	    	    	    	    	    	    
[2026-02-02 15:43:01.001]  16:02:06	7.15	 086	 300	37.3	 30 	  1 	100%	 6.8	    	    	    	    	    	    	    	    	    	    
[2026-02-02 15:43:06.990]  16:02:12	7.15	 087	 314	37.3	 30 	  1 	100%	 6.9	    	    	    	    	    	    	    	    	    	    
[2026-02-02 15:43:12.953]  16:02:18	7.15	 088	 325	37.3	 31 	  1 	100%	 6.8	    	    	    	    	    	    	    	    	    	    
[2026-02-02 15:43:18.930]  16:02:24	7.14	 088	 335	37.3	 31 	  1 	100%	 6.8	    	    	    	    	    	    	    	    	    	    
[2026-02-02 15:43:24.907]  16:02:30	7.14	 089	 343	37.4	 31 	  1 	100%	 6.8	    	    	    	    	    	    	    	    	    	    
[2026-02-02 15:43:30.883]  16:02:36	7.14	 090	 350	37.4	 31 	  1 	100%	 6.8	    	    	    	    	    	    	    	    	    	    
[2026-02-02 15:43:36.863]  16:02:42	7.14	 090	 356	37.4	 31 	  1 	100%	 6.8	    	    	    	    	    	    	    	    	    	    
[2026-02-02 15:43:42.875]  16:02:48	7.14	 091	 362	37.3	 31 	  1 	100%	 6.8	    	    	    	    	    	    	    	    	    	    
[2026-02-02 15:43:48.814]  16:02:54	7.13	 091	 367	37.4	 31 	  1 	100%	 6.8	    	    	    	    	    	    	    	    	    	    
[2026-02-02 15:43:54.781]          	    	ARTERIAL 	 	  	    	    	    	    	    	    	    	  	    VENOUS
[2026-02-02 15:43:54.802]   Time   	 pH 	 CO2	  O2	TEMP	HCO3	 BE 	cSO2	 K+ 	 VO2	  Q 	 BSA	 pH 	 CO2	  O2	TEMP	 SO2	 HCT	 HGB
[2026-02-02 15:43:54.832] 
[2026-02-02 15:43:54.832]  16:03:00	7.13	 092	 371	37.4	 31 	  1 	100%	 6.7	    	    	    	    	    	    	    	    	    	    
[2026-02-02 15:44:00.768]  16:03:06	7.13	 092	 374	37.4	 31 	  2 	100%	 6.7	    	    	    	    	    	    	    	    	    	    
[2026-02-02 15:44:06.753]  16:03:12	7.13	 092	 377	37.4	 31 	  2 	100%	 6.7	    	    	    	    	    	    	    	    	    	    
[2026-02-02 15:44:12.719]  16:03:18	7.13	 093	 379	37.4	 31 	  2 	100%	 6.7	    	    	    	    	    	    	    	    	    	    
[2026-02-02 15:44:18.696]  16:03:24	7.13	 093	 381	37.4	 31 	  2 	100%	 6.8	    	    	    	    	    	    	    	    	    	    
[2026-02-02 15:44:24.672]  16:03:30	7.13	 094	 382	37.4	 31 	  2 	100%	 6.8	    	    	    	    	    	    	    	    	    	    
[2026-02-02 15:44:30.649]  16:03:36	7.13	 094	 383	37.4	 31 	  2 	100%	 6.8	    	    	    	    	    	    	    	    	    	    
[2026-02-02 15:44:36.629]  16:03:42	7.12	 094	 384	37.4	 31 	  2 	100%	 6.7	    	    	    	    	    	    	    	    	    	    
[2026-02-02 15:44:42.604]  16:03:48	7.12	 095	 386	37.4	 31 	  2 	100%	 6.7	    	    	    	    	    	    	    	    	    	    
[2026-02-02 15:44:48.579]  16:03:54	7.12	 095	 387	37.4	 31 	  2 	100%	 6.7	    	    	    	    	    	    	    	    	    	    
[2026-02-02 15:44:54.556]  16:04:00	7.12	 095	 389	37.4	 31 	  2 	100%	 6.7	    	    	    	    	    	    	    	    	    	    
[2026-02-02 15:45:00.532]  16:04:06	7.12	 096	 390	37.4	 31 	  2 	100%	 6.8	    	    	    	    	    	    	    	    	    	    
[2026-02-02 15:45:06.520]  16:04:12	7.12	 096	 391	37.4	 31 	  2 	100%	 6.8	    	    	    	    	    	    	    	    	    	    
[2026-02-02 15:45:12.487]  16:04:18	7.12	 096	 391	37.4	 31 	  2 	100%	 6.8	    	    	    	    	    	    	    	    	    	    
[2026-02-02 15:45:18.463]  16:04:24	7.12	 097	 392	37.4	 31 	  2 	100%	 6.7	    	    	    	    	    	    	    	    	    	    
[2026-02-02 15:45:24.441]  16:04:30	7.11	 097	 393	37.4	 31 	  2 	100%	 6.7	    	    	    	    	    	    	    	    	    	    
[2026-02-02 15:45:30.416]  16:04:35	7.11	 097	 393	37.4	 31 	  2 	100%	 6.7	    	    	    	    	    	    	    	    	    	    
[2026-02-02 15:45:36.397]  16:04:41	7.11	 097	 393	37.4	 31 	  2 	100%	 6.7	    	    	    	    	    	    	    	    	    	    
[2026-02-02 15:45:42.370]  16:04:47	7.11	 098	 393	37.4	 31 	  2 	100%	 6.7	    	    	    	    	    	    	    	    	    	    
[2026-02-02 15:45:48.349]  16:04:53	7.11	 097	 393	37.4	 31 	  2 	100%	 6.8	    	    	    	    	    	    	    	    	    	    
[2026-02-02 15:45:54.323]  16:04:59	7.12	 096	 393	37.4	 31 	  2 	100%	 6.8	    	    	    	    	    	    	    	    	    	    
[2026-02-02 15:46:00.301]  16:05:05	7.12	 095	 394	37.4	 31 	  2 	100%	 6.7	    	    	    	    	    	    	    	    	    	    
[2026-02-02 15:46:06.287]  16:05:11	7.12	 094	 395	37.4	 31 	  1 	100%	 6.7	    	    	    	    	    	    	    	    	    	    
[2026-02-02 15:46:12.252]  16:05:17	7.12	 094	 395	37.4	 31 	  1 	100%	 6.7	    	    	    	    	    	    	    	    	    	    
[2026-02-02 15:46:18.230]  16:05:23	7.13	 093	 395	37.4	 31 	  1 	100%	 6.7	    	    	    	    	    	    	    	    	    	    
[2026-02-02 15:46:24.207]  16:05:29	7.13	 092	 395	37.4	 31 	  1 	100%	 6.8	    	    	    	    	    	    	    	    	    	    
[2026-02-02 15:46:30.184]  16:05:35	7.13	 092	 395	37.4	 31 	  1 	100%	 6.7	    	    	    	    	    	    	    	    	    	    
[2026-02-02 15:46:36.162]  16:05:41	7.13	 092	 397	37.4	 31 	  1 	100%	 6.7	    	    	    	    	    	    	    	    	    	    
[2026-02-02 15:46:42.136]  16:05:47	7.13	 092	 400	37.4	 31 	  1 	100%	 6.7	    	    	    	    	    	    	    	    	    	    
[2026-02-02 15:46:48.115]  16:05:53	7.12	 093	 402	37.4	 31 	  1 	100%	 6.7	    	    	    	    	    	    	    	    	    	    
[2026-02-02 15:46:54.089]  16:05:59	7.12	 094	 404	37.4	 31 	  1 	100%	 6.8	    	    	    	    	    	    	    	    	    	    
[2026-02-02 15:47:00.067]  16:06:05	7.12	 094	 405	37.4	 31 	  1 	100%	 6.8	    	    	    	    	    	    	    	    	    	    
[2026-02-02 15:47:06.053]  16:06:11	7.12	 095	 405	37.4	 31 	  1 	100%	 6.8	    	    	    	    	    	    	    	    	    	    
[2026-02-02 15:47:12.019]  16:06:17	7.12	 096	 402	37.4	 31 	  1 	100%	 6.8	    	    	    	    	    	    	    	    	    	    
[2026-02-02 15:47:17.996]  16:06:23	7.11	 096	 397	37.4	 31 	  1 	100%	 6.7	    	    	    	    	    	    	    	    	    	    
[2026-02-02 15:47:23.974]  16:06:29	7.11	 096	 391	37.4	 31 	  1 	100%	 6.7	    	    	    	    	    	    	    	    	    	    
[2026-02-02 15:47:29.950]  16:06:35	7.11	 097	 387	37.4	 31 	  1 	100%	 6.8	    	    	    	    	    	    	    	    	    	    
[2026-02-02 15:47:35.929]  16:06:41	7.11	 097	 384	37.4	 31 	  1 	100%	 6.8	    	    	    	    	    	    	    	    	    	    
[2026-02-02 15:47:41.902]  16:06:47	7.11	 097	 381	37.4	 31 	  1 	100%	 6.8	    	    	    	    	    	    	    	    	    	    
[2026-02-02 15:47:47.879]  16:06:53	7.11	 097	 380	37.4	 31 	  1 	100%	 6.8	    	    	    	    	    	    	    	    	    	    
[2026-02-02 15:47:53.857]  16:06:59	7.11	 098	 379	37.4	 31 	  1 	100%	 6.7	    	    	    	    	    	    	    	    	    	    
[2026-02-02 15:47:59.832]  16:07:05	7.11	 098	 377	37.4	 31 	  1 	100%	 6.8	    	    	    	    	    	    	    	    	    	    
[2026-02-02 15:48:05.820]  16:07:11	7.11	 098	 375	37.4	 31 	  1 	100%	 6.8	    	    	    	    	    	    	    	    	    	    
[2026-02-02 15:48:11.787]  16:07:17	7.10	 099	 375	37.4	 31 	  1 	100%	 6.8	    	    	    	    	    	    	    	    	    	    
[2026-02-02 15:48:17.762]  16:07:23	7.10	 099	 379	37.4	 31 	  1 	100%	 6.8	    	    	    	    	    	    	    	    	    	    
[2026-02-02 15:48:23.754]  16:07:29	7.10	 100	 382	37.3	 31 	  1 	100%	 6.8	    	    	    	    	    	    	    	    	    	    
[2026-02-02 15:48:29.718]  16:07:35	7.10	 100	 384	37.1	 31 	  1 	100%	 6.8	    	    	    	    	    	    	    	    	    	    
[2026-02-02 15:48:35.697]  16:07:41	7.10	 100	 386	37.0	 31 	  1 	100%	 6.8	    	    	    	    	    	    	    	    	    	    
[2026-02-02 15:48:41.671]  16:07:47	7.10	 100	 390	37.2	 31 	  1 	100%	 6.8	    	    	    	    	    	    	    	    	    	    
[2026-02-02 15:48:47.648]  16:07:53	7.10	 100	 397	37.3	 31 	  1 	100%	 6.8	    	    	    	    	    	    	    	    	    	    
[2026-02-02 15:48:53.616]          	    	ARTERIAL 	 	  	    	    	    	    	    	    	    	  	    VENOUS
[2026-02-02 15:48:53.640]   Time   	 pH 	 CO2	  O2	TEMP	HCO3	 BE 	cSO2	 K+ 	 VO2	  Q 	 BSA	 pH 	 CO2	  O2	TEMP	 SO2	 HCT	 HGB
[2026-02-02 15:48:53.666] 
[2026-02-02 15:48:53.666]  16:07:59	7.10	 100	 403	37.3	 31 	  1 	100%	 6.8	    	    	    	    	    	    	    	    	    	    
[2026-02-02 15:48:59.603]  16:08:05	7.10	 101	 408	37.4	 31 	  1 	100%	 6.8	    	    	    	    	    	    	    	    	    	    
[2026-02-02 15:49:05.589]  16:08:11	7.10	 101	 412	37.4	 31 	  1 	100%	 6.8	    	    	    	    	    	    	    	    	    	    
[2026-02-02 15:49:11.555]  16:08:17	7.10	 101	 417	37.4	 31 	  1 	100%	 6.8	    	    	    	    	    	    	    	    	    	    
[2026-02-02 15:49:17.532]  16:08:23	7.10	 102	 420	37.4	 31 	  1 	100%	 6.8	    	    	    	    	    	    	    	    	    	    
[2026-02-02 15:49:23.508]  16:08:29	7.09	 102	 423	37.4	 31 	  1 	100%	 6.8	    	    	    	    	    	    	    	    	    	    
[2026-02-02 15:49:29.484]  16:08:35	7.09	 102	 425	37.4	 31 	  1 	100%	 6.8	    	    	    	    	    	    	    	    	    	    
[2026-02-02 15:49:35.464]  16:08:41	7.09	 102	 427	37.4	 31 	  1 	100%	 6.8	    	    	    	    	    	    	    	    	    	    
[2026-02-02 15:49:41.438]  16:08:47	7.09	 103	 429	37.4	 32 	  1 	100%	 6.8	    	    	    	    	    	    	    	    	    	    
[2026-02-02 15:49:47.414]  16:08:53	7.09	 103	 431	37.4	 32 	  1 	100%	 6.8	    	    	    	    	    	    	    	    	    	    
[2026-02-02 15:49:53.393]  16:08:59	7.09	 103	 432	37.4	 32 	  1 	100%	 6.8	    	    	    	    	    	    	    	    	    	    
[2026-02-02 15:49:59.369]  16:09:05	7.09	 103	 433	37.4	 32 	  1 	100%	 6.8	    	    	    	    	    	    	    	    	    	    
[2026-02-02 15:50:05.356]  16:09:11	7.09	 104	 433	37.4	 32 	  1 	100%	 6.8	    	    	    	    	    	    	    	    	    	    
[2026-02-02 15:50:11.321]  16:09:17	7.09	 104	 434	37.4	 32 	  1 	100%	 6.8	    	    	    	    	    	    	    	    	    	    
[2026-02-02 15:50:17.349]  16:09:23	7.09	 104	 434	37.4	 32 	  1 	100%	 6.8	    	    	    	    	    	    	    	    	    	    
[2026-02-02 15:50:23.275]  16:09:29	7.09	 104	 435	37.4	 32 	  1 	100%	 6.8	    	    	    	    	    	    	    	    	    	    
[2026-02-02 15:50:29.251]  16:09:35	7.09	 104	 435	37.4	 32 	  1 	100%	 6.8	    	    	    	    	    	    	    	    	    	    
[2026-02-02 15:50:35.231]  16:09:41	7.09	 104	 436	37.4	 32 	  1 	100%	 6.8	    	    	    	    	    	    	    	    	    	    
[2026-02-02 15:50:41.215]  16:09:47	7.09	 104	 435	37.4	 32 	  1 	100%	 6.7	    	    	    	    	    	    	    	    	    	    
[2026-02-02 15:50:47.181]  16:09:53	7.09	 104	 435	37.4	 32 	  1 	100%	 6.7	    	    	    	    	    	    	    	    	    	    
[2026-02-02 15:50:53.157]  16:09:59	7.08	 105	 434	37.4	 32 	  1 	100%	 6.8	    	    	    	    	    	    	    	    	    	    
[2026-02-02 15:50:59.136]  16:10:05	7.08	 105	 433	37.4	 32 	  1 	100%	 6.8	    	    	    	    	    	    	    	    	    	    
[2026-02-02 15:51:05.121]  16:10:11	7.08	 106	 433	37.4	 32 	  1 	100%	 6.8	    	    	    	    	    	    	    	    	    	    
[2026-02-02 15:51:11.095]  16:10:17	7.08	 106	 432	37.4	 32 	  1 	100%	 6.8	    	    	    	    	    	    	    	    	    	    
[2026-02-02 15:51:17.064]  16:10:23	7.08	 107	 432	37.4	 32 	  1 	100%	 6.8	    	    	    	    	    	    	    	    	    	    
[2026-02-02 15:51:23.041]  16:10:28	7.07	 108	 431	37.5	 32 	  1 	100%	 6.8	    	    	    	    	    	    	    	    	    	    
[2026-02-02 15:51:29.017]  16:10:34	7.07	 109	 430	37.5	 32 	  1 	100%	 6.8	    	    	    	    	    	    	    	    	    	    
[2026-02-02 15:51:34.996]  16:10:40	7.07	 111	 429	37.5	 32 	  1 	100%	 6.8	    	    	    	    	    	    	    	    	    	    
[2026-02-02 15:51:40.970]  16:10:46	7.07	 111	 427	37.5	 32 	  1 	100%	 6.8	    	    	    	    	    	    	    	    	    	    
[2026-02-02 15:51:46.947]  16:10:52	7.07	 111	 425	37.5	 32 	  1 	100%	 6.8	    	    	    	    	    	    	    	    	    	    
[2026-02-02 15:51:52.924]  16:10:58	7.07	 110	 423	37.5	 32 	  1 	100%	 6.8	    	    	    	    	    	    	    	    	    	    
[2026-02-02 15:51:58.902]  16:11:04	7.07	 111	 421	37.5	 32 	  1 	100%	 6.8	    	    	    	    	    	    	    	    	    	    
[2026-02-02 15:52:04.890]  16:11:10	7.06	 111	 419	37.5	 32 	  1 	100%	 6.8	    	    	    	    	    	    	    	    	    	    
[2026-02-02 15:52:10.854]  16:11:16	7.06	 113	 417	37.5	 32 	  1 	100%	 6.9	    	    	    	    	    	    	    	    	    	    
[2026-02-02 15:52:16.830]  16:11:22	7.06	 114	 415	37.5	 32 	  1 	100%	 6.8	    	    	    	    	    	    	    	    	    	    
[2026-02-02 15:52:22.809]  16:11:28	7.06	 114	 413	37.5	 32 	  2 	100%	 6.8	    	    	    	    	    	    	    	    	    	    
[2026-02-02 15:52:28.783]  16:11:34	7.06	 114	 412	37.5	 32 	  2 	100%	 6.8	    	    	    	    	    	    	    	    	    	    
[2026-02-02 15:52:34.763]  16:11:40	7.06	 113	 412	37.5	 32 	  1 	100%	 6.8	    	    	    	    	    	    	    	    	    	    
[2026-02-02 15:52:40.736]  16:11:46	7.06	 113	 411	37.5	 32 	  1 	100%	 6.8	    	    	    	    	    	    	    	    	    	    
[2026-02-02 15:52:46.714]  16:11:52	7.06	 113	 411	37.5	 32 	  1 	100%	 6.8	    	    	    	    	    	    	    	    	    	    
[2026-02-02 15:52:52.690]  16:11:58	7.06	 113	 412	37.5	 32 	  1 	100%	 6.8	    	    	    	    	    	    	    	    	    	    
[2026-02-02 15:52:58.667]  16:12:04	7.06	 114	 415	37.5	 32 	  1 	100%	 6.8	    	    	    	    	    	    	    	    	    	    
[2026-02-02 15:53:04.653]  16:12:10	7.05	 116	 417	37.5	 32 	  1 	100%	 6.8	    	    	    	    	    	    	    	    	    	    
[2026-02-02 15:53:10.622]  16:12:16	7.05	 117	 418	37.5	 32 	  1 	100%	 6.8	    	    	    	    	    	    	    	    	    	    
[2026-02-02 15:53:16.608]  16:12:22	7.05	 117	 417	37.5	 33 	  1 	100%	 6.8	    	    	    	    	    	    	    	    	    	    
[2026-02-02 15:53:22.574]  16:12:28	7.05	 116	 418	37.5	 33 	  2 	100%	 6.8	    	    	    	    	    	    	    	    	    	    
[2026-02-02 15:53:28.553]  16:12:34	7.05	 115	 418	37.5	 33 	  1 	100%	 6.8	    	    	    	    	    	    	    	    	    	    
[2026-02-02 15:53:34.530]  16:12:40	7.05	 115	 418	37.5	 32 	  1 	100%	 6.8	    	    	    	    	    	    	    	    	    	    
[2026-02-02 15:53:40.505]  16:12:46	7.05	 115	 418	37.5	 32 	  1 	100%	 6.8	    	    	    	    	    	    	    	    	    	    
[2026-02-02 15:53:46.481]  16:12:52	7.05	 115	 409	37.5	 32 	  1 	100%	 6.8	    	    	    	    	    	    	    	    	    	    
[2026-02-02 15:53:52.449]          	    	ARTERIAL 	 	  	    	    	    	    	    	    	    	  	    VENOUS
[2026-02-02 15:53:52.473]   Time   	 pH 	 CO2	  O2	TEMP	HCO3	 BE 	cSO2	 K+ 	 VO2	  Q 	 BSA	 pH 	 CO2	  O2	TEMP	 SO2	 HCT	 HGB
[2026-02-02 15:53:52.498] 
[2026-02-02 15:53:52.500]  16:12:58	7.05	 116	 337	37.6	 32 	  1 	100%	 6.8	    	    	    	    	    	    	    	    	    	    
[2026-02-02 15:53:58.439]  16:13:04	7.05	 118	 244	37.6	 33 	  1 	 99%	 6.8	    	    	    	    	    	    	    	    	    	    
[2026-02-02 15:54:04.416]  16:13:10	7.05	 118	 170	37.5	 33 	  2 	 98%	 6.8	    	    	    	    	    	    	    	    	    	    
[2026-02-02 15:54:10.382]  16:13:16	7.06	 114	 138	37.5	 32 	  2 	 97%	 6.8	    	    	    	    	    	    	    	    	    	    
[2026-02-02 15:54:16.361]  16:13:22	7.09	 105	 153	37.5	 32 	  2 	 98%	 6.8	    	    	    	    	    	    	    	    	    	    
[2026-02-02 15:54:22.335]  16:13:28	7.10	 100	 197	37.5	 31 	  1 	 99%	 6.8	    	    	    	    	    	    	    	    	    	    
[2026-02-02 15:54:28.312]  16:13:34	7.08	 103	 198	37.5	 31 	  1 	 99%	 6.8	    	    	    	    	    	    	    	    	    	    
[2026-02-02 15:54:34.293]  16:13:40	7.07	 107	 164	37.5	 31 	  1 	 98%	 6.9	    	    	    	    	    	    	    	    	    	    
[2026-02-02 15:54:40.264]  16:13:46	7.07	 109	 132	37.5	 32 	  1 	 97%	 6.9	    	    	    	    	    	    	    	    	    	    
[2026-02-02 15:54:46.241]  16:13:52	7.07	 108	 112	37.5	 32 	  1 	 95%	 6.9	    	    	    	    	    	    	    	    	    	    
[2026-02-02 15:54:52.221]  16:13:58	7.07	 107	 101	37.5	 32 	  1 	 94%	 6.9	    	    	    	    	    	    	    	    	    	    
[2026-02-02 15:54:58.198]  16:14:04	7.08	 105	 097	37.5	 32 	  1 	 93%	 6.9	    	    	    	    	    	    	    	    	    	    
[2026-02-02 15:55:04.183]  16:14:10	7.09	 103	 095	37.5	 31 	  1 	 93%	 6.9	    	    	    	    	    	    	    	    	    	    
[2026-02-02 15:55:10.149]  16:14:16	7.10	 100	 095	37.5	 31 	  1 	 93%	 6.9	    	    	    	    	    	    	    	    	    	    
[2026-02-02 15:55:16.123]  16:14:22	7.10	 098	 096	37.5	 31 	  1 	 93%	 6.9	    	    	    	    	    	    	    	    	    	    
[2026-02-02 15:55:22.099]  16:14:28	7.11	 096	 098	37.5	 30 	  1 	 94%	 6.9	    	    	    	    	    	    	    	    	    	    
[2026-02-02 15:55:28.077]  16:14:34	7.11	 094	 100	37.5	 30 	  0 	 94%	 6.9	    	    	    	    	    	    	    	    	    	    
[2026-02-02 15:55:34.064]  16:14:40	7.12	 092	 103	37.5	 30 	  0 	 95%	 6.9	    	    	    	    	    	    	    	    	    	    
[2026-02-02 15:55:40.034]  16:14:46	7.12	 091	 106	37.5	 30 	  0 	 95%	 6.9	    	    	    	    	    	    	    	    	    	    
[2026-02-02 15:55:46.006]  16:14:52	7.12	 089	 110	37.5	 30 	  0 	 96%	 6.9	    	    	    	    	    	    	    	    	    	    
[2026-02-02 15:55:51.983]  16:14:58	7.13	 088	 114	37.5	 29 	  0 	 96%	 6.9	    	    	    	    	    	    	    	    	    	    
[2026-02-02 15:55:57.962]  16:15:04	7.13	 087	 118	37.4	 29 	  0 	 97%	 6.9	    	    	    	    	    	    	    	    	    	    
[2026-02-02 15:56:03.947]  16:15:10	7.13	 086	 122	37.4	 29 	 -0 	 97%	 6.9	    	    	    	    	    	    	    	    	    	    
[2026-02-02 15:56:09.912]  16:15:15	7.14	 085	 127	37.4	 29 	 -0 	 97%	 6.9	    	    	    	    	    	    	    	    	    	    
[2026-02-02 15:56:15.900]  16:15:21	7.14	 084	 131	37.4	 29 	 -0 	 97%	 6.9	    	    	    	    	    	    	    	    	    	    
[2026-02-02 15:56:21.867]  16:15:27	7.14	 084	 135	37.4	 29 	 -0 	 98%	 6.9	    	    	    	    	    	    	    	    	    	    
[2026-02-02 15:56:27.843]  16:15:33	7.15	 083	 139	37.4	 29 	 -0 	 98%	 7.0	    	    	    	    	    	    	    	    	    	    
[2026-02-02 15:56:33.822]  16:15:39	7.15	 082	 143	37.4	 29 	 -0 	 98%	 7.0	    	    	    	    	    	    	    	    	    	    
[2026-02-02 15:56:39.795]  16:15:45	7.15	 082	 147	37.4	 29 	 -0 	 98%	 6.9	    	    	    	    	    	    	    	    	    	    
[2026-02-02 15:56:45.772]  16:15:51	7.15	 081	 151	37.4	 29 	 -0 	 98%	 6.9	    	    	    	    	    	    	    	    	    	    
[2026-02-02 15:56:51.749]  16:15:57	7.15	 081	 154	37.4	 29 	 -0 	 98%	 6.9	    	    	    	    	    	    	    	    	    	    
[2026-02-02 15:56:57.725]  16:16:03	7.16	 080	 158	37.4	 29 	 -0 	 98%	 7.0	    	    	    	    	    	    	    	    	    	    
[2026-02-02 15:57:03.713]  16:16:09	7.16	 080	 162	37.4	 29 	 -0 	 99%	 7.0	    	    	    	    	    	    	    	    	    	    
[2026-02-02 15:57:09.678]  16:16:15	7.16	 079	 166	37.4	 28 	 -0 	 99%	 7.0	    	    	    	    	    	    	    	    	    	    
[2026-02-02 15:57:15.655]  16:16:21	7.16	 079	 169	37.4	 28 	 -0 	 99%	 7.0	    	    	    	    	    	    	    	    	    	    
[2026-02-02 15:57:21.631]  16:16:27	7.16	 079	 172	37.4	 28 	 -0 	 99%	 7.0	    	    	    	    	    	    	    	    	    	    
[2026-02-02 15:57:27.608]  16:16:33	7.16	 078	 175	37.4	 28 	 -0 	 99%	 7.0	    	    	    	    	    	    	    	    	    	    
[2026-02-02 15:57:33.587]  16:16:39	7.17	 078	 177	37.4	 28 	 -0 	 99%	 7.0	    	    	    	    	    	    	    	    	    	    
[2026-02-02 15:57:39.560]  16:16:45	7.16	 079	 178	37.4	 29 	 -0 	 99%	 7.1	    	    	    	    	    	    	    	    	    	    
[2026-02-02 15:57:45.538]  16:16:51	7.16	 080	 180	37.3	 29 	 -0 	 99%	 7.0	    	    	    	    	    	    	    	    	    	    
[2026-02-02 15:57:51.514]  16:16:57	7.17	 079	 196	37.3	 29 	  0 	 99%	 7.0	    	    	    	    	    	    	    	    	    	    
[2026-02-02 15:57:57.503]  16:17:03	7.17	 078	 224	37.3	 29 	  0 	 99%	 7.0	    	    	    	    	    	    	    	    	    	    
[2026-02-02 15:58:03.484]  16:17:09	7.17	 078	 262	37.3	 29 	  0 	100%	 7.0	    	    	    	    	    	    	    	    	    	    
[2026-02-02 15:58:09.450]  16:17:15	7.16	 081	 282	37.3	 29 	 -0 	100%	 7.1	    	    	    	    	    	    	    	    	    	    
[2026-02-02 15:58:15.429]  16:17:21	7.15	 081	 285	37.4	 29 	  0 	100%	 7.1	    	    	    	    	    	    	    	    	    	    
[2026-02-02 15:58:21.404]  16:17:27	7.16	 080	 281	37.4	 29 	  0 	100%	 7.1	    	    	    	    	    	    	    	    	    	    
[2026-02-02 15:58:27.378]  16:17:33	7.17	 079	 275	37.4	 29 	  0 	100%	 7.1	    	    	    	    	    	    	    	    	    	    
[2026-02-02 15:58:33.357]  16:17:39	7.17	 078	 271	37.4	 29 	  0 	100%	 7.1	    	    	    	    	    	    	    	    	    	    
[2026-02-02 15:58:39.333]  16:17:45	7.17	 077	 268	37.4	 29 	  0 	100%	 7.0	    	    	    	    	    	    	    	    	    	    
[2026-02-02 15:58:45.310]  16:17:50	7.17	 077	 266	37.4	 28 	  0 	100%	 7.0	    	    	    	    	    	    	    	    	    	    
[2026-02-02 15:58:51.277]          	    	ARTERIAL 	 	  	    	    	    	    	    	    	    	  	    VENOUS
[2026-02-02 15:58:51.301]   Time   	 pH 	 CO2	  O2	TEMP	HCO3	 BE 	cSO2	 K+ 	 VO2	  Q 	 BSA	 pH 	 CO2	  O2	TEMP	 SO2	 HCT	 HGB
[2026-02-02 15:58:51.331] 
[2026-02-02 15:58:51.331]  16:17:56	7.18	 076	 265	37.4	 28 	  0 	100%	 7.1	    	    	    	    	    	    	    	    	    	    
[2026-02-02 15:58:57.262]  16:18:02	7.18	 076	 263	37.3	 28 	 -0 	100%	 7.1	    	    	    	    	    	    	    	    	    	    
[2026-02-02 15:59:03.248]  16:18:08	7.18	 075	 262	37.3	 28 	  0 	100%	 7.1	    	    	    	    	    	    	    	    	    	    
[2026-02-02 15:59:09.228]  16:18:14	7.18	 075	 262	37.3	 28 	  0 	100%	 7.1	    	    	    	    	    	    	    	    	    	    
[2026-02-02 15:59:15.191]  16:18:20	7.18	 074	 262	37.3	 28 	  0 	100%	 7.1	    	    	    	    	    	    	    	    	    	    
[2026-02-02 15:59:21.179]  16:18:26	7.19	 074	 262	37.3	 28 	  0 	100%	 7.1	    	    	    	    	    	    	    	    	    	    
[2026-02-02 15:59:27.145]  16:18:32	7.19	 074	 262	37.3	 28 	  0 	100%	 7.1	    	    	    	    	    	    	    	    	    	    
[2026-02-02 15:59:33.124]  16:18:38	7.19	 074	 261	37.3	 28 	  0 	100%	 7.1	    	    	    	    	    	    	    	    	    	    
[2026-02-02 15:59:39.098]  16:18:44	7.19	 073	 261	37.3	 28 	  0 	100%	 7.1	    	    	    	    	    	    	    	    	    	    
[2026-02-02 15:59:45.076]  16:18:50	7.19	 073	 260	37.3	 28 	  0 	100%	 7.1	    	    	    	    	    	    	    	    	    	    
[2026-02-02 15:59:51.052]  16:18:56	7.19	 073	 260	37.3	 28 	  0 	100%	 7.1	    	    	    	    	    	    	    	    	    	    
[2026-02-02 15:59:57.027]  16:19:02	7.19	 073	 261	37.3	 28 	  0 	100%	 7.1	    	    	    	    	    	    	    	    	    	    
[2026-02-02 16:00:03.014]  16:19:08	7.19	 073	 262	37.3	 28 	  0 	100%	 7.1	    	    	    	    	    	    	    	    	    	    
[2026-02-02 16:00:08.981]  16:19:14	7.19	 073	 263	37.3	 28 	  0 	100%	 7.1	    	    	    	    	    	    	    	    	    	    
[2026-02-02 16:00:14.957]  16:19:20	7.19	 073	 263	37.3	 28 	  0 	100%	 7.1	    	    	    	    	    	    	    	    	    	    
[2026-02-02 16:00:20.933]  16:19:26	7.19	 073	 262	37.3	 28 	  0 	100%	 7.2	    	    	    	    	    	    	    	    	    	    
[2026-02-02 16:00:26.912]  16:19:32	7.19	 073	 259	37.3	 28 	  0 	100%	 7.2	    	    	    	    	    	    	    	    	    	    
[2026-02-02 16:00:32.891]  16:19:38	7.19	 073	 256	37.3	 28 	  0 	100%	 7.1	    	    	    	    	    	    	    	    	    	    
[2026-02-02 16:00:38.863]  16:19:44	7.19	 072	 255	37.3	 28 	  0 	100%	 7.1	    	    	    	    	    	    	    	    	    	    
[2026-02-02 16:00:44.841]  16:19:50	7.20	 072	 255	37.3	 28 	  0 	100%	 7.1	    	    	    	    	    	    	    	    	    	    
[2026-02-02 16:00:50.816]  16:19:56	7.20	 072	 257	37.3	 28 	  0 	100%	 7.1	    	    	    	    	    	    	    	    	    	    
[2026-02-02 16:00:56.793]  16:20:02	7.20	 072	 258	37.3	 28 	  0 	100%	 7.1	    	    	    	    	    	    	    	    	    	    
[2026-02-02 16:01:02.780]  16:20:08	7.20	 072	 260	37.3	 28 	  0 	100%	 7.1	    	    	    	    	    	    	    	    	    	    
[2026-02-02 16:01:08.746]  16:20:14	7.20	 072	 262	37.3	 28 	  0 	100%	 7.1	    	    	    	    	    	    	    	    	    	    
[2026-02-02 16:01:14.723]  16:20:20	7.20	 072	 263	37.3	 28 	  0 	100%	 7.1	    	    	    	    	    	    	    	    	    	    
[2026-02-02 16:01:20.699]  16:20:26	7.20	 072	 265	37.3	 28 	  0 	100%	 7.1	    	    	    	    	    	    	    	    	    	    
[2026-02-02 16:01:26.687]  16:20:32	7.20	 072	 266	37.3	 28 	  0 	100%	 7.1	    	    	    	    	    	    	    	    	    	    
[2026-02-02 16:01:32.656]  16:20:38	7.20	 072	 268	37.3	 28 	  0 	100%	 7.1	    	    	    	    	    	    	    	    	    	    
[2026-02-02 16:01:38.629]  16:20:44	7.20	 072	 270	37.3	 28 	  0 	100%	 7.1	    	    	    	    	    	    	    	    	    	    
[2026-02-02 16:01:44.607]  16:20:50	7.20	 072	 272	37.3	 28 	  0 	100%	 7.1	    	    	    	    	    	    	    	    	    	    
[2026-02-02 16:01:50.583]  16:20:56	7.20	 072	 274	37.3	 28 	  0 	100%	 7.1	    	    	    	    	    	    	    	    	    	    
[2026-02-02 16:01:56.559]  16:21:02	7.20	 072	 275	37.3	 28 	  0 	100%	 7.1	    	    	    	    	    	    	    	    	    	    
[2026-02-02 16:02:02.546]  16:21:08	7.20	 072	 276	37.3	 28 	  0 	100%	 7.1	    	    	    	    	    	    	    	    	    	    
[2026-02-02 16:02:08.515]  16:21:13	7.20	 072	 277	37.3	 28 	  0 	100%	 7.1	    	    	    	    	    	    	    	    	    	    
[2026-02-02 16:02:14.490]  16:21:19	7.20	 072	 277	37.3	 28 	  0 	100%	 7.1	    	    	    	    	    	    	    	    	    	    
[2026-02-02 16:02:20.466]  16:21:25	7.20	 072	 278	37.3	 28 	  0 	100%	 7.1	    	    	    	    	    	    	    	    	    	    
[2026-02-02 16:02:26.443]  16:21:31	7.20	 072	 278	37.3	 28 	  0 	100%	 7.1	    	    	    	    	    	    	    	    	    	    
[2026-02-02 16:02:30.238] S16:21:31	7.20	 072	 278	37.3	 28 	  0 	100%	 7.1	    	    	    	    	    	    	    	    	    	    
[2026-02-02 16:02:32.421]  16:21:37	7.20	 071	 278	37.3	 28 	  0 	100%	 7.1	    	    	    	    	    	    	    	    	    	    
[2026-02-02 16:02:38.397]  16:21:43	7.20	 071	 277	37.2	 28 	  0 	100%	 7.1	    	    	    	    	    	    	    	    	    	    
[2026-02-02 16:02:44.368]  16:21:49	7.21	 071	 275	37.3	 28 	  0 	100%	 7.2	    	    	    	    	    	    	    	    	    	    
[2026-02-02 16:02:50.344]  16:21:55	7.21	 071	 271	37.1	 28 	  0 	100%	 7.1	    	    	    	    	    	    	    	    	    	    
[2026-02-02 16:02:56.325]  16:22:01	7.21	 071	 269	36.9	 28 	  0 	100%	 7.1	    	    	    	    	    	    	    	    	    	    
[2026-02-02 16:03:02.309]  16:22:07	7.21	 070	 266	37.0	 28 	  0 	100%	 7.1	    	    	    	    	    	    	    	    	    	    
[2026-02-02 16:03:08.275]  16:22:13	7.21	 070	 262	37.2	 28 	  0 	100%	 7.2	    	    	    	    	    	    	    	    	    	    
[2026-02-02 16:03:14.251]  16:22:19	7.21	 070	 260	37.3	 28 	  0 	100%	 7.2	    	    	    	    	    	    	    	    	    	    
[2026-02-02 16:03:20.229]  16:22:25	7.21	 071	 258	37.3	 28 	  0 	100%	 7.1	    	    	    	    	    	    	    	    	    	    
[2026-02-02 16:03:26.205]  16:22:31	7.21	 071	 255	37.3	 28 	  0 	100%	 7.1	    	    	    	    	    	    	    	    	    	    
[2026-02-02 16:03:32.183]  16:22:37	7.21	 071	 253	37.3	 28 	  0 	100%	 7.1	    	    	    	    	    	    	    	    	    	    
[2026-02-02 16:03:38.159]  16:22:43	7.21	 071	 251	37.3	 28 	  0 	100%	 7.1	    	    	    	    	    	    	    	    	    	    
[2026-02-02 16:03:44.126]          	    	ARTERIAL 	 	  	    	    	    	    	    	    	    	  	    VENOUS
[2026-02-02 16:03:44.152]   Time   	 pH 	 CO2	  O2	TEMP	HCO3	 BE 	cSO2	 K+ 	 VO2	  Q 	 BSA	 pH 	 CO2	  O2	TEMP	 SO2	 HCT	 HGB
[2026-02-02 16:03:44.184] 
[2026-02-02 16:03:44.184]  16:22:49	7.21	 071	 250	37.3	 28 	  0 	100%	 7.1	    	    	    	    	    	    	    	    	    	    
[2026-02-02 16:03:50.110]  16:22:55	7.21	 071	 251	37.3	 28 	  0 	100%	 7.1	    	    	    	    	    	    	    	    	    	    
[2026-02-02 16:03:56.087]  16:23:01	7.21	 071	 254	37.3	 28 	  0 	100%	 7.1	    	    	    	    	    	    	    	    	    	    
[2026-02-02 16:04:02.073]  16:23:08	7.21	 071	 259	37.3	 28 	  0 	100%	 7.1	    	    	    	    	    	    	    	    	    	    
[2026-02-02 16:04:08.040]  16:23:14	7.21	 071	 264	37.3	 28 	  0 	100%	 7.1	    	    	    	    	    	    	    	    	    	    
[2026-02-02 16:04:14.017]  16:23:20	7.21	 071	 269	37.3	 28 	  0 	100%	 7.1	    	    	    	    	    	    	    	    	    	    
[2026-02-02 16:04:20.004]  16:23:26	7.21	 071	 273	37.3	 28 	  0 	100%	 7.1	    	    	    	    	    	    	    	    	    	    
[2026-02-02 16:04:25.970]  16:23:32	7.21	 071	 278	37.3	 28 	  0 	100%	 7.1	    	    	    	    	    	    	    	    	    	    
[2026-02-02 16:04:31.949]  16:23:38	7.21	 071	 281	37.3	 28 	  1 	100%	 7.1	    	    	    	    	    	    	    	    	    	    
[2026-02-02 16:04:37.922]  16:23:44	7.21	 071	 284	37.3	 28 	  1 	100%	 7.1	    	    	    	    	    	    	    	    	    	    
[2026-02-02 16:04:43.901]  16:23:50	7.21	 070	 287	37.3	 28 	  0 	100%	 7.1	    	    	    	    	    	    	    	    	    	    
[2026-02-02 16:04:49.876]  16:23:56	7.21	 071	 288	37.3	 28 	  1 	100%	 7.1	    	    	    	    	    	    	    	    	    	    
[2026-02-02 16:04:55.853]  16:24:02	7.21	 071	 290	37.3	 28 	  1 	100%	 7.1	    	    	    	    	    	    	    	    	    	    
[2026-02-02 16:05:01.841]  16:24:08	7.21	 070	 291	37.3	 28 	  1 	100%	 7.1	    	    	    	    	    	    	    	    	    	    
[2026-02-02 16:05:07.805]  16:24:13	7.21	 070	 291	37.3	 28 	  1 	100%	 7.1	    	    	    	    	    	    	    	    	    	    
[2026-02-02 16:05:13.782]  16:24:19	7.21	 070	 292	37.3	 28 	  1 	100%	 7.1	    	    	    	    	    	    	    	    	    	    
[2026-02-02 16:05:19.759]  16:24:25	7.21	 070	 292	37.3	 28 	  1 	100%	 7.1	    	    	    	    	    	    	    	    	    	    
[2026-02-02 16:05:25.736]  16:24:31	7.21	 071	 293	37.3	 28 	  1 	100%	 7.1	    	    	    	    	    	    	    	    	    	    
[2026-02-02 16:05:31.727]  16:24:37	7.21	 071	 294	37.3	 28 	  1 	100%	 7.1	    	    	    	    	    	    	    	    	    	    
[2026-02-02 16:05:37.688]  16:24:43	7.21	 071	 294	37.3	 28 	  1 	100%	 7.1	    	    	    	    	    	    	    	    	    	    
[2026-02-02 16:05:43.675]  16:24:49	7.21	 071	 294	37.3	 28 	  1 	100%	 7.1	    	    	    	    	    	    	    	    	    	    
[2026-02-02 16:05:49.681]  16:24:55	7.21	 071	 295	37.3	 29 	  1 	100%	 7.1	    	    	    	    	    	    	    	    	    	    
[2026-02-02 16:05:55.619]  16:25:01	7.21	 071	 296	37.3	 28 	  1 	100%	 7.1	    	    	    	    	    	    	    	    	    	    
[2026-02-02 16:06:01.605]  16:25:07	7.21	 070	 296	37.3	 28 	  1 	100%	 7.1	    	    	    	    	    	    	    	    	    	    
[2026-02-02 16:06:07.573]  16:25:13	7.21	 070	 297	37.3	 29 	  1 	100%	 7.1	    	    	    	    	    	    	    	    	    	    
[2026-02-02 16:06:13.548]  16:25:19	7.21	 070	 297	37.3	 29 	  1 	100%	 7.1	    	    	    	    	    	    	    	    	    	    
[2026-02-02 16:06:19.525]  16:25:25	7.21	 070	 298	37.3	 28 	  1 	100%	 7.1	    	    	    	    	    	    	    	    	    	    
[2026-02-02 16:06:25.502]  16:25:31	7.21	 070	 299	37.3	 28 	  1 	100%	 7.1	    	    	    	    	    	    	    	    	    	    
[2026-02-02 16:06:31.484]  16:25:37	7.21	 070	 300	37.3	 29 	  1 	100%	 7.1	    	    	    	    	    	    	    	    	    	    
[2026-02-02 16:06:37.455]  16:25:43	7.21	 070	 301	37.3	 29 	  1 	100%	 7.1	    	    	    	    	    	    	    	    	    	    
[2026-02-02 16:06:43.431]  16:25:49	7.21	 070	 302	37.3	 29 	  1 	100%	 7.1	    	    	    	    	    	    	    	    	    	    
[2026-02-02 16:06:49.409]  16:25:55	7.21	 070	 303	37.3	 28 	  1 	100%	 7.1	    	    	    	    	    	    	    	    	    	    
[2026-02-02 16:06:55.385]  16:26:01	7.21	 070	 303	37.3	 29 	  1 	100%	 7.1	    	    	    	    	    	    	    	    	    	    
[2026-02-02 16:07:01.372]  16:26:07	7.21	 071	 301	37.3	 29 	  1 	100%	 7.1	    	    	    	    	    	    	    	    	    	    
[2026-02-02 16:07:07.343]  16:26:13	7.20	 073	 297	37.3	 29 	  1 	100%	 7.1	    	    	    	    	    	    	    	    	    	    
[2026-02-02 16:07:13.318]  16:26:19	7.19	 075	 292	37.3	 29 	  1 	100%	 7.1	    	    	    	    	    	    	    	    	    	    
[2026-02-02 16:07:19.294]  16:26:25	7.19	 076	 288	37.3	 29 	  1 	100%	 7.1	    	    	    	    	    	    	    	    	    	    
[2026-02-02 16:07:25.273]  16:26:31	7.18	 079	 279	37.3	 29 	  1 	100%	 7.1	    	    	    	    	    	    	    	    	    	    
[2026-02-02 16:07:31.250]  16:26:37	7.18	 079	 271	37.3	 30 	  1 	100%	 7.1	    	    	    	    	    	    	    	    	    	    
[2026-02-02 16:07:37.226]  16:26:43	7.19	 077	 269	37.4	 30 	  1 	100%	 7.1	    	    	    	    	    	    	    	    	    	    
[2026-02-02 16:07:43.201]  16:26:49	7.19	 076	 269	37.4	 29 	  1 	100%	 7.1	    	    	    	    	    	    	    	    	    	    
[2026-02-02 16:07:49.177]  16:26:55	7.19	 075	 270	37.4	 29 	  1 	100%	 7.1	    	    	    	    	    	    	    	    	    	    
[2026-02-02 16:07:55.153]  16:27:01	7.20	 074	 271	37.4	 29 	  1 	100%	 7.1	    	    	    	    	    	    	    	    	    	    
[2026-02-02 16:08:01.142]  16:27:07	7.20	 074	 273	37.3	 29 	  1 	100%	 7.1	    	    	    	    	    	    	    	    	    	    
[2026-02-02 16:08:07.109]  16:27:13	7.19	 075	 275	37.3	 29 	  1 	100%	 7.1	    	    	    	    	    	    	    	    	    	    
[2026-02-02 16:08:13.084]  16:27:19	7.18	 078	 273	37.3	 29 	  1 	100%	 7.1	    	    	    	    	    	    	    	    	    	    
[2026-02-02 16:08:19.072]  16:27:25	7.18	 079	 270	37.3	 29 	  1 	100%	 7.1	    	    	    	    	    	    	    	    	    	    
[2026-02-02 16:08:25.036]  16:27:31	7.18	 078	 268	37.3	 30 	  1 	100%	 7.1	    	    	    	    	    	    	    	    	    	    
[2026-02-02 16:08:31.021]  16:27:37	7.19	 077	 267	37.3	 29 	  1 	100%	 7.1	    	    	    	    	    	    	    	    	    	    
[2026-02-02 16:08:36.991]  16:27:43	7.19	 076	 268	37.3	 29 	  1 	100%	 7.1	    	    	    	    	    	    	    	    	    	    
[2026-02-02 16:08:42.990]          	    	ARTERIAL 	 	  	    	    	    	    	    	    	    	  	    VENOUS
[2026-02-02 16:08:43.012]   Time   	 pH 	 CO2	  O2	TEMP	HCO3	 BE 	cSO2	 K+ 	 VO2	  Q 	 BSA	 pH 	 CO2	  O2	TEMP	 SO2	 HCT	 HGB
[2026-02-02 16:08:43.041] 
[2026-02-02 16:08:43.041]  16:27:49	7.19	 075	 270	37.3	 29 	  1 	100%	 7.1	    	    	    	    	    	    	    	    	    	    
[2026-02-02 16:08:48.943]  16:27:55	7.19	 075	 272	37.4	 29 	  1 	100%	 7.1	    	    	    	    	    	    	    	    	    	    
[2026-02-02 16:08:54.920]  16:28:01	7.18	 077	 271	37.4	 29 	  1 	100%	 7.1	    	    	    	    	    	    	    	    	    	    
[2026-02-02 16:09:00.906]  16:28:07	7.17	 081	 265	37.4	 30 	  1 	100%	 7.1	    	    	    	    	    	    	    	    	    	    
[2026-02-02 16:09:06.872]  16:28:13	7.17	 082	 257	37.4	 30 	  1 	100%	 7.1	    	    	    	    	    	    	    	    	    	    
[2026-02-02 16:09:12.849]  16:28:19	7.17	 081	 252	37.3	 30 	  1 	100%	 7.1	    	    	    	    	    	    	    	    	    	    
[2026-02-02 16:09:18.820]  16:28:24	7.18	 079	 248	37.3	 30 	  1 	 99%	 7.0	    	    	    	    	    	    	    	    	    	    
[2026-02-02 16:09:24.798]  16:28:30	7.18	 078	 246	37.4	 30 	  1 	 99%	 7.1	    	    	    	    	    	    	    	    	    	    
[2026-02-02 16:09:30.789]  16:28:36	7.19	 077	 245	37.4	 29 	  1 	 99%	 7.1	    	    	    	    	    	    	    	    	    	    
[2026-02-02 16:09:36.758]  16:28:42	7.19	 076	 246	37.4	 29 	  1 	100%	 7.0	    	    	    	    	    	    	    	    	    	    
[2026-02-02 16:09:42.732]  16:28:48	7.19	 075	 249	37.4	 29 	  1 	100%	 7.0	    	    	    	    	    	    	    	    	    	    
[2026-02-02 16:09:48.710]  16:28:54	7.19	 075	 252	37.4	 29 	  1 	100%	 7.0	    	    	    	    	    	    	    	    	    	    
[2026-02-02 16:09:54.687]  16:29:00	7.19	 074	 254	37.3	 29 	  1 	100%	 7.1	    	    	    	    	    	    	    	    	    	    
[2026-02-02 16:10:00.676]  16:29:06	7.20	 074	 257	37.3	 29 	  1 	100%	 7.0	    	    	    	    	    	    	    	    	    	    
[2026-02-02 16:10:06.640]  16:29:12	7.20	 074	 261	37.3	 29 	  1 	100%	 7.0	    	    	    	    	    	    	    	    	    	    
[2026-02-02 16:10:12.616]  16:29:18	7.20	 074	 264	37.3	 29 	  1 	100%	 7.1	    	    	    	    	    	    	    	    	    	    
[2026-02-02 16:10:18.630]  16:29:24	7.20	 073	 267	37.3	 29 	  1 	100%	 7.1	    	    	    	    	    	    	    	    	    	    
[2026-02-02 16:10:24.568]  16:29:30	7.20	 073	 270	37.3	 29 	  1 	100%	 7.0	    	    	    	    	    	    	    	    	    	    
[2026-02-02 16:10:30.550]  16:29:36	7.20	 073	 273	37.3	 29 	  1 	100%	 7.0	    	    	    	    	    	    	    	    	    	    
[2026-02-02 16:10:36.522]  16:29:42	7.20	 073	 275	37.3	 29 	  1 	100%	 7.0	    	    	    	    	    	    	    	    	    	    
[2026-02-02 16:10:42.497]  16:29:48	7.20	 073	 277	37.3	 29 	  1 	100%	 7.0	    	    	    	    	    	    	    	    	    	    
[2026-02-02 16:10:48.474]  16:29:54	7.20	 072	 279	37.3	 29 	  1 	100%	 7.0	    	    	    	    	    	    	    	    	    	    
[2026-02-02 16:10:54.453]  16:30:00	7.20	 072	 281	37.3	 29 	  1 	100%	 7.0	    	    	    	    	    	    	    	    	    	    
[2026-02-02 16:11:00.440]  16:30:06	7.20	 072	 283	37.3	 29 	  1 	100%	 7.1	    	    	    	    	    	    	    	    	    	    
[2026-02-02 16:11:06.404]  16:30:12	7.20	 072	 284	37.3	 29 	  1 	100%	 7.0	    	    	    	    	    	    	    	    	    	    
[2026-02-02 16:11:12.381]  16:30:18	7.20	 072	 286	37.3	 29 	  1 	100%	 7.0	    	    	    	    	    	    	    	    	    	    
[2026-02-02 16:11:18.358]  16:30:24	7.20	 072	 286	37.3	 29 	  1 	100%	 7.0	    	    	    	    	    	    	    	    	    	    
[2026-02-02 16:11:24.333]  16:30:29	7.21	 072	 287	37.3	 29 	  1 	100%	 7.1	    	    	    	    	    	    	    	    	    	    
[2026-02-02 16:11:30.313]  16:30:35	7.21	 072	 288	37.3	 29 	  1 	100%	 7.1	    	    	    	    	    	    	    	    	    	    
[2026-02-02 16:11:36.298]  16:30:41	7.21	 072	 289	37.3	 29 	  1 	100%	 7.1	    	    	    	    	    	    	    	    	    	    
[2026-02-02 16:11:42.264]  16:30:47	7.21	 072	 290	37.3	 29 	  1 	100%	 7.0	    	    	    	    	    	    	    	    	    	    
[2026-02-02 16:11:48.253]  16:30:53	7.21	 072	 290	37.3	 29 	  1 	100%	 7.0	    	    	    	    	    	    	    	    	    	    
[2026-02-02 16:11:54.216]  16:30:59	7.21	 072	 291	37.3	 29 	  1 	100%	 7.0	    	    	    	    	    	    	    	    	    	    
[2026-02-02 16:12:00.215]  16:31:05	7.21	 072	 292	37.3	 29 	  1 	100%	 7.1	    	    	    	    	    	    	    	    	    	    
[2026-02-02 16:12:06.170]  16:31:11	7.21	 072	 293	37.3	 29 	  1 	100%	 7.1	    	    	    	    	    	    	    	    	    	    
[2026-02-02 16:12:12.146]  16:31:17	7.21	 072	 294	37.3	 29 	  1 	100%	 7.0	    	    	    	    	    	    	    	    	    	    
[2026-02-02 16:12:18.124]  16:31:23	7.21	 072	 296	37.3	 29 	  1 	100%	 7.0	    	    	    	    	    	    	    	    	    	    
[2026-02-02 16:12:23.910]  16:31:29	7.22	 072	 297	37.3	 30 	  2 	100%	 7.0	    	    	    	    	    	    	    	    	    	    
[2026-02-02 16:12:29.889]  16:31:35	7.22	 072	 298	37.3	 30 	  2 	100%	 7.0	    	    	    	    	    	    	    	    	    	    
[2026-02-02 16:12:35.863]  16:31:41	7.22	 073	 300	37.3	 30 	  3 	100%	 6.9	    	    	    	    	    	    	    	    	    	    
[2026-02-02 16:12:41.839]  16:31:47	7.23	 073	 301	37.3	 31 	  3 	100%	 6.8	    	    	    	    	    	    	    	    	    	    
[2026-02-02 16:12:47.817]  16:31:53	7.23	 074	 303	37.3	 31 	  4 	100%	 6.8	    	    	    	    	    	    	    	    	    	    
[2026-02-02 16:12:51.432] Recalibration Adjustment
[2026-02-02 16:12:51.440] o16:31:56	7.23	 063	 278	37.3	 28 	  0 	100%	 7.1	    	    	    	    	    	    	    	    	    	    
[2026-02-02 16:12:53.991]  16:31:59	7.27	 065	 306	37.3	 30 	  3 	100%	 6.8	    	    	    	    	    	    	    	    	    	    
[2026-02-02 16:12:59.979]  16:32:05	7.27	 066	 308	37.3	 31 	  4 	100%	 6.7	    	    	    	    	    	    	    	    	    	    
[2026-02-02 16:13:05.934]  16:32:11	7.26	 067	 308	37.3	 31 	  4 	100%	 6.7	    	    	    	    	    	    	    	    	    	    
[2026-02-02 16:13:11.907]  16:32:17	7.26	 069	 307	37.3	 31 	  4 	100%	 6.8	    	    	    	    	    	    	    	    	    	    
[2026-02-02 16:13:17.884]  16:32:23	7.25	 070	 304	37.4	 31 	  4 	100%	 6.8	    	    	    	    	    	    	    	    	    	    
[2026-02-02 16:13:23.862]  16:32:29	7.25	 071	 302	37.4	 32 	  4 	100%	 6.7	    	    	    	    	    	    	    	    	    	    
[2026-02-02 16:13:29.844]  16:32:35	7.25	 072	 301	37.4	 32 	  5 	100%	 6.7	    	    	    	    	    	    	    	    	    	    
[2026-02-02 16:13:35.809]          	    	ARTERIAL 	 	  	    	    	    	    	    	    	    	  	    VENOUS
[2026-02-02 16:13:35.831]   Time   	 pH 	 CO2	  O2	TEMP	HCO3	 BE 	cSO2	 K+ 	 VO2	  Q 	 BSA	 pH 	 CO2	  O2	TEMP	 SO2	 HCT	 HGB
[2026-02-02 16:13:35.862] 
[2026-02-02 16:13:35.862]  16:32:41	7.26	 072	 300	37.3	 32 	  5 	100%	 6.7	    	    	    	    	    	    	    	    	    	    
[2026-02-02 16:13:41.795]  16:32:47	7.26	 072	 299	37.3	 33 	  5 	100%	 6.7	    	    	    	    	    	    	    	    	    	    
[2026-02-02 16:13:47.770]  16:32:53	7.26	 073	 298	37.3	 33 	  5 	100%	 6.7	    	    	    	    	    	    	    	    	    	    
[2026-02-02 16:13:53.748]  16:32:59	7.26	 073	 297	37.3	 33 	  5 	100%	 6.6	    	    	    	    	    	    	    	    	    	    
[2026-02-02 16:13:59.736]  16:33:05	7.26	 074	 296	37.3	 33 	  6 	100%	 6.6	    	    	    	    	    	    	    	    	    	    
[2026-02-02 16:14:05.701]  16:33:11	7.26	 074	 295	37.3	 33 	  6 	100%	 6.6	    	    	    	    	    	    	    	    	    	    
[2026-02-02 16:14:11.676]  16:33:17	7.26	 074	 295	37.3	 34 	  6 	100%	 6.6	    	    	    	    	    	    	    	    	    	    
[2026-02-02 16:14:17.653]  16:33:23	7.26	 075	 296	37.3	 34 	  6 	100%	 6.6	    	    	    	    	    	    	    	    	    	    
[2026-02-02 16:14:23.666]  16:33:29	7.26	 075	 298	37.3	 34 	  6 	100%	 6.6	    	    	    	    	    	    	    	    	    	    
[2026-02-02 16:14:29.610]  16:33:35	7.26	 075	 300	37.3	 34 	  6 	100%	 6.6	    	    	    	    	    	    	    	    	    	    
[2026-02-02 16:14:35.584]  16:33:41	7.26	 075	 302	37.3	 34 	  7 	100%	 6.6	    	    	    	    	    	    	    	    	    	    
[2026-02-02 16:14:41.559]  16:33:47	7.26	 075	 303	37.3	 34 	  7 	100%	 6.6	    	    	    	    	    	    	    	    	    	    
[2026-02-02 16:14:47.537]  16:33:53	7.26	 076	 300	37.3	 35 	  7 	100%	 6.5	    	    	    	    	    	    	    	    	    	    
[2026-02-02 16:14:53.513]  16:33:59	7.26	 077	 250	37.3	 35 	  7 	100%	 6.5	    	    	    	    	    	    	    	    	    	    
[2026-02-02 16:14:59.497]  16:34:05	7.25	 080	 179	37.4	 35 	  7 	 99%	 6.5	    	    	    	    	    	    	    	    	    	    
[2026-02-02 16:15:05.461]  16:34:11	7.24	 081	 130	37.3	 36 	  7 	 98%	 6.5	    	    	    	    	    	    	    	    	    	    
[2026-02-02 16:15:11.476]  16:34:17	7.25	 080	 116	37.3	 35 	  8 	 97%	 6.5	    	    	    	    	    	    	    	    	    	    
[2026-02-02 16:15:17.413]  16:34:23	7.27	 074	 169	37.3	 35 	  7 	 99%	 6.5	    	    	    	    	    	    	    	    	    	    
[2026-02-02 16:15:23.395]  16:34:29	7.28	 072	 234	37.3	 34 	  7 	100%	 6.5	    	    	    	    	    	    	    	    	    	    
[2026-02-02 16:15:29.374]  16:34:35	7.27	 076	 251	37.4	 35 	  8 	100%	 6.5	    	    	    	    	    	    	    	    	    	    
[2026-02-02 16:15:35.347]  16:34:41	7.25	 081	 198	37.4	 36 	  8 	 99%	 6.4	    	    	    	    	    	    	    	    	    	    
[2026-02-02 16:15:41.320]  16:34:47	7.24	 083	 143	37.4	 36 	  8 	 98%	 6.4	    	    	    	    	    	    	    	    	    	    
[2026-02-02 16:15:47.297]  16:34:53	7.24	 083	 112	37.3	 36 	  8 	 97%	 6.5	    	    	    	    	    	    	    	    	    	    
[2026-02-02 16:15:53.275]  16:34:59	7.25	 082	 095	37.3	 36 	  8 	 96%	 6.5	    	    	    	    	    	    	    	    	    	    
[2026-02-02 16:15:59.260]  16:35:05	7.26	 080	 085	37.3	 36 	  8 	 94%	 6.4	    	    	    	    	    	    	    	    	    	    
[2026-02-02 16:16:05.226]  16:35:11	7.26	 080	 081	37.4	 36 	  8 	 93%	 6.4	    	    	    	    	    	    	    	    	    	    
[2026-02-02 16:16:11.204]  16:35:17	7.26	 079	 080	37.4	 36 	  8 	 93%	 6.4	    	    	    	    	    	    	    	    	    	    
[2026-02-02 16:16:17.179]  16:35:23	7.26	 079	 081	37.4	 36 	  8 	 93%	 6.4	    	    	    	    	    	    	    	    	    	    
[2026-02-02 16:16:23.158]  16:35:29	7.26	 079	 083	37.4	 36 	  8 	 94%	 6.4	    	    	    	    	    	    	    	    	    	    
[2026-02-02 16:16:29.175]  16:35:35	7.26	 080	 086	37.4	 36 	  8 	 94%	 6.4	    	    	    	    	    	    	    	    	    	    
[2026-02-02 16:16:35.111]  16:35:41	7.25	 081	 088	37.3	 36 	  8 	 95%	 6.4	    	    	    	    	    	    	    	    	    	    
[2026-02-02 16:16:41.085]  16:35:47	7.26	 079	 129	37.3	 36 	  8 	 98%	 6.4	    	    	    	    	    	    	    	    	    	    
[2026-02-02 16:16:47.062]  16:35:53	7.28	 075	 194	37.3	 36 	  8 	 99%	 6.4	    	    	    	    	    	    	    	    	    	    
[2026-02-02 16:16:53.043]  16:35:59	7.28	 076	 260	37.3	 36 	  8 	100%	 6.3	    	    	    	    	    	    	    	    	    	    
[2026-02-02 16:16:59.035]  16:36:05	7.27	 079	 315	37.3	 36 	  9 	100%	 6.3	    	    	    	    	    	    	    	    	    	    
[2026-02-02 16:17:05.009]  16:36:11	7.26	 081	 357	37.3	 37 	  9 	100%	 6.3	    	    	    	    	    	    	    	    	    	    
[2026-02-02 16:17:10.974]  16:36:17	7.26	 081	 389	37.3	 37 	  9 	100%	 6.3	    	    	    	    	    	    	    	    	    	    
[2026-02-02 16:17:16.989]  16:36:23	7.26	 081	 413	37.3	 37 	  9 	100%	 6.3	    	    	    	    	    	    	    	    	    	    
[2026-02-02 16:17:22.926]  16:36:29	7.26	 081	 430	37.3	 37 	  9 	100%	 6.3	    	    	    	    	    	    	    	    	    	    
[2026-02-02 16:17:28.907]  16:36:35	7.26	 081	 443	37.3	 36 	  8 	100%	 6.4	    	    	    	    	    	    	    	    	    	    
[2026-02-02 16:17:34.880]  16:36:41	7.25	 081	 452	37.3	 36 	  8 	100%	 6.4	    	    	    	    	    	    	    	    	    	    
[2026-02-02 16:17:40.856]  16:36:47	7.25	 081	 460	37.3	 36 	  8 	100%	 6.3	    	    	    	    	    	    	    	    	    	    
[2026-02-02 16:17:46.833]  16:36:53	7.25	 081	 466	37.3	 36 	  8 	100%	 6.3	    	    	    	    	    	    	    	    	    	    
[2026-02-02 16:17:52.810]  16:36:59	7.25	 081	 470	37.3	 36 	  8 	100%	 6.3	    	    	    	    	    	    	    	    	    	    
[2026-02-02 16:17:58.795]  16:37:05	7.25	 081	 473	37.3	 36 	  8 	100%	 6.4	    	    	    	    	    	    	    	    	    	    
[2026-02-02 16:18:04.763]  16:37:11	7.25	 081	 476	37.3	 36 	  8 	100%	 6.4	    	    	    	    	    	    	    	    	    	    
[2026-02-02 16:18:10.738]  16:37:17	7.24	 081	 479	37.3	 35 	  7 	100%	 6.4	    	    	    	    	    	    	    	    	    	    
[2026-02-02 16:18:16.716]  16:37:23	7.24	 081	 480	37.3	 35 	  7 	100%	 6.4	    	    	    	    	    	    	    	    	    	    
[2026-02-02 16:18:22.692]  16:37:29	7.24	 081	 482	37.3	 35 	  7 	100%	 6.4	    	    	    	    	    	    	    	    	    	    
[2026-02-02 16:18:28.671]  16:37:34	7.24	 081	 483	37.3	 35 	  7 	100%	 6.4	    	    	    	    	    	    	    	    	    	    
[2026-02-02 16:18:34.635]          	    	ARTERIAL 	 	  	    	    	    	    	    	    	    	  	    VENOUS
[2026-02-02 16:18:34.657]   Time   	 pH 	 CO2	  O2	TEMP	HCO3	 BE 	cSO2	 K+ 	 VO2	  Q 	 BSA	 pH 	 CO2	  O2	TEMP	 SO2	 HCT	 HGB
[2026-02-02 16:18:34.685] 
[2026-02-02 16:18:34.687]  16:37:40	7.24	 081	 484	37.3	 35 	  7 	100%	 6.4	    	    	    	    	    	    	    	    	    	    
[2026-02-02 16:18:40.620]  16:37:46	7.24	 081	 484	37.3	 35 	  7 	100%	 6.4	    	    	    	    	    	    	    	    	    	    
[2026-02-02 16:18:46.600]  16:37:52	7.24	 081	 485	37.3	 35 	  7 	100%	 6.3	    	    	    	    	    	    	    	    	    	    
[2026-02-02 16:18:52.573]  16:37:58	7.24	 081	 486	37.3	 35 	  7 	100%	 6.3	    	    	    	    	    	    	    	    	    	    
[2026-02-02 16:18:58.560]  16:38:04	7.24	 081	 486	37.3	 35 	  7 	100%	 6.3	    	    	    	    	    	    	    	    	    	    
[2026-02-02 16:19:04.528]  16:38:10	7.24	 081	 486	37.3	 35 	  7 	100%	 6.3	    	    	    	    	    	    	    	    	    	    
[2026-02-02 16:19:10.515]  16:38:16	7.24	 081	 486	37.3	 35 	  7 	100%	 6.3	    	    	    	    	    	    	    	    	    	    
[2026-02-02 16:19:16.482]  16:38:22	7.24	 081	 486	37.3	 35 	  7 	100%	 6.3	    	    	    	    	    	    	    	    	    	    
[2026-02-02 16:19:22.459]  16:38:28	7.24	 082	 486	37.3	 35 	  7 	100%	 6.3	    	    	    	    	    	    	    	    	    	    
[2026-02-02 16:19:28.435]  16:38:34	7.24	 082	 487	37.3	 35 	  7 	100%	 6.3	    	    	    	    	    	    	    	    	    	    
[2026-02-02 16:19:34.409]  16:38:40	7.24	 082	 488	37.3	 36 	  7 	100%	 6.3	    	    	    	    	    	    	    	    	    	    
[2026-02-02 16:19:40.398]  16:38:46	7.24	 082	 489	37.3	 35 	  7 	100%	 6.3	    	    	    	    	    	    	    	    	    	    
[2026-02-02 16:19:46.363]  16:38:52	7.24	 082	 489	37.3	 35 	  7 	100%	 6.3	    	    	    	    	    	    	    	    	    	    
[2026-02-02 16:19:52.339]  16:38:58	7.24	 082	 489	37.3	 35 	  7 	100%	 6.3	    	    	    	    	    	    	    	    	    	    
[2026-02-02 16:19:58.326]  16:39:04	7.24	 082	 489	37.3	 35 	  7 	100%	 6.2	    	    	    	    	    	    	    	    	    	    
[2026-02-02 16:20:04.307]  16:39:10	7.24	 082	 488	37.3	 35 	  7 	100%	 6.2	    	    	    	    	    	    	    	    	    	    
[2026-02-02 16:20:10.270]  16:39:16	7.23	 082	 488	37.3	 35 	  7 	100%	 6.3	    	    	    	    	    	    	    	    	    	    
[2026-02-02 16:20:16.245]  16:39:22	7.23	 082	 488	37.3	 35 	  7 	100%	 6.3	    	    	    	    	    	    	    	    	    	    
[2026-02-02 16:20:22.222]  16:39:28	7.23	 082	 488	37.3	 35 	  7 	100%	 6.3	    	    	    	    	    	    	    	    	    	    
[2026-02-02 16:20:28.201]  16:39:34	7.23	 082	 488	37.3	 35 	  7 	100%	 6.3	    	    	    	    	    	    	    	    	    	    
[2026-02-02 16:20:34.187]  16:39:40	7.23	 082	 488	37.3	 35 	  6 	100%	 6.3	    	    	    	    	    	    	    	    	    	    
[2026-02-02 16:20:40.151]  16:39:46	7.23	 081	 488	37.2	 35 	  6 	100%	 6.3	    	    	    	    	    	    	    	    	    	    
[2026-02-02 16:20:46.128]  16:39:52	7.23	 081	 488	37.2	 34 	  6 	100%	 6.3	    	    	    	    	    	    	    	    	    	    
[2026-02-02 16:20:52.104]  16:39:58	7.23	 080	 487	37.2	 34 	  6 	100%	 6.3	    	    	    	    	    	    	    	    	    	    
[2026-02-02 16:20:58.092]  16:40:04	7.23	 080	 487	37.2	 34 	  6 	100%	 6.3	    	    	    	    	    	    	    	    	    	    
[2026-02-02 16:21:04.057]  16:40:10	7.23	 080	 487	37.2	 34 	  6 	100%	 6.3	    	    	    	    	    	    	    	    	    	    
[2026-02-02 16:21:10.033]  16:40:16	7.23	 080	 487	37.2	 34 	  6 	100%	 6.3	    	    	    	    	    	    	    	    	    	    
[2026-02-02 16:21:16.024]  16:40:22	7.23	 080	 487	37.2	 34 	  6 	100%	 6.3	    	    	    	    	    	    	    	    	    	    
[2026-02-02 16:21:21.987]  16:40:28	7.23	 080	 487	37.2	 34 	  6 	100%	 6.3	    	    	    	    	    	    	    	    	    	    
[2026-02-02 16:21:27.966]  16:40:34	7.23	 079	 486	37.2	 34 	  6 	100%	 6.3	    	    	    	    	    	    	    	    	    	    
[2026-02-02 16:21:33.940]  16:40:40	7.23	 079	 486	37.2	 34 	  6 	100%	 6.4	    	    	    	    	    	    	    	    	    	    
[2026-02-02 16:21:39.916]  16:40:46	7.23	 079	 487	37.2	 34 	  6 	100%	 6.4	    	    	    	    	    	    	    	    	    	    
[2026-02-02 16:21:45.893]  16:40:52	7.23	 079	 486	37.2	 33 	  5 	100%	 6.4	    	    	    	    	    	    	    	    	    	    
[2026-02-02 16:21:51.870]  16:40:58	7.23	 078	 486	37.2	 33 	  5 	100%	 6.4	    	    	    	    	    	    	    	    	    	    
[2026-02-02 16:21:57.869]  16:41:04	7.23	 078	 486	37.2	 33 	  5 	100%	 6.4	    	    	    	    	    	    	    	    	    	    
[2026-02-02 16:22:03.824]  16:41:10	7.23	 078	 486	37.2	 33 	  5 	100%	 6.4	    	    	    	    	    	    	    	    	    	    
[2026-02-02 16:22:09.799]  16:41:16	7.23	 077	 485	37.2	 33 	  5 	100%	 6.4	    	    	    	    	    	    	    	    	    	    
[2026-02-02 16:22:15.814]  16:41:22	7.23	 077	 485	37.2	 33 	  5 	100%	 6.4	    	    	    	    	    	    	    	    	    	    
[2026-02-02 16:22:21.754]  16:41:28	7.23	 077	 485	37.2	 33 	  5 	100%	 6.4	    	    	    	    	    	    	    	    	    	    
[2026-02-02 16:22:27.731]  16:41:34	7.23	 077	 485	37.2	 33 	  5 	100%	 6.4	    	    	    	    	    	    	    	    	    	    
[2026-02-02 16:22:33.705]  16:41:39	7.23	 078	 486	37.2	 33 	  5 	100%	 6.4	    	    	    	    	    	    	    	    	    	    
[2026-02-02 16:22:39.681]  16:41:45	7.22	 080	 487	37.2	 33 	  5 	100%	 6.5	    	    	    	    	    	    	    	    	    	    
[2026-02-02 16:22:45.660]  16:41:51	7.22	 081	 485	37.2	 33 	  5 	100%	 6.5	    	    	    	    	    	    	    	    	    	    
[2026-02-02 16:22:51.635]  16:41:57	7.21	 083	 484	37.2	 33 	  5 	100%	 6.5	    	    	    	    	    	    	    	    	    	    
[2026-02-02 16:22:57.625]  16:42:03	7.20	 084	 483	37.2	 33 	  5 	100%	 6.5	    	    	    	    	    	    	    	    	    	    
[2026-02-02 16:23:03.622]  16:42:09	7.21	 084	 482	37.2	 33 	  5 	100%	 6.5	    	    	    	    	    	    	    	    	    	    
[2026-02-02 16:23:09.575]  16:42:15	7.21	 082	 483	37.3	 33 	  5 	100%	 6.5	    	    	    	    	    	    	    	    	    	    
[2026-02-02 16:23:15.541]  16:42:21	7.22	 080	 486	37.3	 33 	  5 	100%	 6.5	    	    	    	    	    	    	    	    	    	    
[2026-02-02 16:23:21.517]  16:42:27	7.22	 079	 488	37.3	 33 	  5 	100%	 6.5	    	    	    	    	    	    	    	    	    	    
[2026-02-02 16:23:27.499]  16:42:33	7.22	 078	 489	37.3	 33 	  5 	100%	 6.5	    	    	    	    	    	    	    	    	    	    
[2026-02-02 16:23:33.462]          	    	ARTERIAL 	 	  	    	    	    	    	    	    	    	  	    VENOUS
[2026-02-02 16:23:33.490]   Time   	 pH 	 CO2	  O2	TEMP	HCO3	 BE 	cSO2	 K+ 	 VO2	  Q 	 BSA	 pH 	 CO2	  O2	TEMP	 SO2	 HCT	 HGB
[2026-02-02 16:23:33.512] 
[2026-02-02 16:23:33.512]  16:42:39	7.23	 078	 492	37.3	 33 	  4 	100%	 6.5	    	    	    	    	    	    	    	    	    	    
[2026-02-02 16:23:39.447]  16:42:45	7.23	 077	 493	37.3	 32 	  4 	100%	 6.6	    	    	    	    	    	    	    	    	    	    
[2026-02-02 16:23:45.423]  16:42:51	7.23	 077	 494	37.3	 32 	  4 	100%	 6.6	    	    	    	    	    	    	    	    	    	    
[2026-02-02 16:23:51.400]  16:42:57	7.23	 077	 495	37.3	 32 	  4 	100%	 6.6	    	    	    	    	    	    	    	    	    	    
[2026-02-02 16:23:57.390]  16:43:03	7.23	 076	 495	37.3	 32 	  4 	100%	 6.6	    	    	    	    	    	    	    	    	    	    
[2026-02-02 16:24:03.354]  16:43:09	7.23	 076	 495	37.3	 32 	  4 	100%	 6.6	    	    	    	    	    	    	    	    	    	    
[2026-02-02 16:24:09.330]  16:43:15	7.23	 076	 495	37.3	 32 	  4 	100%	 6.6	    	    	    	    	    	    	    	    	    	    
[2026-02-02 16:24:15.306]  16:43:21	7.23	 076	 495	37.3	 32 	  4 	100%	 6.6	    	    	    	    	    	    	    	    	    	    
[2026-02-02 16:24:21.283]  16:43:27	7.23	 076	 496	37.3	 32 	  4 	100%	 6.6	    	    	    	    	    	    	    	    	    	    
[2026-02-02 16:24:27.265]  16:43:33	7.23	 075	 496	37.3	 32 	  4 	100%	 6.6	    	    	    	    	    	    	    	    	    	    
[2026-02-02 16:24:33.238]  16:43:39	7.23	 075	 496	37.3	 32 	  4 	100%	 6.6	    	    	    	    	    	    	    	    	    	    
[2026-02-02 16:24:39.212]  16:43:45	7.23	 075	 498	37.3	 32 	  4 	100%	 6.6	    	    	    	    	    	    	    	    	    	    
[2026-02-02 16:24:45.189]  16:43:51	7.24	 075	 499	37.3	 32 	  4 	100%	 6.6	    	    	    	    	    	    	    	    	    	    
[2026-02-02 16:24:51.169]  16:43:57	7.24	 075	 500	37.3	 32 	  4 	100%	 6.6	    	    	    	    	    	    	    	    	    	    
[2026-02-02 16:24:57.155]  16:44:03	7.24	 075	 502	37.3	 32 	  4 	100%	 6.7	    	    	    	    	    	    	    	    	    	    
[2026-02-02 16:25:03.122]  16:44:09	7.24	 074	 503	37.3	 32 	  4 	100%	 6.6	    	    	    	    	    	    	    	    	    	    
[2026-02-02 16:25:09.098]  16:44:15	7.24	 074	 504	37.3	 32 	  4 	100%	 6.6	    	    	    	    	    	    	    	    	    	    
[2026-02-02 16:25:15.075]  16:44:21	7.24	 074	 505	37.3	 32 	  4 	100%	 6.7	    	    	    	    	    	    	    	    	    	    
[2026-02-02 16:25:21.051]  16:44:27	7.24	 074	 505	37.3	 32 	  4 	100%	 6.7	    	    	    	    	    	    	    	    	    	    
[2026-02-02 16:25:27.032]  16:44:33	7.24	 074	 505	37.3	 32 	  4 	100%	 6.7	    	    	    	    	    	    	    	    	    	    
[2026-02-02 16:25:33.004]  16:44:38	7.24	 074	 505	37.3	 32 	  4 	100%	 6.7	    	    	    	    	    	    	    	    	    	    
[2026-02-02 16:25:38.981]  16:44:44	7.24	 074	 505	37.3	 32 	  4 	100%	 6.7	    	    	    	    	    	    	    	    	    	    
[2026-02-02 16:25:44.957]  16:44:50	7.23	 077	 505	37.3	 32 	  4 	100%	 6.7	    	    	    	    	    	    	    	    	    	    
[2026-02-02 16:25:50.935]  16:44:56	7.22	 078	 504	37.3	 32 	  4 	100%	 6.7	    	    	    	    	    	    	    	    	    	    
[2026-02-02 16:25:56.924]  16:45:02	7.22	 080	 502	37.3	 33 	  4 	100%	 6.7	    	    	    	    	    	    	    	    	    	    
[2026-02-02 16:26:02.888]  16:45:08	7.21	 081	 502	37.3	 33 	  4 	100%	 6.7	    	    	    	    	    	    	    	    	    	    
[2026-02-02 16:26:08.867]  16:45:14	7.21	 080	 502	37.3	 33 	  4 	100%	 6.7	    	    	    	    	    	    	    	    	    	    
[2026-02-02 16:26:14.842]  16:45:20	7.22	 079	 502	37.3	 33 	  4 	100%	 6.7	    	    	    	    	    	    	    	    	    	    
[2026-02-02 16:26:20.816]  16:45:26	7.22	 077	 503	37.3	 32 	  4 	100%	 6.7	    	    	    	    	    	    	    	    	    	    
[2026-02-02 16:26:26.799]  16:45:32	7.23	 076	 503	37.4	 32 	  4 	100%	 6.7	    	    	    	    	    	    	    	    	    	    
[2026-02-02 16:26:32.770]  16:45:38	7.23	 076	 504	37.4	 32 	  4 	100%	 6.7	    	    	    	    	    	    	    	    	    	    
[2026-02-02 16:26:38.746]  16:45:44	7.23	 075	 504	37.4	 32 	  4 	100%	 6.8	    	    	    	    	    	    	    	    	    	    
[2026-02-02 16:26:44.722]  16:45:50	7.23	 075	 506	37.3	 32 	  4 	100%	 6.8	    	    	    	    	    	    	    	    	    	    
[2026-02-02 16:26:50.701]  16:45:56	7.23	 074	 507	37.3	 32 	  4 	100%	 6.7	    	    	    	    	    	    	    	    	    	    
[2026-02-02 16:26:56.687]  16:46:02	7.23	 074	 507	37.4	 32 	  4 	100%	 6.7	    	    	    	    	    	    	    	    	    	    
[2026-02-02 16:27:02.653]  16:46:08	7.24	 074	 508	37.3	 32 	  4 	100%	 6.8	    	    	    	    	    	    	    	    	    	    
[2026-02-02 16:27:08.629]  16:46:14	7.24	 074	 508	37.3	 32 	  4 	100%	 6.8	    	    	    	    	    	    	    	    	    	    
[2026-02-02 16:27:14.607]  16:46:20	7.24	 074	 509	37.3	 32 	  4 	100%	 6.8	    	    	    	    	    	    	    	    	    	    
[2026-02-02 16:27:20.584]  16:46:26	7.24	 074	 509	37.3	 32 	  4 	100%	 6.8	    	    	    	    	    	    	    	    	    	    
[2026-02-02 16:27:26.563]  16:46:32	7.24	 073	 509	37.3	 32 	  4 	100%	 6.7	    	    	    	    	    	    	    	    	    	    
[2026-02-02 16:27:32.535]  16:46:38	7.24	 073	 509	37.4	 32 	  4 	100%	 6.7	    	    	    	    	    	    	    	    	    	    
[2026-02-02 16:27:38.512]  16:46:44	7.24	 073	 509	37.3	 31 	  4 	100%	 6.7	    	    	    	    	    	    	    	    	    	    
[2026-02-02 16:27:44.492]  16:46:50	7.24	 073	 509	37.4	 31 	  4 	100%	 6.8	    	    	    	    	    	    	    	    	    	    
[2026-02-02 16:27:50.476]  16:46:56	7.24	 073	 509	37.4	 31 	  4 	100%	 6.8	    	    	    	    	    	    	    	    	    	    
[2026-02-02 16:27:56.451]  16:47:02	7.24	 073	 509	37.4	 31 	  4 	100%	 6.8	    	    	    	    	    	    	    	    	    	    
[2026-02-02 16:28:02.418]  16:47:08	7.24	 073	 509	37.3	 31 	  4 	100%	 6.8	    	    	    	    	    	    	    	    	    	    
[2026-02-02 16:28:08.396]  16:47:13	7.24	 072	 510	37.3	 31 	  4 	100%	 6.8	    	    	    	    	    	    	    	    	    	    
[2026-02-02 16:28:14.370]  16:47:19	7.24	 072	 510	37.3	 31 	  4 	100%	 6.8	    	    	    	    	    	    	    	    	    	    
[2026-02-02 16:28:20.358]  16:47:25	7.24	 072	 511	37.3	 31 	  4 	100%	 6.8	    	    	    	    	    	    	    	    	    	    
[2026-02-02 16:28:26.326]  16:47:31	7.24	 072	 511	37.3	 31 	  4 	100%	 6.8	    	    	    	    	    	    	    	    	    	    
[2026-02-02 16:28:32.292]          	    	ARTERIAL 	 	  	    	    	    	    	    	    	    	  	    VENOUS
[2026-02-02 16:28:32.318]   Time   	 pH 	 CO2	  O2	TEMP	HCO3	 BE 	cSO2	 K+ 	 VO2	  Q 	 BSA	 pH 	 CO2	  O2	TEMP	 SO2	 HCT	 HGB
[2026-02-02 16:28:32.343] 
[2026-02-02 16:28:32.343]  16:47:37	7.24	 072	 511	37.3	 31 	  4 	100%	 6.8	    	    	    	    	    	    	    	    	    	    
[2026-02-02 16:28:38.279]  16:47:43	7.24	 072	 511	37.4	 31 	  4 	100%	 6.8	    	    	    	    	    	    	    	    	    	    
[2026-02-02 16:28:44.254]  16:47:49	7.24	 072	 512	37.4	 31 	  4 	100%	 6.8	    	    	    	    	    	    	    	    	    	    
[2026-02-02 16:28:50.232]  16:47:55	7.24	 072	 512	37.4	 31 	  4 	100%	 6.8	    	    	    	    	    	    	    	    	    	    
[2026-02-02 16:28:56.217]  16:48:01	7.24	 072	 512	37.3	 31 	  4 	100%	 6.8	    	    	    	    	    	    	    	    	    	    
[2026-02-02 16:29:02.182]  16:48:07	7.24	 072	 513	37.3	 31 	  4 	100%	 6.8	    	    	    	    	    	    	    	    	    	    
[2026-02-02 16:29:08.159]  16:48:13	7.24	 072	 513	37.3	 31 	  4 	100%	 6.9	    	    	    	    	    	    	    	    	    	    
[2026-02-02 16:29:14.135]  16:48:19	7.24	 071	 514	37.3	 31 	  4 	100%	 6.9	    	    	    	    	    	    	    	    	    	    
[2026-02-02 16:29:20.113]  16:48:25	7.24	 071	 514	37.3	 31 	  4 	100%	 6.8	    	    	    	    	    	    	    	    	    	    
[2026-02-02 16:29:26.104]  16:48:31	7.24	 071	 514	37.3	 31 	  4 	100%	 6.8	    	    	    	    	    	    	    	    	    	    
[2026-02-02 16:29:32.065]  16:48:37	7.24	 071	 513	37.3	 31 	  4 	100%	 6.8	    	    	    	    	    	    	    	    	    	    
[2026-02-02 16:29:38.041]  16:48:43	7.24	 071	 514	37.4	 31 	  4 	100%	 6.9	    	    	    	    	    	    	    	    	    	    
[2026-02-02 16:29:44.017]  16:48:49	7.24	 071	 514	37.4	 31 	  4 	100%	 6.9	    	    	    	    	    	    	    	    	    	    
[2026-02-02 16:29:49.996]  16:48:55	7.24	 071	 513	37.4	 31 	  4 	100%	 6.9	    	    	    	    	    	    	    	    	    	    
[2026-02-02 16:29:55.981]  16:49:01	7.24	 073	 512	37.4	 31 	  4 	100%	 6.9	    	    	    	    	    	    	    	    	    	    
[2026-02-02 16:30:01.950]  16:49:07	7.23	 075	 511	37.3	 32 	  4 	100%	 6.8	    	    	    	    	    	    	    	    	    	    
[2026-02-02 16:30:07.924]  16:49:13	7.22	 077	 509	37.4	 32 	  4 	100%	 6.8	    	    	    	    	    	    	    	    	    	    
[2026-02-02 16:30:13.900]  16:49:19	7.21	 079	 507	37.4	 32 	  4 	100%	 6.9	    	    	    	    	    	    	    	    	    	    
[2026-02-02 16:30:19.916]  16:49:25	7.22	 078	 503	37.4	 32 	  4 	100%	 6.9	    	    	    	    	    	    	    	    	    	    
[2026-02-02 16:30:25.854]  16:49:31	7.22	 077	 499	37.4	 32 	  4 	100%	 6.9	    	    	    	    	    	    	    	    	    	    
[2026-02-02 16:30:31.827]  16:49:37	7.23	 075	 496	37.4	 32 	  4 	100%	 6.9	    	    	    	    	    	    	    	    	    	    
[2026-02-02 16:30:37.802]  16:49:43	7.23	 074	 493	37.4	 32 	  4 	100%	 6.9	    	    	    	    	    	    	    	    	    	    
[2026-02-02 16:30:43.779]  16:49:49	7.23	 074	 491	37.4	 31 	  4 	100%	 6.9	    	    	    	    	    	    	    	    	    	    
[2026-02-02 16:30:49.755]  16:49:55	7.23	 073	 488	37.4	 31 	  4 	100%	 6.9	    	    	    	    	    	    	    	    	    	    
[2026-02-02 16:30:55.744]  16:50:01	7.23	 073	 486	37.4	 31 	  4 	100%	 6.9	    	    	    	    	    	    	    	    	    	    
[2026-02-02 16:31:01.709]  16:50:07	7.24	 073	 483	37.4	 31 	  3 	100%	 6.9	    	    	    	    	    	    	    	    	    	    
[2026-02-02 16:31:07.687]  16:50:13	7.24	 073	 481	37.4	 31 	  3 	100%	 6.9	    	    	    	    	    	    	    	    	    	    
[2026-02-02 16:31:13.661]  16:50:19	7.24	 073	 479	37.4	 31 	  3 	100%	 7.0	    	    	    	    	    	    	    	    	    	    
[2026-02-02 16:31:19.637]  16:50:25	7.24	 073	 477	37.4	 31 	  3 	100%	 7.0	    	    	    	    	    	    	    	    	    	    
[2026-02-02 16:31:25.619]  16:50:31	7.24	 072	 476	37.4	 31 	  3 	100%	 6.9	    	    	    	    	    	    	    	    	    	    
[2026-02-02 16:31:31.592]  16:50:37	7.24	 072	 476	37.4	 31 	  3 	100%	 6.9	    	    	    	    	    	    	    	    	    	    
[2026-02-02 16:31:37.570]  16:50:43	7.24	 072	 475	37.4	 31 	  3 	100%	 6.9	    	    	    	    	    	    	    	    	    	    
[2026-02-02 16:31:43.555]  16:50:49	7.24	 072	 475	37.4	 31 	  3 	100%	 6.9	    	    	    	    	    	    	    	    	    	    
[2026-02-02 16:31:49.523]  16:50:55	7.24	 072	 475	37.4	 31 	  3 	100%	 6.9	    	    	    	    	    	    	    	    	    	    
[2026-02-02 16:31:55.508]  16:51:01	7.24	 072	 475	37.4	 31 	  3 	100%	 6.9	    	    	    	    	    	    	    	    	    	    
[2026-02-02 16:32:01.475]  16:51:07	7.24	 072	 475	37.4	 31 	  3 	100%	 7.0	    	    	    	    	    	    	    	    	    	    
[2026-02-02 16:32:07.449]  16:51:13	7.24	 072	 475	37.4	 31 	  3 	100%	 7.0	    	    	    	    	    	    	    	    	    	    
[2026-02-02 16:32:13.428]  16:51:19	7.24	 072	 475	37.4	 31 	  3 	100%	 7.0	    	    	    	    	    	    	    	    	    	    
[2026-02-02 16:32:19.404]  16:51:25	7.24	 072	 475	37.4	 31 	  3 	100%	 7.0	    	    	    	    	    	    	    	    	    	    
[2026-02-02 16:32:25.383]  16:51:31	7.24	 072	 476	37.4	 31 	  3 	100%	 6.9	    	    	    	    	    	    	    	    	    	    
[2026-02-02 16:32:31.358]  16:51:36	7.24	 072	 476	37.4	 31 	  3 	100%	 6.9	    	    	    	    	    	    	    	    	    	    
[2026-02-02 16:32:37.332]  16:51:42	7.24	 071	 476	37.4	 31 	  3 	100%	 6.9	    	    	    	    	    	    	    	    	    	    
[2026-02-02 16:32:43.309]  16:51:48	7.24	 071	 476	37.4	 31 	  3 	100%	 6.9	    	    	    	    	    	    	    	    	    	    
[2026-02-02 16:32:49.286]  16:51:54	7.24	 071	 476	37.4	 31 	  3 	100%	 6.9	    	    	    	    	    	    	    	    	    	    
[2026-02-02 16:32:55.273]  16:52:00	7.24	 072	 475	37.4	 31 	  3 	100%	 7.0	    	    	    	    	    	    	    	    	    	    
[2026-02-02 16:33:01.238]  16:52:06	7.23	 074	 473	37.4	 31 	  3 	100%	 7.0	    	    	    	    	    	    	    	    	    	    
[2026-02-02 16:33:07.215]  16:52:12	7.22	 076	 471	37.4	 31 	  4 	100%	 6.9	    	    	    	    	    	    	    	    	    	    
[2026-02-02 16:33:13.191]  16:52:18	7.22	 078	 468	37.4	 32 	  4 	100%	 6.9	    	    	    	    	    	    	    	    	    	    
[2026-02-02 16:33:19.168]  16:52:24	7.21	 079	 461	37.4	 32 	  4 	100%	 6.9	    	    	    	    	    	    	    	    	    	    
[2026-02-02 16:33:25.150]  16:52:30	7.22	 078	 448	37.4	 32 	  4 	100%	 6.9	    	    	    	    	    	    	    	    	    	    
[2026-02-02 16:33:31.131]          	    	ARTERIAL 	 	  	    	    	    	    	    	    	    	  	    VENOUS
[2026-02-02 16:33:31.151]   Time   	 pH 	 CO2	  O2	TEMP	HCO3	 BE 	cSO2	 K+ 	 VO2	  Q 	 BSA	 pH 	 CO2	  O2	TEMP	 SO2	 HCT	 HGB
[2026-02-02 16:33:31.174] 
[2026-02-02 16:33:31.174]  16:52:36	7.22	 076	 433	37.4	 32 	  4 	100%	 6.9	    	    	    	    	    	    	    	    	    	    
[2026-02-02 16:33:37.098]  16:52:42	7.22	 075	 419	37.4	 31 	  4 	100%	 6.9	    	    	    	    	    	    	    	    	    	    
[2026-02-02 16:33:43.074]  16:52:48	7.23	 075	 406	37.4	 31 	  3 	100%	 6.9	    	    	    	    	    	    	    	    	    	    
[2026-02-02 16:33:49.051]  16:52:54	7.23	 074	 394	37.4	 31 	  3 	100%	 7.0	    	    	    	    	    	    	    	    	    	    
[2026-02-02 16:33:55.037]  16:53:00	7.23	 074	 384	37.4	 31 	  3 	100%	 6.9	    	    	    	    	    	    	    	    	    	    
[2026-02-02 16:34:01.003]  16:53:06	7.23	 074	 375	37.4	 31 	  3 	100%	 6.9	    	    	    	    	    	    	    	    	    	    
[2026-02-02 16:34:06.979]  16:53:12	7.23	 073	 368	37.4	 31 	  3 	100%	 7.0	    	    	    	    	    	    	    	    	    	    
[2026-02-02 16:34:12.967]  16:53:18	7.23	 073	 362	37.4	 31 	  3 	100%	 7.0	    	    	    	    	    	    	    	    	    	    
[2026-02-02 16:34:18.932]  16:53:24	7.23	 073	 357	37.4	 31 	  3 	100%	 7.0	    	    	    	    	    	    	    	    	    	    
[2026-02-02 16:34:24.913]  16:53:30	7.23	 073	 353	37.4	 31 	  3 	100%	 6.9	    	    	    	    	    	    	    	    	    	    
[2026-02-02 16:34:30.926]  16:53:36	7.23	 073	 351	37.4	 31 	  3 	100%	 7.0	    	    	    	    	    	    	    	    	    	    
[2026-02-02 16:34:36.863]  16:53:42	7.23	 073	 349	37.4	 31 	  3 	100%	 7.0	    	    	    	    	    	    	    	    	    	    
[2026-02-02 16:34:42.838]  16:53:48	7.23	 072	 347	37.4	 31 	  3 	100%	 7.0	    	    	    	    	    	    	    	    	    	    
[2026-02-02 16:34:48.815]  16:53:54	7.23	 072	 345	37.4	 31 	  3 	100%	 7.0	    	    	    	    	    	    	    	    	    	    
[2026-02-02 16:34:54.813]  16:54:00	7.23	 072	 344	37.4	 31 	  3 	100%	 7.0	    	    	    	    	    	    	    	    	    	    
[2026-02-02 16:35:00.768]  16:54:06	7.23	 072	 343	37.4	 31 	  3 	100%	 7.0	    	    	    	    	    	    	    	    	    	    
[2026-02-02 16:35:06.743]  16:54:12	7.23	 072	 342	37.4	 31 	  3 	100%	 7.0	    	    	    	    	    	    	    	    	    	    
[2026-02-02 16:35:12.721]  16:54:18	7.23	 072	 342	37.4	 31 	  3 	100%	 7.0	    	    	    	    	    	    	    	    	    	    
[2026-02-02 16:35:18.697]  16:54:24	7.23	 072	 342	37.4	 31 	  3 	100%	 7.0	    	    	    	    	    	    	    	    	    	    
[2026-02-02 16:35:24.676]  16:54:30	7.23	 072	 343	37.4	 31 	  3 	100%	 7.0	    	    	    	    	    	    	    	    	    	    
[2026-02-02 16:35:30.650]  16:54:36	7.23	 072	 343	37.4	 31 	  3 	100%	 7.0	    	    	    	    	    	    	    	    	    	    
[2026-02-02 16:35:36.626]  16:54:42	7.23	 072	 343	37.4	 31 	  3 	100%	 7.0	    	    	    	    	    	    	    	    	    	    
[2026-02-02 16:35:42.604]  16:54:48	7.23	 072	 342	37.4	 31 	  3 	100%	 7.0	    	    	    	    	    	    	    	    	    	    
[2026-02-02 16:35:48.579]  16:54:54	7.24	 072	 342	37.4	 31 	  3 	100%	 7.0	    	    	    	    	    	    	    	    	    	    
[2026-02-02 16:35:54.566]  16:55:00	7.23	 072	 340	37.4	 31 	  3 	100%	 7.0	    	    	    	    	    	    	    	    	    	    
[2026-02-02 16:36:00.533]  16:55:06	7.22	 075	 336	37.4	 31 	  3 	100%	 7.0	    	    	    	    	    	    	    	    	    	    
[2026-02-02 16:36:06.510]  16:55:12	7.22	 076	 333	37.4	 31 	  3 	100%	 7.0	    	    	    	    	    	    	    	    	    	    
[2026-02-02 16:36:12.485]  16:55:18	7.21	 078	 327	37.4	 32 	  3 	100%	 7.0	    	    	    	    	    	    	    	    	    	    
[2026-02-02 16:36:18.461]  16:55:24	7.21	 079	 314	37.5	 32 	  3 	100%	 7.1	    	    	    	    	    	    	    	    	    	    
[2026-02-02 16:36:24.442]  16:55:30	7.21	 078	 290	37.5	 32 	  3 	100%	 7.1	    	    	    	    	    	    	    	    	    	    
[2026-02-02 16:36:30.415]  16:55:36	7.22	 077	 262	37.5	 31 	  3 	100%	 7.1	    	    	    	    	    	    	    	    	    	    
[2026-02-02 16:36:36.386]  16:55:42	7.22	 076	 236	37.5	 31 	  3 	 99%	 7.0	    	    	    	    	    	    	    	    	    	    
[2026-02-02 16:36:42.364]  16:55:48	7.22	 075	 213	37.5	 31 	  3 	 99%	 7.0	    	    	    	    	    	    	    	    	    	    
[2026-02-02 16:36:48.340]  16:55:54	7.22	 075	 197	37.5	 31 	  3 	 99%	 7.0	    	    	    	    	    	    	    	    	    	    
[2026-02-02 16:36:54.326]  16:55:59	7.22	 074	 185	37.5	 31 	  3 	 99%	 7.0	    	    	    	    	    	    	    	    	    	    
[2026-02-02 16:37:00.292]  16:56:05	7.22	 074	 176	37.5	 31 	  3 	 99%	 7.0	    	    	    	    	    	    	    	    	    	    
[2026-02-02 16:37:06.269]  16:56:11	7.23	 074	 170	37.5	 31 	  3 	 99%	 7.1	    	    	    	    	    	    	    	    	    	    
[2026-02-02 16:37:12.247]  16:56:17	7.23	 073	 165	37.5	 31 	  3 	 99%	 7.1	    	    	    	    	    	    	    	    	    	    
[2026-02-02 16:37:18.234]  16:56:23	7.23	 073	 162	37.5	 31 	  3 	 99%	 7.1	    	    	    	    	    	    	    	    	    	    
[2026-02-02 16:37:24.201]  16:56:29	7.23	 073	 159	37.5	 31 	  3 	 99%	 7.0	    	    	    	    	    	    	    	    	    	    
[2026-02-02 16:37:30.186]  16:56:35	7.23	 073	 157	37.5	 31 	  3 	 99%	 7.0	    	    	    	    	    	    	    	    	    	    
[2026-02-02 16:37:36.150]  16:56:41	7.23	 073	 157	37.5	 31 	  3 	 99%	 7.0	    	    	    	    	    	    	    	    	    	    
[2026-02-02 16:37:42.127]  16:56:47	7.23	 073	 156	37.5	 31 	  3 	 99%	 7.1	    	    	    	    	    	    	    	    	    	    
[2026-02-02 16:37:48.106]  16:56:53	7.23	 073	 154	37.5	 31 	  3 	 99%	 7.1	    	    	    	    	    	    	    	    	    	    
[2026-02-02 16:37:54.091]  16:56:59	7.23	 073	 153	37.5	 31 	  3 	 99%	 7.0	    	    	    	    	    	    	    	    	    	    
[2026-02-02 16:38:00.057]  16:57:05	7.23	 073	 152	37.5	 31 	  3 	 99%	 7.0	    	    	    	    	    	    	    	    	    	    
[2026-02-02 16:38:06.035]  16:57:11	7.23	 073	 151	37.5	 31 	  3 	 99%	 7.0	    	    	    	    	    	    	    	    	    	    
[2026-02-02 16:38:12.011]  16:57:17	7.23	 073	 150	37.5	 31 	  3 	 99%	 7.1	    	    	    	    	    	    	    	    	    	    
[2026-02-02 16:38:17.986]  16:57:23	7.23	 073	 149	37.5	 31 	  3 	 99%	 7.1	    	    	    	    	    	    	    	    	    	    
[2026-02-02 16:38:23.966]  16:57:29	7.23	 073	 148	37.5	 31 	  3 	 99%	 7.1	    	    	    	    	    	    	    	    	    	    
[2026-02-02 16:38:29.931]          	    	ARTERIAL 	 	  	    	    	    	    	    	    	    	  	    VENOUS
[2026-02-02 16:38:29.953]   Time   	 pH 	 CO2	  O2	TEMP	HCO3	 BE 	cSO2	 K+ 	 VO2	  Q 	 BSA	 pH 	 CO2	  O2	TEMP	 SO2	 HCT	 HGB
[2026-02-02 16:38:29.983] 
[2026-02-02 16:38:29.983]  16:57:35	7.23	 073	 146	37.5	 31 	  3 	 98%	 7.0	    	    	    	    	    	    	    	    	    	    
[2026-02-02 16:38:35.916]  16:57:41	7.23	 073	 145	37.4	 30 	  3 	 98%	 7.0	    	    	    	    	    	    	    	    	    	    
[2026-02-02 16:38:41.893]  16:57:47	7.23	 073	 145	37.4	 30 	  3 	 98%	 7.0	    	    	    	    	    	    	    	    	    	    
[2026-02-02 16:38:47.872]  16:57:53	7.23	 073	 144	37.4	 30 	  3 	 98%	 7.1	    	    	    	    	    	    	    	    	    	    
[2026-02-02 16:38:53.856]  16:57:59	7.23	 073	 142	37.4	 30 	  3 	 98%	 7.1	    	    	    	    	    	    	    	    	    	    
[2026-02-02 16:38:59.861]  16:58:05	7.22	 074	 140	37.5	 31 	  3 	 98%	 7.0	    	    	    	    	    	    	    	    	    	    
[2026-02-02 16:39:05.798]  16:58:11	7.21	 076	 134	37.5	 31 	  3 	 98%	 7.0	    	    	    	    	    	    	    	    	    	    
[2026-02-02 16:39:11.778]  16:58:17	7.21	 077	 128	37.5	 31 	  3 	 98%	 7.0	    	    	    	    	    	    	    	    	    	    
[2026-02-02 16:39:17.754]  16:58:23	7.20	 079	 122	37.5	 31 	  3 	 97%	 7.1	    	    	    	    	    	    	    	    	    	    
[2026-02-02 16:39:23.733]  16:58:29	7.20	 080	 116	37.5	 31 	  3 	 97%	 7.1	    	    	    	    	    	    	    	    	    	    
[2026-02-02 16:39:29.705]  16:58:35	7.20	 079	 114	37.5	 31 	  3 	 97%	 7.1	    	    	    	    	    	    	    	    	    	    
[2026-02-02 16:39:35.692]  16:58:41	7.21	 077	 113	37.5	 31 	  3 	 97%	 7.1	    	    	    	    	    	    	    	    	    	    
[2026-02-02 16:39:41.658]  16:58:47	7.21	 076	 112	37.5	 31 	  3 	 97%	 7.0	    	    	    	    	    	    	    	    	    	    
[2026-02-02 16:39:47.633]  16:58:53	7.22	 076	 111	37.5	 31 	  3 	 97%	 7.0	    	    	    	    	    	    	    	    	    	    
[2026-02-02 16:39:53.621]  16:58:59	7.22	 075	 110	37.5	 31 	  3 	 97%	 7.0	    	    	    	    	    	    	    	    	    	    
[2026-02-02 16:39:59.590]  16:59:05	7.22	 075	 106	37.5	 31 	  3 	 96%	 7.1	    	    	    	    	    	    	    	    	    	    
[2026-02-02 16:40:05.566]  16:59:11	7.22	 075	 101	37.5	 31 	  3 	 96%	 7.1	    	    	    	    	    	    	    	    	    	    
[2026-02-02 16:40:11.542]  16:59:17	7.22	 075	 096	37.5	 31 	  3 	 95%	 7.1	    	    	    	    	    	    	    	    	    	    
[2026-02-02 16:40:17.521]  16:59:23	7.22	 075	 093	37.5	 31 	  3 	 95%	 7.1	    	    	    	    	    	    	    	    	    	    
[2026-02-02 16:40:23.498]  16:59:29	7.22	 075	 091	37.5	 31 	  3 	 94%	 7.1	    	    	    	    	    	    	    	    	    	    
[2026-02-02 16:40:29.468]  16:59:35	7.22	 074	 089	37.5	 31 	  3 	 94%	 7.1	    	    	    	    	    	    	    	    	    	    
[2026-02-02 16:40:35.446]  16:59:41	7.22	 074	 087	37.5	 31 	  3 	 94%	 7.1	    	    	    	    	    	    	    	    	    	    
[2026-02-02 16:40:41.422]  16:59:47	7.22	 074	 085	37.5	 31 	  3 	 94%	 7.1	    	    	    	    	    	    	    	    	    	    
[2026-02-02 16:40:47.399]  16:59:53	7.22	 074	 084	37.5	 31 	  3 	 93%	 7.1	    	    	    	    	    	    	    	    	    	    
[2026-02-02 16:40:53.386]  16:59:59	7.22	 074	 083	37.5	 31 	  3 	 93%	 7.1	    	    	    	    	    	    	    	    	    	    
[2026-02-02 16:40:59.351]  17:00:05	7.22	 074	 083	37.5	 31 	  3 	 93%	 7.1	    	    	    	    	    	    	    	    	    	    
[2026-02-02 16:41:05.327]  17:00:10	7.22	 074	 082	37.5	 31 	  3 	 93%	 7.1	    	    	    	    	    	    	    	    	    	    
[2026-02-02 16:41:11.304]  17:00:16	7.22	 074	 081	37.5	 31 	  3 	 93%	 7.1	    	    	    	    	    	    	    	    	    	    
[2026-02-02 16:41:17.281]  17:00:22	7.22	 074	 080	37.5	 31 	  3 	 93%	 7.1	    	    	    	    	    	    	    	    	    	    
[2026-02-02 16:41:23.260]  17:00:28	7.22	 074	 080	37.5	 31 	  3 	 92%	 7.1	    	    	    	    	    	    	    	    	    	    
[2026-02-02 16:41:29.235]  17:00:34	7.22	 074	 079	37.5	 31 	  3 	 92%	 7.1	    	    	    	    	    	    	    	    	    	    
[2026-02-02 16:41:35.211]  17:00:40	7.22	 074	 079	37.5	 31 	  3 	 92%	 7.1	    	    	    	    	    	    	    	    	    	    
[2026-02-02 16:41:41.186]  17:00:47	7.22	 074	 078	37.5	 31 	  3 	 92%	 7.1	    	    	    	    	    	    	    	    	    	    
[2026-02-02 16:41:47.163]  17:00:53	7.22	 074	 078	37.5	 31 	  3 	 92%	 7.1	    	    	    	    	    	    	    	    	    	    
[2026-02-02 16:41:53.150]  17:00:59	7.22	 074	 077	37.5	 31 	  3 	 92%	 7.1	    	    	    	    	    	    	    	    	    	    
[2026-02-02 16:41:59.115]  17:01:05	7.22	 074	 077	37.5	 31 	  3 	 92%	 7.1	    	    	    	    	    	    	    	    	    	    
[2026-02-02 16:42:05.092]  17:01:11	7.22	 074	 077	37.5	 31 	  3 	 92%	 7.1	    	    	    	    	    	    	    	    	    	    
[2026-02-02 16:42:11.080]  17:01:17	7.22	 074	 077	37.5	 31 	  3 	 92%	 7.1	    	    	    	    	    	    	    	    	    	    
[2026-02-02 16:42:17.046]  17:01:23	7.22	 074	 076	37.5	 31 	  3 	 91%	 7.1	    	    	    	    	    	    	    	    	    	    
[2026-02-02 16:42:23.025]  17:01:29	7.22	 074	 076	37.5	 31 	  3 	 91%	 7.1	    	    	    	    	    	    	    	    	    	    
[2026-02-02 16:42:28.998]  17:01:35	7.22	 074	 075	37.5	 31 	  3 	 91%	 7.1	    	    	    	    	    	    	    	    	    	    
[2026-02-02 16:42:34.975]  17:01:41	7.22	 075	 075	37.5	 31 	  3 	 91%	 7.1	    	    	    	    	    	    	    	    	    	    
[2026-02-02 16:42:40.988]  17:01:47	7.21	 077	 073	37.5	 31 	  3 	 90%	 7.1	    	    	    	    	    	    	    	    	    	    
[2026-02-02 16:42:46.929]  17:01:53	7.20	 078	 071	37.5	 31 	  3 	 89%	 7.1	    	    	    	    	    	    	    	    	    	    
[2026-02-02 16:42:52.918]  17:01:59	7.20	 080	 070	37.5	 31 	  3 	 89%	 7.1	    	    	    	    	    	    	    	    	    	    
[2026-02-02 16:42:58.885]  17:02:05	7.19	 081	 069	37.5	 32 	  3 	 88%	 7.1	    	    	    	    	    	    	    	    	    	    
[2026-02-02 16:43:04.875]  17:02:11	7.20	 080	 068	37.5	 32 	  3 	 88%	 7.1	    	    	    	    	    	    	    	    	    	    
[2026-02-02 16:43:10.839]  17:02:16	7.20	 079	 066	37.5	 31 	  3 	 87%	 7.1	    	    	    	    	    	    	    	    	    	    
[2026-02-02 16:43:16.814]  17:02:22	7.20	 079	 064	37.5	 31 	  3 	 86%	 7.1	    	    	    	    	    	    	    	    	    	    
[2026-02-02 16:43:22.795]  17:02:28	7.21	 078	 062	37.5	 31 	  3 	 85%	 7.1	    	    	    	    	    	    	    	    	    	    
[2026-02-02 16:43:28.757]          	    	ARTERIAL 	 	  	    	    	    	    	    	    	    	  	    VENOUS
[2026-02-02 16:43:28.784]   Time   	 pH 	 CO2	  O2	TEMP	HCO3	 BE 	cSO2	 K+ 	 VO2	  Q 	 BSA	 pH 	 CO2	  O2	TEMP	 SO2	 HCT	 HGB
[2026-02-02 16:43:28.808] 
[2026-02-02 16:43:28.808]  17:02:34	7.21	 078	 061	37.5	 31 	  3 	 84%	 7.1	    	    	    	    	    	    	    	    	    	    
[2026-02-02 16:43:34.742]  17:02:40	7.21	 077	 060	37.5	 31 	  3 	 84%	 7.1	    	    	    	    	    	    	    	    	    	    
[2026-02-02 16:43:40.718]  17:02:46	7.21	 077	 059	37.5	 31 	  3 	 83%	 7.1	    	    	    	    	    	    	    	    	    	    
[2026-02-02 16:43:46.695]  17:02:52	7.21	 077	 059	37.5	 31 	  3 	 83%	 7.1	    	    	    	    	    	    	    	    	    	    
[2026-02-02 16:43:52.683]  17:02:58	7.21	 077	 059	37.5	 31 	  3 	 83%	 7.1	    	    	    	    	    	    	    	    	    	    
[2026-02-02 16:43:58.660]  17:03:04	7.21	 076	 058	37.5	 31 	  3 	 83%	 7.1	    	    	    	    	    	    	    	    	    	    
[2026-02-02 16:44:04.627]  17:03:10	7.21	 076	 058	37.5	 31 	  3 	 82%	 7.1	    	    	    	    	    	    	    	    	    	    
[2026-02-02 16:44:10.606]  17:03:16	7.21	 076	 057	37.5	 31 	  3 	 82%	 7.1	    	    	    	    	    	    	    	    	    	    
[2026-02-02 16:44:16.578]  17:03:22	7.21	 076	 057	37.5	 31 	  3 	 82%	 7.1	    	    	    	    	    	    	    	    	    	    
[2026-02-02 16:44:22.559]  17:03:28	7.21	 076	 057	37.5	 31 	  3 	 82%	 7.1	    	    	    	    	    	    	    	    	    	    
[2026-02-02 16:44:28.533]  17:03:34	7.21	 076	 057	37.5	 31 	  3 	 82%	 7.1	    	    	    	    	    	    	    	    	    	    
[2026-02-02 16:44:34.507]  17:03:40	7.21	 076	 057	37.5	 31 	  3 	 82%	 7.1	    	    	    	    	    	    	    	    	    	    
[2026-02-02 16:44:40.495]  17:03:46	7.21	 076	 057	37.5	 31 	  3 	 82%	 7.1	    	    	    	    	    	    	    	    	    	    
[2026-02-02 16:44:46.460]  17:03:52	7.21	 076	 056	37.5	 31 	  3 	 81%	 7.1	    	    	    	    	    	    	    	    	    	    
[2026-02-02 16:44:52.447]  17:03:58	7.21	 076	 056	37.5	 31 	  3 	 81%	 7.1	    	    	    	    	    	    	    	    	    	    
[2026-02-02 16:44:58.413]  17:04:04	7.21	 076	 056	37.5	 31 	  3 	 81%	 7.1	    	    	    	    	    	    	    	    	    	    
[2026-02-02 16:45:04.391]  17:04:10	7.21	 076	 056	37.5	 31 	  3 	 81%	 7.1	    	    	    	    	    	    	    	    	    	    
[2026-02-02 16:45:10.366]  17:04:16	7.21	 076	 056	37.5	 31 	  3 	 81%	 7.1	    	    	    	    	    	    	    	    	    	    
[2026-02-02 16:45:16.343]  17:04:22	7.21	 076	 056	37.5	 31 	  3 	 81%	 7.1	    	    	    	    	    	    	    	    	    	    
[2026-02-02 16:45:22.334]  17:04:28	7.21	 076	 056	37.5	 31 	  3 	 81%	 7.2	    	    	    	    	    	    	    	    	    	    
[2026-02-02 16:45:28.297]  17:04:34	7.21	 076	 056	37.5	 31 	  3 	 81%	 7.1	    	    	    	    	    	    	    	    	    	    
[2026-02-02 16:45:34.273]  17:04:40	7.21	 076	 056	37.5	 31 	  3 	 81%	 7.1	    	    	    	    	    	    	    	    	    	    
[2026-02-02 16:45:40.248]  17:04:46	7.21	 076	 056	37.5	 31 	  3 	 81%	 7.1	    	    	    	    	    	    	    	    	    	    
[2026-02-02 16:45:46.225]  17:04:52	7.21	 077	 056	37.5	 31 	  3 	 81%	 7.1	    	    	    	    	    	    	    	    	    	    
[2026-02-02 16:45:52.212]  17:04:58	7.20	 079	 055	37.5	 31 	  3 	 80%	 7.2	    	    	    	    	    	    	    	    	    	    
[2026-02-02 16:45:58.177]  17:05:04	7.20	 080	 054	37.5	 32 	  3 	 78%	 7.1	    	    	    	    	    	    	    	    	    	    
[2026-02-02 16:46:04.157]  17:05:10	7.19	 082	 054	37.5	 32 	  3 	 78%	 7.1	    	    	    	    	    	    	    	    	    	    
[2026-02-02 16:46:10.131]  17:05:16	7.19	 083	 053	37.5	 32 	  3 	 77%	 7.1	    	    	    	    	    	    	    	    	    	    
[2026-02-02 16:46:16.121]  17:05:22	7.19	 083	 052	37.6	 32 	  3 	 77%	 7.1	    	    	    	    	    	    	    	    	    	    
[2026-02-02 16:46:22.090]  17:05:28	7.20	 082	 051	37.6	 32 	  3 	 76%	 7.1	    	    	    	    	    	    	    	    	    	    
[2026-02-02 16:46:28.060]  17:05:34	7.20	 081	 050	37.6	 32 	  3 	 75%	 7.1	    	    	    	    	    	    	    	    	    	    
[2026-02-02 16:46:34.039]  17:05:40	7.20	 080	 049	37.6	 32 	  3 	 74%	 7.1	    	    	    	    	    	    	    	    	    	    
[2026-02-02 16:46:40.013]  17:05:46	7.20	 080	 049	37.6	 31 	  3 	 73%	 7.1	    	    	    	    	    	    	    	    	    	    
[2026-02-02 16:46:45.990]  17:05:52	7.20	 079	 048	37.6	 31 	  3 	 73%	 7.1	    	    	    	    	    	    	    	    	    	    
[2026-02-02 16:46:51.975]  17:05:58	7.20	 079	 048	37.6	 31 	  3 	 73%	 7.1	    	    	    	    	    	    	    	    	    	    
[2026-02-02 16:46:57.944]  17:06:04	7.20	 079	 048	37.6	 31 	  3 	 72%	 7.1	    	    	    	    	    	    	    	    	    	    
[2026-02-02 16:47:03.921]  17:06:10	7.20	 079	 048	37.6	 31 	  3 	 72%	 7.1	    	    	    	    	    	    	    	    	    	    
[2026-02-02 16:47:09.902]  17:06:16	7.20	 079	 047	37.6	 31 	  3 	 72%	 7.2	    	    	    	    	    	    	    	    	    	    
[2026-02-02 16:47:15.876]  17:06:21	7.20	 079	 047	37.6	 31 	  3 	 72%	 7.1	    	    	    	    	    	    	    	    	    	    
[2026-02-02 16:47:21.891]  17:06:27	7.20	 079	 047	37.6	 31 	  3 	 72%	 7.1	    	    	    	    	    	    	    	    	    	    
[2026-02-02 16:47:27.826]  17:06:33	7.20	 079	 047	37.6	 31 	  3 	 72%	 7.1	    	    	    	    	    	    	    	    	    	    
[2026-02-02 16:47:33.806]  17:06:39	7.20	 079	 047	37.6	 31 	  3 	 71%	 7.1	    	    	    	    	    	    	    	    	    	    
[2026-02-02 16:47:39.792]  17:06:45	7.20	 079	 047	37.6	 31 	  3 	 71%	 7.1	    	    	    	    	    	    	    	    	    	    
[2026-02-02 16:47:45.755]  17:06:51	7.20	 079	 047	37.6	 31 	  3 	 71%	 7.2	    	    	    	    	    	    	    	    	    	    
[2026-02-02 16:47:51.743]  17:06:57	7.20	 079	 047	37.6	 31 	  3 	 71%	 7.2	    	    	    	    	    	    	    	    	    	    
[2026-02-02 16:47:57.710]  17:07:03	7.20	 079	 046	37.6	 31 	  3 	 71%	 7.1	    	    	    	    	    	    	    	    	    	    
[2026-02-02 16:48:03.685]  17:07:09	7.20	 079	 046	37.6	 31 	  3 	 71%	 7.1	    	    	    	    	    	    	    	    	    	    
[2026-02-02 16:48:09.661]  17:07:15	7.20	 079	 046	37.6	 31 	  3 	 71%	 7.1	    	    	    	    	    	    	    	    	    	    
[2026-02-02 16:48:15.642]  17:07:21	7.20	 079	 046	37.6	 31 	  3 	 71%	 7.1	    	    	    	    	    	    	    	    	    	    
[2026-02-02 16:48:21.617]  17:07:27	7.20	 078	 046	37.6	 31 	  3 	 71%	 7.1	    	    	    	    	    	    	    	    	    	    
[2026-02-02 16:48:27.585]          	    	ARTERIAL 	 	  	    	    	    	    	    	    	    	  	    VENOUS
[2026-02-02 16:48:27.608]   Time   	 pH 	 CO2	  O2	TEMP	HCO3	 BE 	cSO2	 K+ 	 VO2	  Q 	 BSA	 pH 	 CO2	  O2	TEMP	 SO2	 HCT	 HGB
[2026-02-02 16:48:27.638] 
[2026-02-02 16:48:27.638]  17:07:33	7.20	 078	 046	37.6	 31 	  3 	 71%	 7.1	    	    	    	    	    	    	    	    	    	    
[2026-02-02 16:48:33.567]  17:07:39	7.20	 078	 046	37.6	 31 	  3 	 71%	 7.1	    	    	    	    	    	    	    	    	    	    
[2026-02-02 16:48:39.545]  17:07:45	7.20	 078	 046	37.6	 31 	  3 	 70%	 7.1	    	    	    	    	    	    	    	    	    	    
[2026-02-02 16:48:45.532]  17:07:51	7.20	 078	 046	37.6	 31 	  3 	 70%	 7.1	    	    	    	    	    	    	    	    	    	    
[2026-02-02 16:48:51.508]  17:07:57	7.20	 079	 046	37.6	 31 	  3 	 70%	 7.1	    	    	    	    	    	    	    	    	    	    
[2026-02-02 16:48:57.474]  17:08:03	7.19	 081	 046	37.6	 31 	  3 	 70%	 7.1	    	    	    	    	    	    	    	    	    	    
[2026-02-02 16:49:03.450]  17:08:09	7.19	 082	 045	37.6	 32 	  3 	 68%	 7.2	    	    	    	    	    	    	    	    	    	    
[2026-02-02 16:49:09.427]  17:08:15	7.19	 083	 045	37.6	 32 	  3 	 67%	 7.1	    	    	    	    	    	    	    	    	    	    
[2026-02-02 16:49:15.404]  17:08:21	7.18	 085	 045	37.6	 32 	  3 	 67%	 7.1	    	    	    	    	    	    	    	    	    	    
[2026-02-02 16:49:21.382]  17:08:27	7.18	 086	 044	37.6	 32 	  3 	 66%	 7.1	    	    	    	    	    	    	    	    	    	    
[2026-02-02 16:49:27.356]  17:08:33	7.18	 085	 043	37.6	 32 	  3 	 65%	 7.1	    	    	    	    	    	    	    	    	    	    
[2026-02-02 16:49:33.334]  17:08:39	7.19	 084	 043	37.6	 32 	  3 	 65%	 7.1	    	    	    	    	    	    	    	    	    	    
[2026-02-02 16:49:39.310]  17:08:45	7.19	 083	 043	37.6	 32 	  3 	 66%	 7.1	    	    	    	    	    	    	    	    	    	    
[2026-02-02 16:49:45.285]  17:08:51	7.19	 082	 043	37.6	 32 	  3 	 66%	 7.1	    	    	    	    	    	    	    	    	    	    
[2026-02-02 16:49:51.272]  17:08:57	7.19	 082	 043	37.6	 32 	  3 	 65%	 7.1	    	    	    	    	    	    	    	    	    	    
[2026-02-02 16:49:57.238]  17:09:03	7.19	 081	 043	37.6	 32 	  3 	 65%	 7.1	    	    	    	    	    	    	    	    	    	    
[2026-02-02 16:50:03.215]  17:09:09	7.19	 081	 043	37.6	 31 	  3 	 66%	 7.1	    	    	    	    	    	    	    	    	    	    
[2026-02-02 16:50:09.191]  17:09:15	7.19	 081	 043	37.6	 31 	  3 	 66%	 7.2	    	    	    	    	    	    	    	    	    	    
[2026-02-02 16:50:15.167]  17:09:21	7.19	 081	 043	37.6	 31 	  3 	 66%	 7.1	    	    	    	    	    	    	    	    	    	    
[2026-02-02 16:50:21.159]  17:09:27	7.20	 080	 043	37.6	 31 	  3 	 66%	 7.1	    	    	    	    	    	    	    	    	    	    
[2026-02-02 16:50:27.121]  17:09:33	7.20	 080	 043	37.6	 31 	  3 	 66%	 7.1	    	    	    	    	    	    	    	    	    	    
[2026-02-02 16:50:33.097]  17:09:39	7.20	 080	 043	37.6	 31 	  3 	 66%	 7.2	    	    	    	    	    	    	    	    	    	    
[2026-02-02 16:50:39.074]  17:09:45	7.20	 080	 043	37.6	 31 	  3 	 66%	 7.2	    	    	    	    	    	    	    	    	    	    
[2026-02-02 16:50:45.052]  17:09:51	7.20	 080	 043	37.6	 31 	  3 	 66%	 7.1	    	    	    	    	    	    	    	    	    	    
[2026-02-02 16:50:51.040]  17:09:57	7.20	 080	 043	37.5	 31 	  3 	 66%	 7.1	    	    	    	    	    	    	    	    	    	    
[2026-02-02 16:50:57.003]  17:10:03	7.20	 080	 043	37.5	 31 	  3 	 66%	 7.2	    	    	    	    	    	    	    	    	    	    
[2026-02-02 16:51:02.981]  17:10:09	7.20	 080	 043	37.5	 31 	  3 	 66%	 7.2	    	    	    	    	    	    	    	    	    	    
[2026-02-02 16:51:08.957]  17:10:15	7.20	 079	 043	37.5	 31 	  3 	 66%	 7.2	    	    	    	    	    	    	    	    	    	    
[2026-02-02 16:51:14.933]  17:10:21	7.20	 079	 043	37.6	 31 	  3 	 66%	 7.2	    	    	    	    	    	    	    	    	    	    
[2026-02-02 16:51:20.913]  17:10:27	7.20	 079	 043	37.6	 31 	  3 	 66%	 7.2	    	    	    	    	    	    	    	    	    	    
[2026-02-02 16:51:26.887]  17:10:32	7.20	 079	 043	37.6	 31 	  3 	 66%	 7.1	    	    	    	    	    	    	    	    	    	    
[2026-02-02 16:51:32.861]  17:10:38	7.20	 079	 043	37.6	 31 	  3 	 66%	 7.2	    	    	    	    	    	    	    	    	    	    
[2026-02-02 16:51:38.838]  17:10:44	7.20	 079	 043	37.6	 31 	  3 	 66%	 7.2	    	    	    	    	    	    	    	    	    	    
[2026-02-02 16:51:44.816]  17:10:50	7.20	 079	 043	37.6	 31 	  3 	 66%	 7.2	    	    	    	    	    	    	    	    	    	    
[2026-02-02 16:51:50.802]  17:10:56	7.19	 080	 043	37.6	 31 	  3 	 66%	 7.2	    	    	    	    	    	    	    	    	    	    
[2026-02-02 16:51:56.768]  17:11:02	7.19	 082	 043	37.6	 31 	  3 	 66%	 7.2	    	    	    	    	    	    	    	    	    	    
[2026-02-02 16:52:02.743]  17:11:08	7.18	 083	 042	37.6	 31 	  3 	 64%	 7.2	    	    	    	    	    	    	    	    	    	    
[2026-02-02 16:52:08.722]  17:11:14	7.18	 083	 041	37.5	 32 	  3 	 63%	 7.2	    	    	    	    	    	    	    	    	    	    
[2026-02-02 16:52:14.697]  17:11:20	7.19	 082	 043	37.5	 32 	  3 	 65%	 7.2	    	    	    	    	    	    	    	    	    	    
[2026-02-02 16:52:20.674]  17:11:26	7.19	 080	 059	37.5	 31 	  3 	 82%	 7.2	    	    	    	    	    	    	    	    	    	    
[2026-02-02 16:52:26.653]  17:11:32	7.18	 083	 063	37.6	 31 	  2 	 84%	 7.2	    	    	    	    	    	    	    	    	    	    
[2026-02-02 16:52:32.626]  17:11:38	7.17	 086	 055	37.6	 31 	  2 	 78%	 7.2	    	    	    	    	    	    	    	    	    	    
[2026-02-02 16:52:38.600]  17:11:43	7.17	 087	 050	37.6	 32 	  3 	 73%	 7.2	    	    	    	    	    	    	    	    	    	    
[2026-02-02 16:52:44.578]  17:11:49	7.17	 086	 048	37.6	 32 	  3 	 71%	 7.2	    	    	    	    	    	    	    	    	    	    
[2026-02-02 16:52:50.567]  17:11:55	7.18	 085	 048	37.6	 32 	  3 	 71%	 7.2	    	    	    	    	    	    	    	    	    	    
[2026-02-02 16:52:56.530]  17:12:01	7.18	 084	 048	37.6	 32 	  3 	 72%	 7.2	    	    	    	    	    	    	    	    	    	    
[2026-02-02 16:53:02.506]  17:12:07	7.18	 083	 050	37.6	 31 	  3 	 74%	 7.2	    	    	    	    	    	    	    	    	    	    
[2026-02-02 16:53:08.483]  17:12:13	7.19	 082	 052	37.6	 31 	  3 	 76%	 7.2	    	    	    	    	    	    	    	    	    	    
[2026-02-02 16:53:14.459]  17:12:19	7.19	 081	 053	37.6	 31 	  3 	 77%	 7.2	    	    	    	    	    	    	    	    	    	    
[2026-02-02 16:53:20.438]  17:12:25	7.19	 081	 054	37.6	 31 	  2 	 78%	 7.2	    	    	    	    	    	    	    	    	    	    
[2026-02-02 16:53:26.404]          	    	ARTERIAL 	 	  	    	    	    	    	    	    	    	  	    VENOUS
[2026-02-02 16:53:26.427]   Time   	 pH 	 CO2	  O2	TEMP	HCO3	 BE 	cSO2	 K+ 	 VO2	  Q 	 BSA	 pH 	 CO2	  O2	TEMP	 SO2	 HCT	 HGB
[2026-02-02 16:53:26.454] 
[2026-02-02 16:53:26.454]  17:12:31	7.19	 080	 055	37.6	 31 	  2 	 79%	 7.1	    	    	    	    	    	    	    	    	    	    
[2026-02-02 16:53:32.391]  17:12:37	7.19	 080	 056	37.6	 31 	  2 	 80%	 7.2	    	    	    	    	    	    	    	    	    	    
[2026-02-02 16:53:38.366]  17:12:43	7.19	 080	 058	37.6	 31 	  2 	 81%	 7.2	    	    	    	    	    	    	    	    	    	    
[2026-02-02 16:53:44.341]  17:12:49	7.19	 080	 060	37.6	 31 	  2 	 83%	 7.2	    	    	    	    	    	    	    	    	    	    
[2026-02-02 16:53:50.328]  17:12:55	7.18	 081	 061	37.5	 31 	  2 	 84%	 7.2	    	    	    	    	    	    	    	    	    	    
[2026-02-02 16:53:56.294]  17:13:01	7.19	 079	 062	37.5	 31 	  2 	 85%	 7.2	    	    	    	    	    	    	    	    	    	    
[2026-02-02 16:54:02.268]  17:13:07	7.20	 078	 081	37.5	 31 	  2 	 92%	 7.2	    	    	    	    	    	    	    	    	    	    
[2026-02-02 16:54:08.256]  17:13:13	7.19	 078	 121	37.6	 30 	  2 	 97%	 7.1	    	    	    	    	    	    	    	    	    	    
[2026-02-02 16:54:14.230]  17:13:19	7.18	 081	 128	37.6	 30 	  2 	 98%	 7.1	    	    	    	    	    	    	    	    	    	    
[2026-02-02 16:54:20.201]  17:13:25	7.18	 081	 120	37.6	 30 	  2 	 97%	 7.1	    	    	    	    	    	    	    	    	    	    
[2026-02-02 16:54:26.176]  17:13:31	7.18	 081	 110	37.6	 31 	  2 	 96%	 7.2	    	    	    	    	    	    	    	    	    	    
[2026-02-02 16:54:32.153]  17:13:37	7.18	 080	 102	37.6	 31 	  2 	 96%	 7.2	    	    	    	    	    	    	    	    	    	    
[2026-02-02 16:54:38.131]  17:13:43	7.19	 080	 097	37.6	 31 	  2 	 95%	 7.1	    	    	    	    	    	    	    	    	    	    
[2026-02-02 16:54:44.108]  17:13:49	7.19	 079	 094	37.6	 30 	  2 	 95%	 7.1	    	    	    	    	    	    	    	    	    	    
[2026-02-02 16:54:50.092]  17:13:55	7.19	 078	 093	37.6	 30 	  2 	 94%	 7.1	    	    	    	    	    	    	    	    	    	    
[2026-02-02 16:54:56.059]  17:14:01	7.19	 077	 093	37.6	 30 	  2 	 94%	 7.2	    	    	    	    	    	    	    	    	    	    
[2026-02-02 16:55:02.034]  17:14:07	7.20	 077	 093	37.6	 30 	  2 	 95%	 7.1	    	    	    	    	    	    	    	    	    	    
[2026-02-02 16:55:08.011]  17:14:13	7.20	 077	 093	37.6	 30 	  2 	 95%	 7.1	    	    	    	    	    	    	    	    	    	    
[2026-02-02 16:55:13.993]  17:14:19	7.20	 076	 094	37.6	 30 	  2 	 95%	 7.2	    	    	    	    	    	    	    	    	    	    
[2026-02-02 16:55:19.969]  17:14:25	7.20	 076	 095	37.6	 30 	  2 	 95%	 7.2	    	    	    	    	    	    	    	    	    	    
[2026-02-02 16:55:25.945]  17:14:31	7.20	 075	 095	37.6	 30 	  2 	 95%	 7.2	    	    	    	    	    	    	    	    	    	    
[2026-02-02 16:55:31.929]  17:14:37	7.20	 075	 096	37.6	 30 	  2 	 95%	 7.2	    	    	    	    	    	    	    	    	    	    
[2026-02-02 16:55:37.895]  17:14:43	7.20	 075	 097	37.6	 30 	  2 	 95%	 7.1	    	    	    	    	    	    	    	    	    	    
[2026-02-02 16:55:43.871]  17:14:49	7.21	 075	 098	37.6	 30 	  2 	 95%	 7.1	    	    	    	    	    	    	    	    	    	    
[2026-02-02 16:55:49.859]  17:14:55	7.21	 074	 099	37.6	 30 	  2 	 95%	 7.2	    	    	    	    	    	    	    	    	    	    
[2026-02-02 16:55:55.829]  17:15:01	7.21	 074	 100	37.6	 30 	  2 	 96%	 7.2	    	    	    	    	    	    	    	    	    	    
[2026-02-02 16:56:01.801]  17:15:07	7.21	 074	 101	37.6	 30 	  2 	 96%	 7.1	    	    	    	    	    	    	    	    	    	    
[2026-02-02 16:56:07.777]  17:15:13	7.21	 074	 102	37.6	 30 	  2 	 96%	 7.1	    	    	    	    	    	    	    	    	    	    
[2026-02-02 16:56:13.754]  17:15:19	7.21	 074	 103	37.5	 30 	  2 	 96%	 7.2	    	    	    	    	    	    	    	    	    	    
[2026-02-02 16:56:19.733]  17:15:25	7.21	 073	 104	37.5	 30 	  2 	 96%	 7.2	    	    	    	    	    	    	    	    	    	    
[2026-02-02 16:56:25.718]  17:15:31	7.21	 073	 105	37.5	 30 	  2 	 96%	 7.2	    	    	    	    	    	    	    	    	    	    
[2026-02-02 16:56:31.682]  17:15:37	7.21	 073	 106	37.5	 30 	  2 	 96%	 7.2	    	    	    	    	    	    	    	    	    	    
[2026-02-02 16:56:37.660]  17:15:43	7.21	 073	 107	37.5	 30 	  2 	 96%	 7.2	    	    	    	    	    	    	    	    	    	    
[2026-02-02 16:56:43.636]  17:15:48	7.21	 073	 107	37.5	 30 	  2 	 96%	 7.2	    	    	    	    	    	    	    	    	    	    
[2026-02-02 16:56:49.623]  17:15:54	7.21	 073	 107	37.5	 30 	  2 	 96%	 7.1	    	    	    	    	    	    	    	    	    	    
[2026-02-02 16:56:55.589]  17:16:00	7.22	 072	 107	37.5	 30 	  2 	 96%	 7.2	    	    	    	    	    	    	    	    	    	    
[2026-02-02 16:56:55.810] S17:16:00	7.22	 072	 107	37.5	 30 	  2 	 96%	 7.2	    	    	    	    	    	    	    	    	    	    
[2026-02-02 16:57:01.566]  17:16:06	7.22	 072	 107	37.5	 30 	  2 	 96%	 7.2	    	    	    	    	    	    	    	    	    	    
[2026-02-02 16:57:07.541]  17:16:12	7.22	 072	 108	37.6	 30 	  2 	 97%	 7.2	    	    	    	    	    	    	    	    	    	    
[2026-02-02 16:57:13.518]  17:16:18	7.22	 072	 109	37.5	 30 	  2 	 97%	 7.2	    	    	    	    	    	    	    	    	    	    
[2026-02-02 16:57:19.494]  17:16:24	7.22	 072	 111	37.3	 30 	  2 	 97%	 7.2	    	    	    	    	    	    	    	    	    	    
[2026-02-02 16:57:25.469]  17:16:30	7.21	 072	 113	37.2	 30 	  2 	 97%	 7.2	    	    	    	    	    	    	    	    	    	    
[2026-02-02 16:57:31.444]  17:16:36	7.22	 072	 112	37.4	 30 	  2 	 97%	 7.3	    	    	    	    	    	    	    	    	    	    
[2026-02-02 16:57:37.420]  17:16:42	7.22	 072	 113	37.5	 30 	  2 	 97%	 7.3	    	    	    	    	    	    	    	    	    	    
[2026-02-02 16:57:43.398]  17:16:49	7.22	 072	 115	37.5	 30 	  2 	 97%	 7.2	    	    	    	    	    	    	    	    	    	    
[2026-02-02 16:57:49.395]  17:16:55	7.22	 072	 116	37.5	 30 	  2 	 97%	 7.2	    	    	    	    	    	    	    	    	    	    
[2026-02-02 16:57:55.349]  17:17:01	7.22	 072	 118	37.5	 30 	  2 	 97%	 7.3	    	    	    	    	    	    	    	    	    	    
[2026-02-02 16:58:01.326]  17:17:07	7.22	 072	 119	37.5	 30 	  2 	 97%	 7.3	    	    	    	    	    	    	    	    	    	    
[2026-02-02 16:58:07.302]  17:17:13	7.22	 071	 120	37.5	 29 	  2 	 97%	 7.3	    	    	    	    	    	    	    	    	    	    
[2026-02-02 16:58:13.279]  17:17:19	7.22	 071	 121	37.5	 29 	  2 	 97%	 7.2	    	    	    	    	    	    	    	    	    	    
[2026-02-02 16:58:19.251]          	    	ARTERIAL 	 	  	    	    	    	    	    	    	    	  	    VENOUS
[2026-02-02 16:58:19.271]   Time   	 pH 	 CO2	  O2	TEMP	HCO3	 BE 	cSO2	 K+ 	 VO2	  Q 	 BSA	 pH 	 CO2	  O2	TEMP	 SO2	 HCT	 HGB
[2026-02-02 16:58:19.299] 
[2026-02-02 16:58:19.299]  17:17:25	7.22	 071	 121	37.5	 29 	  2 	 97%	 7.2	    	    	    	    	    	    	    	    	    	    
[2026-02-02 16:58:25.229]  17:17:31	7.22	 071	 122	37.5	 29 	  2 	 98%	 7.2	    	    	    	    	    	    	    	    	    	    
[2026-02-02 16:58:31.207]  17:17:37	7.22	 071	 122	37.5	 29 	  2 	 98%	 7.3	    	    	    	    	    	    	    	    	    	    
[2026-02-02 16:58:37.183]  17:17:43	7.22	 071	 122	37.5	 29 	  2 	 98%	 7.3	    	    	    	    	    	    	    	    	    	    
[2026-02-02 16:58:43.158]  17:17:49	7.22	 071	 122	37.5	 29 	  2 	 98%	 7.2	    	    	    	    	    	    	    	    	    	    
[2026-02-02 16:58:49.185]  17:17:55	7.22	 071	 123	37.5	 29 	  2 	 98%	 7.2	    	    	    	    	    	    	    	    	    	    
[2026-02-02 16:58:55.113]  17:18:01	7.22	 071	 124	37.5	 29 	  2 	 98%	 7.3	    	    	    	    	    	    	    	    	    	    
[2026-02-02 16:59:01.091]  17:18:07	7.22	 071	 125	37.5	 29 	  2 	 98%	 7.3	    	    	    	    	    	    	    	    	    	    
[2026-02-02 16:59:07.064]  17:18:13	7.22	 071	 126	37.5	 29 	  2 	 98%	 7.2	    	    	    	    	    	    	    	    	    	    
[2026-02-02 16:59:13.042]  17:18:19	7.22	 070	 127	37.5	 29 	  2 	 98%	 7.2	    	    	    	    	    	    	    	    	    	    
[2026-02-02 16:59:19.020]  17:18:25	7.22	 070	 127	37.5	 29 	  2 	 98%	 7.3	    	    	    	    	    	    	    	    	    	    
[2026-02-02 16:59:25.005]  17:18:30	7.22	 070	 127	37.5	 29 	  2 	 98%	 7.3	    	    	    	    	    	    	    	    	    	    
[2026-02-02 16:59:30.800]  17:18:36	7.23	 070	 127	37.5	 29 	  2 	 98%	 7.3	    	    	    	    	    	    	    	    	    	    
[2026-02-02 16:59:36.766]  17:18:42	7.23	 070	 127	37.5	 29 	  2 	 98%	 7.2	    	    	    	    	    	    	    	    	    	    
[2026-02-02 16:59:42.743]  17:18:48	7.23	 070	 126	37.5	 29 	  2 	 98%	 7.2	    	    	    	    	    	    	    	    	    	    
[2026-02-02 16:59:46.011] Recalibration Adjustment
[2026-02-02 16:59:46.023] o17:18:51	7.22	 072	 102	37.5	 30 	  2 	 96%	 6.7	    	    	    	    	    	    	    	    	    	    
[2026-02-02 16:59:48.912]  17:18:54	7.23	 070	 119	37.5	 29 	  2 	 97%	 6.7	    	    	    	    	    	    	    	    	    	    
[2026-02-02 16:59:54.901]  17:19:00	7.23	 070	 117	37.5	 29 	  2 	 97%	 6.8	    	    	    	    	    	    	    	    	    	    
[2026-02-02 17:00:00.885]  17:19:06	7.23	 070	 116	37.5	 29 	  2 	 97%	 6.8	    	    	    	    	    	    	    	    	    	    
[2026-02-02 17:00:06.829]  17:19:12	7.23	 070	 116	37.5	 29 	  2 	 97%	 6.8	    	    	    	    	    	    	    	    	    	    
[2026-02-02 17:00:12.805]  17:19:18	7.23	 070	 117	37.5	 29 	  2 	 97%	 6.8	    	    	    	    	    	    	    	    	    	    
[2026-02-02 17:00:18.786]  17:19:24	7.23	 070	 120	37.5	 29 	  2 	 97%	 6.8	    	    	    	    	    	    	    	    	    	    
[2026-02-02 17:00:24.758]  17:19:30	7.23	 070	 123	37.5	 29 	  2 	 98%	 6.7	    	    	    	    	    	    	    	    	    	    
[2026-02-02 17:00:30.736]  17:19:36	7.23	 070	 126	37.5	 29 	  2 	 98%	 6.7	    	    	    	    	    	    	    	    	    	    
[2026-02-02 17:00:36.714]  17:19:42	7.23	 070	 129	37.5	 29 	  2 	 98%	 6.8	    	    	    	    	    	    	    	    	    	    
[2026-02-02 17:00:42.688]  17:19:48	7.23	 070	 132	37.5	 29 	  2 	 98%	 6.8	    	    	    	    	    	    	    	    	    	    
[2026-02-02 17:00:48.675]  17:19:54	7.23	 070	 134	37.5	 29 	  2 	 98%	 6.8	    	    	    	    	    	    	    	    	    	    
[2026-02-02 17:00:54.654]  17:20:00	7.23	 070	 136	37.5	 29 	  2 	 98%	 6.8	    	    	    	    	    	    	    	    	    	    
[2026-02-02 17:01:00.618]  17:20:06	7.23	 070	 137	37.5	 29 	  2 	 98%	 6.8	    	    	    	    	    	    	    	    	    	    
[2026-02-02 17:01:06.594]  17:20:12	7.23	 070	 139	37.5	 29 	  2 	 98%	 6.8	    	    	    	    	    	    	    	    	    	    
[2026-02-02 17:01:12.571]  17:20:18	7.23	 070	 140	37.5	 29 	  2 	 98%	 6.8	    	    	    	    	    	    	    	    	    	    
[2026-02-02 17:01:18.549]  17:20:24	7.23	 070	 141	37.5	 29 	  2 	 98%	 6.8	    	    	    	    	    	    	    	    	    	    
[2026-02-02 17:01:24.523]  17:20:30	7.23	 070	 142	37.5	 29 	  2 	 98%	 6.8	    	    	    	    	    	    	    	    	    	    
[2026-02-02 17:01:30.500]  17:20:36	7.23	 070	 142	37.5	 29 	  2 	 98%	 6.8	    	    	    	    	    	    	    	    	    	    
[2026-02-02 17:01:36.475]  17:20:42	7.23	 070	 143	37.5	 29 	  2 	 98%	 6.8	    	    	    	    	    	    	    	    	    	    
[2026-02-02 17:01:42.453]  17:20:48	7.23	 070	 144	37.5	 29 	  2 	 98%	 6.8	    	    	    	    	    	    	    	    	    	    
[2026-02-02 17:01:48.439]  17:20:54	7.23	 070	 145	37.5	 29 	  2 	 98%	 6.8	    	    	    	    	    	    	    	    	    	    
[2026-02-02 17:01:54.405]  17:21:00	7.23	 070	 146	37.5	 29 	  2 	 98%	 6.8	    	    	    	    	    	    	    	    	    	    
[2026-02-02 17:02:00.383]  17:21:06	7.23	 070	 147	37.5	 29 	  2 	 98%	 6.8	    	    	    	    	    	    	    	    	    	    
[2026-02-02 17:02:06.359]  17:21:12	7.23	 070	 148	37.5	 29 	  2 	 99%	 6.8	    	    	    	    	    	    	    	    	    	    
[2026-02-02 17:02:12.335]  17:21:18	7.23	 070	 149	37.5	 29 	  2 	 99%	 6.8	    	    	    	    	    	    	    	    	    	    
[2026-02-02 17:02:18.314]  17:21:24	7.23	 070	 150	37.5	 29 	  2 	 99%	 6.8	    	    	    	    	    	    	    	    	    	    
[2026-02-02 17:02:24.287]  17:21:30	7.23	 070	 151	37.5	 29 	  2 	 99%	 6.8	    	    	    	    	    	    	    	    	    	    
[2026-02-02 17:02:30.268]  17:21:36	7.23	 070	 153	37.5	 29 	  2 	 99%	 6.8	    	    	    	    	    	    	    	    	    	    
[2026-02-02 17:02:36.251]  17:21:42	7.23	 070	 153	37.5	 29 	  2 	 99%	 6.8	    	    	    	    	    	    	    	    	    	    
[2026-02-02 17:02:42.220]  17:21:48	7.23	 070	 154	37.5	 29 	  2 	 99%	 6.8	    	    	    	    	    	    	    	    	    	    
[2026-02-02 17:02:48.204]  17:21:54	7.23	 070	 155	37.5	 29 	  2 	 99%	 6.8	    	    	    	    	    	    	    	    	    	    
[2026-02-02 17:02:54.170]  17:22:00	7.23	 070	 156	37.5	 29 	  2 	 99%	 6.8	    	    	    	    	    	    	    	    	    	    
[2026-02-02 17:03:00.146]  17:22:06	7.23	 070	 157	37.5	 29 	  2 	 99%	 6.7	    	    	    	    	    	    	    	    	    	    
[2026-02-02 17:03:06.123]  17:22:11	7.23	 070	 158	37.5	 29 	  2 	 99%	 6.8	    	    	    	    	    	    	    	    	    	    
[2026-02-02 17:03:12.091]          	    	ARTERIAL 	 	  	    	    	    	    	    	    	    	  	    VENOUS
[2026-02-02 17:03:12.117]   Time   	 pH 	 CO2	  O2	TEMP	HCO3	 BE 	cSO2	 K+ 	 VO2	  Q 	 BSA	 pH 	 CO2	  O2	TEMP	 SO2	 HCT	 HGB
[2026-02-02 17:03:12.140] 
[2026-02-02 17:03:12.140]  17:22:17	7.23	 070	 159	37.5	 29 	  2 	 99%	 6.8	    	    	    	    	    	    	    	    	    	    
[2026-02-02 17:03:18.079]  17:22:23	7.23	 070	 160	37.5	 29 	  2 	 99%	 6.8	    	    	    	    	    	    	    	    	    	    
[2026-02-02 17:03:24.053]  17:22:29	7.23	 070	 161	37.4	 29 	  2 	 99%	 6.7	    	    	    	    	    	    	    	    	    	    
[2026-02-02 17:03:30.046]  17:22:35	7.23	 070	 162	37.4	 29 	  2 	 99%	 6.7	    	    	    	    	    	    	    	    	    	    
[2026-02-02 17:03:36.005]  17:22:41	7.23	 070	 163	37.4	 29 	  2 	 99%	 6.7	    	    	    	    	    	    	    	    	    	    
[2026-02-02 17:03:41.981]  17:22:47	7.23	 070	 164	37.4	 29 	  2 	 99%	 6.8	    	    	    	    	    	    	    	    	    	    
[2026-02-02 17:03:47.968]  17:22:53	7.23	 070	 165	37.4	 29 	  2 	 99%	 6.8	    	    	    	    	    	    	    	    	    	    
[2026-02-02 17:03:53.935]  17:22:59	7.23	 070	 165	37.4	 29 	  2 	 99%	 6.7	    	    	    	    	    	    	    	    	    	    
[2026-02-02 17:03:59.922]  17:23:05	7.23	 070	 166	37.4	 29 	  2 	 99%	 6.7	    	    	    	    	    	    	    	    	    	    
[2026-02-02 17:04:05.888]  17:23:11	7.23	 070	 166	37.4	 29 	  2 	 99%	 6.8	    	    	    	    	    	    	    	    	    	    
[2026-02-02 17:04:11.877]  17:23:17	7.23	 070	 167	37.4	 29 	  2 	 99%	 6.8	    	    	    	    	    	    	    	    	    	    
[2026-02-02 17:04:17.843]  17:23:23	7.23	 070	 167	37.4	 29 	  2 	 99%	 6.7	    	    	    	    	    	    	    	    	    	    
[2026-02-02 17:04:23.816]  17:23:29	7.23	 070	 167	37.4	 29 	  2 	 99%	 6.7	    	    	    	    	    	    	    	    	    	    
[2026-02-02 17:04:29.794]  17:23:35	7.23	 070	 167	37.4	 29 	  2 	 99%	 6.7	    	    	    	    	    	    	    	    	    	    
[2026-02-02 17:04:35.769]  17:23:41	7.23	 070	 167	37.4	 29 	  2 	 99%	 6.7	    	    	    	    	    	    	    	    	    	    
[2026-02-02 17:04:41.757]  17:23:47	7.23	 070	 168	37.4	 29 	  2 	 99%	 6.7	    	    	    	    	    	    	    	    	    	    
[2026-02-02 17:04:47.732]  17:23:53	7.23	 070	 168	37.4	 29 	  2 	 99%	 6.7	    	    	    	    	    	    	    	    	    	    
[2026-02-02 17:04:53.700]  17:23:59	7.23	 070	 169	37.4	 29 	  2 	 99%	 6.7	    	    	    	    	    	    	    	    	    	    
[2026-02-02 17:04:59.675]  17:24:05	7.23	 070	 170	37.4	 29 	  2 	 99%	 6.7	    	    	    	    	    	    	    	    	    	    
[2026-02-02 17:05:05.661]  17:24:11	7.23	 070	 170	37.4	 29 	  2 	 99%	 6.7	    	    	    	    	    	    	    	    	    	    
[2026-02-02 17:05:11.629]  17:24:17	7.23	 070	 171	37.4	 29 	  2 	 99%	 6.7	    	    	    	    	    	    	    	    	    	    
[2026-02-02 17:05:17.638]  17:24:23	7.23	 070	 172	37.4	 29 	  2 	 99%	 6.7	    	    	    	    	    	    	    	    	    	    
[2026-02-02 17:05:23.580]  17:24:29	7.23	 070	 173	37.4	 29 	  2 	 99%	 6.7	    	    	    	    	    	    	    	    	    	    
[2026-02-02 17:05:29.557]  17:24:35	7.23	 070	 174	37.4	 29 	  2 	 99%	 6.7	    	    	    	    	    	    	    	    	    	    
[2026-02-02 17:05:35.535]  17:24:41	7.23	 070	 175	37.4	 29 	  2 	 99%	 6.7	    	    	    	    	    	    	    	    	    	    
[2026-02-02 17:05:41.510]  17:24:47	7.23	 070	 176	37.4	 29 	  2 	 99%	 6.7	    	    	    	    	    	    	    	    	    	    
[2026-02-02 17:05:47.496]  17:24:53	7.23	 070	 176	37.4	 29 	  2 	 99%	 6.7	    	    	    	    	    	    	    	    	    	    
[2026-02-02 17:05:53.464]  17:24:59	7.23	 070	 177	37.4	 29 	  2 	 99%	 6.7	    	    	    	    	    	    	    	    	    	    
[2026-02-02 17:05:59.438]  17:25:04	7.23	 070	 177	37.4	 29 	  2 	 99%	 6.7	    	    	    	    	    	    	    	    	    	    
[2026-02-02 17:06:05.464]  17:25:10	7.23	 070	 178	37.4	 29 	  2 	 99%	 6.7	    	    	    	    	    	    	    	    	    	    
[2026-02-02 17:06:11.394]  17:25:16	7.23	 070	 179	37.4	 29 	  2 	 99%	 6.7	    	    	    	    	    	    	    	    	    	    
[2026-02-02 17:06:17.371]  17:25:22	7.23	 070	 179	37.4	 29 	  2 	 99%	 6.7	    	    	    	    	    	    	    	    	    	    
[2026-02-02 17:06:23.348]  17:25:28	7.22	 071	 177	37.4	 30 	  2 	 99%	 6.7	    	    	    	    	    	    	    	    	    	    
[2026-02-02 17:06:29.324]  17:25:34	7.21	 073	 176	37.4	 30 	  2 	 99%	 6.7	    	    	    	    	    	    	    	    	    	    
[2026-02-02 17:06:35.300]  17:25:40	7.21	 075	 173	37.4	 30 	  2 	 99%	 6.7	    	    	    	    	    	    	    	    	    	    
[2026-02-02 17:06:41.277]  17:25:46	7.20	 077	 169	37.4	 30 	  2 	 99%	 6.7	    	    	    	    	    	    	    	    	    	    
[2026-02-02 17:06:47.276]  17:25:52	7.19	 078	 165	37.4	 30 	  2 	 99%	 6.7	    	    	    	    	    	    	    	    	    	    
[2026-02-02 17:06:53.269]  17:25:58	7.20	 077	 163	37.4	 30 	  2 	 99%	 6.6	    	    	    	    	    	    	    	    	    	    
[2026-02-02 17:06:59.208]  17:26:04	7.20	 076	 164	37.4	 30 	  2 	 99%	 6.6	    	    	    	    	    	    	    	    	    	    
[2026-02-02 17:07:05.183]  17:26:10	7.21	 075	 166	37.4	 30 	  2 	 99%	 6.7	    	    	    	    	    	    	    	    	    	    
[2026-02-02 17:07:11.160]  17:26:16	7.21	 074	 168	37.3	 30 	  2 	 99%	 6.7	    	    	    	    	    	    	    	    	    	    
[2026-02-02 17:07:17.153]  17:26:22	7.21	 074	 169	37.3	 30 	  2 	 99%	 6.7	    	    	    	    	    	    	    	    	    	    
[2026-02-02 17:07:23.114]  17:26:28	7.20	 075	 169	37.3	 30 	  2 	 99%	 6.7	    	    	    	    	    	    	    	    	    	    
[2026-02-02 17:07:29.088]  17:26:34	7.19	 077	 167	37.3	 30 	  2 	 99%	 6.7	    	    	    	    	    	    	    	    	    	    
[2026-02-02 17:07:35.065]  17:26:40	7.19	 078	 164	37.3	 30 	  2 	 99%	 6.7	    	    	    	    	    	    	    	    	    	    
[2026-02-02 17:07:41.045]  17:26:46	7.20	 077	 161	37.3	 30 	  2 	 99%	 6.7	    	    	    	    	    	    	    	    	    	    
[2026-02-02 17:07:47.029]  17:26:52	7.20	 076	 160	37.3	 30 	  2 	 99%	 6.6	    	    	    	    	    	    	    	    	    	    
[2026-02-02 17:07:52.996]  17:26:58	7.20	 075	 161	37.3	 30 	  2 	 99%	 6.6	    	    	    	    	    	    	    	    	    	    
[2026-02-02 17:07:58.985]  17:27:04	7.20	 075	 163	37.3	 30 	  2 	 99%	 6.6	    	    	    	    	    	    	    	    	    	    
[2026-02-02 17:08:04.948]  17:27:10	7.21	 074	 164	37.3	 30 	  2 	 99%	 6.6	    	    	    	    	    	    	    	    	    	    
[2026-02-02 17:08:10.916]          	    	ARTERIAL 	 	  	    	    	    	    	    	    	    	  	    VENOUS
[2026-02-02 17:08:10.938]   Time   	 pH 	 CO2	  O2	TEMP	HCO3	 BE 	cSO2	 K+ 	 VO2	  Q 	 BSA	 pH 	 CO2	  O2	TEMP	 SO2	 HCT	 HGB
[2026-02-02 17:08:10.967] 
[2026-02-02 17:08:10.967]  17:27:16	7.21	 074	 166	37.3	 30 	  2 	 99%	 6.6	    	    	    	    	    	    	    	    	    	    
[2026-02-02 17:08:16.904]  17:27:22	7.21	 074	 168	37.3	 30 	  2 	 99%	 6.7	    	    	    	    	    	    	    	    	    	    
[2026-02-02 17:08:22.877]  17:27:28	7.21	 073	 169	37.3	 30 	  2 	 99%	 6.6	    	    	    	    	    	    	    	    	    	    
[2026-02-02 17:08:28.853]  17:27:34	7.21	 074	 169	37.3	 30 	  2 	 99%	 6.6	    	    	    	    	    	    	    	    	    	    
[2026-02-02 17:08:34.831]  17:27:40	7.20	 077	 166	37.4	 30 	  2 	 99%	 6.6	    	    	    	    	    	    	    	    	    	    
[2026-02-02 17:08:40.807]  17:27:46	7.19	 080	 161	37.4	 30 	  2 	 99%	 6.6	    	    	    	    	    	    	    	    	    	    
[2026-02-02 17:08:46.792]  17:27:52	7.18	 080	 156	37.4	 30 	  2 	 99%	 6.6	    	    	    	    	    	    	    	    	    	    
[2026-02-02 17:08:52.761]  17:27:58	7.19	 079	 154	37.3	 30 	  2 	 99%	 6.6	    	    	    	    	    	    	    	    	    	    
[2026-02-02 17:08:58.735]  17:28:04	7.19	 077	 154	37.3	 30 	  2 	 99%	 6.6	    	    	    	    	    	    	    	    	    	    
[2026-02-02 17:09:04.712]  17:28:10	7.20	 076	 154	37.3	 30 	  2 	 99%	 6.6	    	    	    	    	    	    	    	    	    	    
[2026-02-02 17:09:10.689]  17:28:16	7.20	 075	 155	37.3	 30 	  2 	 99%	 6.6	    	    	    	    	    	    	    	    	    	    
[2026-02-02 17:09:16.668]  17:28:22	7.20	 075	 156	37.3	 30 	  2 	 99%	 6.6	    	    	    	    	    	    	    	    	    	    
[2026-02-02 17:09:22.646]  17:28:28	7.20	 074	 158	37.3	 30 	  2 	 99%	 6.6	    	    	    	    	    	    	    	    	    	    
[2026-02-02 17:09:28.618]  17:28:34	7.21	 074	 159	37.3	 30 	  2 	 99%	 6.6	    	    	    	    	    	    	    	    	    	    
[2026-02-02 17:09:34.594]  17:28:40	7.21	 074	 160	37.3	 30 	  2 	 99%	 6.6	    	    	    	    	    	    	    	    	    	    
[2026-02-02 17:09:40.572]  17:28:46	7.21	 074	 161	37.3	 30 	  2 	 99%	 6.6	    	    	    	    	    	    	    	    	    	    
[2026-02-02 17:09:46.560]  17:28:52	7.21	 074	 162	37.3	 30 	  1 	 99%	 6.6	    	    	    	    	    	    	    	    	    	    
[2026-02-02 17:09:52.523]  17:28:58	7.21	 073	 164	37.3	 30 	  2 	 99%	 6.6	    	    	    	    	    	    	    	    	    	    
[2026-02-02 17:09:58.499]  17:29:04	7.21	 073	 165	37.3	 29 	  2 	 99%	 6.6	    	    	    	    	    	    	    	    	    	    
[2026-02-02 17:10:04.476]  17:29:10	7.21	 073	 166	37.3	 29 	  1 	 99%	 6.6	    	    	    	    	    	    	    	    	    	    
[2026-02-02 17:10:10.452]  17:29:16	7.21	 073	 168	37.3	 29 	  1 	 99%	 6.6	    	    	    	    	    	    	    	    	    	    
[2026-02-02 17:10:16.444]  17:29:22	7.21	 073	 169	37.3	 29 	  2 	 99%	 6.6	    	    	    	    	    	    	    	    	    	    
[2026-02-02 17:10:22.407]  17:29:28	7.21	 073	 170	37.3	 29 	  1 	 99%	 6.6	    	    	    	    	    	    	    	    	    	    
[2026-02-02 17:10:28.394]  17:29:34	7.21	 073	 177	37.3	 29 	  1 	 99%	 6.6	    	    	    	    	    	    	    	    	    	    
[2026-02-02 17:10:34.359]  17:29:40	7.21	 073	 188	37.3	 29 	  1 	 99%	 6.6	    	    	    	    	    	    	    	    	    	    
[2026-02-02 17:10:40.336]  17:29:46	7.21	 073	 198	37.3	 29 	  1 	 99%	 6.6	    	    	    	    	    	    	    	    	    	    
[2026-02-02 17:10:46.325]  17:29:52	7.21	 074	 207	37.3	 30 	  2 	 99%	 6.6	    	    	    	    	    	    	    	    	    	    
[2026-02-02 17:10:52.287]  17:29:58	7.21	 074	 216	37.3	 30 	  2 	 99%	 6.6	    	    	    	    	    	    	    	    	    	    
[2026-02-02 17:10:58.263]  17:30:04	7.21	 074	 222	37.3	 30 	  2 	 99%	 6.6	    	    	    	    	    	    	    	    	    	    
[2026-02-02 17:11:04.240]  17:30:10	7.20	 074	 228	37.3	 30 	  2 	 99%	 6.6	    	    	    	    	    	    	    	    	    	    
[2026-02-02 17:11:10.217]  17:30:16	7.20	 075	 232	37.3	 30 	  2 	 99%	 6.6	    	    	    	    	    	    	    	    	    	    
[2026-02-02 17:11:16.198]  17:30:22	7.20	 075	 235	37.3	 30 	  2 	 99%	 6.5	    	    	    	    	    	    	    	    	    	    
[2026-02-02 17:11:22.171]  17:30:28	7.20	 075	 239	37.3	 30 	  2 	 99%	 6.5	    	    	    	    	    	    	    	    	    	    
[2026-02-02 17:11:28.147]  17:30:34	7.20	 075	 241	37.3	 30 	  2 	 99%	 6.5	    	    	    	    	    	    	    	    	    	    
[2026-02-02 17:11:34.122]  17:30:40	7.20	 075	 242	37.3	 30 	  2 	 99%	 6.5	    	    	    	    	    	    	    	    	    	    
[2026-02-02 17:11:40.107]  17:30:45	7.20	 076	 243	37.3	 30 	  2 	100%	 6.5	    	    	    	    	    	    	    	    	    	    
[2026-02-02 17:11:46.093]  17:30:51	7.20	 076	 245	37.3	 30 	  2 	100%	 6.5	    	    	    	    	    	    	    	    	    	    
[2026-02-02 17:11:52.059]  17:30:57	7.20	 076	 247	37.3	 30 	  2 	100%	 6.5	    	    	    	    	    	    	    	    	    	    
[2026-02-02 17:11:58.036]  17:31:03	7.20	 076	 249	37.3	 30 	  2 	100%	 6.5	    	    	    	    	    	    	    	    	    	    
[2026-02-02 17:12:04.011]  17:31:09	7.20	 076	 250	37.3	 30 	  2 	100%	 6.6	    	    	    	    	    	    	    	    	    	    
[2026-02-02 17:12:09.987]  17:31:15	7.20	 076	 251	37.3	 30 	  2 	100%	 6.5	    	    	    	    	    	    	    	    	    	    
[2026-02-02 17:12:15.966]  17:31:21	7.20	 076	 252	37.3	 30 	  2 	100%	 6.5	    	    	    	    	    	    	    	    	    	    
[2026-02-02 17:12:21.941]  17:31:27	7.20	 076	 253	37.3	 30 	  2 	100%	 6.5	    	    	    	    	    	    	    	    	    	    
[2026-02-02 17:12:27.917]  17:31:33	7.20	 076	 254	37.3	 30 	  2 	100%	 6.5	    	    	    	    	    	    	    	    	    	    
[2026-02-02 17:12:33.893]  17:31:39	7.20	 076	 253	37.3	 30 	  2 	100%	 6.5	    	    	    	    	    	    	    	    	    	    
[2026-02-02 17:12:39.871]  17:31:45	7.19	 078	 251	37.3	 30 	  2 	100%	 6.5	    	    	    	    	    	    	    	    	    	    
[2026-02-02 17:12:45.856]  17:31:51	7.19	 079	 249	37.3	 30 	  2 	100%	 6.5	    	    	    	    	    	    	    	    	    	    
[2026-02-02 17:12:51.816]  17:31:57	7.18	 080	 247	37.3	 30 	  2 	 99%	 6.5	    	    	    	    	    	    	    	    	    	    
[2026-02-02 17:12:57.793]  17:32:03	7.17	 082	 244	37.3	 31 	  2 	 99%	 6.5	    	    	    	    	    	    	    	    	    	    
[2026-02-02 17:13:03.769]  17:32:09	7.17	 083	 241	37.3	 31 	  2 	 99%	 6.5	    	    	    	    	    	    	    	    	    	    
[2026-02-02 17:13:09.737]          	    	ARTERIAL 	 	  	    	    	    	    	    	    	    	  	    VENOUS
[2026-02-02 17:13:09.766]   Time   	 pH 	 CO2	  O2	TEMP	HCO3	 BE 	cSO2	 K+ 	 VO2	  Q 	 BSA	 pH 	 CO2	  O2	TEMP	 SO2	 HCT	 HGB
[2026-02-02 17:13:09.790] 
[2026-02-02 17:13:09.790]  17:32:15	7.18	 082	 242	37.3	 31 	  2 	 99%	 6.5	    	    	    	    	    	    	    	    	    	    
[2026-02-02 17:13:15.725]  17:32:21	7.18	 081	 244	37.3	 30 	  2 	 99%	 6.5	    	    	    	    	    	    	    	    	    	    
[2026-02-02 17:13:21.700]  17:32:27	7.18	 080	 245	37.3	 30 	  2 	 99%	 6.5	    	    	    	    	    	    	    	    	    	    
[2026-02-02 17:13:27.676]  17:32:33	7.18	 080	 245	37.3	 30 	  2 	 99%	 6.5	    	    	    	    	    	    	    	    	    	    
[2026-02-02 17:13:33.651]  17:32:39	7.18	 080	 244	37.3	 30 	  2 	 99%	 6.5	    	    	    	    	    	    	    	    	    	    
[2026-02-02 17:13:39.627]  17:32:45	7.18	 080	 243	37.3	 30 	  2 	 99%	 6.5	    	    	    	    	    	    	    	    	    	    
[2026-02-02 17:13:45.617]  17:32:51	7.18	 080	 241	37.3	 30 	  2 	 99%	 6.5	    	    	    	    	    	    	    	    	    	    
[2026-02-02 17:13:51.582]  17:32:57	7.18	 079	 241	37.3	 30 	  2 	 99%	 6.5	    	    	    	    	    	    	    	    	    	    
[2026-02-02 17:13:57.558]  17:33:03	7.18	 079	 240	37.3	 30 	  2 	 99%	 6.5	    	    	    	    	    	    	    	    	    	    
[2026-02-02 17:14:03.533]  17:33:08	7.19	 079	 240	37.3	 30 	  2 	 99%	 6.5	    	    	    	    	    	    	    	    	    	    
[2026-02-02 17:14:09.509]  17:33:14	7.19	 079	 241	37.3	 30 	  2 	 99%	 6.5	    	    	    	    	    	    	    	    	    	    
[2026-02-02 17:14:15.488]  17:33:20	7.19	 079	 242	37.3	 30 	  2 	 99%	 6.5	    	    	    	    	    	    	    	    	    	    
[2026-02-02 17:14:21.471]  17:33:26	7.19	 079	 242	37.3	 30 	  2 	 99%	 6.5	    	    	    	    	    	    	    	    	    	    
[2026-02-02 17:14:27.440]  17:33:32	7.19	 079	 243	37.3	 30 	  2 	 99%	 6.5	    	    	    	    	    	    	    	    	    	    
[2026-02-02 17:14:33.415]  17:33:38	7.19	 078	 244	37.3	 30 	  2 	 99%	 6.5	    	    	    	    	    	    	    	    	    	    
[2026-02-02 17:14:39.392]  17:33:44	7.19	 078	 244	37.3	 30 	  2 	 99%	 6.5	    	    	    	    	    	    	    	    	    	    
[2026-02-02 17:14:45.379]  17:33:50	7.19	 078	 245	37.3	 30 	  2 	 99%	 6.5	    	    	    	    	    	    	    	    	    	    
[2026-02-02 17:14:51.345]  17:33:56	7.19	 078	 245	37.3	 30 	  2 	 99%	 6.5	    	    	    	    	    	    	    	    	    	    
[2026-02-02 17:14:57.321]  17:34:02	7.19	 078	 246	37.3	 30 	  2 	 99%	 6.5	    	    	    	    	    	    	    	    	    	    
[2026-02-02 17:15:03.336]  17:34:08	7.19	 078	 246	37.3	 30 	  2 	 99%	 6.5	    	    	    	    	    	    	    	    	    	    
[2026-02-02 17:15:09.281]  17:34:14	7.19	 078	 247	37.3	 30 	  2 	100%	 6.5	    	    	    	    	    	    	    	    	    	    
[2026-02-02 17:15:15.259]  17:34:20	7.19	 078	 247	37.3	 30 	  2 	100%	 6.5	    	    	    	    	    	    	    	    	    	    
[2026-02-02 17:15:21.234]  17:34:26	7.19	 078	 248	37.3	 30 	  2 	100%	 6.5	    	    	    	    	    	    	    	    	    	    
[2026-02-02 17:15:27.209]  17:34:32	7.19	 078	 249	37.3	 30 	  2 	100%	 6.5	    	    	    	    	    	    	    	    	    	    
[2026-02-02 17:15:33.185]  17:34:38	7.19	 078	 251	37.3	 30 	  2 	100%	 6.5	    	    	    	    	    	    	    	    	    	    
[2026-02-02 17:15:39.162]  17:34:44	7.18	 080	 251	37.3	 30 	  2 	100%	 6.5	    	    	    	    	    	    	    	    	    	    
[2026-02-02 17:15:45.148]  17:34:50	7.18	 081	 253	37.3	 30 	  2 	100%	 6.5	    	    	    	    	    	    	    	    	    	    
[2026-02-02 17:15:51.115]  17:34:56	7.17	 083	 252	37.3	 31 	  2 	100%	 6.5	    	    	    	    	    	    	    	    	    	    
[2026-02-02 17:15:57.097]  17:35:02	7.17	 084	 248	37.3	 31 	  2 	 99%	 6.5	    	    	    	    	    	    	    	    	    	    
[2026-02-02 17:16:03.064]  17:35:08	7.17	 084	 245	37.4	 31 	  2 	 99%	 6.5	    	    	    	    	    	    	    	    	    	    
[2026-02-02 17:16:09.038]  17:35:14	7.17	 083	 243	37.4	 31 	  2 	 99%	 6.5	    	    	    	    	    	    	    	    	    	    
[2026-02-02 17:16:15.017]  17:35:20	7.17	 082	 242	37.4	 31 	  2 	 99%	 6.5	    	    	    	    	    	    	    	    	    	    
[2026-02-02 17:16:20.993]  17:35:26	7.18	 082	 242	37.4	 31 	  2 	 99%	 6.5	    	    	    	    	    	    	    	    	    	    
[2026-02-02 17:16:26.979]  17:35:32	7.18	 081	 244	37.4	 30 	  2 	 99%	 6.5	    	    	    	    	    	    	    	    	    	    
[2026-02-02 17:16:32.944]  17:35:38	7.18	 081	 247	37.4	 30 	  2 	 99%	 6.5	    	    	    	    	    	    	    	    	    	    
[2026-02-02 17:16:38.926]  17:35:44	7.18	 081	 251	37.4	 30 	  2 	100%	 6.5	    	    	    	    	    	    	    	    	    	    
[2026-02-02 17:16:44.912]  17:35:50	7.18	 081	 254	37.4	 30 	  2 	100%	 6.5	    	    	    	    	    	    	    	    	    	    
[2026-02-02 17:16:50.881]  17:35:56	7.18	 081	 256	37.4	 30 	  2 	100%	 6.5	    	    	    	    	    	    	    	    	    	    
[2026-02-02 17:16:56.855]  17:36:02	7.18	 081	 258	37.4	 30 	  2 	100%	 6.5	    	    	    	    	    	    	    	    	    	    
[2026-02-02 17:17:02.832]  17:36:08	7.18	 081	 259	37.4	 30 	  2 	100%	 6.5	    	    	    	    	    	    	    	    	    	    
[2026-02-02 17:17:08.809]  17:36:14	7.18	 082	 261	37.4	 30 	  2 	100%	 6.5	    	    	    	    	    	    	    	    	    	    
[2026-02-02 17:17:14.788]  17:36:20	7.18	 082	 262	37.4	 30 	  2 	100%	 6.5	    	    	    	    	    	    	    	    	    	    
[2026-02-02 17:17:20.762]  17:36:26	7.18	 082	 264	37.4	 30 	  2 	100%	 6.5	    	    	    	    	    	    	    	    	    	    
[2026-02-02 17:17:26.738]  17:36:32	7.18	 082	 265	37.4	 30 	  2 	100%	 6.5	    	    	    	    	    	    	    	    	    	    
[2026-02-02 17:17:32.715]  17:36:38	7.18	 082	 267	37.4	 31 	  2 	100%	 6.5	    	    	    	    	    	    	    	    	    	    
[2026-02-02 17:17:38.691]  17:36:44	7.18	 082	 268	37.4	 30 	  2 	100%	 6.5	    	    	    	    	    	    	    	    	    	    
[2026-02-02 17:17:44.679]  17:36:50	7.18	 082	 270	37.4	 30 	  2 	100%	 6.5	    	    	    	    	    	    	    	    	    	    
[2026-02-02 17:17:50.654]  17:36:56	7.18	 082	 271	37.4	 31 	  2 	100%	 6.5	    	    	    	    	    	    	    	    	    	    
[2026-02-02 17:17:56.620]  17:37:02	7.18	 082	 271	37.4	 30 	  2 	100%	 6.5	    	    	    	    	    	    	    	    	    	    
[2026-02-02 17:18:02.596]  17:37:08	7.18	 082	 272	37.4	 30 	  2 	100%	 6.5	    	    	    	    	    	    	    	    	    	    
[2026-02-02 17:18:08.565]          	    	ARTERIAL 	 	  	    	    	    	    	    	    	    	  	    VENOUS
[2026-02-02 17:18:08.586]   Time   	 pH 	 CO2	  O2	TEMP	HCO3	 BE 	cSO2	 K+ 	 VO2	  Q 	 BSA	 pH 	 CO2	  O2	TEMP	 SO2	 HCT	 HGB
[2026-02-02 17:18:08.614] 
[2026-02-02 17:18:08.614]  17:37:14	7.18	 082	 273	37.4	 31 	  2 	100%	 6.5	    	    	    	    	    	    	    	    	    	    
[2026-02-02 17:18:14.552]  17:37:19	7.18	 082	 273	37.4	 30 	  2 	100%	 6.5	    	    	    	    	    	    	    	    	    	    
[2026-02-02 17:18:20.538]  17:37:25	7.18	 082	 273	37.4	 30 	  2 	100%	 6.5	    	    	    	    	    	    	    	    	    	    
[2026-02-02 17:18:26.502]  17:37:31	7.18	 082	 274	37.4	 31 	  2 	100%	 6.5	    	    	    	    	    	    	    	    	    	    
[2026-02-02 17:18:32.478]  17:37:37	7.18	 082	 274	37.4	 31 	  2 	100%	 6.5	    	    	    	    	    	    	    	    	    	    
[2026-02-02 17:18:38.456]  17:37:43	7.18	 082	 273	37.4	 31 	  2 	100%	 6.5	    	    	    	    	    	    	    	    	    	    
[2026-02-02 17:18:44.443]  17:37:49	7.17	 084	 271	37.4	 31 	  2 	100%	 6.5	    	    	    	    	    	    	    	    	    	    
[2026-02-02 17:18:50.418]  17:37:55	7.16	 085	 271	37.4	 31 	  2 	100%	 6.5	    	    	    	    	    	    	    	    	    	    
[2026-02-02 17:18:56.383]  17:38:01	7.16	 087	 268	37.5	 31 	  2 	100%	 6.4	    	    	    	    	    	    	    	    	    	    
[2026-02-02 17:19:02.360]  17:38:07	7.15	 088	 266	37.5	 31 	  2 	100%	 6.4	    	    	    	    	    	    	    	    	    	    
[2026-02-02 17:19:08.337]  17:38:13	7.15	 088	 266	37.5	 31 	  2 	100%	 6.5	    	    	    	    	    	    	    	    	    	    
[2026-02-02 17:19:14.315]  17:38:20	7.16	 087	 269	37.5	 31 	  2 	100%	 6.5	    	    	    	    	    	    	    	    	    	    
[2026-02-02 17:19:20.290]  17:38:26	7.16	 086	 272	37.5	 31 	  2 	100%	 6.5	    	    	    	    	    	    	    	    	    	    
[2026-02-02 17:19:26.266]  17:38:32	7.16	 085	 276	37.5	 31 	  2 	100%	 6.5	    	    	    	    	    	    	    	    	    	    
[2026-02-02 17:19:32.242]  17:38:38	7.16	 085	 282	37.5	 31 	  2 	100%	 6.5	    	    	    	    	    	    	    	    	    	    
[2026-02-02 17:19:38.219]  17:38:44	7.16	 085	 288	37.5	 31 	  2 	100%	 6.5	    	    	    	    	    	    	    	    	    	    
[2026-02-02 17:19:44.206]  17:38:50	7.16	 085	 294	37.5	 31 	  2 	100%	 6.5	    	    	    	    	    	    	    	    	    	    
[2026-02-02 17:19:50.172]  17:38:56	7.17	 085	 299	37.5	 31 	  2 	100%	 6.5	    	    	    	    	    	    	    	    	    	    
[2026-02-02 17:19:56.148]  17:39:02	7.17	 085	 304	37.5	 31 	  2 	100%	 6.5	    	    	    	    	    	    	    	    	    	    
[2026-02-02 17:20:02.125]  17:39:08	7.17	 085	 307	37.5	 31 	  2 	100%	 6.5	    	    	    	    	    	    	    	    	    	    
[2026-02-02 17:20:08.101]  17:39:14	7.17	 085	 310	37.5	 31 	  2 	100%	 6.5	    	    	    	    	    	    	    	    	    	    
[2026-02-02 17:20:14.080]  17:39:20	7.17	 085	 312	37.5	 31 	  2 	100%	 6.5	    	    	    	    	    	    	    	    	    	    
[2026-02-02 17:20:20.054]  17:39:26	7.16	 085	 314	37.5	 31 	  2 	100%	 6.5	    	    	    	    	    	    	    	    	    	    
[2026-02-02 17:20:26.032]  17:39:32	7.16	 085	 316	37.5	 31 	  2 	100%	 6.5	    	    	    	    	    	    	    	    	    	    
[2026-02-02 17:20:32.006]  17:39:37	7.16	 085	 317	37.5	 31 	  2 	100%	 6.5	    	    	    	    	    	    	    	    	    	    
[2026-02-02 17:20:37.983]  17:39:43	7.16	 085	 319	37.5	 31 	  2 	100%	 6.5	    	    	    	    	    	    	    	    	    	    
[2026-02-02 17:20:43.970]  17:39:49	7.16	 085	 320	37.5	 31 	  2 	100%	 6.5	    	    	    	    	    	    	    	    	    	    
[2026-02-02 17:20:49.936]  17:39:55	7.16	 085	 321	37.5	 31 	  2 	100%	 6.5	    	    	    	    	    	    	    	    	    	    
[2026-02-02 17:20:55.914]  17:40:01	7.16	 085	 323	37.5	 31 	  2 	100%	 6.5	    	    	    	    	    	    	    	    	    	    
[2026-02-02 17:21:01.890]  17:40:07	7.16	 085	 323	37.5	 31 	  2 	100%	 6.5	    	    	    	    	    	    	    	    	    	    
[2026-02-02 17:21:07.864]  17:40:13	7.16	 085	 324	37.5	 31 	  2 	100%	 6.5	    	    	    	    	    	    	    	    	    	    
[2026-02-02 17:21:13.846]  17:40:19	7.16	 085	 325	37.5	 31 	  2 	100%	 6.5	    	    	    	    	    	    	    	    	    	    
[2026-02-02 17:21:19.819]  17:40:25	7.16	 085	 325	37.5	 31 	  2 	100%	 6.5	    	    	    	    	    	    	    	    	    	    
[2026-02-02 17:21:25.794]  17:40:31	7.16	 085	 325	37.5	 31 	  2 	100%	 6.5	    	    	    	    	    	    	    	    	    	    
[2026-02-02 17:21:31.772]  17:40:37	7.16	 085	 324	37.5	 31 	  2 	100%	 6.5	    	    	    	    	    	    	    	    	    	    
[2026-02-02 17:21:37.747]  17:40:43	7.16	 085	 324	37.5	 31 	  2 	100%	 6.5	    	    	    	    	    	    	    	    	    	    
[2026-02-02 17:21:43.734]  17:40:49	7.16	 086	 324	37.5	 31 	  2 	100%	 6.5	    	    	    	    	    	    	    	    	    	    
[2026-02-02 17:21:49.700]  17:40:55	7.16	 086	 323	37.5	 31 	  2 	100%	 6.4	    	    	    	    	    	    	    	    	    	    
[2026-02-02 17:21:55.677]  17:41:01	7.16	 086	 323	37.5	 31 	  2 	100%	 6.5	    	    	    	    	    	    	    	    	    	    
[2026-02-02 17:22:01.653]  17:41:07	7.16	 087	 323	37.5	 31 	  2 	100%	 6.5	    	    	    	    	    	    	    	    	    	    
[2026-02-02 17:22:07.629]  17:41:13	7.16	 087	 325	37.5	 31 	  2 	100%	 6.5	    	    	    	    	    	    	    	    	    	    
[2026-02-02 17:22:13.610]  17:41:19	7.16	 087	 327	37.5	 31 	  2 	100%	 6.5	    	    	    	    	    	    	    	    	    	    
[2026-02-02 17:22:19.594]  17:41:25	7.16	 087	 328	37.5	 31 	  2 	100%	 6.5	    	    	    	    	    	    	    	    	    	    
[2026-02-02 17:22:25.560]  17:41:31	7.16	 087	 328	37.5	 31 	  2 	100%	 6.5	    	    	    	    	    	    	    	    	    	    
[2026-02-02 17:22:31.535]  17:41:37	7.16	 087	 326	37.5	 31 	  2 	100%	 6.5	    	    	    	    	    	    	    	    	    	    
[2026-02-02 17:22:37.511]  17:41:43	7.16	 087	 323	37.5	 31 	  2 	100%	 6.5	    	    	    	    	    	    	    	    	    	    
[2026-02-02 17:22:43.498]  17:41:49	7.15	 089	 320	37.5	 31 	  2 	100%	 6.5	    	    	    	    	    	    	    	    	    	    
[2026-02-02 17:22:49.465]  17:41:55	7.15	 090	 319	37.5	 31 	  2 	100%	 6.5	    	    	    	    	    	    	    	    	    	    
[2026-02-02 17:22:55.441]  17:42:01	7.14	 092	 317	37.5	 32 	  2 	100%	 6.5	    	    	    	    	    	    	    	    	    	    
[2026-02-02 17:23:01.423]  17:42:07	7.14	 093	 315	37.5	 32 	  2 	100%	 6.5	    	    	    	    	    	    	    	    	    	    
[2026-02-02 17:23:07.385]          	    	ARTERIAL 	 	  	    	    	    	    	    	    	    	  	    VENOUS
[2026-02-02 17:23:07.407]   Time   	 pH 	 CO2	  O2	TEMP	HCO3	 BE 	cSO2	 K+ 	 VO2	  Q 	 BSA	 pH 	 CO2	  O2	TEMP	 SO2	 HCT	 HGB
[2026-02-02 17:23:07.436] 
[2026-02-02 17:23:07.436]  17:42:13	7.14	 093	 316	37.5	 32 	  2 	100%	 6.5	    	    	    	    	    	    	    	    	    	    
[2026-02-02 17:23:13.375]  17:42:19	7.14	 092	 318	37.5	 32 	  2 	100%	 6.5	    	    	    	    	    	    	    	    	    	    
[2026-02-02 17:23:19.347]  17:42:25	7.14	 091	 319	37.5	 32 	  2 	100%	 6.5	    	    	    	    	    	    	    	    	    	    
[2026-02-02 17:23:25.325]  17:42:31	7.14	 091	 318	37.5	 32 	  2 	100%	 6.5	    	    	    	    	    	    	    	    	    	    
[2026-02-02 17:23:31.301]  17:42:37	7.14	 091	 317	37.5	 31 	  2 	100%	 6.5	    	    	    	    	    	    	    	    	    	    
[2026-02-02 17:23:37.275]  17:42:43	7.14	 090	 317	37.5	 31 	  2 	100%	 6.5	    	    	    	    	    	    	    	    	    	    
[2026-02-02 17:23:43.262]  17:42:49	7.15	 090	 317	37.5	 31 	  2 	100%	 6.5	    	    	    	    	    	    	    	    	    	    
[2026-02-02 17:23:49.228]  17:42:55	7.15	 090	 317	37.5	 31 	  2 	100%	 6.5	    	    	    	    	    	    	    	    	    	    
[2026-02-02 17:23:55.207]  17:43:01	7.15	 090	 315	37.5	 31 	  2 	100%	 6.5	    	    	    	    	    	    	    	    	    	    
[2026-02-02 17:24:01.194]  17:43:07	7.14	 090	 314	37.5	 31 	  2 	100%	 6.5	    	    	    	    	    	    	    	    	    	    
[2026-02-02 17:24:07.160]  17:43:13	7.14	 090	 314	37.5	 31 	  2 	100%	 6.5	    	    	    	    	    	    	    	    	    	    
[2026-02-02 17:24:13.137]  17:43:19	7.14	 090	 313	37.5	 31 	  2 	100%	 6.5	    	    	    	    	    	    	    	    	    	    
[2026-02-02 17:24:19.110]  17:43:25	7.14	 090	 313	37.5	 31 	  2 	100%	 6.5	    	    	    	    	    	    	    	    	    	    
[2026-02-02 17:24:25.087]  17:43:31	7.14	 090	 314	37.6	 31 	  2 	100%	 6.5	    	    	    	    	    	    	    	    	    	    
[2026-02-02 17:24:31.063]  17:43:37	7.14	 090	 314	37.6	 31 	  2 	100%	 6.5	    	    	    	    	    	    	    	    	    	    
[2026-02-02 17:24:37.042]  17:43:42	7.14	 090	 314	37.6	 31 	  2 	100%	 6.5	    	    	    	    	    	    	    	    	    	    
[2026-02-02 17:24:43.032]  17:43:48	7.14	 090	 314	37.6	 31 	  2 	100%	 6.5	    	    	    	    	    	    	    	    	    	    
[2026-02-02 17:24:48.993]  17:43:54	7.14	 090	 313	37.6	 31 	  2 	100%	 6.5	    	    	    	    	    	    	    	    	    	    
[2026-02-02 17:24:54.970]  17:44:00	7.14	 090	 313	37.6	 31 	  2 	100%	 6.5	    	    	    	    	    	    	    	    	    	    
[2026-02-02 17:25:00.945]  17:44:06	7.14	 090	 314	37.6	 31 	  2 	100%	 6.5	    	    	    	    	    	    	    	    	    	    
[2026-02-02 17:25:06.922]  17:44:12	7.14	 090	 314	37.6	 31 	  2 	100%	 6.5	    	    	    	    	    	    	    	    	    	    
[2026-02-02 17:25:12.912]  17:44:18	7.14	 090	 315	37.6	 31 	  2 	100%	 6.5	    	    	    	    	    	    	    	    	    	    
[2026-02-02 17:25:18.874]  17:44:24	7.14	 090	 315	37.6	 31 	  2 	100%	 6.5	    	    	    	    	    	    	    	    	    	    
[2026-02-02 17:25:24.864]  17:44:30	7.14	 090	 314	37.6	 31 	  2 	100%	 6.4	    	    	    	    	    	    	    	    	    	    
[2026-02-02 17:25:30.827]  17:44:36	7.14	 090	 313	37.6	 31 	  2 	100%	 6.5	    	    	    	    	    	    	    	    	    	    
[2026-02-02 17:25:36.806]  17:44:42	7.14	 091	 311	37.6	 31 	  2 	100%	 6.5	    	    	    	    	    	    	    	    	    	    
[2026-02-02 17:25:42.791]  17:44:48	7.14	 091	 309	37.6	 31 	  2 	100%	 6.4	    	    	    	    	    	    	    	    	    	    
[2026-02-02 17:25:48.756]  17:44:54	7.14	 091	 307	37.6	 31 	  2 	100%	 6.4	    	    	    	    	    	    	    	    	    	    
[2026-02-02 17:25:54.744]  17:45:00	7.14	 091	 307	37.6	 31 	  2 	100%	 6.5	    	    	    	    	    	    	    	    	    	    
[2026-02-02 17:26:00.712]  17:45:06	7.14	 091	 307	37.6	 31 	  2 	100%	 6.5	    	    	    	    	    	    	    	    	    	    
[2026-02-02 17:26:06.686]  17:45:12	7.14	 091	 307	37.6	 31 	  2 	100%	 6.5	    	    	    	    	    	    	    	    	    	    
[2026-02-02 17:26:12.665]  17:45:18	7.14	 091	 308	37.6	 31 	  2 	100%	 6.5	    	    	    	    	    	    	    	    	    	    
[2026-02-02 17:26:18.651]  17:45:24	7.14	 091	 308	37.6	 31 	  2 	100%	 6.5	    	    	    	    	    	    	    	    	    	    
[2026-02-02 17:26:24.615]  17:45:30	7.14	 091	 309	37.6	 31 	  2 	100%	 6.5	    	    	    	    	    	    	    	    	    	    
[2026-02-02 17:26:30.592]  17:45:35	7.14	 091	 309	37.6	 31 	  2 	100%	 6.5	    	    	    	    	    	    	    	    	    	    
[2026-02-02 17:26:36.568]  17:45:41	7.14	 091	 310	37.6	 31 	  2 	100%	 6.5	    	    	    	    	    	    	    	    	    	    
[2026-02-02 17:26:42.556]  17:45:47	7.14	 091	 309	37.5	 31 	  2 	100%	 6.5	    	    	    	    	    	    	    	    	    	    
[2026-02-02 17:26:48.520]  17:45:53	7.14	 091	 309	37.4	 31 	  2 	100%	 6.4	    	    	    	    	    	    	    	    	    	    
[2026-02-02 17:26:54.498]  17:45:59	7.14	 091	 307	37.3	 31 	  2 	100%	 6.4	    	    	    	    	    	    	    	    	    	    
[2026-02-02 17:27:00.473]  17:46:05	7.14	 091	 306	37.3	 31 	  2 	100%	 6.4	    	    	    	    	    	    	    	    	    	    
[2026-02-02 17:27:02.213] S17:46:05	7.14	 091	 306	37.3	 31 	  2 	100%	 6.4	    	    	    	    	    	    	    	    	    	    
[2026-02-02 17:27:06.449]  17:46:11	7.14	 091	 305	37.3	 31 	  2 	100%	 6.5	    	    	    	    	    	    	    	    	    	    
[2026-02-02 17:27:12.468]  17:46:17	7.14	 091	 306	37.2	 31 	  2 	100%	 6.5	    	    	    	    	    	    	    	    	    	    
[2026-02-02 17:27:18.416]  17:46:23	7.14	 091	 306	37.1	 31 	  2 	100%	 6.4	    	    	    	    	    	    	    	    	    	    
[2026-02-02 17:27:24.379]  17:46:29	7.14	 091	 306	37.3	 31 	  2 	100%	 6.5	    	    	    	    	    	    	    	    	    	    
[2026-02-02 17:27:30.356]  17:46:35	7.14	 091	 305	37.5	 31 	  2 	100%	 6.5	    	    	    	    	    	    	    	    	    	    
[2026-02-02 17:27:36.332]  17:46:41	7.14	 091	 305	37.5	 31 	  2 	100%	 6.5	    	    	    	    	    	    	    	    	    	    
[2026-02-02 17:27:42.319]  17:46:47	7.14	 091	 306	37.6	 31 	  2 	100%	 6.5	    	    	    	    	    	    	    	    	    	    
[2026-02-02 17:27:48.287]  17:46:53	7.14	 091	 305	37.6	 31 	  2 	100%	 6.4	    	    	    	    	    	    	    	    	    	    
[2026-02-02 17:27:54.261]  17:46:59	7.14	 091	 305	37.6	 31 	  2 	100%	 6.5	    	    	    	    	    	    	    	    	    	    
[2026-02-02 17:28:00.266]          	    	ARTERIAL 	 	  	    	    	    	    	    	    	    	  	    VENOUS
[2026-02-02 17:28:00.288]   Time   	 pH 	 CO2	  O2	TEMP	HCO3	 BE 	cSO2	 K+ 	 VO2	  Q 	 BSA	 pH 	 CO2	  O2	TEMP	 SO2	 HCT	 HGB
[2026-02-02 17:28:00.315] 
[2026-02-02 17:28:00.317]  17:47:05	7.14	 091	 305	37.6	 31 	  2 	100%	 6.5	    	    	    	    	    	    	    	    	    	    
[2026-02-02 17:28:06.214]  17:47:11	7.14	 091	 305	37.6	 31 	  2 	100%	 6.5	    	    	    	    	    	    	    	    	    	    
[2026-02-02 17:28:12.196]  17:47:17	7.14	 091	 306	37.6	 31 	  2 	100%	 6.5	    	    	    	    	    	    	    	    	    	    
[2026-02-02 17:28:18.166]  17:47:23	7.14	 091	 307	37.6	 31 	  2 	100%	 6.5	    	    	    	    	    	    	    	    	    	    
[2026-02-02 17:28:24.146]  17:47:29	7.14	 091	 307	37.6	 31 	  2 	100%	 6.5	    	    	    	    	    	    	    	    	    	    
[2026-02-02 17:28:30.121]  17:47:35	7.14	 091	 307	37.6	 31 	  2 	100%	 6.5	    	    	    	    	    	    	    	    	    	    
[2026-02-02 17:28:36.098]  17:47:41	7.14	 092	 307	37.6	 31 	  2 	100%	 6.5	    	    	    	    	    	    	    	    	    	    
[2026-02-02 17:28:42.083]  17:47:47	7.14	 092	 307	37.6	 31 	  2 	100%	 6.5	    	    	    	    	    	    	    	    	    	    
[2026-02-02 17:28:48.048]  17:47:53	7.14	 092	 307	37.6	 31 	  2 	100%	 6.5	    	    	    	    	    	    	    	    	    	    
[2026-02-02 17:28:54.028]  17:47:59	7.14	 092	 307	37.6	 31 	  2 	100%	 6.5	    	    	    	    	    	    	    	    	    	    
[2026-02-02 17:29:00.001]  17:48:05	7.14	 092	 307	37.6	 31 	  2 	100%	 6.5	    	    	    	    	    	    	    	    	    	    
[2026-02-02 17:29:05.982]  17:48:11	7.14	 092	 308	37.6	 31 	  2 	100%	 6.5	    	    	    	    	    	    	    	    	    	    
[2026-02-02 17:29:11.958]  17:48:17	7.14	 092	 308	37.6	 31 	  2 	100%	 6.5	    	    	    	    	    	    	    	    	    	    
[2026-02-02 17:29:17.931]  17:48:23	7.14	 092	 308	37.6	 31 	  2 	100%	 6.5	    	    	    	    	    	    	    	    	    	    
[2026-02-02 17:29:23.908]  17:48:29	7.14	 092	 308	37.6	 31 	  2 	100%	 6.5	    	    	    	    	    	    	    	    	    	    
[2026-02-02 17:29:29.884]  17:48:35	7.14	 092	 308	37.6	 31 	  2 	100%	 6.5	    	    	    	    	    	    	    	    	    	    
[2026-02-02 17:29:35.861]  17:48:41	7.14	 092	 307	37.6	 31 	  2 	100%	 6.5	    	    	    	    	    	    	    	    	    	    
[2026-02-02 17:29:41.848]  17:48:47	7.14	 092	 307	37.6	 31 	  2 	100%	 6.5	    	    	    	    	    	    	    	    	    	    
[2026-02-02 17:29:47.813]  17:48:53	7.14	 092	 306	37.6	 31 	  2 	100%	 6.5	    	    	    	    	    	    	    	    	    	    
[2026-02-02 17:29:53.805]  17:48:59	7.14	 092	 306	37.6	 31 	  2 	100%	 6.5	    	    	    	    	    	    	    	    	    	    
[2026-02-02 17:29:59.767]  17:49:05	7.14	 092	 305	37.6	 31 	  2 	100%	 6.5	    	    	    	    	    	    	    	    	    	    
[2026-02-02 17:30:05.744]  17:49:11	7.14	 092	 305	37.7	 31 	  2 	100%	 6.5	    	    	    	    	    	    	    	    	    	    
[2026-02-02 17:30:11.722]  17:49:17	7.14	 092	 304	37.7	 31 	  2 	100%	 6.5	    	    	    	    	    	    	    	    	    	    
[2026-02-02 17:30:17.696]  17:49:23	7.13	 092	 305	37.7	 31 	  2 	100%	 6.5	    	    	    	    	    	    	    	    	    	    
[2026-02-02 17:30:23.679]  17:49:29	7.13	 092	 305	37.7	 31 	  2 	100%	 6.5	    	    	    	    	    	    	    	    	    	    
[2026-02-02 17:30:29.648]  17:49:35	7.13	 092	 304	37.7	 31 	  2 	100%	 6.5	    	    	    	    	    	    	    	    	    	    
[2026-02-02 17:30:35.624]  17:49:41	7.13	 092	 304	37.7	 31 	  2 	100%	 6.5	    	    	    	    	    	    	    	    	    	    
[2026-02-02 17:30:41.612]  17:49:47	7.13	 093	 303	37.7	 31 	  2 	100%	 6.5	    	    	    	    	    	    	    	    	    	    
[2026-02-02 17:30:47.577]  17:49:53	7.13	 095	 301	37.7	 32 	  2 	100%	 6.5	    	    	    	    	    	    	    	    	    	    
[2026-02-02 17:30:53.594]  17:49:59	7.12	 096	 299	37.7	 32 	  2 	100%	 6.5	    	    	    	    	    	    	    	    	    	    
[2026-02-02 17:30:59.531]  17:50:05	7.12	 098	 296	37.7	 32 	  2 	100%	 6.5	    	    	    	    	    	    	    	    	    	    
[2026-02-02 17:31:05.506]  17:50:11	7.12	 099	 294	37.7	 32 	  2 	100%	 6.5	    	    	    	    	    	    	    	    	    	    
[2026-02-02 17:31:11.486]  17:50:17	7.12	 098	 294	37.7	 32 	  2 	100%	 6.5	    	    	    	    	    	    	    	    	    	    
[2026-02-02 17:31:17.459]  17:50:23	7.12	 097	 296	37.7	 32 	  2 	100%	 6.5	    	    	    	    	    	    	    	    	    	    
[2026-02-02 17:31:23.435]  17:50:29	7.12	 096	 298	37.7	 32 	  2 	100%	 6.5	    	    	    	    	    	    	    	    	    	    
[2026-02-02 17:31:29.414]  17:50:35	7.12	 097	 298	37.7	 32 	  2 	100%	 6.5	    	    	    	    	    	    	    	    	    	    
[2026-02-02 17:31:35.388]  17:50:41	7.11	 099	 298	37.7	 32 	  2 	100%	 6.5	    	    	    	    	    	    	    	    	    	    
[2026-02-02 17:31:41.378]  17:50:47	7.11	 100	 296	37.7	 32 	  2 	100%	 6.5	    	    	    	    	    	    	    	    	    	    
[2026-02-02 17:31:47.341]  17:50:53	7.11	 099	 296	37.7	 32 	  2 	100%	 6.5	    	    	    	    	    	    	    	    	    	    
[2026-02-02 17:31:53.319]  17:50:59	7.12	 099	 296	37.7	 32 	  2 	100%	 6.5	    	    	    	    	    	    	    	    	    	    
[2026-02-02 17:31:59.294]  17:51:05	7.12	 098	 296	37.7	 32 	  2 	100%	 6.5	    	    	    	    	    	    	    	    	    	    
[2026-02-02 17:32:05.272]  17:51:11	7.12	 097	 295	37.7	 32 	  2 	100%	 6.5	    	    	    	    	    	    	    	    	    	    
[2026-02-02 17:32:11.251]  17:51:17	7.12	 097	 295	37.7	 32 	  2 	100%	 6.5	    	    	    	    	    	    	    	    	    	    
[2026-02-02 17:32:17.224]  17:51:23	7.12	 097	 294	37.7	 32 	  2 	100%	 6.5	    	    	    	    	    	    	    	    	    	    
[2026-02-02 17:32:23.202]  17:51:29	7.11	 099	 291	37.7	 32 	  2 	100%	 6.5	    	    	    	    	    	    	    	    	    	    
[2026-02-02 17:32:29.178]  17:51:35	7.10	 101	 287	37.7	 32 	  2 	100%	 6.5	    	    	    	    	    	    	    	    	    	    
[2026-02-02 17:32:35.154]  17:51:41	7.10	 101	 286	37.7	 32 	  2 	100%	 6.5	    	    	    	    	    	    	    	    	    	    
[2026-02-02 17:32:41.153]  17:51:47	7.11	 100	 288	37.7	 32 	  2 	100%	 6.5	    	    	    	    	    	    	    	    	    	    
[2026-02-02 17:32:47.107]  17:51:53	7.11	 099	 290	37.7	 32 	  2 	100%	 6.4	    	    	    	    	    	    	    	    	    	    
[2026-02-02 17:32:53.084]  17:51:59	7.11	 099	 292	37.7	 32 	  2 	100%	 6.4	    	    	    	    	    	    	    	    	    	    
[2026-02-02 17:32:59.050]          	    	ARTERIAL 	 	  	    	    	    	    	    	    	    	  	    VENOUS
[2026-02-02 17:32:59.076]   Time   	 pH 	 CO2	  O2	TEMP	HCO3	 BE 	cSO2	 K+ 	 VO2	  Q 	 BSA	 pH 	 CO2	  O2	TEMP	 SO2	 HCT	 HGB
[2026-02-02 17:32:59.099] 
[2026-02-02 17:32:59.099]  17:52:05	7.11	 099	 291	37.7	 32 	  2 	100%	 6.5	    	    	    	    	    	    	    	    	    	    
[2026-02-02 17:33:05.037]  17:52:11	7.10	 101	 287	37.7	 32 	  2 	100%	 6.5	    	    	    	    	    	    	    	    	    	    
[2026-02-02 17:33:11.029]  17:52:17	7.10	 103	 283	37.7	 32 	  2 	100%	 6.5	    	    	    	    	    	    	    	    	    	    
[2026-02-02 17:33:16.990]  17:52:23	7.10	 103	 283	37.7	 32 	  2 	100%	 6.4	    	    	    	    	    	    	    	    	    	    
[2026-02-02 17:33:22.966]  17:52:29	7.10	 102	 284	37.7	 32 	  2 	100%	 6.4	    	    	    	    	    	    	    	    	    	    
[2026-02-02 17:33:28.942]  17:52:35	7.11	 101	 286	37.7	 32 	  2 	100%	 6.5	    	    	    	    	    	    	    	    	    	    
[2026-02-02 17:33:34.920]  17:52:41	7.11	 100	 288	37.7	 32 	  2 	100%	 6.5	    	    	    	    	    	    	    	    	    	    
[2026-02-02 17:33:40.910]  17:52:47	7.11	 099	 289	37.7	 32 	  2 	100%	 6.5	    	    	    	    	    	    	    	    	    	    
[2026-02-02 17:33:46.870]  17:52:53	7.11	 098	 291	37.7	 32 	  2 	100%	 6.5	    	    	    	    	    	    	    	    	    	    
[2026-02-02 17:33:52.858]  17:52:58	7.11	 098	 292	37.7	 32 	  2 	100%	 6.5	    	    	    	    	    	    	    	    	    	    
[2026-02-02 17:33:58.824]  17:53:04	7.12	 097	 294	37.7	 32 	  2 	100%	 6.5	    	    	    	    	    	    	    	    	    	    
[2026-02-02 17:34:04.799]  17:53:10	7.12	 097	 294	37.7	 32 	  2 	100%	 6.5	    	    	    	    	    	    	    	    	    	    
[2026-02-02 17:34:10.779]  17:53:16	7.12	 097	 295	37.7	 32 	  2 	100%	 6.5	    	    	    	    	    	    	    	    	    	    
[2026-02-02 17:34:16.753]  17:53:22	7.12	 097	 296	37.7	 32 	  2 	100%	 6.5	    	    	    	    	    	    	    	    	    	    
[2026-02-02 17:34:22.743]  17:53:28	7.12	 097	 296	37.7	 31 	  2 	100%	 6.5	    	    	    	    	    	    	    	    	    	    
[2026-02-02 17:34:28.706]  17:53:34	7.12	 096	 296	37.7	 31 	  2 	100%	 6.5	    	    	    	    	    	    	    	    	    	    
[2026-02-02 17:34:34.681]  17:53:40	7.12	 096	 297	37.7	 31 	  2 	100%	 6.5	    	    	    	    	    	    	    	    	    	    
[2026-02-02 17:34:40.668]  17:53:46	7.12	 096	 298	37.7	 31 	  2 	100%	 6.5	    	    	    	    	    	    	    	    	    	    
[2026-02-02 17:34:46.634]  17:53:52	7.12	 096	 298	37.7	 31 	  2 	100%	 6.5	    	    	    	    	    	    	    	    	    	    
[2026-02-02 17:34:52.610]  17:53:58	7.12	 096	 298	37.7	 31 	  2 	100%	 6.4	    	    	    	    	    	    	    	    	    	    
[2026-02-02 17:34:58.588]  17:54:04	7.12	 096	 298	37.7	 31 	  2 	100%	 6.4	    	    	    	    	    	    	    	    	    	    
[2026-02-02 17:35:04.564]  17:54:10	7.12	 096	 298	37.7	 31 	  2 	100%	 6.5	    	    	    	    	    	    	    	    	    	    
[2026-02-02 17:35:10.542]  17:54:16	7.12	 095	 298	37.7	 31 	  2 	100%	 6.5	    	    	    	    	    	    	    	    	    	    
[2026-02-02 17:35:16.522]  17:54:22	7.12	 095	 298	37.7	 31 	  2 	100%	 6.5	    	    	    	    	    	    	    	    	    	    
[2026-02-02 17:35:22.492]  17:54:28	7.12	 095	 298	37.7	 31 	  2 	100%	 6.5	    	    	    	    	    	    	    	    	    	    
[2026-02-02 17:35:28.469]  17:54:34	7.12	 095	 298	37.7	 31 	  2 	100%	 6.5	    	    	    	    	    	    	    	    	    	    
[2026-02-02 17:35:34.446]  17:54:39	7.12	 095	 298	37.7	 31 	  2 	100%	 6.5	    	    	    	    	    	    	    	    	    	    
[2026-02-02 17:35:40.432]  17:54:45	7.12	 095	 299	37.7	 31 	  2 	100%	 6.5	    	    	    	    	    	    	    	    	    	    
[2026-02-02 17:35:46.398]  17:54:51	7.12	 095	 299	37.7	 31 	  2 	100%	 6.5	    	    	    	    	    	    	    	    	    	    
[2026-02-02 17:35:52.375]  17:54:57	7.12	 095	 299	37.7	 31 	  2 	100%	 6.5	    	    	    	    	    	    	    	    	    	    
[2026-02-02 17:35:58.351]  17:55:03	7.12	 095	 299	37.7	 31 	  2 	100%	 6.5	    	    	    	    	    	    	    	    	    	    
[2026-02-02 17:36:04.330]  17:55:09	7.12	 095	 299	37.7	 31 	  2 	100%	 6.5	    	    	    	    	    	    	    	    	    	    
[2026-02-02 17:36:10.307]  17:55:15	7.12	 095	 299	37.7	 31 	  2 	100%	 6.6	    	    	    	    	    	    	    	    	    	    
[2026-02-02 17:36:16.280]  17:55:21	7.12	 095	 299	37.7	 31 	  2 	100%	 6.6	    	    	    	    	    	    	    	    	    	    
[2026-02-02 17:36:22.257]  17:55:27	7.12	 095	 299	37.7	 31 	  2 	100%	 6.5	    	    	    	    	    	    	    	    	    	    
[2026-02-02 17:36:28.233]  17:55:33	7.12	 095	 299	37.7	 31 	  2 	100%	 6.5	    	    	    	    	    	    	    	    	    	    
[2026-02-02 17:36:34.210]  17:55:39	7.12	 095	 299	37.7	 31 	  2 	100%	 6.5	    	    	    	    	    	    	    	    	    	    
[2026-02-02 17:36:40.196]  17:55:45	7.12	 095	 299	37.7	 31 	  2 	100%	 6.6	    	    	    	    	    	    	    	    	    	    
[2026-02-02 17:36:46.164]  17:55:51	7.12	 095	 299	37.7	 31 	  2 	100%	 6.5	    	    	    	    	    	    	    	    	    	    
[2026-02-02 17:36:52.140]  17:55:57	7.12	 095	 299	37.7	 31 	  2 	100%	 6.6	    	    	    	    	    	    	    	    	    	    
[2026-02-02 17:36:58.115]  17:56:03	7.12	 095	 299	37.7	 31 	  2 	100%	 6.6	    	    	    	    	    	    	    	    	    	    
[2026-02-02 17:37:04.094]  17:56:09	7.12	 095	 299	37.7	 31 	  2 	100%	 6.6	    	    	    	    	    	    	    	    	    	    
[2026-02-02 17:37:10.075]  17:56:15	7.12	 095	 300	37.7	 31 	  2 	100%	 6.6	    	    	    	    	    	    	    	    	    	    
[2026-02-02 17:37:16.045]  17:56:21	7.12	 095	 300	37.7	 31 	  2 	100%	 6.6	    	    	    	    	    	    	    	    	    	    
[2026-02-02 17:37:22.022]  17:56:27	7.12	 095	 300	37.7	 31 	  2 	100%	 6.6	    	    	    	    	    	    	    	    	    	    
[2026-02-02 17:37:27.999]  17:56:33	7.12	 095	 300	37.7	 31 	  2 	100%	 6.6	    	    	    	    	    	    	    	    	    	    
[2026-02-02 17:37:33.974]  17:56:39	7.12	 095	 301	37.7	 31 	  2 	100%	 6.6	    	    	    	    	    	    	    	    	    	    
[2026-02-02 17:37:39.963]  17:56:45	7.12	 095	 301	37.7	 31 	  2 	100%	 6.6	    	    	    	    	    	    	    	    	    	    
[2026-02-02 17:37:45.927]  17:56:51	7.12	 095	 301	37.7	 31 	  2 	100%	 6.6	    	    	    	    	    	    	    	    	    	    
[2026-02-02 17:37:51.914]  17:56:57	7.12	 095	 301	37.7	 31 	  2 	100%	 6.6	    	    	    	    	    	    	    	    	    	    
[2026-02-02 17:37:57.871]          	    	ARTERIAL 	 	  	    	    	    	    	    	    	    	  	    VENOUS
[2026-02-02 17:37:57.895]   Time   	 pH 	 CO2	  O2	TEMP	HCO3	 BE 	cSO2	 K+ 	 VO2	  Q 	 BSA	 pH 	 CO2	  O2	TEMP	 SO2	 HCT	 HGB
[2026-02-02 17:37:57.926] 
[2026-02-02 17:37:57.926]  17:57:03	7.12	 095	 301	37.7	 31 	  2 	100%	 6.6	    	    	    	    	    	    	    	    	    	    
[2026-02-02 17:38:03.855]  17:57:09	7.12	 095	 302	37.7	 31 	  2 	100%	 6.6	    	    	    	    	    	    	    	    	    	    
[2026-02-02 17:38:09.836]  17:57:15	7.12	 095	 302	37.7	 31 	  2 	100%	 6.6	    	    	    	    	    	    	    	    	    	    
[2026-02-02 17:38:15.808]  17:57:21	7.12	 095	 303	37.7	 31 	  2 	100%	 6.6	    	    	    	    	    	    	    	    	    	    
[2026-02-02 17:38:21.785]  17:57:27	7.12	 095	 303	37.7	 31 	  2 	100%	 6.6	    	    	    	    	    	    	    	    	    	    
[2026-02-02 17:38:27.762]  17:57:33	7.12	 095	 303	37.7	 31 	  2 	100%	 6.6	    	    	    	    	    	    	    	    	    	    
[2026-02-02 17:38:33.739]  17:57:39	7.12	 095	 303	37.7	 31 	  2 	100%	 6.6	    	    	    	    	    	    	    	    	    	    
[2026-02-02 17:38:39.726]  17:57:45	7.12	 095	 303	37.7	 31 	  2 	100%	 6.6	    	    	    	    	    	    	    	    	    	    
[2026-02-02 17:38:45.691]  17:57:51	7.12	 095	 303	37.7	 31 	  2 	100%	 6.6	    	    	    	    	    	    	    	    	    	    
[2026-02-02 17:38:51.672]  17:57:57	7.12	 095	 303	37.7	 31 	  2 	100%	 6.6	    	    	    	    	    	    	    	    	    	    
[2026-02-02 17:38:57.644]  17:58:03	7.12	 095	 302	37.7	 31 	  2 	100%	 6.6	    	    	    	    	    	    	    	    	    	    
[2026-02-02 17:39:03.654]  17:58:09	7.12	 095	 302	37.8	 31 	  2 	100%	 6.6	    	    	    	    	    	    	    	    	    	    
[2026-02-02 17:39:09.603]  17:58:15	7.12	 095	 302	37.8	 31 	  2 	100%	 6.6	    	    	    	    	    	    	    	    	    	    
[2026-02-02 17:39:15.574]  17:58:21	7.12	 095	 302	37.8	 31 	  2 	100%	 6.6	    	    	    	    	    	    	    	    	    	    
[2026-02-02 17:39:21.549]  17:58:27	7.12	 096	 301	37.8	 31 	  2 	100%	 6.6	    	    	    	    	    	    	    	    	    	    
[2026-02-02 17:39:27.527]  17:58:33	7.12	 096	 301	37.8	 31 	  2 	100%	 6.6	    	    	    	    	    	    	    	    	    	    
[2026-02-02 17:39:33.503]  17:58:39	7.12	 096	 301	37.8	 31 	  2 	100%	 6.6	    	    	    	    	    	    	    	    	    	    
[2026-02-02 17:39:39.491]  17:58:45	7.12	 096	 301	37.8	 31 	  2 	100%	 6.6	    	    	    	    	    	    	    	    	    	    
[2026-02-02 17:39:45.455]  17:58:50	7.12	 096	 301	37.8	 31 	  2 	100%	 6.6	    	    	    	    	    	    	    	    	    	    
[2026-02-02 17:39:51.431]  17:58:56	7.12	 096	 301	37.8	 31 	  2 	100%	 6.6	    	    	    	    	    	    	    	    	    	    
[2026-02-02 17:39:57.408]  17:59:02	7.12	 096	 301	37.8	 31 	  2 	100%	 6.6	    	    	    	    	    	    	    	    	    	    
[2026-02-02 17:40:03.384]  17:59:08	7.12	 096	 301	37.7	 31 	  2 	100%	 6.6	    	    	    	    	    	    	    	    	    	    
[2026-02-02 17:40:09.364]  17:59:14	7.12	 096	 301	37.7	 31 	  2 	100%	 6.6	    	    	    	    	    	    	    	    	    	    
[2026-02-02 17:40:15.338]  17:59:20	7.12	 096	 302	37.7	 31 	  2 	100%	 6.6	    	    	    	    	    	    	    	    	    	    
[2026-02-02 17:40:21.312]  17:59:26	7.12	 096	 303	37.7	 31 	  2 	100%	 6.6	    	    	    	    	    	    	    	    	    	    
[2026-02-02 17:40:27.289]  17:59:32	7.12	 096	 303	37.7	 31 	  2 	100%	 6.6	    	    	    	    	    	    	    	    	    	    
[2026-02-02 17:40:33.267]  17:59:38	7.12	 096	 303	37.7	 31 	  2 	100%	 6.6	    	    	    	    	    	    	    	    	    	    
[2026-02-02 17:40:39.253]  17:59:45	7.12	 096	 303	37.7	 31 	  2 	100%	 6.6	    	    	    	    	    	    	    	    	    	    
[2026-02-02 17:40:45.221]  17:59:51	7.12	 095	 302	37.7	 31 	  2 	100%	 6.6	    	    	    	    	    	    	    	    	    	    
[2026-02-02 17:40:51.195]  17:59:57	7.12	 095	 302	37.7	 31 	  2 	100%	 6.6	    	    	    	    	    	    	    	    	    	    
[2026-02-02 17:40:57.183]  18:00:03	7.12	 096	 302	37.8	 31 	  2 	100%	 6.6	    	    	    	    	    	    	    	    	    	    
[2026-02-02 17:41:03.149]  18:00:09	7.12	 096	 301	37.8	 31 	  2 	100%	 6.6	    	    	    	    	    	    	    	    	    	    
[2026-02-02 17:41:09.127]  18:00:15	7.12	 096	 301	37.8	 31 	  2 	100%	 6.6	    	    	    	    	    	    	    	    	    	    
[2026-02-02 17:41:15.104]  18:00:20	7.12	 096	 301	37.8	 31 	  2 	100%	 6.6	    	    	    	    	    	    	    	    	    	    
[2026-02-02 17:41:21.077]  18:00:26	7.12	 096	 301	37.7	 31 	  2 	100%	 6.6	    	    	    	    	    	    	    	    	    	    
[2026-02-02 17:41:27.054]  18:00:32	7.12	 096	 302	37.7	 31 	  2 	100%	 6.6	    	    	    	    	    	    	    	    	    	    
[2026-02-02 17:41:33.030]  18:00:38	7.12	 096	 303	37.8	 31 	  2 	100%	 6.6	    	    	    	    	    	    	    	    	    	    
[2026-02-02 17:41:39.016]  18:00:44	7.12	 096	 303	37.8	 31 	  2 	100%	 6.6	    	    	    	    	    	    	    	    	    	    
[2026-02-02 17:41:44.983]  18:00:50	7.12	 095	 306	37.8	 31 	  2 	100%	 6.6	    	    	    	    	    	    	    	    	    	    
[2026-02-02 17:41:50.961]  18:00:56	7.12	 094	 318	37.8	 31 	  2 	100%	 6.6	    	    	    	    	    	    	    	    	    	    
[2026-02-02 17:41:56.935]  18:01:02	7.13	 092	 335	37.8	 31 	  2 	100%	 6.6	    	    	    	    	    	    	    	    	    	    
[2026-02-02 17:42:02.912]  18:01:08	7.14	 090	 353	37.7	 31 	  2 	100%	 6.6	    	    	    	    	    	    	    	    	    	    
[2026-02-02 17:42:08.892]  18:01:14	7.14	 088	 369	37.7	 31 	  1 	100%	 6.6	    	    	    	    	    	    	    	    	    	    
[2026-02-02 17:42:14.864]  18:01:20	7.15	 087	 383	37.7	 30 	  1 	100%	 6.6	    	    	    	    	    	    	    	    	    	    
[2026-02-02 17:42:20.842]  18:01:26	7.15	 086	 395	37.7	 30 	  1 	100%	 6.6	    	    	    	    	    	    	    	    	    	    
[2026-02-02 17:42:26.819]  18:01:32	7.16	 084	 406	37.7	 30 	  1 	100%	 6.6	    	    	    	    	    	    	    	    	    	    
[2026-02-02 17:42:32.811]  18:01:38	7.16	 083	 415	37.7	 30 	  1 	100%	 6.6	    	    	    	    	    	    	    	    	    	    
[2026-02-02 17:42:38.783]  18:01:44	7.16	 082	 422	37.7	 30 	  1 	100%	 6.6	    	    	    	    	    	    	    	    	    	    
[2026-02-02 17:42:44.747]  18:01:50	7.17	 082	 428	37.7	 30 	  1 	100%	 6.6	    	    	    	    	    	    	    	    	    	    
[2026-02-02 17:42:50.722]  18:01:56	7.17	 081	 434	37.7	 30 	  1 	100%	 6.6	    	    	    	    	    	    	    	    	    	    
[2026-02-02 17:42:56.692]          	    	ARTERIAL 	 	  	    	    	    	    	    	    	    	  	    VENOUS
[2026-02-02 17:42:56.715]   Time   	 pH 	 CO2	  O2	TEMP	HCO3	 BE 	cSO2	 K+ 	 VO2	  Q 	 BSA	 pH 	 CO2	  O2	TEMP	 SO2	 HCT	 HGB
[2026-02-02 17:42:56.746] 
[2026-02-02 17:42:56.746]  18:02:02	7.17	 080	 438	37.7	 30 	  1 	100%	 6.7	    	    	    	    	    	    	    	    	    	    
[2026-02-02 17:43:02.688]  18:02:08	7.17	 080	 442	37.7	 30 	  1 	100%	 6.6	    	    	    	    	    	    	    	    	    	    
[2026-02-02 17:43:08.656]  18:02:14	7.18	 079	 445	37.7	 30 	  1 	100%	 6.6	    	    	    	    	    	    	    	    	    	    
[2026-02-02 17:43:14.641]  18:02:20	7.18	 079	 448	37.7	 30 	  1 	100%	 6.6	    	    	    	    	    	    	    	    	    	    
[2026-02-02 17:43:20.605]  18:02:26	7.18	 078	 449	37.7	 29 	  1 	100%	 6.6	    	    	    	    	    	    	    	    	    	    
[2026-02-02 17:43:26.584]  18:02:32	7.18	 078	 450	37.7	 30 	  1 	100%	 6.7	    	    	    	    	    	    	    	    	    	    
[2026-02-02 17:43:32.558]  18:02:38	7.18	 079	 449	37.8	 30 	  1 	100%	 6.7	    	    	    	    	    	    	    	    	    	    
[2026-02-02 17:43:38.545]  18:02:44	7.17	 080	 449	37.8	 30 	  1 	100%	 6.7	    	    	    	    	    	    	    	    	    	    
[2026-02-02 17:43:44.513]  18:02:50	7.17	 081	 447	37.8	 30 	  1 	100%	 6.7	    	    	    	    	    	    	    	    	    	    
[2026-02-02 17:43:50.488]  18:02:56	7.17	 081	 447	37.8	 30 	  1 	100%	 6.7	    	    	    	    	    	    	    	    	    	    
[2026-02-02 17:43:56.475]  18:03:02	7.17	 082	 446	37.8	 30 	  1 	100%	 6.7	    	    	    	    	    	    	    	    	    	    
[2026-02-02 17:44:02.439]  18:03:08	7.17	 082	 444	37.8	 30 	  1 	100%	 6.7	    	    	    	    	    	    	    	    	    	    
[2026-02-02 17:44:08.419]  18:03:14	7.17	 083	 443	37.8	 30 	  1 	100%	 6.7	    	    	    	    	    	    	    	    	    	    
[2026-02-02 17:44:14.393]  18:03:20	7.17	 083	 442	37.8	 30 	  2 	100%	 6.7	    	    	    	    	    	    	    	    	    	    
[2026-02-02 17:44:20.369]  18:03:26	7.16	 084	 441	37.8	 30 	  2 	100%	 6.7	    	    	    	    	    	    	    	    	    	    
[2026-02-02 17:44:26.347]  18:03:32	7.16	 084	 440	37.7	 30 	  2 	100%	 6.8	    	    	    	    	    	    	    	    	    	    
[2026-02-02 17:44:32.322]  18:03:38	7.16	 084	 439	37.7	 31 	  2 	100%	 6.8	    	    	    	    	    	    	    	    	    	    
[2026-02-02 17:44:38.320]  18:03:44	7.16	 084	 439	37.7	 31 	  2 	100%	 6.7	    	    	    	    	    	    	    	    	    	    
[2026-02-02 17:44:44.275]  18:03:50	7.16	 084	 438	37.8	 31 	  2 	100%	 6.7	    	    	    	    	    	    	    	    	    	    
[2026-02-02 17:44:50.252]  18:03:56	7.16	 085	 436	37.8	 31 	  2 	100%	 6.7	    	    	    	    	    	    	    	    	    	    
[2026-02-02 17:44:56.228]  18:04:02	7.16	 085	 435	37.8	 31 	  2 	100%	 6.8	    	    	    	    	    	    	    	    	    	    
[2026-02-02 17:45:02.204]  18:04:08	7.16	 085	 432	37.8	 31 	  2 	100%	 6.8	    	    	    	    	    	    	    	    	    	    
[2026-02-02 17:45:08.184]  18:04:14	7.16	 085	 430	37.8	 31 	  2 	100%	 6.7	    	    	    	    	    	    	    	    	    	    
[2026-02-02 17:45:14.157]  18:04:20	7.16	 085	 430	37.8	 31 	  2 	100%	 6.7	    	    	    	    	    	    	    	    	    	    
[2026-02-02 17:45:20.134]  18:04:26	7.16	 085	 430	37.8	 31 	  2 	100%	 6.7	    	    	    	    	    	    	    	    	    	    
[2026-02-02 17:45:26.110]  18:04:31	7.17	 083	 432	37.8	 30 	  2 	100%	 6.7	    	    	    	    	    	    	    	    	    	    
[2026-02-02 17:45:32.091]  18:04:37	7.17	 082	 433	37.8	 30 	  2 	100%	 6.8	    	    	    	    	    	    	    	    	    	    
[2026-02-02 17:45:38.075]  18:04:43	7.17	 082	 435	37.8	 30 	  2 	100%	 6.7	    	    	    	    	    	    	    	    	    	    
[2026-02-02 17:45:44.039]  18:04:49	7.18	 081	 437	37.8	 30 	  2 	100%	 6.7	    	    	    	    	    	    	    	    	    	    
[2026-02-02 17:45:50.018]  18:04:55	7.18	 080	 438	37.8	 30 	  1 	100%	 6.7	    	    	    	    	    	    	    	    	    	    
[2026-02-02 17:45:55.994]  18:05:01	7.18	 080	 440	37.8	 30 	  1 	100%	 6.7	    	    	    	    	    	    	    	    	    	    
[2026-02-02 17:46:01.970]  18:05:07	7.18	 079	 441	37.8	 30 	  1 	100%	 6.7	    	    	    	    	    	    	    	    	    	    
[2026-02-02 17:46:07.948]  18:05:13	7.18	 079	 443	37.8	 30 	  1 	100%	 6.7	    	    	    	    	    	    	    	    	    	    
[2026-02-02 17:46:13.922]  18:05:19	7.18	 079	 444	37.8	 30 	  1 	100%	 6.7	    	    	    	    	    	    	    	    	    	    
[2026-02-02 17:46:19.910]  18:05:25	7.19	 078	 445	37.8	 30 	  1 	100%	 6.7	    	    	    	    	    	    	    	    	    	    
[2026-02-02 17:46:25.873]  18:05:31	7.19	 078	 446	37.8	 30 	  1 	100%	 6.8	    	    	    	    	    	    	    	    	    	    
[2026-02-02 17:46:31.862]  18:05:37	7.19	 078	 447	37.8	 30 	  1 	100%	 6.8	    	    	    	    	    	    	    	    	    	    
[2026-02-02 17:46:37.840]  18:05:43	7.19	 077	 447	37.8	 30 	  1 	100%	 6.8	    	    	    	    	    	    	    	    	    	    
[2026-02-02 17:46:43.814]  18:05:49	7.19	 077	 448	37.8	 30 	  1 	100%	 6.7	    	    	    	    	    	    	    	    	    	    
[2026-02-02 17:46:49.779]  18:05:54	7.19	 077	 448	37.8	 30 	  1 	100%	 6.7	    	    	    	    	    	    	    	    	    	    
[2026-02-02 17:46:55.756]  18:06:00	7.19	 077	 449	37.7	 30 	  1 	100%	 6.7	    	    	    	    	    	    	    	    	    	    
[2026-02-02 17:47:01.732]  18:06:06	7.19	 077	 449	37.7	 30 	  1 	100%	 6.7	    	    	    	    	    	    	    	    	    	    
[2026-02-02 17:47:07.713]  18:06:12	7.19	 076	 449	37.7	 30 	  1 	100%	 6.7	    	    	    	    	    	    	    	    	    	    
[2026-02-02 17:47:13.697]  18:06:18	7.20	 076	 449	37.7	 30 	  1 	100%	 6.7	    	    	    	    	    	    	    	    	    	    
[2026-02-02 17:47:19.661]  18:06:24	7.20	 076	 450	37.8	 30 	  1 	100%	 6.7	    	    	    	    	    	    	    	    	    	    
[2026-02-02 17:47:25.638]  18:06:30	7.20	 076	 450	37.8	 30 	  1 	100%	 6.7	    	    	    	    	    	    	    	    	    	    
[2026-02-02 17:47:31.615]  18:06:36	7.20	 076	 450	37.8	 30 	  1 	100%	 6.7	    	    	    	    	    	    	    	    	    	    
[2026-02-02 17:47:37.601]  18:06:42	7.20	 076	 450	37.8	 30 	  1 	100%	 6.7	    	    	    	    	    	    	    	    	    	    
[2026-02-02 17:47:43.606]  18:06:48	7.20	 075	 450	37.8	 30 	  1 	100%	 6.7	    	    	    	    	    	    	    	    	    	    
[2026-02-02 17:47:49.543]  18:06:54	7.20	 076	 436	37.8	 30 	  2 	100%	 6.7	    	    	    	    	    	    	    	    	    	    
[2026-02-02 17:47:55.514]          	    	ARTERIAL 	 	  	    	    	    	    	    	    	    	  	    VENOUS
[2026-02-02 17:47:55.537]   Time   	 pH 	 CO2	  O2	TEMP	HCO3	 BE 	cSO2	 K+ 	 VO2	  Q 	 BSA	 pH 	 CO2	  O2	TEMP	 SO2	 HCT	 HGB
[2026-02-02 17:47:55.563] 
[2026-02-02 17:47:55.563]  18:07:00	7.19	 079	 392	37.8	 30 	  2 	100%	 6.7	    	    	    	    	    	    	    	    	    	    
[2026-02-02 17:48:01.496]  18:07:06	7.18	 079	 387	37.8	 30 	  1 	100%	 6.7	    	    	    	    	    	    	    	    	    	    
[2026-02-02 17:48:07.476]  18:07:12	7.20	 076	 397	37.8	 30 	  1 	100%	 6.7	    	    	    	    	    	    	    	    	    	    
[2026-02-02 17:48:13.451]  18:07:18	7.20	 076	 412	37.7	 30 	  2 	100%	 6.8	    	    	    	    	    	    	    	    	    	    
[2026-02-02 17:48:19.428]  18:07:24	7.19	 078	 427	37.7	 30 	  1 	100%	 6.8	    	    	    	    	    	    	    	    	    	    
[2026-02-02 17:48:25.403]  18:07:30	7.18	 080	 440	37.7	 30 	  2 	100%	 6.7	    	    	    	    	    	    	    	    	    	    
[2026-02-02 17:48:31.378]  18:07:36	7.18	 080	 451	37.7	 30 	  2 	100%	 6.7	    	    	    	    	    	    	    	    	    	    
[2026-02-02 17:48:37.366]  18:07:42	7.18	 079	 460	37.7	 30 	  2 	100%	 6.8	    	    	    	    	    	    	    	    	    	    
[2026-02-02 17:48:43.331]  18:07:48	7.19	 079	 467	37.7	 30 	  2 	100%	 6.8	    	    	    	    	    	    	    	    	    	    
[2026-02-02 17:48:49.307]  18:07:54	7.19	 078	 473	37.7	 30 	  2 	100%	 6.7	    	    	    	    	    	    	    	    	    	    
[2026-02-02 17:48:55.286]  18:08:00	7.19	 077	 478	37.7	 30 	  2 	100%	 6.7	    	    	    	    	    	    	    	    	    	    
[2026-02-02 17:49:01.260]  18:08:06	7.19	 077	 481	37.7	 30 	  2 	100%	 6.8	    	    	    	    	    	    	    	    	    	    
[2026-02-02 17:49:07.240]  18:08:12	7.20	 076	 484	37.7	 30 	  2 	100%	 6.8	    	    	    	    	    	    	    	    	    	    
[2026-02-02 17:49:13.213]  18:08:18	7.20	 076	 486	37.7	 30 	  2 	100%	 6.7	    	    	    	    	    	    	    	    	    	    
[2026-02-02 17:49:19.230]  18:08:24	7.20	 076	 488	37.7	 30 	  2 	100%	 6.7	    	    	    	    	    	    	    	    	    	    
[2026-02-02 17:49:25.166]  18:08:30	7.20	 076	 489	37.7	 30 	  2 	100%	 6.8	    	    	    	    	    	    	    	    	    	    
[2026-02-02 17:49:31.143]  18:08:36	7.20	 075	 491	37.7	 30 	  2 	100%	 6.8	    	    	    	    	    	    	    	    	    	    
[2026-02-02 17:49:37.130]  18:08:42	7.20	 075	 491	37.7	 30 	  2 	100%	 6.8	    	    	    	    	    	    	    	    	    	    
[2026-02-02 17:49:43.096]  18:08:48	7.20	 075	 492	37.7	 30 	  2 	100%	 6.7	    	    	    	    	    	    	    	    	    	    
[2026-02-02 17:49:49.073]  18:08:54	7.20	 075	 492	37.7	 30 	  1 	100%	 6.7	    	    	    	    	    	    	    	    	    	    
[2026-02-02 17:49:55.051]  18:09:00	7.20	 075	 493	37.7	 30 	  1 	100%	 6.8	    	    	    	    	    	    	    	    	    	    
[2026-02-02 17:50:01.026]  18:09:06	7.20	 074	 493	37.7	 30 	  1 	100%	 6.8	    	    	    	    	    	    	    	    	    	    
[2026-02-02 17:50:07.005]  18:09:12	7.20	 074	 492	37.7	 30 	  2 	100%	 6.8	    	    	    	    	    	    	    	    	    	    
[2026-02-02 17:50:12.977]  18:09:18	7.20	 074	 492	37.8	 30 	  1 	100%	 6.8	    	    	    	    	    	    	    	    	    	    
[2026-02-02 17:50:18.954]  18:09:24	7.21	 074	 491	37.8	 30 	  1 	100%	 6.8	    	    	    	    	    	    	    	    	    	    
[2026-02-02 17:50:24.930]  18:09:30	7.21	 074	 491	37.8	 30 	  2 	100%	 6.8	    	    	    	    	    	    	    	    	    	    
[2026-02-02 17:50:30.907]  18:09:36	7.21	 074	 491	37.8	 30 	  2 	100%	 6.8	    	    	    	    	    	    	    	    	    	    
[2026-02-02 17:50:36.893]  18:09:42	7.21	 074	 491	37.8	 30 	  1 	100%	 6.8	    	    	    	    	    	    	    	    	    	    
[2026-02-02 17:50:42.871]  18:09:48	7.21	 074	 491	37.8	 30 	  1 	100%	 6.7	    	    	    	    	    	    	    	    	    	    
[2026-02-02 17:50:48.836]  18:09:54	7.21	 074	 491	37.8	 30 	  2 	100%	 6.8	    	    	    	    	    	    	    	    	    	    
[2026-02-02 17:50:54.815]  18:10:00	7.21	 074	 491	37.8	 30 	  2 	100%	 6.8	    	    	    	    	    	    	    	    	    	    
[2026-02-02 17:51:00.789]  18:10:05	7.21	 074	 491	37.8	 30 	  2 	100%	 6.9	    	    	    	    	    	    	    	    	    	    
[2026-02-02 17:51:06.769]  18:10:11	7.21	 074	 490	37.8	 30 	  2 	100%	 6.9	    	    	    	    	    	    	    	    	    	    
[2026-02-02 17:51:12.742]  18:10:17	7.21	 073	 490	37.8	 30 	  2 	100%	 6.9	    	    	    	    	    	    	    	    	    	    
[2026-02-02 17:51:18.718]  18:10:23	7.21	 073	 490	37.8	 29 	  2 	100%	 6.8	    	    	    	    	    	    	    	    	    	    
[2026-02-02 17:51:24.694]  18:10:30	7.21	 073	 490	37.8	 29 	  2 	100%	 6.8	    	    	    	    	    	    	    	    	    	    
[2026-02-02 17:51:30.670]  18:10:36	7.21	 072	 490	37.8	 29 	  2 	100%	 6.8	    	    	    	    	    	    	    	    	    	    
[2026-02-02 17:51:36.658]  18:10:42	7.21	 072	 490	37.8	 29 	  2 	100%	 6.8	    	    	    	    	    	    	    	    	    	    
[2026-02-02 17:51:42.624]  18:10:48	7.21	 072	 490	37.8	 29 	  2 	100%	 6.8	    	    	    	    	    	    	    	    	    	    
[2026-02-02 17:51:48.600]  18:10:54	7.21	 072	 489	37.8	 29 	  2 	100%	 6.8	    	    	    	    	    	    	    	    	    	    
[2026-02-02 17:51:54.576]  18:11:00	7.22	 072	 488	37.8	 29 	  2 	100%	 6.8	    	    	    	    	    	    	    	    	    	    
[2026-02-02 17:52:00.553]  18:11:06	7.22	 072	 487	37.8	 29 	  2 	100%	 6.9	    	    	    	    	    	    	    	    	    	    
[2026-02-02 17:52:06.533]  18:11:12	7.22	 072	 486	37.8	 29 	  2 	100%	 6.9	    	    	    	    	    	    	    	    	    	    
[2026-02-02 17:52:12.509]  18:11:18	7.22	 072	 485	37.8	 29 	  2 	100%	 6.8	    	    	    	    	    	    	    	    	    	    
[2026-02-02 17:52:18.481]  18:11:23	7.22	 072	 481	37.8	 29 	  2 	100%	 6.8	    	    	    	    	    	    	    	    	    	    
[2026-02-02 17:52:24.458]  18:11:29	7.22	 072	 471	37.8	 29 	  2 	100%	 6.8	    	    	    	    	    	    	    	    	    	    
[2026-02-02 17:52:30.435]  18:11:35	7.22	 072	 458	37.8	 30 	  2 	100%	 6.8	    	    	    	    	    	    	    	    	    	    
[2026-02-02 17:52:36.424]  18:11:41	7.22	 072	 447	37.8	 30 	  2 	100%	 6.8	    	    	    	    	    	    	    	    	    	    
[2026-02-02 17:52:42.387]  18:11:47	7.22	 072	 438	37.8	 30 	  2 	100%	 6.8	    	    	    	    	    	    	    	    	    	    
[2026-02-02 17:52:48.366]  18:11:53	7.22	 072	 430	37.8	 30 	  2 	100%	 6.7	    	    	    	    	    	    	    	    	    	    
[2026-02-02 17:52:54.332]          	    	ARTERIAL 	 	  	    	    	    	    	    	    	    	  	    VENOUS
[2026-02-02 17:52:54.359]   Time   	 pH 	 CO2	  O2	TEMP	HCO3	 BE 	cSO2	 K+ 	 VO2	  Q 	 BSA	 pH 	 CO2	  O2	TEMP	 SO2	 HCT	 HGB
[2026-02-02 17:52:54.391] 
[2026-02-02 17:52:54.391]  18:11:59	7.22	 072	 409	37.8	 30 	  2 	100%	 6.8	    	    	    	    	    	    	    	    	    	    
[2026-02-02 17:53:00.328]  18:12:05	7.21	 073	 376	37.8	 30 	  2 	100%	 6.8	    	    	    	    	    	    	    	    	    	    
[2026-02-02 17:53:06.296]  18:12:11	7.21	 073	 344	37.8	 30 	  2 	100%	 6.8	    	    	    	    	    	    	    	    	    	    
[2026-02-02 17:53:12.271]  18:12:17	7.21	 073	 315	37.8	 30 	  2 	100%	 6.8	    	    	    	    	    	    	    	    	    	    
[2026-02-02 17:53:18.248]  18:12:23	7.21	 073	 291	37.8	 30 	  2 	100%	 6.8	    	    	    	    	    	    	    	    	    	    
[2026-02-02 17:53:24.223]  18:12:29	7.21	 073	 270	37.8	 30 	  2 	100%	 6.9	    	    	    	    	    	    	    	    	    	    
[2026-02-02 17:53:30.194]  18:12:35	7.21	 073	 238	37.8	 30 	  2 	 99%	 6.9	    	    	    	    	    	    	    	    	    	    
[2026-02-02 17:53:36.181]  18:12:41	7.21	 073	 204	37.8	 30 	  2 	 99%	 6.9	    	    	    	    	    	    	    	    	    	    
[2026-02-02 17:53:42.146]  18:12:47	7.21	 074	 174	37.8	 30 	  2 	 99%	 6.8	    	    	    	    	    	    	    	    	    	    
[2026-02-02 17:53:48.122]  18:12:53	7.21	 074	 152	37.8	 30 	  2 	 99%	 6.8	    	    	    	    	    	    	    	    	    	    
[2026-02-02 17:53:54.099]  18:12:59	7.21	 074	 138	37.8	 30 	  2 	 98%	 6.8	    	    	    	    	    	    	    	    	    	    
[2026-02-02 17:54:00.076]  18:13:05	7.21	 073	 129	37.8	 30 	  2 	 98%	 6.8	    	    	    	    	    	    	    	    	    	    
[2026-02-02 17:54:06.055]  18:13:11	7.21	 074	 116	37.8	 30 	  2 	 97%	 6.9	    	    	    	    	    	    	    	    	    	    
[2026-02-02 17:54:12.042]  18:13:17	7.21	 074	 103	37.8	 30 	  2 	 96%	 6.9	    	    	    	    	    	    	    	    	    	    
[2026-02-02 17:54:18.007]  18:13:23	7.21	 074	 093	37.8	 30 	  2 	 95%	 6.9	    	    	    	    	    	    	    	    	    	    
[2026-02-02 17:54:23.981]  18:13:29	7.21	 074	 087	37.8	 30 	  2 	 94%	 6.9	    	    	    	    	    	    	    	    	    	    
[2026-02-02 17:54:29.957]  18:13:35	7.21	 074	 082	37.8	 30 	  2 	 93%	 6.8	    	    	    	    	    	    	    	    	    	    
[2026-02-02 17:54:35.946]  18:13:41	7.21	 074	 080	37.8	 30 	  2 	 92%	 6.9	    	    	    	    	    	    	    	    	    	    
[2026-02-02 17:54:41.911]  18:13:47	7.21	 074	 076	37.8	 30 	  2 	 91%	 6.9	    	    	    	    	    	    	    	    	    	    
[2026-02-02 17:54:47.886]  18:13:53	7.21	 075	 073	37.8	 30 	  2 	 90%	 6.9	    	    	    	    	    	    	    	    	    	    
[2026-02-02 17:54:53.866]  18:13:59	7.21	 075	 069	37.8	 30 	  2 	 89%	 6.8	    	    	    	    	    	    	    	    	    	    
[2026-02-02 17:54:59.842]  18:14:05	7.21	 075	 067	37.8	 30 	  2 	 88%	 6.8	    	    	    	    	    	    	    	    	    	    
[2026-02-02 17:55:05.821]  18:14:11	7.21	 075	 065	37.8	 30 	  2 	 87%	 6.9	    	    	    	    	    	    	    	    	    	    
[2026-02-02 17:55:11.795]  18:14:17	7.21	 074	 064	37.8	 30 	  2 	 86%	 6.9	    	    	    	    	    	    	    	    	    	    
[2026-02-02 17:55:17.771]  18:14:23	7.21	 075	 061	37.8	 30 	  2 	 84%	 6.9	    	    	    	    	    	    	    	    	    	    
[2026-02-02 17:55:23.747]  18:14:29	7.21	 075	 059	37.8	 30 	  2 	 83%	 6.9	    	    	    	    	    	    	    	    	    	    
[2026-02-02 17:55:29.724]  18:14:35	7.21	 075	 057	37.8	 30 	  2 	 82%	 6.9	    	    	    	    	    	    	    	    	    	    
[2026-02-02 17:55:35.711]  18:14:41	7.21	 075	 057	37.8	 30 	  2 	 81%	 6.9	    	    	    	    	    	    	    	    	    	    
[2026-02-02 17:55:41.678]  18:14:47	7.21	 075	 055	37.8	 30 	  2 	 80%	 6.9	    	    	    	    	    	    	    	    	    	    
[2026-02-02 17:55:47.655]  18:14:53	7.21	 075	 054	37.8	 30 	  2 	 79%	 6.9	    	    	    	    	    	    	    	    	    	    
[2026-02-02 17:55:53.630]  18:14:59	7.21	 075	 052	37.8	 30 	  2 	 78%	 6.9	    	    	    	    	    	    	    	    	    	    
[2026-02-02 17:55:59.608]  18:15:05	7.20	 076	 051	37.8	 30 	  2 	 76%	 6.9	    	    	    	    	    	    	    	    	    	    
[2026-02-02 17:56:05.600]  18:15:11	7.20	 076	 049	37.8	 30 	  2 	 74%	 6.9	    	    	    	    	    	    	    	    	    	    
[2026-02-02 17:56:11.558]  18:15:17	7.20	 077	 048	37.8	 30 	  2 	 72%	 6.9	    	    	    	    	    	    	    	    	    	    
[2026-02-02 17:56:17.547]  18:15:23	7.20	 077	 047	37.8	 30 	  2 	 71%	 6.9	    	    	    	    	    	    	    	    	    	    
[2026-02-02 17:56:23.523]  18:15:29	7.20	 077	 046	37.8	 30 	  2 	 70%	 6.9	    	    	    	    	    	    	    	    	    	    
[2026-02-02 17:56:29.490]  18:15:34	7.20	 077	 045	37.8	 30 	  2 	 69%	 6.9	    	    	    	    	    	    	    	    	    	    
[2026-02-02 17:56:35.477]  18:15:40	7.20	 077	 044	37.8	 30 	  2 	 68%	 6.9	    	    	    	    	    	    	    	    	    	    
[2026-02-02 17:56:41.443]  18:15:47	7.20	 077	 044	37.8	 30 	  2 	 68%	 6.9	    	    	    	    	    	    	    	    	    	    
[2026-02-02 17:56:47.418]  18:15:53	7.20	 077	 045	37.8	 30 	  2 	 70%	 7.0	    	    	    	    	    	    	    	    	    	    
[2026-02-02 17:56:53.397]  18:15:59	7.20	 077	 046	37.8	 30 	  2 	 71%	 7.0	    	    	    	    	    	    	    	    	    	    
[2026-02-02 17:56:59.374]  18:16:05	7.20	 077	 047	37.8	 30 	  2 	 72%	 7.0	    	    	    	    	    	    	    	    	    	    
[2026-02-02 17:57:05.350]  18:16:11	7.20	 077	 047	37.8	 30 	  2 	 72%	 6.9	    	    	    	    	    	    	    	    	    	    
[2026-02-02 17:57:11.322]  18:16:17	7.20	 077	 048	37.8	 30 	  2 	 72%	 7.0	    	    	    	    	    	    	    	    	    	    
[2026-02-02 17:57:17.299]  18:16:23	7.20	 077	 048	37.8	 30 	  2 	 73%	 7.0	    	    	    	    	    	    	    	    	    	    
[2026-02-02 17:57:23.275]  18:16:29	7.20	 077	 048	37.8	 31 	  2 	 72%	 7.0	    	    	    	    	    	    	    	    	    	    
[2026-02-02 17:57:29.255]  18:16:35	7.19	 080	 045	37.8	 31 	  2 	 69%	 6.9	    	    	    	    	    	    	    	    	    	    
[2026-02-02 17:57:35.240]  18:16:41	7.18	 083	 043	37.8	 31 	  2 	 65%	 7.0	    	    	    	    	    	    	    	    	    	    
[2026-02-02 17:57:41.207]  18:16:47	7.18	 084	 043	37.8	 31 	  3 	 65%	 7.0	    	    	    	    	    	    	    	    	    	    
[2026-02-02 17:57:47.183]  18:16:53	7.18	 082	 050	37.8	 31 	  2 	 74%	 6.9	    	    	    	    	    	    	    	    	    	    
[2026-02-02 17:57:53.158]          	    	ARTERIAL 	 	  	    	    	    	    	    	    	    	  	    VENOUS
[2026-02-02 17:57:53.181]   Time   	 pH 	 CO2	  O2	TEMP	HCO3	 BE 	cSO2	 K+ 	 VO2	  Q 	 BSA	 pH 	 CO2	  O2	TEMP	 SO2	 HCT	 HGB
[2026-02-02 17:57:53.209] 
[2026-02-02 17:57:53.209]  18:16:59	7.20	 078	 074	37.8	 31 	  2 	 90%	 6.9	    	    	    	    	    	    	    	    	    	    
[2026-02-02 17:57:59.134]  18:17:05	7.19	 079	 097	37.8	 31 	  2 	 95%	 6.9	    	    	    	    	    	    	    	    	    	    
[2026-02-02 17:58:05.115]  18:17:10	7.17	 083	 080	37.8	 31 	  2 	 91%	 6.9	    	    	    	    	    	    	    	    	    	    
[2026-02-02 17:58:11.088]  18:17:16	7.16	 087	 061	37.8	 31 	  2 	 82%	 6.9	    	    	    	    	    	    	    	    	    	    
[2026-02-02 17:58:17.062]  18:17:22	7.16	 087	 054	37.8	 31 	  2 	 77%	 6.9	    	    	    	    	    	    	    	    	    	    
[2026-02-02 17:58:23.040]  18:17:28	7.17	 085	 052	37.8	 31 	  2 	 75%	 6.9	    	    	    	    	    	    	    	    	    	    
[2026-02-02 17:58:29.017]  18:17:34	7.18	 083	 051	37.8	 31 	  2 	 74%	 6.9	    	    	    	    	    	    	    	    	    	    
[2026-02-02 17:58:35.002]  18:17:40	7.18	 082	 051	37.8	 31 	  2 	 74%	 6.9	    	    	    	    	    	    	    	    	    	    
[2026-02-02 17:58:40.968]  18:17:46	7.19	 081	 050	37.8	 31 	  2 	 74%	 7.0	    	    	    	    	    	    	    	    	    	    
[2026-02-02 17:58:46.957]  18:17:52	7.19	 080	 050	37.8	 31 	  2 	 74%	 7.0	    	    	    	    	    	    	    	    	    	    
[2026-02-02 17:58:52.921]  18:17:58	7.19	 079	 049	37.8	 30 	  2 	 73%	 6.9	    	    	    	    	    	    	    	    	    	    
[2026-02-02 17:58:58.898]  18:18:04	7.19	 079	 049	37.8	 30 	  2 	 73%	 6.9	    	    	    	    	    	    	    	    	    	    
[2026-02-02 17:59:04.879]  18:18:10	7.19	 079	 049	37.8	 30 	  2 	 74%	 6.9	    	    	    	    	    	    	    	    	    	    
[2026-02-02 17:59:10.851]  18:18:16	7.19	 079	 050	37.8	 30 	  2 	 74%	 6.9	    	    	    	    	    	    	    	    	    	    
[2026-02-02 17:59:16.827]  18:18:22	7.19	 079	 050	37.8	 30 	  2 	 74%	 6.9	    	    	    	    	    	    	    	    	    	    
[2026-02-02 17:59:22.803]  18:18:28	7.18	 081	 050	37.8	 31 	  2 	 73%	 6.9	    	    	    	    	    	    	    	    	    	    
[2026-02-02 17:59:28.781]  18:18:34	7.18	 081	 051	37.8	 31 	  2 	 75%	 6.9	    	    	    	    	    	    	    	    	    	    
[2026-02-02 17:59:34.767]  18:18:40	7.20	 078	 062	37.8	 30 	  2 	 84%	 6.9	    	    	    	    	    	    	    	    	    	    
[2026-02-02 17:59:40.733]  18:18:46	7.20	 076	 102	37.8	 30 	  2 	 96%	 6.9	    	    	    	    	    	    	    	    	    	    
[2026-02-02 17:59:46.706]  18:18:52	7.19	 077	 126	37.8	 30 	  2 	 98%	 6.9	    	    	    	    	    	    	    	    	    	    
[2026-02-02 17:59:52.698]  18:18:58	7.18	 081	 103	37.8	 30 	  2 	 96%	 6.9	    	    	    	    	    	    	    	    	    	    
[2026-02-02 17:59:58.659]  18:19:04	7.17	 082	 078	37.9	 31 	  2 	 91%	 6.9	    	    	    	    	    	    	    	    	    	    
[2026-02-02 18:00:04.642]  18:19:10	7.18	 082	 066	37.9	 31 	  2 	 86%	 6.9	    	    	    	    	    	    	    	    	    	    
[2026-02-02 18:00:10.615]  18:19:16	7.18	 081	 062	37.9	 31 	  2 	 84%	 6.9	    	    	    	    	    	    	    	    	    	    
[2026-02-02 18:00:16.591]  18:19:22	7.19	 080	 061	37.9	 30 	  2 	 83%	 6.9	    	    	    	    	    	    	    	    	    	    
[2026-02-02 18:00:22.579]  18:19:28	7.19	 079	 060	37.8	 30 	  2 	 83%	 6.9	    	    	    	    	    	    	    	    	    	    
[2026-02-02 18:00:28.546]  18:19:34	7.19	 078	 059	37.9	 30 	  2 	 82%	 6.9	    	    	    	    	    	    	    	    	    	    
[2026-02-02 18:00:34.534]  18:19:40	7.19	 077	 058	37.9	 30 	  2 	 82%	 6.9	    	    	    	    	    	    	    	    	    	    
[2026-02-02 18:00:40.497]  18:19:46	7.20	 077	 058	37.9	 30 	  2 	 82%	 6.9	    	    	    	    	    	    	    	    	    	    
[2026-02-02 18:00:46.475]  18:19:52	7.20	 077	 058	37.9	 30 	  2 	 82%	 6.9	    	    	    	    	    	    	    	    	    	    
[2026-02-02 18:00:52.455]  18:19:58	7.20	 076	 058	37.9	 30 	  2 	 82%	 6.9	    	    	    	    	    	    	    	    	    	    
[2026-02-02 18:00:58.426]  18:20:04	7.20	 076	 058	37.9	 30 	  2 	 82%	 6.9	    	    	    	    	    	    	    	    	    	    
[2026-02-02 18:01:04.409]  18:20:10	7.20	 076	 058	37.9	 30 	  2 	 82%	 6.9	    	    	    	    	    	    	    	    	    	    
[2026-02-02 18:01:10.380]  18:20:16	7.20	 076	 058	37.9	 30 	  2 	 82%	 7.0	    	    	    	    	    	    	    	    	    	    
[2026-02-02 18:01:16.358]  18:20:22	7.20	 076	 058	37.9	 30 	  2 	 82%	 6.9	    	    	    	    	    	    	    	    	    	    
[2026-02-02 18:01:22.334]  18:20:28	7.20	 076	 058	37.9	 30 	  2 	 82%	 6.9	    	    	    	    	    	    	    	    	    	    
[2026-02-02 18:01:28.309]  18:20:34	7.20	 076	 058	37.9	 30 	  2 	 82%	 6.9	    	    	    	    	    	    	    	    	    	    
[2026-02-02 18:01:34.295]  18:20:40	7.20	 076	 058	37.9	 30 	  2 	 82%	 7.0	    	    	    	    	    	    	    	    	    	    
[2026-02-02 18:01:40.261]  18:20:46	7.20	 076	 058	37.8	 30 	  2 	 82%	 7.0	    	    	    	    	    	    	    	    	    	    
[2026-02-02 18:01:46.237]  18:20:52	7.20	 076	 058	37.8	 30 	  2 	 82%	 6.9	    	    	    	    	    	    	    	    	    	    
[2026-02-02 18:01:52.215]  18:20:58	7.20	 076	 058	37.8	 30 	  2 	 82%	 6.9	    	    	    	    	    	    	    	    	    	    
[2026-02-02 18:01:58.193]  18:21:04	7.20	 075	 058	37.8	 30 	  2 	 82%	 7.0	    	    	    	    	    	    	    	    	    	    
[2026-02-02 18:02:04.170]  18:21:10	7.20	 075	 059	37.8	 30 	  2 	 82%	 7.0	    	    	    	    	    	    	    	    	    	    
[2026-02-02 18:02:10.143]  18:21:16	7.20	 075	 059	37.8	 30 	  2 	 83%	 7.0	    	    	    	    	    	    	    	    	    	    
[2026-02-02 18:02:16.122]  18:21:22	7.20	 075	 059	37.8	 30 	  2 	 83%	 7.0	    	    	    	    	    	    	    	    	    	    
[2026-02-02 18:02:22.095]  18:21:28	7.20	 075	 059	37.8	 30 	  2 	 83%	 7.0	    	    	    	    	    	    	    	    	    	    
[2026-02-02 18:02:28.073]  18:21:34	7.20	 075	 059	37.8	 30 	  2 	 83%	 7.0	    	    	    	    	    	    	    	    	    	    
[2026-02-02 18:02:34.059]  18:21:40	7.20	 075	 060	37.8	 30 	  2 	 83%	 7.0	    	    	    	    	    	    	    	    	    	    
[2026-02-02 18:02:40.025]  18:21:46	7.20	 075	 060	37.8	 30 	  2 	 83%	 7.0	    	    	    	    	    	    	    	    	    	    
[2026-02-02 18:02:46.001]  18:21:52	7.20	 075	 060	37.8	 30 	  2 	 84%	 7.0	    	    	    	    	    	    	    	    	    	    
[2026-02-02 18:02:51.969]          	    	ARTERIAL 	 	  	    	    	    	    	    	    	    	  	    VENOUS
[2026-02-02 18:02:51.990]   Time   	 pH 	 CO2	  O2	TEMP	HCO3	 BE 	cSO2	 K+ 	 VO2	  Q 	 BSA	 pH 	 CO2	  O2	TEMP	 SO2	 HCT	 HGB
[2026-02-02 18:02:52.020] 
[2026-02-02 18:02:52.020]  18:21:58	7.20	 075	 060	37.8	 30 	  2 	 84%	 7.0	    	    	    	    	    	    	    	    	    	    
[2026-02-02 18:02:57.953]  18:22:04	7.20	 075	 061	37.8	 30 	  2 	 84%	 7.0	    	    	    	    	    	    	    	    	    	    
[2026-02-02 18:03:03.946]  18:22:09	7.20	 075	 061	37.8	 30 	  2 	 84%	 7.0	    	    	    	    	    	    	    	    	    	    
[2026-02-02 18:03:09.907]  18:22:15	7.21	 075	 061	37.8	 30 	  2 	 84%	 7.0	    	    	    	    	    	    	    	    	    	    
[2026-02-02 18:03:14.324] Recalibration Adjustment
[2026-02-02 18:03:14.333] o18:22:20	7.14	 091	 306	37.3	 31 	  2 	100%	 6.4	    	    	    	    	    	    	    	    	    	    
[2026-02-02 18:03:15.883]  18:22:21	7.21	 075	 061	37.8	 30 	  2 	 84%	 7.0	    	    	    	    	    	    	    	    	    	    
[2026-02-02 18:03:21.912]  18:22:27	7.21	 074	 061	37.8	 30 	  2 	 84%	 7.0	    	    	    	    	    	    	    	    	    	    
[2026-02-02 18:03:23.218] S18:22:27	7.21	 074	 061	37.8	 30 	  2 	 84%	 7.0	    	    	    	    	    	    	    	    	    	    
[2026-02-02 18:03:27.835]  18:22:33	7.21	 074	 061	37.8	 30 	  2 	 84%	 7.0	    	    	    	    	    	    	    	    	    	    
[2026-02-02 18:03:33.824]  18:22:39	7.21	 074	 061	37.8	 30 	  2 	 85%	 7.0	    	    	    	    	    	    	    	    	    	    
[2026-02-02 18:03:39.788]  18:22:45	7.21	 074	 062	37.7	 30 	  2 	 85%	 7.0	    	    	    	    	    	    	    	    	    	    
[2026-02-02 18:03:45.765]  18:22:51	7.21	 074	 061	37.8	 30 	  2 	 84%	 7.0	    	    	    	    	    	    	    	    	    	    
[2026-02-02 18:03:51.744]  18:22:57	7.21	 074	 061	37.8	 30 	  2 	 84%	 7.0	    	    	    	    	    	    	    	    	    	    
[2026-02-02 18:03:57.717]  18:23:03	7.21	 074	 062	37.8	 30 	  2 	 85%	 7.0	    	    	    	    	    	    	    	    	    	    
[2026-02-02 18:04:03.697]  18:23:09	7.21	 074	 062	37.8	 30 	  2 	 85%	 7.1	    	    	    	    	    	    	    	    	    	    
[2026-02-02 18:04:09.670]  18:23:15	7.21	 074	 063	37.8	 30 	  2 	 85%	 7.1	    	    	    	    	    	    	    	    	    	    
[2026-02-02 18:04:15.649]  18:23:21	7.21	 074	 063	37.8	 30 	  2 	 85%	 7.0	    	    	    	    	    	    	    	    	    	    
[2026-02-02 18:04:21.623]  18:23:27	7.21	 074	 063	37.8	 30 	  2 	 85%	 7.0	    	    	    	    	    	    	    	    	    	    
[2026-02-02 18:04:27.603]  18:23:33	7.21	 073	 063	37.8	 30 	  2 	 85%	 7.0	    	    	    	    	    	    	    	    	    	    
[2026-02-02 18:04:33.587]  18:23:39	7.21	 073	 063	37.8	 30 	  2 	 86%	 7.0	    	    	    	    	    	    	    	    	    	    
[2026-02-02 18:04:39.555]  18:23:45	7.21	 073	 063	37.8	 30 	  2 	 86%	 7.0	    	    	    	    	    	    	    	    	    	    
[2026-02-02 18:04:45.529]  18:23:51	7.21	 073	 063	37.8	 30 	  2 	 86%	 7.0	    	    	    	    	    	    	    	    	    	    
[2026-02-02 18:04:51.505]  18:23:57	7.21	 073	 063	37.8	 30 	  2 	 86%	 7.0	    	    	    	    	    	    	    	    	    	    
[2026-02-02 18:04:57.482]  18:24:03	7.21	 073	 064	37.8	 30 	  2 	 86%	 7.0	    	    	    	    	    	    	    	    	    	    
[2026-02-02 18:05:03.461]  18:24:09	7.21	 073	 064	37.8	 30 	  2 	 86%	 7.0	    	    	    	    	    	    	    	    	    	    
[2026-02-02 18:05:09.437]  18:24:15	7.21	 073	 064	37.8	 30 	  2 	 86%	 7.0	    	    	    	    	    	    	    	    	    	    
[2026-02-02 18:05:15.411]  18:24:21	7.21	 073	 064	37.7	 30 	  2 	 86%	 7.0	    	    	    	    	    	    	    	    	    	    
[2026-02-02 18:05:21.401]  18:24:27	7.21	 073	 065	37.7	 30 	  2 	 86%	 7.0	    	    	    	    	    	    	    	    	    	    
[2026-02-02 18:05:27.396]  18:24:33	7.21	 073	 064	37.8	 30 	  2 	 86%	 7.0	    	    	    	    	    	    	    	    	    	    
[2026-02-02 18:05:33.354]  18:24:39	7.21	 073	 064	37.8	 30 	  2 	 86%	 7.0	    	    	    	    	    	    	    	    	    	    
[2026-02-02 18:05:39.317]  18:24:45	7.21	 073	 065	37.8	 30 	  2 	 86%	 7.0	    	    	    	    	    	    	    	    	    	    
[2026-02-02 18:05:45.104]  18:24:51	7.21	 073	 065	37.8	 30 	  2 	 87%	 7.0	    	    	    	    	    	    	    	    	    	    
[2026-02-02 18:05:51.080]  18:24:57	7.21	 073	 065	37.8	 30 	  2 	 87%	 7.0	    	    	    	    	    	    	    	    	    	    
[2026-02-02 18:05:57.058]  18:25:03	7.21	 073	 065	37.8	 30 	  2 	 87%	 7.0	    	    	    	    	    	    	    	    	    	    
[2026-02-02 18:06:03.036]  18:25:09	7.21	 073	 065	37.8	 30 	  2 	 87%	 7.0	    	    	    	    	    	    	    	    	    	    
[2026-02-02 18:06:09.011]  18:25:15	7.21	 073	 065	37.8	 30 	  2 	 87%	 7.0	    	    	    	    	    	    	    	    	    	    
[2026-02-02 18:06:14.986]  18:25:21	7.21	 073	 064	37.8	 30 	  2 	 86%	 7.0	    	    	    	    	    	    	    	    	    	    
[2026-02-02 18:06:20.962]  18:25:27	7.21	 073	 064	37.8	 30 	  2 	 86%	 7.0	    	    	    	    	    	    	    	    	    	    
[2026-02-02 18:06:26.939]  18:25:33	7.21	 073	 063	37.8	 30 	  2 	 86%	 7.0	    	    	    	    	    	    	    	    	    	    
[2026-02-02 18:06:28.069] Recalibration Adjustment
[2026-02-02 18:06:28.077] o18:25:33	7.21	 076	 065	37.8	 30 	  2 	 84%	 7.0	    	    	    	    	    	    	    	    	    	    
[2026-02-02 18:06:33.115]  18:25:39	7.21	 074	 067	37.8	 30 	  2 	 88%	 7.0	    	    	    	    	    	    	    	    	    	    
[2026-02-02 18:06:39.134]  18:25:45	7.21	 074	 068	37.8	 30 	  2 	 88%	 7.0	    	    	    	    	    	    	    	    	    	    
[2026-02-02 18:06:45.061]  18:25:51	7.22	 074	 068	37.8	 30 	  2 	 88%	 6.9	    	    	    	    	    	    	    	    	    	    
[2026-02-02 18:06:51.035]  18:25:57	7.22	 074	 069	37.8	 30 	  2 	 89%	 6.9	    	    	    	    	    	    	    	    	    	    
[2026-02-02 18:06:57.009]  18:26:03	7.22	 074	 069	37.8	 30 	  2 	 89%	 7.0	    	    	    	    	    	    	    	    	    	    
[2026-02-02 18:07:02.989]  18:26:09	7.22	 074	 070	37.8	 30 	  2 	 89%	 7.0	    	    	    	    	    	    	    	    	    	    
[2026-02-02 18:07:08.960]  18:26:15	7.22	 074	 070	37.8	 30 	  2 	 89%	 7.0	    	    	    	    	    	    	    	    	    	    
[2026-02-02 18:07:14.939]  18:26:20	7.22	 074	 070	37.8	 30 	  2 	 89%	 7.0	    	    	    	    	    	    	    	    	    	    
[2026-02-02 18:07:20.912]  18:26:26	7.22	 074	 070	37.8	 30 	  2 	 89%	 7.0	    	    	    	    	    	    	    	    	    	    
[2026-02-02 18:07:26.891]  18:26:33	7.22	 074	 070	37.8	 30 	  2 	 89%	 7.0	    	    	    	    	    	    	    	    	    	    
[2026-02-02 18:07:32.867]          	    	ARTERIAL 	 	  	    	    	    	    	    	    	    	  	    VENOUS
[2026-02-02 18:07:32.893]   Time   	 pH 	 CO2	  O2	TEMP	HCO3	 BE 	cSO2	 K+ 	 VO2	  Q 	 BSA	 pH 	 CO2	  O2	TEMP	 SO2	 HCT	 HGB
[2026-02-02 18:07:32.917] 
[2026-02-02 18:07:32.919]  18:26:39	7.22	 074	 070	37.8	 30 	  2 	 89%	 7.0	    	    	    	    	    	    	    	    	    	    
[2026-02-02 18:07:38.841]  18:26:45	7.22	 074	 071	37.8	 30 	  2 	 89%	 7.0	    	    	    	    	    	    	    	    	    	    
[2026-02-02 18:07:44.818]  18:26:50	7.22	 074	 071	37.8	 30 	  2 	 89%	 7.0	    	    	    	    	    	    	    	    	    	    
[2026-02-02 18:07:50.794]  18:26:56	7.22	 074	 071	37.8	 30 	  2 	 90%	 7.0	    	    	    	    	    	    	    	    	    	    
[2026-02-02 18:07:56.806]  18:27:02	7.22	 074	 071	37.8	 30 	  2 	 90%	 7.0	    	    	    	    	    	    	    	    	    	    
[2026-02-02 18:08:02.750]  18:27:08	7.22	 073	 071	37.8	 30 	  2 	 90%	 7.0	    	    	    	    	    	    	    	    	    	    
[2026-02-02 18:08:08.724]  18:27:14	7.22	 073	 072	37.8	 30 	  2 	 90%	 7.0	    	    	    	    	    	    	    	    	    	    
[2026-02-02 18:08:14.700]  18:27:20	7.22	 073	 072	37.8	 30 	  2 	 90%	 7.0	    	    	    	    	    	    	    	    	    	    
[2026-02-02 18:08:20.678]  18:27:26	7.22	 073	 071	37.8	 30 	  2 	 90%	 7.0	    	    	    	    	    	    	    	    	    	    
[2026-02-02 18:08:26.653]  18:27:32	7.22	 073	 071	37.8	 30 	  2 	 90%	 7.0	    	    	    	    	    	    	    	    	    	    
[2026-02-02 18:08:32.639]  18:27:38	7.22	 073	 072	37.8	 30 	  2 	 90%	 7.1	    	    	    	    	    	    	    	    	    	    
[2026-02-02 18:08:38.618]  18:27:44	7.22	 073	 072	37.8	 30 	  2 	 90%	 7.0	    	    	    	    	    	    	    	    	    	    
[2026-02-02 18:08:44.618]  18:27:50	7.22	 075	 072	37.8	 30 	  2 	 90%	 7.0	    	    	    	    	    	    	    	    	    	    
[2026-02-02 18:08:50.559]  18:27:56	7.21	 077	 071	37.8	 31 	  3 	 89%	 7.0	    	    	    	    	    	    	    	    	    	    
[2026-02-02 18:08:56.540]  18:28:02	7.20	 079	 070	37.8	 31 	  3 	 88%	 7.0	    	    	    	    	    	    	    	    	    	    
[2026-02-02 18:09:02.518]  18:28:08	7.19	 080	 069	37.8	 31 	  3 	 88%	 7.0	    	    	    	    	    	    	    	    	    	    
[2026-02-02 18:09:08.492]  18:28:14	7.19	 082	 069	37.8	 31 	  3 	 88%	 6.9	    	    	    	    	    	    	    	    	    	    
[2026-02-02 18:09:14.467]  18:28:20	7.19	 082	 068	37.8	 31 	  3 	 87%	 6.9	    	    	    	    	    	    	    	    	    	    
[2026-02-02 18:09:20.456]  18:28:26	7.19	 081	 067	37.8	 31 	  3 	 87%	 6.9	    	    	    	    	    	    	    	    	    	    
[2026-02-02 18:09:26.419]  18:28:32	7.20	 079	 067	37.8	 31 	  3 	 87%	 7.0	    	    	    	    	    	    	    	    	    	    
[2026-02-02 18:09:32.407]  18:28:38	7.20	 078	 068	37.8	 31 	  3 	 88%	 7.0	    	    	    	    	    	    	    	    	    	    
[2026-02-02 18:09:38.373]  18:28:44	7.21	 077	 068	37.8	 31 	  3 	 88%	 7.0	    	    	    	    	    	    	    	    	    	    
[2026-02-02 18:09:44.348]  18:28:50	7.21	 076	 068	37.8	 31 	  2 	 88%	 7.0	    	    	    	    	    	    	    	    	    	    
[2026-02-02 18:09:50.325]  18:28:56	7.21	 076	 068	37.8	 31 	  2 	 88%	 7.0	    	    	    	    	    	    	    	    	    	    
[2026-02-02 18:09:56.302]  18:29:02	7.21	 076	 069	37.8	 31 	  2 	 89%	 7.0	    	    	    	    	    	    	    	    	    	    
[2026-02-02 18:10:02.281]  18:29:08	7.21	 077	 070	37.8	 31 	  2 	 89%	 7.0	    	    	    	    	    	    	    	    	    	    
[2026-02-02 18:10:08.255]  18:29:14	7.20	 079	 071	37.8	 31 	  2 	 89%	 7.0	    	    	    	    	    	    	    	    	    	    
[2026-02-02 18:10:14.231]  18:29:20	7.19	 080	 070	37.8	 31 	  3 	 88%	 7.0	    	    	    	    	    	    	    	    	    	    
[2026-02-02 18:10:20.210]  18:29:26	7.19	 080	 070	37.8	 31 	  3 	 88%	 7.0	    	    	    	    	    	    	    	    	    	    
[2026-02-02 18:10:26.184]  18:29:32	7.20	 079	 069	37.8	 31 	  3 	 88%	 7.0	    	    	    	    	    	    	    	    	    	    
[2026-02-02 18:10:32.172]  18:29:38	7.20	 078	 069	37.8	 31 	  3 	 88%	 6.9	    	    	    	    	    	    	    	    	    	    
[2026-02-02 18:10:38.137]  18:29:44	7.20	 077	 070	37.8	 31 	  2 	 89%	 6.9	    	    	    	    	    	    	    	    	    	    
[2026-02-02 18:10:44.114]  18:29:50	7.20	 077	 070	37.8	 31 	  2 	 89%	 7.0	    	    	    	    	    	    	    	    	    	    
[2026-02-02 18:10:50.089]  18:29:56	7.21	 076	 071	37.8	 31 	  2 	 89%	 7.0	    	    	    	    	    	    	    	    	    	    
[2026-02-02 18:10:56.062]  18:30:02	7.21	 076	 071	37.8	 30 	  2 	 89%	 7.0	    	    	    	    	    	    	    	    	    	    
[2026-02-02 18:11:02.043]  18:30:08	7.21	 076	 071	37.8	 30 	  2 	 89%	 6.9	    	    	    	    	    	    	    	    	    	    
[2026-02-02 18:11:08.015]  18:30:14	7.21	 076	 071	37.8	 30 	  2 	 89%	 7.0	    	    	    	    	    	    	    	    	    	    
[2026-02-02 18:11:13.992]  18:30:20	7.21	 075	 071	37.7	 30 	  2 	 89%	 7.0	    	    	    	    	    	    	    	    	    	    
[2026-02-02 18:11:19.968]  18:30:26	7.21	 076	 072	37.8	 30 	  2 	 89%	 7.0	    	    	    	    	    	    	    	    	    	    
[2026-02-02 18:11:25.946]  18:30:32	7.20	 078	 072	37.8	 31 	  2 	 89%	 6.9	    	    	    	    	    	    	    	    	    	    
[2026-02-02 18:11:31.937]  18:30:38	7.19	 081	 071	37.8	 31 	  2 	 89%	 6.9	    	    	    	    	    	    	    	    	    	    
[2026-02-02 18:11:37.901]  18:30:44	7.18	 082	 070	37.8	 31 	  3 	 88%	 7.0	    	    	    	    	    	    	    	    	    	    
[2026-02-02 18:11:43.878]  18:30:50	7.19	 081	 069	37.7	 31 	  3 	 88%	 7.0	    	    	    	    	    	    	    	    	    	    
[2026-02-02 18:11:49.853]  18:30:56	7.20	 080	 069	37.7	 31 	  3 	 88%	 6.9	    	    	    	    	    	    	    	    	    	    
[2026-02-02 18:11:55.830]  18:31:01	7.20	 078	 069	37.7	 31 	  3 	 88%	 6.9	    	    	    	    	    	    	    	    	    	    
[2026-02-02 18:12:01.811]  18:31:07	7.20	 077	 069	37.8	 31 	  3 	 88%	 7.0	    	    	    	    	    	    	    	    	    	    
[2026-02-02 18:12:07.783]  18:31:13	7.21	 076	 069	37.8	 31 	  2 	 88%	 7.0	    	    	    	    	    	    	    	    	    	    
[2026-02-02 18:12:13.771]  18:31:19	7.21	 076	 069	37.8	 31 	  2 	 88%	 7.0	    	    	    	    	    	    	    	    	    	    
[2026-02-02 18:12:19.735]  18:31:25	7.21	 076	 069	37.8	 30 	  2 	 89%	 6.9	    	    	    	    	    	    	    	    	    	    
[2026-02-02 18:12:25.723]  18:31:31	7.21	 076	 070	37.8	 30 	  2 	 89%	 7.0	    	    	    	    	    	    	    	    	    	    
[2026-02-02 18:12:31.691]          	    	ARTERIAL 	 	  	    	    	    	    	    	    	    	  	    VENOUS
[2026-02-02 18:12:31.711]   Time   	 pH 	 CO2	  O2	TEMP	HCO3	 BE 	cSO2	 K+ 	 VO2	  Q 	 BSA	 pH 	 CO2	  O2	TEMP	 SO2	 HCT	 HGB
[2026-02-02 18:12:31.739] 
[2026-02-02 18:12:31.739]  18:31:37	7.21	 076	 070	37.8	 30 	  2 	 89%	 7.0	    	    	    	    	    	    	    	    	    	    
[2026-02-02 18:12:37.665]  18:31:43	7.21	 076	 070	37.8	 30 	  2 	 89%	 7.0	    	    	    	    	    	    	    	    	    	    
[2026-02-02 18:12:43.639]  18:31:49	7.21	 076	 071	37.8	 30 	  2 	 89%	 7.0	    	    	    	    	    	    	    	    	    	    
[2026-02-02 18:12:49.614]  18:31:55	7.21	 076	 073	37.7	 30 	  2 	 90%	 7.0	    	    	    	    	    	    	    	    	    	    
[2026-02-02 18:12:55.590]  18:32:01	7.20	 077	 076	37.7	 31 	  2 	 91%	 7.0	    	    	    	    	    	    	    	    	    	    
[2026-02-02 18:13:01.570]  18:32:07	7.20	 077	 080	37.7	 31 	  2 	 92%	 6.9	    	    	    	    	    	    	    	    	    	    
[2026-02-02 18:13:07.543]  18:32:13	7.20	 077	 083	37.7	 31 	  2 	 93%	 7.0	    	    	    	    	    	    	    	    	    	    
[2026-02-02 18:13:13.519]  18:32:19	7.20	 077	 086	37.8	 31 	  2 	 93%	 7.0	    	    	    	    	    	    	    	    	    	    
[2026-02-02 18:13:19.497]  18:32:25	7.20	 077	 090	37.8	 31 	  2 	 94%	 7.0	    	    	    	    	    	    	    	    	    	    
[2026-02-02 18:13:25.476]  18:32:31	7.20	 077	 094	37.8	 31 	  2 	 95%	 7.0	    	    	    	    	    	    	    	    	    	    
[2026-02-02 18:13:31.462]  18:32:37	7.20	 077	 098	37.8	 31 	  2 	 95%	 7.0	    	    	    	    	    	    	    	    	    	    
[2026-02-02 18:13:37.440]  18:32:43	7.20	 077	 101	37.8	 30 	  2 	 96%	 7.0	    	    	    	    	    	    	    	    	    	    
[2026-02-02 18:13:43.405]  18:32:48	7.20	 077	 105	37.8	 30 	  2 	 96%	 7.0	    	    	    	    	    	    	    	    	    	    
[2026-02-02 18:13:49.379]  18:32:54	7.20	 077	 112	37.8	 30 	  2 	 97%	 6.9	    	    	    	    	    	    	    	    	    	    
[2026-02-02 18:13:55.355]  18:33:00	7.20	 077	 126	37.8	 30 	  2 	 98%	 7.0	    	    	    	    	    	    	    	    	    	    
[2026-02-02 18:14:01.334]  18:33:06	7.20	 077	 148	37.8	 30 	  2 	 98%	 7.0	    	    	    	    	    	    	    	    	    	    
[2026-02-02 18:14:07.308]  18:33:12	7.20	 076	 174	37.7	 30 	  2 	 99%	 7.0	    	    	    	    	    	    	    	    	    	    
[2026-02-02 18:14:13.285]  18:33:18	7.20	 076	 206	37.7	 30 	  2 	 99%	 6.9	    	    	    	    	    	    	    	    	    	    
[2026-02-02 18:14:19.267]  18:33:24	7.20	 076	 239	37.8	 30 	  2 	 99%	 6.9	    	    	    	    	    	    	    	    	    	    
[2026-02-02 18:14:25.243]  18:33:30	7.21	 076	 270	37.7	 30 	  2 	100%	 7.0	    	    	    	    	    	    	    	    	    	    
[2026-02-02 18:14:31.231]  18:33:36	7.21	 076	 297	37.7	 30 	  2 	100%	 7.0	    	    	    	    	    	    	    	    	    	    
[2026-02-02 18:14:37.194]  18:33:42	7.21	 076	 321	37.7	 30 	  2 	100%	 6.9	    	    	    	    	    	    	    	    	    	    
[2026-02-02 18:14:43.171]  18:33:48	7.21	 076	 341	37.8	 30 	  2 	100%	 6.9	    	    	    	    	    	    	    	    	    	    
[2026-02-02 18:14:49.148]  18:33:54	7.21	 076	 357	37.8	 30 	  2 	100%	 7.0	    	    	    	    	    	    	    	    	    	    
[2026-02-02 18:14:55.124]  18:34:00	7.21	 076	 372	37.8	 30 	  2 	100%	 7.0	    	    	    	    	    	    	    	    	    	    
[2026-02-02 18:15:01.104]  18:34:06	7.21	 076	 385	37.8	 30 	  2 	100%	 7.0	    	    	    	    	    	    	    	    	    	    
[2026-02-02 18:15:07.076]  18:34:12	7.21	 076	 397	37.8	 30 	  2 	100%	 7.0	    	    	    	    	    	    	    	    	    	    
[2026-02-02 18:15:13.053]  18:34:18	7.21	 076	 407	37.8	 30 	  2 	100%	 6.9	    	    	    	    	    	    	    	    	    	    
[2026-02-02 18:15:19.041]  18:34:24	7.21	 077	 416	37.8	 31 	  2 	100%	 6.9	    	    	    	    	    	    	    	    	    	    
[2026-02-02 18:15:25.006]  18:34:30	7.20	 077	 424	37.8	 31 	  2 	100%	 6.9	    	    	    	    	    	    	    	    	    	    
[2026-02-02 18:15:30.997]  18:34:36	7.20	 077	 431	37.8	 31 	  2 	100%	 6.9	    	    	    	    	    	    	    	    	    	    
[2026-02-02 18:15:36.958]  18:34:42	7.20	 077	 437	37.8	 31 	  2 	100%	 7.0	    	    	    	    	    	    	    	    	    	    
[2026-02-02 18:15:42.934]  18:34:48	7.20	 077	 442	37.8	 31 	  2 	100%	 7.0	    	    	    	    	    	    	    	    	    	    
[2026-02-02 18:15:48.911]  18:34:54	7.20	 077	 447	37.8	 31 	  2 	100%	 6.9	    	    	    	    	    	    	    	    	    	    
[2026-02-02 18:15:54.888]  18:35:00	7.20	 077	 450	37.8	 31 	  2 	100%	 7.0	    	    	    	    	    	    	    	    	    	    
[2026-02-02 18:16:00.867]  18:35:06	7.20	 077	 453	37.8	 31 	  3 	100%	 7.0	    	    	    	    	    	    	    	    	    	    
[2026-02-02 18:16:06.840]  18:35:12	7.20	 077	 456	37.8	 31 	  2 	100%	 7.0	    	    	    	    	    	    	    	    	    	    
[2026-02-02 18:16:12.823]  18:35:18	7.20	 077	 459	37.8	 31 	  3 	100%	 7.0	    	    	    	    	    	    	    	    	    	    
[2026-02-02 18:16:18.793]  18:35:24	7.20	 077	 462	37.8	 31 	  3 	100%	 7.0	    	    	    	    	    	    	    	    	    	    
[2026-02-02 18:16:24.769]  18:35:30	7.20	 078	 464	37.8	 31 	  3 	100%	 7.0	    	    	    	    	    	    	    	    	    	    
[2026-02-02 18:16:30.756]  18:35:36	7.20	 078	 467	37.8	 31 	  3 	100%	 7.0	    	    	    	    	    	    	    	    	    	    
[2026-02-02 18:16:36.724]  18:35:42	7.20	 078	 469	37.8	 31 	  3 	100%	 7.0	    	    	    	    	    	    	    	    	    	    
[2026-02-02 18:16:42.699]  18:35:48	7.20	 079	 470	37.8	 31 	  3 	100%	 7.0	    	    	    	    	    	    	    	    	    	    
[2026-02-02 18:16:48.674]  18:35:54	7.20	 079	 471	37.8	 31 	  3 	100%	 7.0	    	    	    	    	    	    	    	    	    	    
[2026-02-02 18:16:54.663]  18:36:00	7.19	 080	 472	37.8	 31 	  3 	100%	 7.0	    	    	    	    	    	    	    	    	    	    
[2026-02-02 18:17:00.632]  18:36:06	7.19	 080	 473	37.8	 31 	  3 	100%	 7.0	    	    	    	    	    	    	    	    	    	    
[2026-02-02 18:17:06.604]  18:36:12	7.19	 080	 473	37.8	 31 	  3 	100%	 7.0	    	    	    	    	    	    	    	    	    	    
[2026-02-02 18:17:12.582]  18:36:18	7.19	 081	 473	37.8	 31 	  3 	100%	 7.0	    	    	    	    	    	    	    	    	    	    
[2026-02-02 18:17:18.559]  18:36:24	7.19	 081	 474	37.8	 31 	  3 	100%	 7.0	    	    	    	    	    	    	    	    	    	    
[2026-02-02 18:17:24.546]  18:36:30	7.19	 081	 474	37.8	 31 	  3 	100%	 7.0	    	    	    	    	    	    	    	    	    	    
[2026-02-02 18:17:30.515]          	    	ARTERIAL 	 	  	    	    	    	    	    	    	    	  	    VENOUS
[2026-02-02 18:17:30.536]   Time   	 pH 	 CO2	  O2	TEMP	HCO3	 BE 	cSO2	 K+ 	 VO2	  Q 	 BSA	 pH 	 CO2	  O2	TEMP	 SO2	 HCT	 HGB
[2026-02-02 18:17:30.562] 
[2026-02-02 18:17:30.562]  18:36:36	7.19	 081	 475	37.8	 31 	  3 	100%	 7.0	    	    	    	    	    	    	    	    	    	    
[2026-02-02 18:17:36.497]  18:36:42	7.19	 082	 475	37.8	 31 	  3 	100%	 7.0	    	    	    	    	    	    	    	    	    	    
[2026-02-02 18:17:42.463]  18:36:48	7.19	 082	 476	37.8	 31 	  3 	100%	 7.0	    	    	    	    	    	    	    	    	    	    
[2026-02-02 18:17:48.452]  18:36:54	7.19	 082	 476	37.8	 31 	  3 	100%	 7.0	    	    	    	    	    	    	    	    	    	    
[2026-02-02 18:17:54.418]  18:36:59	7.19	 082	 476	37.8	 31 	  3 	100%	 7.0	    	    	    	    	    	    	    	    	    	    
[2026-02-02 18:18:00.395]  18:37:05	7.19	 082	 477	37.8	 31 	  3 	100%	 7.0	    	    	    	    	    	    	    	    	    	    
[2026-02-02 18:18:06.368]  18:37:11	7.18	 082	 478	37.8	 31 	  3 	100%	 7.0	    	    	    	    	    	    	    	    	    	    
[2026-02-02 18:18:12.345]  18:37:18	7.18	 082	 479	37.8	 31 	  3 	100%	 7.0	    	    	    	    	    	    	    	    	    	    
[2026-02-02 18:18:18.322]  18:37:24	7.18	 082	 479	37.8	 31 	  3 	100%	 7.0	    	    	    	    	    	    	    	    	    	    
[2026-02-02 18:18:24.300]  18:37:30	7.18	 082	 480	37.8	 31 	  3 	100%	 7.0	    	    	    	    	    	    	    	    	    	    
[2026-02-02 18:18:30.285]  18:37:36	7.18	 083	 481	37.8	 31 	  3 	100%	 7.0	    	    	    	    	    	    	    	    	    	    
[2026-02-02 18:18:36.250]  18:37:42	7.18	 083	 483	37.8	 31 	  3 	100%	 7.0	    	    	    	    	    	    	    	    	    	    
[2026-02-02 18:18:42.264]  18:37:48	7.18	 083	 483	37.8	 31 	  3 	100%	 7.0	    	    	    	    	    	    	    	    	    	    
[2026-02-02 18:18:48.203]  18:37:54	7.18	 083	 484	37.8	 31 	  3 	100%	 7.0	    	    	    	    	    	    	    	    	    	    
[2026-02-02 18:18:54.179]  18:38:00	7.18	 083	 485	37.8	 31 	  3 	100%	 7.0	    	    	    	    	    	    	    	    	    	    
[2026-02-02 18:19:00.161]  18:38:06	7.18	 083	 485	37.8	 31 	  3 	100%	 7.0	    	    	    	    	    	    	    	    	    	    
[2026-02-02 18:19:06.133]  18:38:12	7.18	 083	 484	37.8	 31 	  3 	100%	 6.9	    	    	    	    	    	    	    	    	    	    
[2026-02-02 18:19:12.109]  18:38:18	7.18	 083	 484	37.8	 31 	  3 	100%	 6.9	    	    	    	    	    	    	    	    	    	    
[2026-02-02 18:19:18.085]  18:38:24	7.18	 083	 485	37.8	 31 	  3 	100%	 7.0	    	    	    	    	    	    	    	    	    	    
[2026-02-02 18:19:24.061]  18:38:30	7.18	 084	 485	37.8	 31 	  3 	100%	 7.0	    	    	    	    	    	    	    	    	    	    
[2026-02-02 18:19:30.087]  18:38:36	7.18	 084	 486	37.8	 31 	  3 	100%	 7.0	    	    	    	    	    	    	    	    	    	    
[2026-02-02 18:19:36.013]  18:38:42	7.18	 084	 486	37.9	 31 	  3 	100%	 7.0	    	    	    	    	    	    	    	    	    	    
[2026-02-02 18:19:41.991]  18:38:48	7.17	 085	 486	37.9	 31 	  3 	100%	 7.0	    	    	    	    	    	    	    	    	    	    
[2026-02-02 18:19:47.967]  18:38:54	7.17	 085	 487	37.9	 32 	  3 	100%	 7.0	    	    	    	    	    	    	    	    	    	    
[2026-02-02 18:19:53.944]  18:39:00	7.17	 085	 488	37.9	 32 	  3 	100%	 7.0	    	    	    	    	    	    	    	    	    	    
[2026-02-02 18:19:59.925]  18:39:06	7.17	 085	 488	37.9	 32 	  3 	100%	 6.9	    	    	    	    	    	    	    	    	    	    
[2026-02-02 18:20:05.898]  18:39:12	7.17	 085	 487	37.9	 32 	  3 	100%	 6.9	    	    	    	    	    	    	    	    	    	    
[2026-02-02 18:20:11.872]  18:39:18	7.17	 086	 486	37.9	 32 	  3 	100%	 7.0	    	    	    	    	    	    	    	    	    	    
[2026-02-02 18:20:17.849]  18:39:23	7.17	 086	 485	37.9	 32 	  3 	100%	 7.0	    	    	    	    	    	    	    	    	    	    
[2026-02-02 18:20:23.828]  18:39:29	7.17	 086	 484	37.9	 32 	  3 	100%	 6.9	    	    	    	    	    	    	    	    	    	    
[2026-02-02 18:20:29.812]  18:39:35	7.17	 086	 483	37.9	 32 	  3 	100%	 7.0	    	    	    	    	    	    	    	    	    	    
[2026-02-02 18:20:35.778]  18:39:41	7.17	 085	 482	37.9	 32 	  3 	100%	 7.0	    	    	    	    	    	    	    	    	    	    
[2026-02-02 18:20:41.754]  18:39:47	7.17	 085	 482	37.9	 32 	  3 	100%	 7.0	    	    	    	    	    	    	    	    	    	    
[2026-02-02 18:20:47.731]  18:39:53	7.18	 084	 481	37.9	 31 	  3 	100%	 7.0	    	    	    	    	    	    	    	    	    	    
[2026-02-02 18:20:53.707]  18:39:59	7.18	 084	 480	37.9	 31 	  3 	100%	 7.0	    	    	    	    	    	    	    	    	    	    
[2026-02-02 18:20:59.687]  18:40:05	7.18	 083	 479	37.9	 31 	  3 	100%	 7.0	    	    	    	    	    	    	    	    	    	    
[2026-02-02 18:21:05.661]  18:40:11	7.18	 083	 479	37.9	 31 	  3 	100%	 7.0	    	    	    	    	    	    	    	    	    	    
[2026-02-02 18:21:11.637]  18:40:17	7.18	 082	 479	37.9	 31 	  3 	100%	 7.0	    	    	    	    	    	    	    	    	    	    
[2026-02-02 18:21:17.612]  18:40:23	7.18	 082	 479	37.9	 31 	  3 	100%	 7.0	    	    	    	    	    	    	    	    	    	    
[2026-02-02 18:21:23.590]  18:40:29	7.19	 081	 479	37.9	 31 	  3 	100%	 7.0	    	    	    	    	    	    	    	    	    	    
[2026-02-02 18:21:29.578]  18:40:35	7.19	 081	 479	37.9	 31 	  2 	100%	 7.0	    	    	    	    	    	    	    	    	    	    
[2026-02-02 18:21:35.543]  18:40:41	7.19	 081	 480	37.9	 31 	  2 	100%	 7.0	    	    	    	    	    	    	    	    	    	    
[2026-02-02 18:21:41.520]  18:40:47	7.19	 080	 481	37.9	 31 	  2 	100%	 7.0	    	    	    	    	    	    	    	    	    	    
[2026-02-02 18:21:47.496]  18:40:53	7.19	 080	 481	37.9	 31 	  2 	100%	 7.0	    	    	    	    	    	    	    	    	    	    
[2026-02-02 18:21:53.471]  18:40:59	7.19	 080	 481	37.9	 31 	  2 	100%	 7.0	    	    	    	    	    	    	    	    	    	    
[2026-02-02 18:21:59.454]  18:41:05	7.19	 079	 482	37.9	 31 	  2 	100%	 7.0	    	    	    	    	    	    	    	    	    	    
[2026-02-02 18:22:05.423]  18:41:11	7.19	 079	 482	37.9	 31 	  2 	100%	 7.0	    	    	    	    	    	    	    	    	    	    
[2026-02-02 18:22:11.400]  18:41:17	7.20	 079	 483	37.9	 31 	  2 	100%	 7.0	    	    	    	    	    	    	    	    	    	    
[2026-02-02 18:22:17.387]  18:41:23	7.20	 079	 483	37.9	 31 	  2 	100%	 7.0	    	    	    	    	    	    	    	    	    	    
[2026-02-02 18:22:23.354]  18:41:29	7.20	 078	 482	37.9	 31 	  2 	100%	 7.0	    	    	    	    	    	    	    	    	    	    
[2026-02-02 18:22:29.332]          	    	ARTERIAL 	 	  	    	    	    	    	    	    	    	  	    VENOUS
[2026-02-02 18:22:29.353]   Time   	 pH 	 CO2	  O2	TEMP	HCO3	 BE 	cSO2	 K+ 	 VO2	  Q 	 BSA	 pH 	 CO2	  O2	TEMP	 SO2	 HCT	 HGB
[2026-02-02 18:22:29.380] 
[2026-02-02 18:22:29.381]  18:41:35	7.20	 078	 483	37.9	 31 	  2 	100%	 7.0	    	    	    	    	    	    	    	    	    	    
[2026-02-02 18:22:35.308]  18:41:41	7.20	 078	 482	37.9	 31 	  2 	100%	 7.0	    	    	    	    	    	    	    	    	    	    
[2026-02-02 18:22:41.282]  18:41:47	7.20	 078	 482	37.9	 31 	  2 	100%	 7.0	    	    	    	    	    	    	    	    	    	    
[2026-02-02 18:22:47.259]  18:41:53	7.20	 078	 482	37.9	 31 	  2 	100%	 7.0	    	    	    	    	    	    	    	    	    	    
[2026-02-02 18:22:53.235]  18:41:59	7.20	 077	 482	37.9	 31 	  2 	100%	 7.0	    	    	    	    	    	    	    	    	    	    
[2026-02-02 18:22:59.215]  18:42:05	7.20	 077	 483	37.9	 31 	  2 	100%	 7.0	    	    	    	    	    	    	    	    	    	    
[2026-02-02 18:23:05.188]  18:42:11	7.20	 078	 484	37.9	 31 	  2 	100%	 7.0	    	    	    	    	    	    	    	    	    	    
[2026-02-02 18:23:11.166]  18:42:17	7.20	 078	 485	37.9	 31 	  2 	100%	 7.0	    	    	    	    	    	    	    	    	    	    
[2026-02-02 18:23:17.141]  18:42:23	7.20	 077	 488	37.9	 31 	  2 	100%	 7.0	    	    	    	    	    	    	    	    	    	    
[2026-02-02 18:23:23.117]  18:42:29	7.21	 075	 490	38.0	 30 	  2 	100%	 7.0	    	    	    	    	    	    	    	    	    	    
[2026-02-02 18:23:29.117]  18:42:35	7.21	 075	 491	38.0	 30 	  2 	100%	 7.0	    	    	    	    	    	    	    	    	    	    
[2026-02-02 18:23:35.070]  18:42:40	7.21	 074	 493	38.0	 30 	  2 	100%	 7.0	    	    	    	    	    	    	    	    	    	    
[2026-02-02 18:23:41.046]  18:42:46	7.21	 075	 494	38.0	 30 	  2 	100%	 7.1	    	    	    	    	    	    	    	    	    	    
[2026-02-02 18:23:47.023]  18:42:52	7.21	 075	 494	38.0	 30 	  2 	100%	 7.1	    	    	    	    	    	    	    	    	    	    
[2026-02-02 18:23:52.999]  18:42:58	7.21	 075	 494	38.0	 30 	  2 	100%	 7.1	    	    	    	    	    	    	    	    	    	    
[2026-02-02 18:23:58.978]  18:43:04	7.21	 076	 495	38.0	 30 	  2 	100%	 7.1	    	    	    	    	    	    	    	    	    	    
[2026-02-02 18:24:04.951]  18:43:10	7.21	 076	 495	37.9	 31 	  2 	100%	 7.1	    	    	    	    	    	    	    	    	    	    
[2026-02-02 18:24:10.940]  18:43:16	7.21	 077	 494	37.9	 31 	  2 	100%	 7.1	    	    	    	    	    	    	    	    	    	    
[2026-02-02 18:24:16.904]  18:43:22	7.20	 077	 494	37.9	 31 	  3 	100%	 7.1	    	    	    	    	    	    	    	    	    	    
[2026-02-02 18:24:22.881]  18:43:28	7.20	 077	 494	37.9	 31 	  3 	100%	 7.1	    	    	    	    	    	    	    	    	    	    
[2026-02-02 18:24:28.868]  18:43:34	7.20	 077	 493	37.9	 31 	  3 	100%	 7.1	    	    	    	    	    	    	    	    	    	    
[2026-02-02 18:24:34.836]  18:43:40	7.20	 078	 493	37.9	 31 	  3 	100%	 7.1	    	    	    	    	    	    	    	    	    	    
[2026-02-02 18:24:40.810]  18:43:46	7.20	 078	 493	37.9	 31 	  3 	100%	 7.1	    	    	    	    	    	    	    	    	    	    
[2026-02-02 18:24:46.789]  18:43:52	7.20	 078	 493	37.9	 31 	  3 	100%	 7.1	    	    	    	    	    	    	    	    	    	    
[2026-02-02 18:24:52.769]  18:43:58	7.20	 078	 493	37.9	 31 	  3 	100%	 7.1	    	    	    	    	    	    	    	    	    	    
[2026-02-02 18:24:58.743]  18:44:04	7.20	 078	 494	37.9	 31 	  3 	100%	 7.1	    	    	    	    	    	    	    	    	    	    
[2026-02-02 18:25:04.716]  18:44:10	7.20	 079	 493	37.9	 31 	  3 	100%	 7.1	    	    	    	    	    	    	    	    	    	    
[2026-02-02 18:25:10.692]  18:44:16	7.20	 079	 493	37.9	 31 	  3 	100%	 7.1	    	    	    	    	    	    	    	    	    	    
[2026-02-02 18:25:16.668]  18:44:22	7.20	 079	 493	37.9	 31 	  3 	100%	 7.1	    	    	    	    	    	    	    	    	    	    
[2026-02-02 18:25:22.660]  18:44:28	7.20	 079	 493	37.9	 31 	  3 	100%	 7.1	    	    	    	    	    	    	    	    	    	    
[2026-02-02 18:25:28.632]  18:44:34	7.20	 078	 493	37.9	 31 	  3 	100%	 7.1	    	    	    	    	    	    	    	    	    	    
[2026-02-02 18:25:34.599]  18:44:40	7.20	 078	 492	38.0	 31 	  3 	100%	 7.1	    	    	    	    	    	    	    	    	    	    
[2026-02-02 18:25:40.574]  18:44:46	7.20	 078	 492	38.0	 31 	  3 	100%	 7.1	    	    	    	    	    	    	    	    	    	    
[2026-02-02 18:25:46.551]  18:44:52	7.20	 078	 492	38.0	 31 	  3 	100%	 7.1	    	    	    	    	    	    	    	    	    	    
[2026-02-02 18:25:52.527]  18:44:58	7.20	 078	 491	38.0	 31 	  3 	100%	 7.0	    	    	    	    	    	    	    	    	    	    
[2026-02-02 18:25:58.507]  18:45:04	7.20	 078	 491	38.0	 31 	  3 	100%	 7.1	    	    	    	    	    	    	    	    	    	    
[2026-02-02 18:26:04.480]  18:45:10	7.20	 078	 491	38.0	 31 	  3 	100%	 7.1	    	    	    	    	    	    	    	    	    	    
[2026-02-02 18:26:10.456]  18:45:15	7.20	 078	 491	38.0	 31 	  3 	100%	 7.1	    	    	    	    	    	    	    	    	    	    
[2026-02-02 18:26:16.433]  18:45:21	7.20	 078	 491	38.0	 31 	  3 	100%	 7.1	    	    	    	    	    	    	    	    	    	    
[2026-02-02 18:26:22.410]  18:45:27	7.19	 080	 490	38.0	 31 	  3 	100%	 7.1	    	    	    	    	    	    	    	    	    	    
[2026-02-02 18:26:28.397]  18:45:33	7.19	 082	 489	38.0	 31 	  3 	100%	 7.1	    	    	    	    	    	    	    	    	    	    
[2026-02-02 18:26:34.362]  18:45:39	7.18	 084	 487	38.0	 32 	  3 	100%	 7.1	    	    	    	    	    	    	    	    	    	    
[2026-02-02 18:26:40.338]  18:45:45	7.17	 085	 486	38.0	 32 	  3 	100%	 7.2	    	    	    	    	    	    	    	    	    	    
[2026-02-02 18:26:46.316]  18:45:51	7.18	 084	 486	38.0	 32 	  3 	100%	 7.1	    	    	    	    	    	    	    	    	    	    
[2026-02-02 18:26:52.330]  18:45:57	7.18	 083	 486	38.0	 32 	  3 	100%	 7.0	    	    	    	    	    	    	    	    	    	    
[2026-02-02 18:26:58.271]  18:46:03	7.19	 082	 485	38.0	 31 	  3 	100%	 7.0	    	    	    	    	    	    	    	    	    	    
[2026-02-02 18:27:04.243]  18:46:09	7.19	 081	 485	38.0	 31 	  3 	100%	 7.1	    	    	    	    	    	    	    	    	    	    
[2026-02-02 18:27:10.220]  18:46:15	7.19	 081	 484	38.0	 31 	  3 	100%	 7.1	    	    	    	    	    	    	    	    	    	    
[2026-02-02 18:27:16.197]  18:46:21	7.19	 081	 484	38.0	 31 	  3 	100%	 7.1	    	    	    	    	    	    	    	    	    	    
[2026-02-02 18:27:22.174]  18:46:27	7.19	 081	 484	38.0	 31 	  3 	100%	 7.1	    	    	    	    	    	    	    	    	    	    
[2026-02-02 18:27:28.152]          	    	ARTERIAL 	 	  	    	    	    	    	    	    	    	  	    VENOUS
[2026-02-02 18:27:28.177]   Time   	 pH 	 CO2	  O2	TEMP	HCO3	 BE 	cSO2	 K+ 	 VO2	  Q 	 BSA	 pH 	 CO2	  O2	TEMP	 SO2	 HCT	 HGB
[2026-02-02 18:27:28.204] 
[2026-02-02 18:27:28.204]  18:46:33	7.19	 080	 485	38.0	 31 	  3 	100%	 7.0	    	    	    	    	    	    	    	    	    	    
[2026-02-02 18:27:34.126]  18:46:39	7.19	 080	 485	38.0	 31 	  3 	100%	 7.0	    	    	    	    	    	    	    	    	    	    
[2026-02-02 18:27:40.102]  18:46:45	7.19	 080	 485	37.9	 31 	  3 	100%	 7.1	    	    	    	    	    	    	    	    	    	    
[2026-02-02 18:27:46.078]  18:46:51	7.19	 081	 485	37.9	 31 	  3 	100%	 7.1	    	    	    	    	    	    	    	    	    	    
[2026-02-02 18:27:52.055]  18:46:57	7.19	 082	 485	37.9	 31 	  3 	100%	 7.1	    	    	    	    	    	    	    	    	    	    
[2026-02-02 18:27:58.036]  18:47:03	7.18	 082	 485	37.9	 31 	  3 	100%	 7.2	    	    	    	    	    	    	    	    	    	    
[2026-02-02 18:28:04.007]  18:47:09	7.18	 083	 485	38.0	 31 	  3 	100%	 7.1	    	    	    	    	    	    	    	    	    	    
[2026-02-02 18:28:09.983]  18:47:15	7.18	 083	 484	38.0	 31 	  3 	100%	 7.1	    	    	    	    	    	    	    	    	    	    
[2026-02-02 18:28:15.960]  18:47:21	7.18	 083	 484	38.0	 32 	  3 	100%	 7.1	    	    	    	    	    	    	    	    	    	    
[2026-02-02 18:28:21.937]  18:47:27	7.18	 083	 484	38.0	 32 	  3 	100%	 7.0	    	    	    	    	    	    	    	    	    	    
[2026-02-02 18:28:27.926]  18:47:33	7.18	 084	 483	38.0	 32 	  3 	100%	 7.0	    	    	    	    	    	    	    	    	    	    
[2026-02-02 18:28:33.890]  18:47:39	7.18	 084	 482	38.0	 32 	  3 	100%	 7.0	    	    	    	    	    	    	    	    	    	    
[2026-02-02 18:28:39.866]  18:47:45	7.18	 085	 481	38.0	 32 	  3 	100%	 7.1	    	    	    	    	    	    	    	    	    	    
[2026-02-02 18:28:45.842]  18:47:51	7.18	 085	 481	38.0	 32 	  3 	100%	 7.1	    	    	    	    	    	    	    	    	    	    
[2026-02-02 18:28:51.818]  18:47:57	7.18	 085	 480	38.0	 32 	  3 	100%	 7.1	    	    	    	    	    	    	    	    	    	    
[2026-02-02 18:28:57.838]  18:48:03	7.18	 085	 480	38.0	 32 	  3 	100%	 7.1	    	    	    	    	    	    	    	    	    	    
[2026-02-02 18:29:03.780]  18:48:09	7.17	 085	 479	38.0	 32 	  3 	100%	 7.0	    	    	    	    	    	    	    	    	    	    
[2026-02-02 18:29:09.747]  18:48:15	7.17	 087	 479	38.0	 32 	  3 	100%	 7.0	    	    	    	    	    	    	    	    	    	    
[2026-02-02 18:29:15.725]  18:48:21	7.16	 089	 476	38.0	 32 	  3 	100%	 7.1	    	    	    	    	    	    	    	    	    	    
[2026-02-02 18:29:21.704]  18:48:27	7.15	 091	 475	38.0	 32 	  3 	100%	 7.1	    	    	    	    	    	    	    	    	    	    
[2026-02-02 18:29:27.690]  18:48:33	7.16	 091	 474	38.0	 32 	  3 	100%	 7.1	    	    	    	    	    	    	    	    	    	    
[2026-02-02 18:29:33.657]  18:48:39	7.16	 090	 474	38.0	 32 	  3 	100%	 7.0	    	    	    	    	    	    	    	    	    	    
[2026-02-02 18:29:39.634]  18:48:45	7.16	 089	 473	38.0	 32 	  3 	100%	 7.0	    	    	    	    	    	    	    	    	    	    
[2026-02-02 18:29:45.611]  18:48:51	7.16	 089	 473	38.0	 32 	  3 	100%	 7.0	    	    	    	    	    	    	    	    	    	    
[2026-02-02 18:29:51.585]  18:48:57	7.16	 088	 472	38.0	 32 	  3 	100%	 7.0	    	    	    	    	    	    	    	    	    	    
[2026-02-02 18:29:57.565]  18:49:03	7.16	 088	 473	38.0	 32 	  3 	100%	 7.1	    	    	    	    	    	    	    	    	    	    
[2026-02-02 18:30:03.538]  18:49:09	7.16	 088	 474	38.0	 32 	  3 	100%	 7.0	    	    	    	    	    	    	    	    	    	    
[2026-02-02 18:30:09.525]  18:49:15	7.16	 088	 474	38.0	 32 	  3 	100%	 7.0	    	    	    	    	    	    	    	    	    	    
[2026-02-02 18:30:15.527]  18:49:21	7.17	 088	 475	38.0	 32 	  3 	100%	 7.0	    	    	    	    	    	    	    	    	    	    
[2026-02-02 18:30:21.464]  18:49:27	7.17	 087	 475	38.0	 32 	  3 	100%	 7.0	    	    	    	    	    	    	    	    	    	    
[2026-02-02 18:30:27.456]  18:49:33	7.17	 087	 476	38.0	 32 	  3 	100%	 7.1	    	    	    	    	    	    	    	    	    	    
[2026-02-02 18:30:33.418]  18:49:39	7.17	 087	 476	38.0	 32 	  3 	100%	 7.0	    	    	    	    	    	    	    	    	    	    
[2026-02-02 18:30:39.408]  18:49:45	7.17	 087	 476	38.0	 32 	  3 	100%	 7.0	    	    	    	    	    	    	    	    	    	    
[2026-02-02 18:30:45.370]  18:49:51	7.17	 087	 477	38.0	 32 	  3 	100%	 7.0	    	    	    	    	    	    	    	    	    	    
[2026-02-02 18:30:51.347]  18:49:57	7.17	 087	 476	38.0	 32 	  3 	100%	 7.0	    	    	    	    	    	    	    	    	    	    
[2026-02-02 18:30:57.326]  18:50:03	7.16	 087	 476	38.0	 32 	  3 	100%	 7.0	    	    	    	    	    	    	    	    	    	    
[2026-02-02 18:31:03.301]  18:50:09	7.17	 087	 476	38.0	 32 	  3 	100%	 7.0	    	    	    	    	    	    	    	    	    	    
[2026-02-02 18:31:09.275]  18:50:15	7.16	 087	 476	38.0	 32 	  3 	100%	 7.1	    	    	    	    	    	    	    	    	    	    
[2026-02-02 18:31:15.252]  18:50:20	7.16	 087	 475	38.0	 32 	  3 	100%	 7.0	    	    	    	    	    	    	    	    	    	    
[2026-02-02 18:31:21.228]  18:50:26	7.16	 087	 475	38.0	 32 	  3 	100%	 7.0	    	    	    	    	    	    	    	    	    	    
[2026-02-02 18:31:27.216]  18:50:32	7.16	 087	 474	38.0	 32 	  3 	100%	 7.0	    	    	    	    	    	    	    	    	    	    
[2026-02-02 18:31:33.183]  18:50:38	7.16	 087	 474	38.0	 32 	  3 	100%	 7.0	    	    	    	    	    	    	    	    	    	    
[2026-02-02 18:31:39.158]  18:50:44	7.16	 087	 473	38.0	 32 	  3 	100%	 7.0	    	    	    	    	    	    	    	    	    	    
[2026-02-02 18:31:45.133]  18:50:50	7.16	 087	 473	38.0	 32 	  3 	100%	 7.0	    	    	    	    	    	    	    	    	    	    
[2026-02-02 18:31:51.115]  18:50:56	7.16	 087	 472	38.0	 32 	  3 	100%	 7.0	    	    	    	    	    	    	    	    	    	    
[2026-02-02 18:31:57.093]  18:51:02	7.16	 087	 471	38.0	 32 	  3 	100%	 7.0	    	    	    	    	    	    	    	    	    	    
[2026-02-02 18:32:03.066]  18:51:08	7.16	 087	 470	38.0	 32 	  3 	100%	 7.0	    	    	    	    	    	    	    	    	    	    
[2026-02-02 18:32:09.044]  18:51:14	7.16	 088	 469	38.0	 32 	  3 	100%	 7.0	    	    	    	    	    	    	    	    	    	    
[2026-02-02 18:32:15.031]  18:51:20	7.16	 088	 468	38.0	 32 	  3 	100%	 7.0	    	    	    	    	    	    	    	    	    	    
[2026-02-02 18:32:20.997]  18:51:26	7.16	 088	 467	38.0	 32 	  3 	100%	 7.0	    	    	    	    	    	    	    	    	    	    
[2026-02-02 18:32:26.975]          	    	ARTERIAL 	 	  	    	    	    	    	    	    	    	  	    VENOUS
[2026-02-02 18:32:27.000]   Time   	 pH 	 CO2	  O2	TEMP	HCO3	 BE 	cSO2	 K+ 	 VO2	  Q 	 BSA	 pH 	 CO2	  O2	TEMP	 SO2	 HCT	 HGB
[2026-02-02 18:32:27.023] 
[2026-02-02 18:32:27.023]  18:51:32	7.16	 088	 466	38.0	 32 	  3 	100%	 7.0	    	    	    	    	    	    	    	    	    	    
[2026-02-02 18:32:32.948]  18:51:38	7.16	 088	 465	38.0	 32 	  3 	100%	 7.0	    	    	    	    	    	    	    	    	    	    
[2026-02-02 18:32:38.924]  18:51:44	7.16	 088	 465	38.0	 32 	  3 	100%	 7.0	    	    	    	    	    	    	    	    	    	    
[2026-02-02 18:32:44.901]  18:51:50	7.16	 088	 464	38.0	 32 	  3 	100%	 7.0	    	    	    	    	    	    	    	    	    	    
[2026-02-02 18:32:50.877]  18:51:56	7.16	 088	 464	38.0	 32 	  3 	100%	 7.0	    	    	    	    	    	    	    	    	    	    
[2026-02-02 18:32:56.858]  18:52:02	7.16	 088	 464	38.0	 32 	  3 	100%	 7.0	    	    	    	    	    	    	    	    	    	    
[2026-02-02 18:33:02.830]  18:52:08	7.16	 088	 464	38.0	 32 	  3 	100%	 7.0	    	    	    	    	    	    	    	    	    	    
[2026-02-02 18:33:08.807]  18:52:14	7.16	 088	 463	38.0	 32 	  3 	100%	 7.0	    	    	    	    	    	    	    	    	    	    
[2026-02-02 18:33:14.785]  18:52:20	7.16	 088	 463	38.0	 32 	  3 	100%	 7.0	    	    	    	    	    	    	    	    	    	    
[2026-02-02 18:33:20.759]  18:52:26	7.16	 089	 463	38.0	 32 	  3 	100%	 7.0	    	    	    	    	    	    	    	    	    	    
[2026-02-02 18:33:26.747]  18:52:32	7.16	 089	 461	38.0	 32 	  3 	100%	 7.0	    	    	    	    	    	    	    	    	    	    
[2026-02-02 18:33:32.714]  18:52:38	7.16	 089	 460	38.0	 32 	  3 	100%	 7.0	    	    	    	    	    	    	    	    	    	    
[2026-02-02 18:33:38.728]  18:52:44	7.16	 089	 459	38.0	 32 	  3 	100%	 7.0	    	    	    	    	    	    	    	    	    	    
[2026-02-02 18:33:44.665]  18:52:50	7.16	 089	 459	38.0	 32 	  3 	100%	 7.0	    	    	    	    	    	    	    	    	    	    
[2026-02-02 18:33:50.642]  18:52:56	7.16	 089	 458	38.0	 32 	  3 	100%	 7.0	    	    	    	    	    	    	    	    	    	    
[2026-02-02 18:33:56.622]  18:53:02	7.16	 089	 458	38.0	 32 	  3 	100%	 7.0	    	    	    	    	    	    	    	    	    	    
[2026-02-02 18:34:02.595]  18:53:08	7.16	 088	 458	38.0	 32 	  3 	100%	 7.0	    	    	    	    	    	    	    	    	    	    
[2026-02-02 18:34:08.574]  18:53:14	7.16	 088	 458	38.0	 32 	  3 	100%	 7.1	    	    	    	    	    	    	    	    	    	    
[2026-02-02 18:34:14.559]  18:53:20	7.16	 088	 457	38.0	 32 	  3 	100%	 7.1	    	    	    	    	    	    	    	    	    	    
[2026-02-02 18:34:20.525]  18:53:26	7.16	 088	 457	38.0	 32 	  3 	100%	 7.0	    	    	    	    	    	    	    	    	    	    
[2026-02-02 18:34:26.512]  18:53:32	7.16	 089	 456	38.0	 32 	  3 	100%	 7.0	    	    	    	    	    	    	    	    	    	    
[2026-02-02 18:34:32.478]  18:53:38	7.16	 089	 456	38.0	 32 	  3 	100%	 7.0	    	    	    	    	    	    	    	    	    	    
[2026-02-02 18:34:38.452]  18:53:44	7.16	 089	 455	38.0	 32 	  3 	100%	 7.0	    	    	    	    	    	    	    	    	    	    
[2026-02-02 18:34:44.431]  18:53:50	7.16	 089	 454	38.1	 32 	  3 	100%	 7.0	    	    	    	    	    	    	    	    	    	    
[2026-02-02 18:34:50.405]  18:53:56	7.16	 089	 454	38.1	 32 	  3 	100%	 7.0	    	    	    	    	    	    	    	    	    	    
[2026-02-02 18:34:56.399]  18:54:02	7.16	 089	 453	38.1	 32 	  3 	100%	 7.0	    	    	    	    	    	    	    	    	    	    
[2026-02-02 18:35:02.359]  18:54:08	7.16	 089	 452	38.1	 32 	  3 	100%	 7.0	    	    	    	    	    	    	    	    	    	    
[2026-02-02 18:35:08.335]  18:54:14	7.16	 089	 451	38.1	 32 	  3 	100%	 7.0	    	    	    	    	    	    	    	    	    	    
[2026-02-02 18:35:14.311]  18:54:20	7.16	 089	 451	38.1	 32 	  3 	100%	 7.0	    	    	    	    	    	    	    	    	    	    
[2026-02-02 18:35:20.291]  18:54:26	7.16	 088	 451	38.0	 32 	  3 	100%	 7.0	    	    	    	    	    	    	    	    	    	    
[2026-02-02 18:35:26.277]  18:54:32	7.16	 088	 451	38.0	 32 	  3 	100%	 7.0	    	    	    	    	    	    	    	    	    	    
[2026-02-02 18:35:32.240]  18:54:38	7.16	 089	 450	38.0	 32 	  3 	100%	 7.0	    	    	    	    	    	    	    	    	    	    
[2026-02-02 18:35:38.217]  18:54:44	7.15	 090	 449	38.0	 32 	  3 	100%	 7.0	    	    	    	    	    	    	    	    	    	    
[2026-02-02 18:35:44.194]  18:54:50	7.15	 090	 448	38.0	 32 	  3 	100%	 7.0	    	    	    	    	    	    	    	    	    	    
[2026-02-02 18:35:50.169]  18:54:56	7.15	 091	 446	38.0	 32 	  3 	100%	 7.0	    	    	    	    	    	    	    	    	    	    
[2026-02-02 18:35:56.149]  18:55:02	7.15	 091	 444	38.0	 32 	  3 	100%	 7.0	    	    	    	    	    	    	    	    	    	    
[2026-02-02 18:36:02.134]  18:55:08	7.14	 093	 442	38.0	 32 	  3 	100%	 7.0	    	    	    	    	    	    	    	    	    	    
[2026-02-02 18:36:08.098]  18:55:14	7.14	 094	 439	38.0	 32 	  3 	100%	 7.0	    	    	    	    	    	    	    	    	    	    
[2026-02-02 18:36:14.087]  18:55:20	7.14	 095	 436	38.0	 32 	  3 	100%	 7.1	    	    	    	    	    	    	    	    	    	    
[2026-02-02 18:36:20.051]  18:55:26	7.13	 096	 434	38.1	 32 	  3 	100%	 7.1	    	    	    	    	    	    	    	    	    	    
[2026-02-02 18:36:26.038]  18:55:32	7.13	 096	 431	38.1	 32 	  3 	100%	 7.1	    	    	    	    	    	    	    	    	    	    
[2026-02-02 18:36:32.005]  18:55:38	7.13	 097	 428	38.1	 33 	  3 	100%	 7.0	    	    	    	    	    	    	    	    	    	    
[2026-02-02 18:36:37.980]  18:55:44	7.13	 098	 425	38.1	 33 	  3 	100%	 7.0	    	    	    	    	    	    	    	    	    	    
[2026-02-02 18:36:43.957]  18:55:50	7.12	 099	 423	38.1	 33 	  3 	100%	 6.9	    	    	    	    	    	    	    	    	    	    
[2026-02-02 18:36:49.934]  18:55:56	7.12	 100	 421	38.1	 33 	  3 	100%	 6.9	    	    	    	    	    	    	    	    	    	    
[2026-02-02 18:36:55.916]  18:56:01	7.12	 100	 419	38.1	 33 	  3 	100%	 6.9	    	    	    	    	    	    	    	    	    	    
[2026-02-02 18:37:01.887]  18:56:07	7.12	 101	 417	38.1	 33 	  3 	100%	 7.0	    	    	    	    	    	    	    	    	    	    
[2026-02-02 18:37:07.863]  18:56:13	7.12	 101	 416	38.1	 33 	  3 	100%	 7.0	    	    	    	    	    	    	    	    	    	    
[2026-02-02 18:37:13.840]  18:56:19	7.11	 102	 415	38.1	 33 	  3 	100%	 7.0	    	    	    	    	    	    	    	    	    	    
[2026-02-02 18:37:19.816]  18:56:25	7.11	 102	 413	38.1	 33 	  3 	100%	 7.0	    	    	    	    	    	    	    	    	    	    
[2026-02-02 18:37:25.795]          	    	ARTERIAL 	 	  	    	    	    	    	    	    	    	  	    VENOUS
[2026-02-02 18:37:25.816]   Time   	 pH 	 CO2	  O2	TEMP	HCO3	 BE 	cSO2	 K+ 	 VO2	  Q 	 BSA	 pH 	 CO2	  O2	TEMP	 SO2	 HCT	 HGB
[2026-02-02 18:37:25.843] 
[2026-02-02 18:37:25.845]  18:56:31	7.11	 103	 411	38.1	 33 	  3 	100%	 7.0	    	    	    	    	    	    	    	    	    	    
[2026-02-02 18:37:31.802]  18:56:37	7.11	 103	 410	38.1	 33 	  3 	100%	 7.0	    	    	    	    	    	    	    	    	    	    
[2026-02-02 18:37:37.757]  18:56:43	7.11	 104	 409	38.1	 33 	  3 	100%	 7.0	    	    	    	    	    	    	    	    	    	    
[2026-02-02 18:37:43.722]  18:56:49	7.11	 105	 408	38.1	 33 	  3 	100%	 6.9	    	    	    	    	    	    	    	    	    	    
[2026-02-02 18:37:49.699]  18:56:55	7.10	 105	 406	38.1	 33 	  3 	100%	 7.0	    	    	    	    	    	    	    	    	    	    
[2026-02-02 18:37:55.678]  18:57:01	7.10	 106	 405	38.1	 33 	  3 	100%	 7.0	    	    	    	    	    	    	    	    	    	    
[2026-02-02 18:38:01.652]  18:57:07	7.10	 107	 404	38.1	 33 	  3 	100%	 7.0	    	    	    	    	    	    	    	    	    	    
[2026-02-02 18:38:07.627]  18:57:13	7.10	 107	 403	38.1	 33 	  3 	100%	 6.9	    	    	    	    	    	    	    	    	    	    
[2026-02-02 18:38:13.604]  18:57:19	7.10	 108	 402	38.1	 33 	  3 	100%	 6.9	    	    	    	    	    	    	    	    	    	    
[2026-02-02 18:38:19.582]  18:57:25	7.09	 108	 401	38.1	 33 	  3 	100%	 6.9	    	    	    	    	    	    	    	    	    	    
[2026-02-02 18:38:25.567]  18:57:31	7.09	 109	 400	38.1	 33 	  3 	100%	 7.0	    	    	    	    	    	    	    	    	    	    
[2026-02-02 18:38:31.546]  18:57:37	7.09	 109	 399	38.1	 33 	  3 	100%	 7.0	    	    	    	    	    	    	    	    	    	    
[2026-02-02 18:38:37.512]  18:57:43	7.09	 110	 397	38.1	 33 	  3 	100%	 6.9	    	    	    	    	    	    	    	    	    	    
[2026-02-02 18:38:43.499]  18:57:49	7.09	 110	 396	38.1	 34 	  3 	100%	 6.9	    	    	    	    	    	    	    	    	    	    
[2026-02-02 18:38:49.502]  18:57:55	7.08	 111	 395	38.1	 34 	  3 	100%	 6.9	    	    	    	    	    	    	    	    	    	    
[2026-02-02 18:38:55.456]  18:58:01	7.08	 111	 393	38.1	 34 	  3 	100%	 6.9	    	    	    	    	    	    	    	    	    	    
[2026-02-02 18:39:01.415]  18:58:07	7.08	 112	 392	38.1	 34 	  3 	100%	 6.9	    	    	    	    	    	    	    	    	    	    
[2026-02-02 18:39:07.393]  18:58:13	7.08	 112	 391	38.1	 34 	  3 	100%	 6.9	    	    	    	    	    	    	    	    	    	    
[2026-02-02 18:39:13.369]  18:58:19	7.08	 113	 390	38.1	 34 	  3 	100%	 6.9	    	    	    	    	    	    	    	    	    	    
[2026-02-02 18:39:19.345]  18:58:25	7.08	 113	 389	38.1	 34 	  3 	100%	 6.9	    	    	    	    	    	    	    	    	    	    
[2026-02-02 18:39:25.332]  18:58:31	7.08	 114	 388	38.1	 34 	  3 	100%	 7.0	    	    	    	    	    	    	    	    	    	    
[2026-02-02 18:39:31.299]  18:58:37	7.07	 114	 388	38.1	 34 	  3 	100%	 6.9	    	    	    	    	    	    	    	    	    	    
[2026-02-02 18:39:37.274]  18:58:43	7.07	 114	 387	38.1	 34 	  3 	100%	 6.9	    	    	    	    	    	    	    	    	    	    
[2026-02-02 18:39:43.249]  18:58:48	7.07	 115	 386	38.1	 34 	  3 	100%	 6.8	    	    	    	    	    	    	    	    	    	    
[2026-02-02 18:39:49.227]  18:58:54	7.07	 115	 385	38.1	 34 	  3 	100%	 6.8	    	    	    	    	    	    	    	    	    	    
[2026-02-02 18:39:55.207]  18:59:00	7.07	 116	 385	38.1	 34 	  3 	100%	 6.9	    	    	    	    	    	    	    	    	    	    
[2026-02-02 18:40:01.179]  18:59:06	7.07	 116	 384	38.1	 34 	  3 	100%	 6.9	    	    	    	    	    	    	    	    	    	    
[2026-02-02 18:40:07.156]  18:59:12	7.07	 116	 383	38.1	 34 	  3 	100%	 6.9	    	    	    	    	    	    	    	    	    	    
[2026-02-02 18:40:13.131]  18:59:18	7.07	 117	 383	38.1	 34 	  3 	100%	 6.9	    	    	    	    	    	    	    	    	    	    
[2026-02-02 18:40:19.108]  18:59:24	7.07	 117	 382	38.1	 34 	  3 	100%	 6.8	    	    	    	    	    	    	    	    	    	    
[2026-02-02 18:40:25.095]  18:59:30	7.06	 117	 382	38.1	 34 	  3 	100%	 6.9	    	    	    	    	    	    	    	    	    	    
[2026-02-02 18:40:31.061]  18:59:36	7.06	 118	 382	38.1	 34 	  3 	100%	 6.9	    	    	    	    	    	    	    	    	    	    
[2026-02-02 18:40:37.037]  18:59:42	7.06	 118	 381	38.1	 34 	  3 	100%	 6.9	    	    	    	    	    	    	    	    	    	    
[2026-02-02 18:40:43.015]  18:59:48	7.06	 118	 380	38.1	 34 	  3 	100%	 6.9	    	    	    	    	    	    	    	    	    	    
[2026-02-02 18:40:48.991]  18:59:54	7.06	 119	 379	38.2	 34 	  3 	100%	 6.8	    	    	    	    	    	    	    	    	    	    
[2026-02-02 18:40:54.981]  19:00:00	7.06	 119	 379	38.2	 34 	  3 	100%	 6.8	    	    	    	    	    	    	    	    	    	    
[2026-02-02 18:41:00.943]  19:00:06	7.06	 119	 377	38.2	 34 	  3 	100%	 6.9	    	    	    	    	    	    	    	    	    	    
[2026-02-02 18:41:06.918]  19:00:12	7.06	 120	 376	38.2	 34 	  3 	100%	 6.9	    	    	    	    	    	    	    	    	    	    
[2026-02-02 18:41:12.899]  19:00:18	7.06	 120	 375	38.2	 34 	  3 	100%	 6.9	    	    	    	    	    	    	    	    	    	    
[2026-02-02 18:41:18.871]  19:00:24	7.05	 121	 374	38.2	 34 	  3 	100%	 6.9	    	    	    	    	    	    	    	    	    	    
[2026-02-02 18:41:24.860]  19:00:30	7.05	 121	 374	38.2	 34 	  3 	100%	 6.9	    	    	    	    	    	    	    	    	    	    
[2026-02-02 18:41:30.824]  19:00:36	7.05	 121	 373	38.1	 34 	  3 	100%	 6.9	    	    	    	    	    	    	    	    	    	    
[2026-02-02 18:41:36.800]  19:00:42	7.05	 121	 372	38.1	 34 	  3 	100%	 6.9	    	    	    	    	    	    	    	    	    	    
[2026-02-02 18:41:42.778]  19:00:48	7.05	 122	 371	38.1	 34 	  3 	100%	 6.9	    	    	    	    	    	    	    	    	    	    
[2026-02-02 18:41:48.754]  19:00:53	7.05	 122	 370	38.2	 34 	  3 	100%	 6.9	    	    	    	    	    	    	    	    	    	    
[2026-02-02 18:41:54.736]  19:00:59	7.05	 122	 370	38.2	 34 	  3 	100%	 6.9	    	    	    	    	    	    	    	    	    	    
[2026-02-02 18:42:00.706]  19:01:05	7.05	 123	 369	38.2	 34 	  3 	100%	 6.9	    	    	    	    	    	    	    	    	    	    
[2026-02-02 18:42:06.683]  19:01:11	7.05	 123	 369	38.1	 34 	  3 	100%	 6.9	    	    	    	    	    	    	    	    	    	    
[2026-02-02 18:42:12.659]  19:01:17	7.05	 123	 368	38.1	 34 	  3 	100%	 6.9	    	    	    	    	    	    	    	    	    	    
[2026-02-02 18:42:18.638]  19:01:23	7.04	 124	 368	38.1	 34 	  3 	100%	 6.8	    	    	    	    	    	    	    	    	    	    
[2026-02-02 18:42:24.616]          	    	ARTERIAL 	 	  	    	    	    	    	    	    	    	  	    VENOUS
[2026-02-02 18:42:24.635]   Time   	 pH 	 CO2	  O2	TEMP	HCO3	 BE 	cSO2	 K+ 	 VO2	  Q 	 BSA	 pH 	 CO2	  O2	TEMP	 SO2	 HCT	 HGB
[2026-02-02 18:42:24.663] 
[2026-02-02 18:42:24.663]  19:01:29	7.04	 124	 368	38.1	 34 	  3 	100%	 6.8	    	    	    	    	    	    	    	    	    	    
[2026-02-02 18:42:30.588]  19:01:35	7.04	 124	 367	38.1	 34 	  3 	100%	 6.8	    	    	    	    	    	    	    	    	    	    
[2026-02-02 18:42:36.566]  19:01:41	7.04	 124	 367	38.1	 34 	  3 	100%	 6.8	    	    	    	    	    	    	    	    	    	    
[2026-02-02 18:42:42.580]  19:01:47	7.04	 125	 366	38.1	 34 	  3 	100%	 6.9	    	    	    	    	    	    	    	    	    	    
[2026-02-02 18:42:48.518]  19:01:53	7.04	 125	 366	38.1	 34 	  3 	100%	 6.9	    	    	    	    	    	    	    	    	    	    
[2026-02-02 18:42:54.501]  19:01:59	7.04	 125	 366	38.1	 34 	  3 	100%	 6.9	    	    	    	    	    	    	    	    	    	    
[2026-02-02 18:43:00.475]  19:02:05	7.04	 125	 365	38.1	 34 	  3 	100%	 6.9	    	    	    	    	    	    	    	    	    	    
[2026-02-02 18:43:06.447]  19:02:11	7.04	 126	 364	38.1	 34 	  3 	100%	 6.8	    	    	    	    	    	    	    	    	    	    
[2026-02-02 18:43:12.424]  19:02:17	7.04	 126	 364	38.1	 34 	  3 	100%	 6.8	    	    	    	    	    	    	    	    	    	    
[2026-02-02 18:43:18.402]  19:02:23	7.04	 126	 363	38.1	 34 	  3 	100%	 6.9	    	    	    	    	    	    	    	    	    	    
[2026-02-02 18:43:24.386]  19:02:29	7.04	 126	 362	38.1	 34 	  3 	100%	 6.9	    	    	    	    	    	    	    	    	    	    
[2026-02-02 18:43:30.352]  19:02:35	7.03	 127	 362	38.1	 34 	  3 	100%	 6.9	    	    	    	    	    	    	    	    	    	    
[2026-02-02 18:43:36.328]  19:02:41	7.03	 127	 361	38.1	 34 	  3 	100%	 6.9	    	    	    	    	    	    	    	    	    	    
[2026-02-02 18:43:42.308]  19:02:47	7.03	 127	 360	38.1	 34 	  3 	100%	 6.9	    	    	    	    	    	    	    	    	    	    
[2026-02-02 18:43:48.293]  19:02:53	7.03	 127	 359	38.1	 34 	  3 	100%	 6.9	    	    	    	    	    	    	    	    	    	    
[2026-02-02 18:43:54.261]  19:02:59	7.03	 128	 358	38.1	 34 	  3 	100%	 6.9	    	    	    	    	    	    	    	    	    	    
[2026-02-02 18:44:00.235]  19:03:05	7.03	 128	 359	38.2	 34 	  2 	100%	 6.9	    	    	    	    	    	    	    	    	    	    
[2026-02-02 18:44:06.210]  19:03:11	7.04	 126	 364	38.2	 34 	  3 	100%	 6.9	    	    	    	    	    	    	    	    	    	    
[2026-02-02 18:44:12.186]  19:03:17	7.04	 123	 371	38.2	 34 	  3 	100%	 6.9	    	    	    	    	    	    	    	    	    	    
[2026-02-02 18:44:18.163]  19:03:23	7.05	 119	 377	38.2	 34 	  2 	100%	 6.9	    	    	    	    	    	    	    	    	    	    
[2026-02-02 18:44:24.152]  19:03:29	7.06	 116	 383	38.2	 33 	  2 	100%	 6.9	    	    	    	    	    	    	    	    	    	    
[2026-02-02 18:44:30.155]  19:03:35	7.07	 114	 388	38.2	 33 	  2 	100%	 6.9	    	    	    	    	    	    	    	    	    	    
[2026-02-02 18:44:36.093]  19:03:41	7.07	 112	 393	38.2	 33 	  2 	100%	 6.9	    	    	    	    	    	    	    	    	    	    
[2026-02-02 18:44:42.068]  19:03:47	7.07	 111	 396	38.2	 33 	  2 	100%	 6.9	    	    	    	    	    	    	    	    	    	    
[2026-02-02 18:44:48.045]  19:03:53	7.07	 110	 399	38.1	 32 	  2 	100%	 6.9	    	    	    	    	    	    	    	    	    	    
[2026-02-02 18:44:54.027]  19:03:59	7.08	 109	 402	38.1	 32 	  2 	100%	 6.9	    	    	    	    	    	    	    	    	    	    
[2026-02-02 18:44:59.999]  19:04:05	7.08	 108	 404	38.1	 32 	  2 	100%	 6.9	    	    	    	    	    	    	    	    	    	    
[2026-02-02 18:45:05.975]  19:04:11	7.08	 108	 406	38.1	 32 	  2 	100%	 6.9	    	    	    	    	    	    	    	    	    	    
[2026-02-02 18:45:11.953]  19:04:17	7.08	 107	 408	38.1	 32 	  2 	100%	 7.0	    	    	    	    	    	    	    	    	    	    
[2026-02-02 18:45:17.927]  19:04:23	7.08	 107	 409	38.1	 32 	  2 	100%	 6.9	    	    	    	    	    	    	    	    	    	    
[2026-02-02 18:45:23.915]  19:04:29	7.08	 106	 411	38.1	 32 	  2 	100%	 6.9	    	    	    	    	    	    	    	    	    	    
[2026-02-02 18:45:29.882]  19:04:35	7.09	 106	 413	38.1	 32 	  2 	100%	 6.9	    	    	    	    	    	    	    	    	    	    
[2026-02-02 18:45:35.870]  19:04:41	7.09	 105	 414	38.1	 32 	  2 	100%	 7.0	    	    	    	    	    	    	    	    	    	    
[2026-02-02 18:45:41.836]  19:04:47	7.09	 105	 415	38.1	 32 	  2 	100%	 6.9	    	    	    	    	    	    	    	    	    	    
[2026-02-02 18:45:47.810]  19:04:53	7.09	 104	 416	38.1	 32 	  2 	100%	 6.9	    	    	    	    	    	    	    	    	    	    
[2026-02-02 18:45:53.791]  19:04:59	7.09	 104	 418	38.1	 32 	  2 	100%	 7.0	    	    	    	    	    	    	    	    	    	    
[2026-02-02 18:45:59.762]  19:05:05	7.09	 104	 419	38.1	 32 	  2 	100%	 7.0	    	    	    	    	    	    	    	    	    	    
[2026-02-02 18:46:05.740]  19:05:11	7.08	 105	 419	38.1	 32 	  1 	100%	 7.0	    	    	    	    	    	    	    	    	    	    
[2026-02-02 18:46:11.714]  19:05:17	7.08	 107	 418	38.1	 32 	  2 	100%	 7.0	    	    	    	    	    	    	    	    	    	    
[2026-02-02 18:46:17.690]  19:05:23	7.07	 109	 417	38.1	 32 	  2 	100%	 7.0	    	    	    	    	    	    	    	    	    	    
[2026-02-02 18:46:23.678]  19:05:29	7.07	 110	 417	38.1	 32 	  2 	100%	 7.0	    	    	    	    	    	    	    	    	    	    
[2026-02-02 18:46:29.657]  19:05:35	7.08	 109	 418	38.1	 33 	  2 	100%	 7.0	    	    	    	    	    	    	    	    	    	    
[2026-02-02 18:46:35.657]  19:05:41	7.08	 108	 419	38.1	 32 	  2 	100%	 7.0	    	    	    	    	    	    	    	    	    	    
[2026-02-02 18:46:41.597]  19:05:46	7.09	 107	 420	38.1	 32 	  2 	100%	 7.0	    	    	    	    	    	    	    	    	    	    
[2026-02-02 18:46:47.573]  19:05:52	7.09	 105	 421	38.1	 32 	  2 	100%	 7.0	    	    	    	    	    	    	    	    	    	    
[2026-02-02 18:46:53.553]  19:05:58	7.09	 104	 423	38.1	 32 	  2 	100%	 7.0	    	    	    	    	    	    	    	    	    	    
[2026-02-02 18:46:59.526]  19:06:04	7.09	 103	 424	38.1	 32 	  2 	100%	 7.0	    	    	    	    	    	    	    	    	    	    
[2026-02-02 18:47:05.502]  19:06:10	7.10	 103	 425	38.1	 32 	  2 	100%	 7.0	    	    	    	    	    	    	    	    	    	    
[2026-02-02 18:47:11.479]  19:06:16	7.10	 102	 426	38.1	 32 	  2 	100%	 7.1	    	    	    	    	    	    	    	    	    	    
[2026-02-02 18:47:17.455]  19:06:22	7.10	 101	 427	38.1	 32 	  2 	100%	 7.1	    	    	    	    	    	    	    	    	    	    
[2026-02-02 18:47:23.444]          	    	ARTERIAL 	 	  	    	    	    	    	    	    	    	  	    VENOUS
[2026-02-02 18:47:23.467]   Time   	 pH 	 CO2	  O2	TEMP	HCO3	 BE 	cSO2	 K+ 	 VO2	  Q 	 BSA	 pH 	 CO2	  O2	TEMP	 SO2	 HCT	 HGB
[2026-02-02 18:47:23.494] 
[2026-02-02 18:47:23.494]  19:06:28	7.10	 101	 428	38.1	 32 	  1 	100%	 7.1	    	    	    	    	    	    	    	    	    	    
[2026-02-02 18:47:29.408]  19:06:34	7.10	 101	 429	38.1	 32 	  1 	100%	 7.1	    	    	    	    	    	    	    	    	    	    
[2026-02-02 18:47:35.387]  19:06:40	7.10	 100	 431	38.1	 32 	  1 	100%	 7.1	    	    	    	    	    	    	    	    	    	    
[2026-02-02 18:47:41.358]  19:06:46	7.11	 098	 433	38.1	 31 	  1 	100%	 7.1	    	    	    	    	    	    	    	    	    	    
[2026-02-02 18:47:47.346]  19:06:52	7.11	 097	 435	38.1	 31 	  1 	100%	 7.1	    	    	    	    	    	    	    	    	    	    
[2026-02-02 18:47:53.316]  19:06:58	7.12	 095	 437	38.1	 31 	  1 	100%	 7.1	    	    	    	    	    	    	    	    	    	    
[2026-02-02 18:47:59.289]  19:07:04	7.12	 094	 439	38.1	 31 	  1 	100%	 7.1	    	    	    	    	    	    	    	    	    	    
[2026-02-02 18:48:05.264]  19:07:10	7.12	 094	 440	38.1	 31 	  1 	100%	 7.1	    	    	    	    	    	    	    	    	    	    
[2026-02-02 18:48:11.240]  19:07:16	7.12	 093	 441	38.1	 31 	  1 	100%	 7.1	    	    	    	    	    	    	    	    	    	    
[2026-02-02 18:48:17.217]  19:07:22	7.13	 092	 442	38.1	 31 	  1 	100%	 7.2	    	    	    	    	    	    	    	    	    	    
[2026-02-02 18:48:23.206]  19:07:28	7.13	 092	 444	38.1	 31 	  1 	100%	 7.2	    	    	    	    	    	    	    	    	    	    
[2026-02-02 18:48:29.170]  19:07:34	7.13	 092	 445	38.1	 31 	  1 	100%	 7.2	    	    	    	    	    	    	    	    	    	    
[2026-02-02 18:48:35.148]  19:07:40	7.13	 091	 445	38.1	 31 	  1 	100%	 7.2	    	    	    	    	    	    	    	    	    	    
[2026-02-02 18:48:41.122]  19:07:46	7.13	 091	 446	38.1	 31 	  1 	100%	 7.2	    	    	    	    	    	    	    	    	    	    
[2026-02-02 18:48:47.098]  19:07:52	7.13	 091	 447	38.1	 31 	  1 	100%	 7.2	    	    	    	    	    	    	    	    	    	    
[2026-02-02 18:48:53.078]  19:07:58	7.13	 091	 447	38.1	 31 	  1 	100%	 7.2	    	    	    	    	    	    	    	    	    	    
[2026-02-02 18:48:59.053]  19:08:04	7.13	 090	 448	38.1	 31 	  1 	100%	 7.1	    	    	    	    	    	    	    	    	    	    
[2026-02-02 18:49:05.027]  19:08:10	7.14	 090	 449	38.2	 31 	  1 	100%	 7.2	    	    	    	    	    	    	    	    	    	    
[2026-02-02 18:49:11.005]  19:08:16	7.13	 090	 450	38.2	 31 	  1 	100%	 7.2	    	    	    	    	    	    	    	    	    	    
[2026-02-02 18:49:16.981]  19:08:22	7.12	 092	 450	38.2	 31 	  1 	100%	 7.2	    	    	    	    	    	    	    	    	    	    
[2026-02-02 18:49:22.980]  19:08:28	7.12	 094	 448	38.2	 31 	  1 	100%	 7.2	    	    	    	    	    	    	    	    	    	    
[2026-02-02 18:49:28.945]  19:08:34	7.11	 097	 447	38.2	 31 	  1 	100%	 7.2	    	    	    	    	    	    	    	    	    	    
[2026-02-02 18:49:34.910]  19:08:40	7.11	 098	 446	38.2	 31 	  1 	100%	 7.2	    	    	    	    	    	    	    	    	    	    
[2026-02-02 18:49:40.888]  19:08:46	7.11	 097	 446	38.2	 32 	  2 	100%	 7.2	    	    	    	    	    	    	    	    	    	    
[2026-02-02 18:49:46.863]  19:08:52	7.12	 096	 447	38.2	 32 	  2 	100%	 7.2	    	    	    	    	    	    	    	    	    	    
[2026-02-02 18:49:52.843]  19:08:58	7.13	 094	 448	38.2	 31 	  2 	100%	 7.2	    	    	    	    	    	    	    	    	    	    
[2026-02-02 18:49:58.815]  19:09:04	7.13	 093	 448	38.2	 31 	  2 	100%	 7.2	    	    	    	    	    	    	    	    	    	    
[2026-02-02 18:50:04.803]  19:09:10	7.13	 092	 447	38.2	 31 	  1 	100%	 7.2	    	    	    	    	    	    	    	    	    	    
[2026-02-02 18:50:10.768]  19:09:16	7.13	 091	 447	38.2	 31 	  1 	100%	 7.1	    	    	    	    	    	    	    	    	    	    
[2026-02-02 18:50:16.744]  19:09:22	7.14	 091	 447	38.2	 31 	  1 	100%	 7.2	    	    	    	    	    	    	    	    	    	    
[2026-02-02 18:50:22.732]  19:09:28	7.14	 090	 449	38.2	 31 	  1 	100%	 7.3	    	    	    	    	    	    	    	    	    	    
[2026-02-02 18:50:28.699]  19:09:34	7.14	 090	 450	38.2	 31 	  1 	100%	 7.3	    	    	    	    	    	    	    	    	    	    
[2026-02-02 18:50:34.674]  19:09:40	7.14	 089	 449	38.2	 31 	  1 	100%	 7.2	    	    	    	    	    	    	    	    	    	    
[2026-02-02 18:50:40.652]  19:09:46	7.14	 089	 447	38.2	 31 	  1 	100%	 7.2	    	    	    	    	    	    	    	    	    	    
[2026-02-02 18:50:46.629]  19:09:52	7.14	 089	 443	38.2	 31 	  1 	100%	 7.2	    	    	    	    	    	    	    	    	    	    
[2026-02-02 18:50:52.607]  19:09:58	7.14	 088	 440	38.2	 31 	  1 	100%	 7.3	    	    	    	    	    	    	    	    	    	    
[2026-02-02 18:50:58.580]  19:10:04	7.15	 088	 438	38.2	 30 	  1 	100%	 7.2	    	    	    	    	    	    	    	    	    	    
[2026-02-02 18:51:04.557]  19:10:09	7.15	 087	 437	38.2	 30 	  1 	100%	 7.2	    	    	    	    	    	    	    	    	    	    
[2026-02-02 18:51:10.543]  19:10:15	7.15	 087	 437	38.2	 30 	  1 	100%	 7.2	    	    	    	    	    	    	    	    	    	    
[2026-02-02 18:51:16.512]  19:10:21	7.15	 086	 436	38.2	 30 	  1 	100%	 7.3	    	    	    	    	    	    	    	    	    	    
[2026-02-02 18:51:22.507]  19:10:27	7.15	 086	 434	38.2	 30 	  1 	100%	 7.2	    	    	    	    	    	    	    	    	    	    
[2026-02-02 18:51:28.461]  19:10:33	7.15	 086	 433	38.2	 30 	  1 	100%	 7.2	    	    	    	    	    	    	    	    	    	    
[2026-02-02 18:51:34.438]  19:10:39	7.15	 085	 432	38.2	 30 	  1 	100%	 7.2	    	    	    	    	    	    	    	    	    	    
[2026-02-02 18:51:40.414]  19:10:45	7.16	 085	 431	38.2	 30 	  1 	100%	 7.3	    	    	    	    	    	    	    	    	    	    
[2026-02-02 18:51:46.430]  19:10:51	7.16	 085	 430	38.2	 30 	  1 	100%	 7.3	    	    	    	    	    	    	    	    	    	    
[2026-02-02 18:51:52.371]  19:10:57	7.16	 084	 429	38.2	 30 	  1 	100%	 7.2	    	    	    	    	    	    	    	    	    	    
[2026-02-02 18:51:58.345]  19:11:03	7.16	 084	 429	38.2	 30 	  1 	100%	 7.3	    	    	    	    	    	    	    	    	    	    
[2026-02-02 18:52:04.331]  19:11:09	7.16	 084	 427	38.2	 30 	  1 	100%	 7.3	    	    	    	    	    	    	    	    	    	    
[2026-02-02 18:52:10.297]  19:11:15	7.16	 085	 427	38.2	 30 	  1 	100%	 7.3	    	    	    	    	    	    	    	    	    	    
[2026-02-02 18:52:16.272]  19:11:21	7.16	 085	 427	38.2	 30 	  1 	100%	 7.2	    	    	    	    	    	    	    	    	    	    
[2026-02-02 18:52:22.255]          	    	ARTERIAL 	 	  	    	    	    	    	    	    	    	  	    VENOUS
[2026-02-02 18:52:22.272]   Time   	 pH 	 CO2	  O2	TEMP	HCO3	 BE 	cSO2	 K+ 	 VO2	  Q 	 BSA	 pH 	 CO2	  O2	TEMP	 SO2	 HCT	 HGB
[2026-02-02 18:52:22.301] 
[2026-02-02 18:52:22.301]  19:11:27	7.16	 084	 427	38.2	 30 	  1 	100%	 7.2	    	    	    	    	    	    	    	    	    	    
[2026-02-02 18:52:28.225]  19:11:33	7.16	 085	 429	38.2	 30 	  1 	100%	 7.3	    	    	    	    	    	    	    	    	    	    
[2026-02-02 18:52:34.202]  19:11:39	7.15	 088	 428	38.2	 30 	  1 	100%	 7.3	    	    	    	    	    	    	    	    	    	    
[2026-02-02 18:52:40.179]  19:11:45	7.14	 090	 426	38.3	 31 	  1 	100%	 7.3	    	    	    	    	    	    	    	    	    	    
[2026-02-02 18:52:46.154]  19:11:51	7.13	 093	 427	38.3	 31 	  1 	100%	 7.3	    	    	    	    	    	    	    	    	    	    
[2026-02-02 18:52:52.136]  19:11:57	7.13	 093	 426	38.3	 31 	  2 	100%	 7.3	    	    	    	    	    	    	    	    	    	    
[2026-02-02 18:52:58.108]  19:12:03	7.14	 091	 427	38.3	 31 	  2 	100%	 7.2	    	    	    	    	    	    	    	    	    	    
[2026-02-02 18:53:04.083]  19:12:09	7.14	 090	 427	38.3	 31 	  2 	100%	 7.2	    	    	    	    	    	    	    	    	    	    
[2026-02-02 18:53:10.060]  19:12:15	7.14	 089	 427	38.3	 31 	  2 	100%	 7.2	    	    	    	    	    	    	    	    	    	    
[2026-02-02 18:53:16.037]  19:12:21	7.14	 089	 426	38.3	 31 	  2 	100%	 7.3	    	    	    	    	    	    	    	    	    	    
[2026-02-02 18:53:22.038]  19:12:27	7.14	 090	 425	38.3	 31 	  2 	100%	 7.3	    	    	    	    	    	    	    	    	    	    
[2026-02-02 18:53:27.989]  19:12:33	7.14	 090	 425	38.3	 31 	  2 	100%	 7.2	    	    	    	    	    	    	    	    	    	    
[2026-02-02 18:53:33.966]  19:12:39	7.14	 090	 423	38.3	 31 	  2 	100%	 7.3	    	    	    	    	    	    	    	    	    	    
[2026-02-02 18:53:39.943]  19:12:45	7.14	 090	 422	38.3	 31 	  2 	100%	 7.3	    	    	    	    	    	    	    	    	    	    
[2026-02-02 18:53:45.920]  19:12:51	7.14	 091	 421	38.3	 31 	  2 	100%	 7.3	    	    	    	    	    	    	    	    	    	    
[2026-02-02 18:53:51.899]  19:12:57	7.14	 091	 419	38.3	 31 	  2 	100%	 7.2	    	    	    	    	    	    	    	    	    	    
[2026-02-02 18:53:57.871]  19:13:03	7.14	 092	 418	38.3	 31 	  2 	100%	 7.3	    	    	    	    	    	    	    	    	    	    
[2026-02-02 18:54:03.848]  19:13:09	7.13	 092	 417	38.3	 31 	  2 	100%	 7.3	    	    	    	    	    	    	    	    	    	    
[2026-02-02 18:54:09.823]  19:13:15	7.13	 092	 416	38.3	 31 	  2 	100%	 7.2	    	    	    	    	    	    	    	    	    	    
[2026-02-02 18:54:15.800]  19:13:21	7.13	 092	 415	38.3	 31 	  2 	100%	 7.2	    	    	    	    	    	    	    	    	    	    
[2026-02-02 18:54:21.789]  19:13:27	7.13	 092	 415	38.3	 31 	  2 	100%	 7.2	    	    	    	    	    	    	    	    	    	    
[2026-02-02 18:54:27.753]  19:13:33	7.13	 092	 414	38.3	 31 	  2 	100%	 7.2	    	    	    	    	    	    	    	    	    	    
[2026-02-02 18:54:33.731]  19:13:39	7.13	 092	 413	38.3	 31 	  2 	100%	 7.2	    	    	    	    	    	    	    	    	    	    
[2026-02-02 18:54:39.708]  19:13:45	7.13	 092	 413	38.3	 31 	  2 	100%	 7.2	    	    	    	    	    	    	    	    	    	    
[2026-02-02 18:54:45.684]  19:13:51	7.13	 093	 412	38.3	 31 	  2 	100%	 7.2	    	    	    	    	    	    	    	    	    	    
[2026-02-02 18:54:51.701]  19:13:57	7.13	 093	 411	38.3	 31 	  2 	100%	 7.2	    	    	    	    	    	    	    	    	    	    
[2026-02-02 18:54:57.635]  19:14:03	7.13	 093	 411	38.3	 31 	  2 	100%	 7.2	    	    	    	    	    	    	    	    	    	    
[2026-02-02 18:55:03.611]  19:14:09	7.13	 093	 410	38.3	 31 	  2 	100%	 7.2	    	    	    	    	    	    	    	    	    	    
[2026-02-02 18:55:09.588]  19:14:15	7.14	 092	 410	38.3	 31 	  2 	100%	 7.2	    	    	    	    	    	    	    	    	    	    
[2026-02-02 18:55:15.566]  19:14:20	7.14	 091	 411	38.3	 31 	  2 	100%	 7.2	    	    	    	    	    	    	    	    	    	    
[2026-02-02 18:55:21.554]  19:14:26	7.14	 090	 411	38.3	 31 	  2 	100%	 7.2	    	    	    	    	    	    	    	    	    	    
[2026-02-02 18:55:27.517]  19:14:32	7.14	 090	 412	38.3	 31 	  2 	100%	 7.2	    	    	    	    	    	    	    	    	    	    
[2026-02-02 18:55:33.493]  19:14:38	7.14	 089	 413	38.2	 31 	  2 	100%	 7.2	    	    	    	    	    	    	    	    	    	    
[2026-02-02 18:55:39.469]  19:14:44	7.15	 089	 414	38.3	 31 	  2 	100%	 7.2	    	    	    	    	    	    	    	    	    	    
[2026-02-02 18:55:45.446]  19:14:50	7.15	 088	 414	38.3	 31 	  2 	100%	 7.2	    	    	    	    	    	    	    	    	    	    
[2026-02-02 18:55:51.427]  19:14:56	7.15	 088	 414	38.3	 31 	  2 	100%	 7.2	    	    	    	    	    	    	    	    	    	    
[2026-02-02 18:55:57.400]  19:15:02	7.15	 088	 414	38.3	 31 	  2 	100%	 7.2	    	    	    	    	    	    	    	    	    	    
[2026-02-02 18:56:03.376]  19:15:08	7.15	 088	 414	38.3	 31 	  2 	100%	 7.2	    	    	    	    	    	    	    	    	    	    
[2026-02-02 18:56:09.351]  19:15:14	7.15	 088	 414	38.3	 31 	  2 	100%	 7.2	    	    	    	    	    	    	    	    	    	    
[2026-02-02 18:56:15.328]  19:15:20	7.15	 088	 415	38.3	 31 	  2 	100%	 7.2	    	    	    	    	    	    	    	    	    	    
[2026-02-02 18:56:21.315]  19:15:26	7.15	 087	 416	38.3	 31 	  2 	100%	 7.2	    	    	    	    	    	    	    	    	    	    
[2026-02-02 18:56:27.280]  19:15:32	7.15	 087	 417	38.3	 31 	  2 	100%	 7.1	    	    	    	    	    	    	    	    	    	    
[2026-02-02 18:56:33.269]  19:15:38	7.15	 088	 417	38.3	 31 	  2 	100%	 7.2	    	    	    	    	    	    	    	    	    	    
[2026-02-02 18:56:39.233]  19:15:44	7.15	 088	 418	38.3	 31 	  2 	100%	 7.2	    	    	    	    	    	    	    	    	    	    
[2026-02-02 18:56:45.222]  19:15:50	7.15	 088	 419	38.3	 31 	  2 	100%	 7.2	    	    	    	    	    	    	    	    	    	    
[2026-02-02 18:56:51.190]  19:15:56	7.15	 088	 419	38.3	 31 	  2 	100%	 7.1	    	    	    	    	    	    	    	    	    	    
[2026-02-02 18:56:57.163]  19:16:02	7.15	 088	 420	38.3	 31 	  2 	100%	 7.1	    	    	    	    	    	    	    	    	    	    
[2026-02-02 18:57:03.139]  19:16:08	7.15	 088	 420	38.3	 31 	  2 	100%	 7.2	    	    	    	    	    	    	    	    	    	    
[2026-02-02 18:57:09.115]  19:16:14	7.15	 089	 420	38.3	 31 	  2 	100%	 7.2	    	    	    	    	    	    	    	    	    	    
[2026-02-02 18:57:15.091]  19:16:20	7.15	 089	 420	38.3	 31 	  2 	100%	 7.2	    	    	    	    	    	    	    	    	    	    
[2026-02-02 18:57:21.071]          	    	ARTERIAL 	 	  	    	    	    	    	    	    	    	  	    VENOUS
[2026-02-02 18:57:21.092]   Time   	 pH 	 CO2	  O2	TEMP	HCO3	 BE 	cSO2	 K+ 	 VO2	  Q 	 BSA	 pH 	 CO2	  O2	TEMP	 SO2	 HCT	 HGB
[2026-02-02 18:57:21.121] 
[2026-02-02 18:57:21.121]  19:16:26	7.15	 089	 420	38.3	 31 	  2 	100%	 7.2	    	    	    	    	    	    	    	    	    	    
[2026-02-02 18:57:27.045]  19:16:32	7.15	 089	 420	38.3	 31 	  2 	100%	 7.2	    	    	    	    	    	    	    	    	    	    
[2026-02-02 18:57:33.020]  19:16:38	7.15	 089	 421	38.3	 31 	  2 	100%	 7.2	    	    	    	    	    	    	    	    	    	    
[2026-02-02 18:57:39.008]  19:16:44	7.15	 089	 421	38.3	 31 	  2 	100%	 7.2	    	    	    	    	    	    	    	    	    	    
[2026-02-02 18:57:44.975]  19:16:50	7.14	 091	 421	38.3	 31 	  2 	100%	 7.2	    	    	    	    	    	    	    	    	    	    
[2026-02-02 18:57:50.954]  19:16:56	7.14	 091	 421	38.3	 31 	  2 	100%	 7.2	    	    	    	    	    	    	    	    	    	    
[2026-02-02 18:57:56.927]  19:17:02	7.14	 091	 421	38.3	 31 	  2 	100%	 7.2	    	    	    	    	    	    	    	    	    	    
[2026-02-02 18:58:02.905]  19:17:08	7.14	 091	 421	38.3	 31 	  2 	100%	 7.2	    	    	    	    	    	    	    	    	    	    
[2026-02-02 18:58:08.879]  19:17:14	7.14	 090	 421	38.3	 31 	  2 	100%	 7.1	    	    	    	    	    	    	    	    	    	    
[2026-02-02 18:58:14.856]  19:17:20	7.14	 090	 421	38.3	 31 	  2 	100%	 7.2	    	    	    	    	    	    	    	    	    	    
[2026-02-02 18:58:20.844]  19:17:26	7.15	 089	 422	38.3	 31 	  2 	100%	 7.2	    	    	    	    	    	    	    	    	    	    
[2026-02-02 18:58:26.814]  19:17:32	7.15	 089	 422	38.3	 31 	  2 	100%	 7.2	    	    	    	    	    	    	    	    	    	    
[2026-02-02 18:58:32.786]  19:17:38	7.15	 088	 422	38.3	 31 	  2 	100%	 7.2	    	    	    	    	    	    	    	    	    	    
[2026-02-02 18:58:38.764]  19:17:44	7.15	 088	 422	38.3	 31 	  2 	100%	 7.2	    	    	    	    	    	    	    	    	    	    
[2026-02-02 18:58:44.740]  19:17:50	7.15	 088	 421	38.3	 31 	  2 	100%	 7.2	    	    	    	    	    	    	    	    	    	    
[2026-02-02 18:58:50.717]  19:17:56	7.15	 088	 421	38.3	 31 	  2 	100%	 7.2	    	    	    	    	    	    	    	    	    	    
[2026-02-02 18:58:56.690]  19:18:02	7.15	 087	 419	38.3	 31 	  2 	100%	 7.2	    	    	    	    	    	    	    	    	    	    
[2026-02-02 18:59:02.667]  19:18:08	7.15	 087	 418	38.3	 31 	  2 	100%	 7.2	    	    	    	    	    	    	    	    	    	    
[2026-02-02 18:59:08.644]  19:18:14	7.15	 087	 417	38.3	 31 	  2 	100%	 7.2	    	    	    	    	    	    	    	    	    	    
[2026-02-02 18:59:14.619]  19:18:20	7.15	 087	 415	38.3	 31 	  2 	100%	 7.2	    	    	    	    	    	    	    	    	    	    
[2026-02-02 18:59:20.607]  19:18:26	7.15	 089	 413	38.3	 31 	  2 	100%	 7.2	    	    	    	    	    	    	    	    	    	    
[2026-02-02 18:59:26.573]  19:18:32	7.15	 089	 414	38.3	 31 	  2 	100%	 7.2	    	    	    	    	    	    	    	    	    	    
[2026-02-02 18:59:32.548]  19:18:38	7.15	 089	 414	38.3	 31 	  2 	100%	 7.2	    	    	    	    	    	    	    	    	    	    
[2026-02-02 18:59:38.537]  19:18:44	7.15	 088	 415	38.3	 31 	  2 	100%	 7.2	    	    	    	    	    	    	    	    	    	    
[2026-02-02 18:59:44.501]  19:18:50	7.14	 090	 416	38.3	 31 	  2 	100%	 7.2	    	    	    	    	    	    	    	    	    	    
[2026-02-02 18:59:50.481]  19:18:56	7.14	 090	 416	38.3	 31 	  2 	100%	 7.2	    	    	    	    	    	    	    	    	    	    
[2026-02-02 18:59:56.454]  19:19:02	7.15	 090	 416	38.3	 31 	  2 	100%	 7.2	    	    	    	    	    	    	    	    	    	    
[2026-02-02 19:00:02.431]  19:19:07	7.15	 089	 416	38.3	 31 	  2 	100%	 7.2	    	    	    	    	    	    	    	    	    	    
[2026-02-02 19:00:08.408]  19:19:13	7.15	 089	 416	38.3	 31 	  2 	100%	 7.2	    	    	    	    	    	    	    	    	    	    
[2026-02-02 19:00:14.384]  19:19:19	7.15	 089	 417	38.3	 31 	  2 	100%	 7.2	    	    	    	    	    	    	    	    	    	    
[2026-02-02 19:00:20.371]  19:19:25	7.14	 091	 418	38.3	 31 	  2 	100%	 7.2	    	    	    	    	    	    	    	    	    	    
[2026-02-02 19:00:26.337]  19:19:31	7.13	 093	 416	38.3	 31 	  2 	100%	 7.2	    	    	    	    	    	    	    	    	    	    
[2026-02-02 19:00:32.313]  19:19:37	7.12	 095	 414	38.3	 32 	  2 	100%	 7.2	    	    	    	    	    	    	    	    	    	    
[2026-02-02 19:00:38.289]  19:19:43	7.12	 096	 412	38.3	 32 	  2 	100%	 7.2	    	    	    	    	    	    	    	    	    	    
[2026-02-02 19:00:44.265]  19:19:49	7.13	 095	 410	38.3	 32 	  2 	100%	 7.2	    	    	    	    	    	    	    	    	    	    
[2026-02-02 19:00:50.285]  19:19:55	7.13	 093	 410	38.3	 32 	  2 	100%	 7.2	    	    	    	    	    	    	    	    	    	    
[2026-02-02 19:00:56.217]  19:20:01	7.14	 092	 410	38.3	 32 	  2 	100%	 7.2	    	    	    	    	    	    	    	    	    	    
[2026-02-02 19:01:02.194]  19:20:07	7.14	 091	 411	38.3	 31 	  2 	100%	 7.2	    	    	    	    	    	    	    	    	    	    
[2026-02-02 19:01:08.170]  19:20:13	7.14	 090	 412	38.3	 31 	  2 	100%	 7.2	    	    	    	    	    	    	    	    	    	    
[2026-02-02 19:01:14.148]  19:20:19	7.15	 090	 413	38.3	 31 	  2 	100%	 7.2	    	    	    	    	    	    	    	    	    	    
[2026-02-02 19:01:20.136]  19:20:25	7.15	 089	 415	38.3	 31 	  2 	100%	 7.2	    	    	    	    	    	    	    	    	    	    
[2026-02-02 19:01:26.113]  19:20:31	7.15	 088	 415	38.3	 31 	  2 	100%	 7.2	    	    	    	    	    	    	    	    	    	    
[2026-02-02 19:01:32.077]  19:20:37	7.15	 088	 416	38.3	 31 	  2 	100%	 7.2	    	    	    	    	    	    	    	    	    	    
[2026-02-02 19:01:38.052]  19:20:43	7.15	 089	 416	38.3	 31 	  2 	100%	 7.2	    	    	    	    	    	    	    	    	    	    
[2026-02-02 19:01:44.029]  19:20:49	7.14	 090	 416	38.3	 31 	  2 	100%	 7.2	    	    	    	    	    	    	    	    	    	    
[2026-02-02 19:01:50.010]  19:20:55	7.14	 091	 415	38.3	 31 	  2 	100%	 7.2	    	    	    	    	    	    	    	    	    	    
[2026-02-02 19:01:55.983]  19:21:01	7.14	 092	 414	38.3	 31 	  2 	100%	 7.2	    	    	    	    	    	    	    	    	    	    
[2026-02-02 19:02:01.959]  19:21:07	7.13	 093	 411	38.3	 31 	  2 	100%	 7.2	    	    	    	    	    	    	    	    	    	    
[2026-02-02 19:02:07.938]  19:21:13	7.13	 095	 410	38.3	 32 	  2 	100%	 7.2	    	    	    	    	    	    	    	    	    	    
[2026-02-02 19:02:13.914]  19:21:19	7.13	 095	 409	38.3	 32 	  2 	100%	 7.2	    	    	    	    	    	    	    	    	    	    
[2026-02-02 19:02:19.890]          	    	ARTERIAL 	 	  	    	    	    	    	    	    	    	  	    VENOUS
[2026-02-02 19:02:19.911]   Time   	 pH 	 CO2	  O2	TEMP	HCO3	 BE 	cSO2	 K+ 	 VO2	  Q 	 BSA	 pH 	 CO2	  O2	TEMP	 SO2	 HCT	 HGB
[2026-02-02 19:02:19.940] 
[2026-02-02 19:02:19.940]  19:21:25	7.13	 095	 408	38.3	 32 	  2 	100%	 7.2	    	    	    	    	    	    	    	    	    	    
[2026-02-02 19:02:25.868]  19:21:31	7.13	 096	 407	38.3	 32 	  2 	100%	 7.2	    	    	    	    	    	    	    	    	    	    
[2026-02-02 19:02:31.840]  19:21:37	7.13	 096	 407	38.3	 32 	  2 	100%	 7.2	    	    	    	    	    	    	    	    	    	    
[2026-02-02 19:02:37.818]  19:21:43	7.12	 096	 407	38.3	 32 	  2 	100%	 7.2	    	    	    	    	    	    	    	    	    	    
[2026-02-02 19:02:43.793]  19:21:49	7.12	 096	 407	38.3	 32 	  2 	100%	 7.2	    	    	    	    	    	    	    	    	    	    
[2026-02-02 19:02:49.773]  19:21:55	7.12	 097	 408	38.3	 32 	  2 	100%	 7.2	    	    	    	    	    	    	    	    	    	    
[2026-02-02 19:02:55.747]  19:22:01	7.12	 098	 408	38.3	 32 	  2 	100%	 7.2	    	    	    	    	    	    	    	    	    	    
[2026-02-02 19:03:01.723]  19:22:07	7.11	 100	 407	38.3	 32 	  2 	100%	 7.2	    	    	    	    	    	    	    	    	    	    
[2026-02-02 19:03:07.700]  19:22:13	7.11	 102	 407	38.3	 32 	  2 	100%	 7.2	    	    	    	    	    	    	    	    	    	    
[2026-02-02 19:03:13.679]  19:22:19	7.10	 103	 406	38.3	 32 	  2 	100%	 7.2	    	    	    	    	    	    	    	    	    	    
[2026-02-02 19:03:19.663]  19:22:25	7.11	 102	 406	38.3	 32 	  2 	100%	 7.1	    	    	    	    	    	    	    	    	    	    
[2026-02-02 19:03:25.628]  19:22:31	7.11	 102	 407	38.3	 32 	  2 	100%	 7.1	    	    	    	    	    	    	    	    	    	    
[2026-02-02 19:03:31.606]  19:22:37	7.11	 101	 408	38.3	 32 	  2 	100%	 7.1	    	    	    	    	    	    	    	    	    	    
[2026-02-02 19:03:37.583]  19:22:43	7.11	 101	 408	38.3	 32 	  2 	100%	 7.1	    	    	    	    	    	    	    	    	    	    
[2026-02-02 19:03:43.557]  19:22:49	7.11	 101	 408	38.3	 32 	  2 	100%	 7.1	    	    	    	    	    	    	    	    	    	    
[2026-02-02 19:03:49.538]  19:22:55	7.11	 101	 408	38.3	 32 	  2 	100%	 7.1	    	    	    	    	    	    	    	    	    	    
[2026-02-02 19:03:55.510]  19:23:01	7.11	 101	 408	38.3	 32 	  2 	100%	 7.2	    	    	    	    	    	    	    	    	    	    
[2026-02-02 19:04:01.488]  19:23:07	7.11	 101	 409	38.3	 32 	  2 	100%	 7.1	    	    	    	    	    	    	    	    	    	    
[2026-02-02 19:04:07.474]  19:23:13	7.11	 101	 409	38.3	 32 	  2 	100%	 7.1	    	    	    	    	    	    	    	    	    	    
[2026-02-02 19:04:13.441]  19:23:19	7.11	 100	 408	38.3	 32 	  2 	100%	 7.1	    	    	    	    	    	    	    	    	    	    
[2026-02-02 19:04:19.427]  19:23:25	7.11	 100	 408	38.3	 32 	  2 	100%	 7.1	    	    	    	    	    	    	    	    	    	    
[2026-02-02 19:04:25.392]  19:23:31	7.11	 100	 408	38.3	 32 	  2 	100%	 7.2	    	    	    	    	    	    	    	    	    	    
[2026-02-02 19:04:31.369]  19:23:37	7.11	 100	 409	38.3	 32 	  2 	100%	 7.1	    	    	    	    	    	    	    	    	    	    
[2026-02-02 19:04:37.346]  19:23:43	7.11	 100	 408	38.3	 32 	  2 	100%	 7.1	    	    	    	    	    	    	    	    	    	    
[2026-02-02 19:04:43.321]  19:23:49	7.11	 100	 408	38.3	 32 	  2 	100%	 7.1	    	    	    	    	    	    	    	    	    	    
[2026-02-02 19:04:49.313]  19:23:55	7.11	 100	 408	38.3	 32 	  2 	100%	 7.1	    	    	    	    	    	    	    	    	    	    
[2026-02-02 19:04:55.275]  19:24:01	7.11	 100	 407	38.3	 32 	  2 	100%	 7.1	    	    	    	    	    	    	    	    	    	    
[2026-02-02 19:05:01.253]  19:24:07	7.11	 100	 407	38.3	 32 	  2 	100%	 7.1	    	    	    	    	    	    	    	    	    	    
[2026-02-02 19:05:07.227]  19:24:13	7.11	 100	 407	38.3	 32 	  2 	100%	 7.1	    	    	    	    	    	    	    	    	    	    
[2026-02-02 19:05:13.204]  19:24:18	7.11	 100	 407	38.3	 32 	  2 	100%	 7.1	    	    	    	    	    	    	    	    	    	    
[2026-02-02 19:05:19.191]  19:24:24	7.11	 101	 406	38.3	 32 	  2 	100%	 7.1	    	    	    	    	    	    	    	    	    	    
[2026-02-02 19:05:25.157]  19:24:30	7.11	 101	 406	38.3	 32 	  2 	100%	 7.1	    	    	    	    	    	    	    	    	    	    
[2026-02-02 19:05:31.171]  19:24:36	7.11	 101	 405	38.3	 32 	  2 	100%	 7.1	    	    	    	    	    	    	    	    	    	    
[2026-02-02 19:05:37.116]  19:24:42	7.11	 101	 405	38.3	 32 	  2 	100%	 7.1	    	    	    	    	    	    	    	    	    	    
[2026-02-02 19:05:43.086]  19:24:48	7.11	 101	 404	38.3	 32 	  2 	100%	 7.1	    	    	    	    	    	    	    	    	    	    
[2026-02-02 19:05:49.066]  19:24:54	7.10	 102	 402	38.3	 32 	  2 	100%	 7.1	    	    	    	    	    	    	    	    	    	    
[2026-02-02 19:05:55.038]  19:25:00	7.10	 104	 399	38.3	 32 	  2 	100%	 7.1	    	    	    	    	    	    	    	    	    	    
[2026-02-02 19:06:01.015]  19:25:06	7.09	 106	 396	38.3	 32 	  2 	100%	 7.2	    	    	    	    	    	    	    	    	    	    
[2026-02-02 19:06:06.991]  19:25:12	7.09	 107	 394	38.3	 33 	  2 	100%	 7.1	    	    	    	    	    	    	    	    	    	    
[2026-02-02 19:06:12.967]  19:25:18	7.09	 107	 393	38.4	 33 	  2 	100%	 7.1	    	    	    	    	    	    	    	    	    	    
[2026-02-02 19:06:18.955]  19:25:24	7.09	 106	 392	38.4	 33 	  2 	100%	 7.1	    	    	    	    	    	    	    	    	    	    
[2026-02-02 19:06:24.922]  19:25:30	7.09	 106	 393	38.4	 33 	  2 	100%	 7.1	    	    	    	    	    	    	    	    	    	    
[2026-02-02 19:06:30.897]  19:25:36	7.10	 105	 393	38.4	 33 	  2 	100%	 7.1	    	    	    	    	    	    	    	    	    	    
[2026-02-02 19:06:36.885]  19:25:42	7.10	 105	 394	38.4	 33 	  2 	100%	 7.1	    	    	    	    	    	    	    	    	    	    
[2026-02-02 19:06:42.855]  19:25:48	7.10	 104	 394	38.4	 32 	  2 	100%	 7.1	    	    	    	    	    	    	    	    	    	    
[2026-02-02 19:06:48.868]  19:25:54	7.10	 104	 395	38.4	 32 	  2 	100%	 7.1	    	    	    	    	    	    	    	    	    	    
[2026-02-02 19:06:54.801]  19:25:59	7.10	 104	 395	38.3	 32 	  2 	100%	 7.1	    	    	    	    	    	    	    	    	    	    
[2026-02-02 19:07:00.778]  19:26:05	7.10	 104	 396	38.3	 32 	  2 	100%	 7.1	    	    	    	    	    	    	    	    	    	    
[2026-02-02 19:07:06.757]  19:26:11	7.10	 104	 396	38.3	 32 	  2 	100%	 7.1	    	    	    	    	    	    	    	    	    	    
[2026-02-02 19:07:12.732]  19:26:17	7.10	 104	 396	38.4	 32 	  2 	100%	 7.1	    	    	    	    	    	    	    	    	    	    
[2026-02-02 19:07:18.711]          	    	ARTERIAL 	 	  	    	    	    	    	    	    	    	  	    VENOUS
[2026-02-02 19:07:18.732]   Time   	 pH 	 CO2	  O2	TEMP	HCO3	 BE 	cSO2	 K+ 	 VO2	  Q 	 BSA	 pH 	 CO2	  O2	TEMP	 SO2	 HCT	 HGB
[2026-02-02 19:07:18.760] 
[2026-02-02 19:07:18.760]  19:26:23	7.10	 104	 396	38.4	 32 	  2 	100%	 7.1	    	    	    	    	    	    	    	    	    	    
[2026-02-02 19:07:24.686]  19:26:29	7.10	 104	 396	38.4	 32 	  2 	100%	 7.1	    	    	    	    	    	    	    	    	    	    
[2026-02-02 19:07:30.662]  19:26:35	7.10	 104	 396	38.4	 32 	  2 	100%	 7.1	    	    	    	    	    	    	    	    	    	    
[2026-02-02 19:07:36.638]  19:26:41	7.10	 104	 396	38.4	 32 	  2 	100%	 7.1	    	    	    	    	    	    	    	    	    	    
[2026-02-02 19:07:42.613]  19:26:47	7.10	 104	 395	38.3	 32 	  2 	100%	 7.1	    	    	    	    	    	    	    	    	    	    
[2026-02-02 19:07:48.594]  19:26:53	7.10	 104	 395	38.3	 32 	  2 	100%	 7.1	    	    	    	    	    	    	    	    	    	    
[2026-02-02 19:07:54.565]  19:26:59	7.10	 104	 395	38.3	 32 	  2 	100%	 7.2	    	    	    	    	    	    	    	    	    	    
[2026-02-02 19:08:00.542]  19:27:05	7.09	 105	 396	38.4	 32 	  2 	100%	 7.1	    	    	    	    	    	    	    	    	    	    
[2026-02-02 19:08:06.519]  19:27:11	7.08	 108	 396	38.4	 33 	  2 	100%	 7.1	    	    	    	    	    	    	    	    	    	    
[2026-02-02 19:08:12.496]  19:27:17	7.07	 110	 395	38.4	 33 	  2 	100%	 7.1	    	    	    	    	    	    	    	    	    	    
[2026-02-02 19:08:18.482]  19:27:23	7.08	 111	 394	38.4	 33 	  2 	100%	 7.2	    	    	    	    	    	    	    	    	    	    
[2026-02-02 19:08:24.448]  19:27:29	7.08	 110	 395	38.4	 33 	  2 	100%	 7.1	    	    	    	    	    	    	    	    	    	    
[2026-02-02 19:08:30.427]  19:27:35	7.08	 109	 395	38.4	 33 	  2 	100%	 7.1	    	    	    	    	    	    	    	    	    	    
[2026-02-02 19:08:36.401]  19:27:41	7.09	 108	 396	38.4	 33 	  2 	100%	 7.1	    	    	    	    	    	    	    	    	    	    
[2026-02-02 19:08:42.377]  19:27:47	7.09	 107	 397	38.4	 33 	  2 	100%	 7.1	    	    	    	    	    	    	    	    	    	    
[2026-02-02 19:08:48.357]  19:27:53	7.09	 107	 398	38.4	 33 	  2 	100%	 7.1	    	    	    	    	    	    	    	    	    	    
[2026-02-02 19:08:54.330]  19:27:59	7.09	 106	 399	38.3	 33 	  2 	100%	 7.1	    	    	    	    	    	    	    	    	    	    
[2026-02-02 19:09:00.307]  19:28:05	7.09	 106	 399	38.3	 32 	  2 	100%	 7.1	    	    	    	    	    	    	    	    	    	    
[2026-02-02 19:09:06.283]  19:28:11	7.09	 106	 400	38.3	 32 	  2 	100%	 7.2	    	    	    	    	    	    	    	    	    	    
[2026-02-02 19:09:12.259]  19:28:17	7.09	 105	 400	38.4	 32 	  2 	100%	 7.1	    	    	    	    	    	    	    	    	    	    
[2026-02-02 19:09:18.248]  19:28:23	7.09	 105	 400	38.4	 32 	  2 	100%	 7.1	    	    	    	    	    	    	    	    	    	    
[2026-02-02 19:09:24.246]  19:28:29	7.09	 105	 399	38.4	 32 	  2 	100%	 7.1	    	    	    	    	    	    	    	    	    	    
[2026-02-02 19:09:30.189]  19:28:35	7.09	 105	 399	38.4	 32 	  2 	100%	 7.1	    	    	    	    	    	    	    	    	    	    
[2026-02-02 19:09:36.165]  19:28:41	7.09	 105	 398	38.4	 32 	  2 	100%	 7.1	    	    	    	    	    	    	    	    	    	    
[2026-02-02 19:09:42.141]  19:28:47	7.09	 105	 398	38.4	 32 	  2 	100%	 7.1	    	    	    	    	    	    	    	    	    	    
[2026-02-02 19:09:48.121]  19:28:53	7.09	 105	 398	38.4	 32 	  2 	100%	 7.1	    	    	    	    	    	    	    	    	    	    
[2026-02-02 19:09:54.095]  19:28:59	7.09	 105	 397	38.4	 32 	  2 	100%	 7.1	    	    	    	    	    	    	    	    	    	    
[2026-02-02 19:10:00.081]  19:29:05	7.09	 105	 397	38.4	 32 	  2 	100%	 7.1	    	    	    	    	    	    	    	    	    	    
[2026-02-02 19:10:06.049]  19:29:11	7.09	 105	 397	38.4	 32 	  2 	100%	 7.2	    	    	    	    	    	    	    	    	    	    
[2026-02-02 19:10:12.025]  19:29:17	7.09	 105	 396	38.4	 32 	  2 	100%	 7.2	    	    	    	    	    	    	    	    	    	    
[2026-02-02 19:10:18.010]  19:29:23	7.09	 105	 396	38.4	 32 	  2 	100%	 7.1	    	    	    	    	    	    	    	    	    	    
[2026-02-02 19:10:23.976]  19:29:29	7.09	 105	 395	38.4	 32 	  2 	100%	 7.1	    	    	    	    	    	    	    	    	    	    
[2026-02-02 19:10:29.953]  19:29:35	7.09	 105	 395	38.4	 32 	  2 	100%	 7.1	    	    	    	    	    	    	    	    	    	    
[2026-02-02 19:10:35.928]  19:29:41	7.09	 105	 393	38.4	 32 	  2 	100%	 7.1	    	    	    	    	    	    	    	    	    	    
[2026-02-02 19:10:41.908]  19:29:47	7.08	 107	 390	38.4	 32 	  2 	100%	 7.2	    	    	    	    	    	    	    	    	    	    
[2026-02-02 19:10:47.887]  19:29:53	7.07	 110	 388	38.4	 33 	  2 	100%	 7.2	    	    	    	    	    	    	    	    	    	    
[2026-02-02 19:10:53.860]  19:29:59	7.06	 114	 385	38.4	 33 	  2 	100%	 7.2	    	    	    	    	    	    	    	    	    	    
[2026-02-02 19:10:59.834]  19:30:04	7.07	 113	 382	38.4	 33 	  2 	100%	 7.1	    	    	    	    	    	    	    	    	    	    
[2026-02-02 19:11:05.812]  19:30:10	7.08	 109	 381	38.4	 33 	  2 	100%	 7.1	    	    	    	    	    	    	    	    	    	    
[2026-02-02 19:11:11.787]  19:30:16	7.09	 106	 381	38.4	 33 	  2 	100%	 7.1	    	    	    	    	    	    	    	    	    	    
[2026-02-02 19:11:17.774]  19:30:22	7.10	 104	 382	38.4	 32 	  2 	100%	 7.1	    	    	    	    	    	    	    	    	    	    
[2026-02-02 19:11:23.740]  19:30:28	7.10	 101	 383	38.4	 32 	  2 	100%	 7.1	    	    	    	    	    	    	    	    	    	    
[2026-02-02 19:11:29.714]  19:30:34	7.11	 099	 385	38.4	 32 	  2 	100%	 7.1	    	    	    	    	    	    	    	    	    	    
[2026-02-02 19:11:35.692]  19:30:40	7.11	 098	 386	38.4	 32 	  2 	100%	 7.1	    	    	    	    	    	    	    	    	    	    
[2026-02-02 19:11:41.669]  19:30:46	7.12	 097	 388	38.4	 31 	  2 	100%	 7.2	    	    	    	    	    	    	    	    	    	    
[2026-02-02 19:11:47.647]  19:30:52	7.12	 096	 389	38.4	 31 	  2 	100%	 7.2	    	    	    	    	    	    	    	    	    	    
[2026-02-02 19:11:53.619]  19:30:58	7.12	 095	 391	38.3	 31 	  1 	100%	 7.2	    	    	    	    	    	    	    	    	    	    
[2026-02-02 19:11:59.598]  19:31:05	7.12	 094	 392	38.3	 31 	  1 	100%	 7.2	    	    	    	    	    	    	    	    	    	    
[2026-02-02 19:12:05.573]  19:31:11	7.13	 093	 393	38.3	 31 	  1 	100%	 7.2	    	    	    	    	    	    	    	    	    	    
[2026-02-02 19:12:11.549]  19:31:17	7.13	 093	 393	38.3	 31 	  1 	100%	 7.2	    	    	    	    	    	    	    	    	    	    
[2026-02-02 19:12:17.529]          	    	ARTERIAL 	 	  	    	    	    	    	    	    	    	  	    VENOUS
[2026-02-02 19:12:17.555]   Time   	 pH 	 CO2	  O2	TEMP	HCO3	 BE 	cSO2	 K+ 	 VO2	  Q 	 BSA	 pH 	 CO2	  O2	TEMP	 SO2	 HCT	 HGB
[2026-02-02 19:12:17.577] 
[2026-02-02 19:12:17.577]  19:31:23	7.13	 092	 394	38.3	 31 	  1 	100%	 7.2	    	    	    	    	    	    	    	    	    	    
[2026-02-02 19:12:23.501]  19:31:28	7.13	 092	 395	38.3	 31 	  1 	100%	 7.2	    	    	    	    	    	    	    	    	    	    
[2026-02-02 19:12:29.478]  19:31:34	7.13	 091	 395	38.3	 31 	  1 	100%	 7.2	    	    	    	    	    	    	    	    	    	    
[2026-02-02 19:12:35.455]  19:31:40	7.13	 091	 396	38.3	 31 	  1 	100%	 7.2	    	    	    	    	    	    	    	    	    	    
[2026-02-02 19:12:41.430]  19:31:46	7.13	 091	 396	38.3	 31 	  1 	100%	 7.2	    	    	    	    	    	    	    	    	    	    
[2026-02-02 19:12:47.411]  19:31:52	7.14	 090	 396	38.3	 31 	  1 	100%	 7.2	    	    	    	    	    	    	    	    	    	    
[2026-02-02 19:12:53.384]  19:31:58	7.14	 090	 396	38.3	 31 	  1 	100%	 7.2	    	    	    	    	    	    	    	    	    	    
[2026-02-02 19:12:59.361]  19:32:04	7.14	 090	 396	38.3	 31 	  1 	100%	 7.2	    	    	    	    	    	    	    	    	    	    
[2026-02-02 19:13:05.337]  19:32:10	7.14	 090	 396	38.3	 31 	  1 	100%	 7.3	    	    	    	    	    	    	    	    	    	    
[2026-02-02 19:13:11.313]  19:32:16	7.14	 089	 396	38.3	 31 	  1 	100%	 7.3	    	    	    	    	    	    	    	    	    	    
[2026-02-02 19:13:17.300]  19:32:22	7.14	 089	 396	38.3	 31 	  1 	100%	 7.3	    	    	    	    	    	    	    	    	    	    
[2026-02-02 19:13:23.277]  19:32:28	7.14	 089	 396	38.3	 31 	  1 	100%	 7.3	    	    	    	    	    	    	    	    	    	    
[2026-02-02 19:13:29.241]  19:32:34	7.14	 089	 396	38.3	 31 	  1 	100%	 7.3	    	    	    	    	    	    	    	    	    	    
[2026-02-02 19:13:35.219]  19:32:40	7.14	 088	 396	38.3	 31 	  1 	100%	 7.3	    	    	    	    	    	    	    	    	    	    
[2026-02-02 19:13:41.195]  19:32:46	7.14	 088	 397	38.3	 31 	  1 	100%	 7.3	    	    	    	    	    	    	    	    	    	    
[2026-02-02 19:13:47.174]  19:32:52	7.14	 088	 397	38.3	 31 	  1 	100%	 7.3	    	    	    	    	    	    	    	    	    	    
[2026-02-02 19:13:53.151]  19:32:58	7.14	 088	 396	38.4	 30 	  1 	100%	 7.3	    	    	    	    	    	    	    	    	    	    
[2026-02-02 19:13:59.124]  19:33:04	7.14	 088	 396	38.4	 31 	  1 	100%	 7.3	    	    	    	    	    	    	    	    	    	    
[2026-02-02 19:14:05.101]  19:33:10	7.15	 088	 396	38.4	 30 	  1 	100%	 7.3	    	    	    	    	    	    	    	    	    	    
[2026-02-02 19:14:11.077]  19:33:16	7.15	 088	 396	38.4	 30 	  1 	100%	 7.3	    	    	    	    	    	    	    	    	    	    
[2026-02-02 19:14:17.076]  19:33:22	7.15	 088	 396	38.4	 31 	  1 	100%	 7.3	    	    	    	    	    	    	    	    	    	    
[2026-02-02 19:14:23.030]  19:33:28	7.15	 088	 396	38.3	 31 	  1 	100%	 7.3	    	    	    	    	    	    	    	    	    	    
[2026-02-02 19:14:29.007]  19:33:34	7.15	 087	 395	38.3	 30 	  1 	100%	 7.3	    	    	    	    	    	    	    	    	    	    
[2026-02-02 19:14:34.984]  19:33:40	7.15	 087	 395	38.3	 31 	  1 	100%	 7.3	    	    	    	    	    	    	    	    	    	    
[2026-02-02 19:14:40.959]  19:33:46	7.15	 087	 395	38.4	 31 	  1 	100%	 7.3	    	    	    	    	    	    	    	    	    	    
[2026-02-02 19:14:46.938]  19:33:52	7.15	 087	 395	38.4	 31 	  1 	100%	 7.3	    	    	    	    	    	    	    	    	    	    
[2026-02-02 19:14:52.951]  19:33:58	7.15	 087	 394	38.4	 31 	  1 	100%	 7.3	    	    	    	    	    	    	    	    	    	    
[2026-02-02 19:14:58.889]  19:34:04	7.15	 087	 394	38.4	 31 	  1 	100%	 7.3	    	    	    	    	    	    	    	    	    	    
[2026-02-02 19:15:04.865]  19:34:10	7.15	 087	 392	38.4	 31 	  1 	100%	 7.4	    	    	    	    	    	    	    	    	    	    
[2026-02-02 19:15:10.843]  19:34:16	7.15	 088	 392	38.4	 31 	  1 	100%	 7.4	    	    	    	    	    	    	    	    	    	    
[2026-02-02 19:15:16.829]  19:34:22	7.15	 088	 392	38.4	 31 	  1 	100%	 7.4	    	    	    	    	    	    	    	    	    	    
[2026-02-02 19:15:22.793]  19:34:28	7.15	 088	 392	38.4	 31 	  1 	100%	 7.4	    	    	    	    	    	    	    	    	    	    
[2026-02-02 19:15:28.770]  19:34:34	7.15	 088	 392	38.4	 31 	  1 	100%	 7.4	    	    	    	    	    	    	    	    	    	    
[2026-02-02 19:15:34.747]  19:34:40	7.15	 087	 392	38.4	 31 	  1 	100%	 7.3	    	    	    	    	    	    	    	    	    	    
[2026-02-02 19:15:40.735]  19:34:46	7.15	 087	 391	38.4	 31 	  1 	100%	 7.4	    	    	    	    	    	    	    	    	    	    
[2026-02-02 19:15:46.702]  19:34:52	7.15	 087	 391	38.4	 31 	  1 	100%	 7.4	    	    	    	    	    	    	    	    	    	    
[2026-02-02 19:15:52.678]  19:34:58	7.15	 087	 391	38.4	 31 	  1 	100%	 7.4	    	    	    	    	    	    	    	    	    	    
[2026-02-02 19:15:58.653]  19:35:04	7.15	 086	 391	38.4	 31 	  2 	100%	 7.4	    	    	    	    	    	    	    	    	    	    
[2026-02-02 19:16:04.640]  19:35:10	7.16	 086	 391	38.4	 31 	  1 	100%	 7.4	    	    	    	    	    	    	    	    	    	    
[2026-02-02 19:16:10.608]  19:35:16	7.16	 086	 390	38.4	 30 	  1 	100%	 7.4	    	    	    	    	    	    	    	    	    	    
[2026-02-02 19:16:16.593]  19:35:22	7.15	 086	 389	38.4	 30 	  1 	100%	 7.4	    	    	    	    	    	    	    	    	    	    
[2026-02-02 19:16:22.561]  19:35:28	7.16	 086	 389	38.4	 30 	  1 	100%	 7.3	    	    	    	    	    	    	    	    	    	    
[2026-02-02 19:16:28.537]  19:35:34	7.16	 085	 390	38.4	 30 	  1 	100%	 7.4	    	    	    	    	    	    	    	    	    	    
[2026-02-02 19:16:34.510]  19:35:39	7.15	 086	 391	38.4	 31 	  2 	100%	 7.4	    	    	    	    	    	    	    	    	    	    
[2026-02-02 19:16:40.486]  19:35:45	7.14	 088	 389	38.4	 31 	  1 	100%	 7.4	    	    	    	    	    	    	    	    	    	    
[2026-02-02 19:16:46.466]  19:35:51	7.14	 090	 388	38.4	 31 	  1 	100%	 7.4	    	    	    	    	    	    	    	    	    	    
[2026-02-02 19:16:52.438]  19:35:57	7.13	 093	 387	38.4	 31 	  1 	100%	 7.4	    	    	    	    	    	    	    	    	    	    
[2026-02-02 19:16:58.415]  19:36:03	7.13	 092	 386	38.4	 31 	  2 	100%	 7.4	    	    	    	    	    	    	    	    	    	    
[2026-02-02 19:17:04.392]  19:36:09	7.14	 091	 386	38.4	 31 	  2 	100%	 7.4	    	    	    	    	    	    	    	    	    	    
[2026-02-02 19:17:10.370]  19:36:15	7.15	 090	 387	38.4	 31 	  2 	100%	 7.3	    	    	    	    	    	    	    	    	    	    
[2026-02-02 19:17:16.347]          	    	ARTERIAL 	 	  	    	    	    	    	    	    	    	  	    VENOUS
[2026-02-02 19:17:16.368]   Time   	 pH 	 CO2	  O2	TEMP	HCO3	 BE 	cSO2	 K+ 	 VO2	  Q 	 BSA	 pH 	 CO2	  O2	TEMP	 SO2	 HCT	 HGB
[2026-02-02 19:17:16.397] 
[2026-02-02 19:17:16.397]  19:36:21	7.15	 089	 389	38.4	 31 	  2 	100%	 7.4	    	    	    	    	    	    	    	    	    	    
[2026-02-02 19:17:22.321]  19:36:27	7.15	 088	 390	38.4	 31 	  2 	100%	 7.4	    	    	    	    	    	    	    	    	    	    
[2026-02-02 19:17:28.297]  19:36:33	7.15	 087	 392	38.4	 31 	  2 	100%	 7.4	    	    	    	    	    	    	    	    	    	    
[2026-02-02 19:17:34.275]  19:36:39	7.16	 086	 393	38.4	 31 	  2 	100%	 7.4	    	    	    	    	    	    	    	    	    	    
[2026-02-02 19:17:40.250]  19:36:45	7.16	 085	 395	38.4	 31 	  2 	100%	 7.4	    	    	    	    	    	    	    	    	    	    
[2026-02-02 19:17:46.233]  19:36:51	7.16	 085	 395	38.4	 30 	  2 	100%	 7.4	    	    	    	    	    	    	    	    	    	    
[2026-02-02 19:17:52.203]  19:36:57	7.16	 084	 396	38.4	 30 	  2 	100%	 7.4	    	    	    	    	    	    	    	    	    	    
[2026-02-02 19:17:58.181]  19:37:03	7.16	 084	 397	38.4	 30 	  2 	100%	 7.4	    	    	    	    	    	    	    	    	    	    
[2026-02-02 19:18:04.156]  19:37:09	7.16	 083	 397	38.4	 30 	  1 	100%	 7.4	    	    	    	    	    	    	    	    	    	    
[2026-02-02 19:18:10.131]  19:37:15	7.17	 083	 398	38.3	 30 	  1 	100%	 7.3	    	    	    	    	    	    	    	    	    	    
[2026-02-02 19:18:16.119]  19:37:21	7.17	 083	 398	38.3	 30 	  1 	100%	 7.4	    	    	    	    	    	    	    	    	    	    
[2026-02-02 19:18:22.100]  19:37:27	7.17	 083	 399	38.3	 30 	  1 	100%	 7.4	    	    	    	    	    	    	    	    	    	    
[2026-02-02 19:18:28.062]  19:37:33	7.17	 082	 399	38.3	 30 	  1 	100%	 7.4	    	    	    	    	    	    	    	    	    	    
[2026-02-02 19:18:34.041]  19:37:39	7.17	 082	 400	38.3	 30 	  1 	100%	 7.4	    	    	    	    	    	    	    	    	    	    
[2026-02-02 19:18:40.014]  19:37:45	7.17	 082	 400	38.3	 30 	  1 	100%	 7.3	    	    	    	    	    	    	    	    	    	    
[2026-02-02 19:18:45.995]  19:37:51	7.17	 081	 401	38.4	 30 	  1 	100%	 7.4	    	    	    	    	    	    	    	    	    	    
[2026-02-02 19:18:51.965]  19:37:57	7.17	 081	 402	38.4	 30 	  1 	100%	 7.4	    	    	    	    	    	    	    	    	    	    
[2026-02-02 19:18:57.946]  19:38:03	7.17	 082	 406	38.3	 30 	  1 	100%	 7.4	    	    	    	    	    	    	    	    	    	    
[2026-02-02 19:19:03.931]  19:38:09	7.16	 082	 413	38.2	 30 	  1 	100%	 7.3	    	    	    	    	    	    	    	    	    	    
[2026-02-02 19:19:09.899]  19:38:15	7.16	 081	 416	38.2	 29 	 -0 	100%	 7.3	    	    	    	    	    	    	    	    	    	    
[2026-02-02 19:19:15.883]  19:38:21	7.15	 081	 417	38.2	 29 	 -0 	100%	 7.4	    	    	    	    	    	    	    	    	    	    
[2026-02-02 19:19:21.850]  19:38:27	7.16	 081	 417	38.2	 29 	 -0 	100%	 7.4	    	    	    	    	    	    	    	    	    	    
[2026-02-02 19:19:27.826]  19:38:32	7.16	 081	 418	38.2	 29 	  0 	100%	 7.4	    	    	    	    	    	    	    	    	    	    
[2026-02-02 19:19:33.803]  19:38:38	7.16	 080	 418	38.2	 29 	  1 	100%	 7.4	    	    	    	    	    	    	    	    	    	    
[2026-02-02 19:19:39.778]  19:38:44	7.17	 080	 419	38.2	 29 	  1 	100%	 7.5	    	    	    	    	    	    	    	    	    	    
[2026-02-02 19:19:45.758]  19:38:50	7.16	 082	 420	38.3	 30 	  1 	100%	 7.5	    	    	    	    	    	    	    	    	    	    
[2026-02-02 19:19:51.731]  19:38:56	7.16	 085	 421	38.2	 30 	  1 	100%	 7.5	    	    	    	    	    	    	    	    	    	    
[2026-02-02 19:19:57.707]  19:39:02	7.14	 088	 425	38.1	 30 	  1 	100%	 7.5	    	    	    	    	    	    	    	    	    	    
[2026-02-02 19:20:03.683]  19:39:08	7.12	 090	 428	38.0	 29 	 -0 	100%	 7.5	    	    	    	    	    	    	    	    	    	    
[2026-02-02 19:20:09.660]  19:39:14	7.12	 089	 432	38.0	 29 	 -0 	100%	 7.5	    	    	    	    	    	    	    	    	    	    
[2026-02-02 19:20:15.646]  19:39:20	7.13	 087	 434	38.1	 29 	 -0 	100%	 7.5	    	    	    	    	    	    	    	    	    	    
[2026-02-02 19:20:21.616]  19:39:26	7.14	 085	 436	38.1	 29 	  0 	100%	 7.5	    	    	    	    	    	    	    	    	    	    
[2026-02-02 19:20:27.589]  19:39:32	7.15	 083	 438	38.1	 29 	  0 	100%	 7.5	    	    	    	    	    	    	    	    	    	    
[2026-02-02 19:20:33.566]  19:39:38	7.16	 083	 440	38.1	 29 	  0 	100%	 7.5	    	    	    	    	    	    	    	    	    	    
[2026-02-02 19:20:39.541]  19:39:44	7.16	 082	 442	38.2	 29 	  1 	100%	 7.5	    	    	    	    	    	    	    	    	    	    
[2026-02-02 19:20:45.522]  19:39:50	7.16	 081	 444	38.2	 29 	  1 	100%	 7.5	    	    	    	    	    	    	    	    	    	    
[2026-02-02 19:20:51.494]  19:39:56	7.17	 081	 446	38.2	 29 	  1 	100%	 7.6	    	    	    	    	    	    	    	    	    	    
[2026-02-02 19:20:57.471]  19:40:02	7.17	 080	 449	38.2	 30 	  1 	100%	 7.5	    	    	    	    	    	    	    	    	    	    
[2026-02-02 19:21:03.449]  19:40:08	7.17	 080	 454	38.0	 29 	  1 	100%	 7.5	    	    	    	    	    	    	    	    	    	    
[2026-02-02 19:21:09.422]  19:40:14	7.16	 080	 458	38.0	 29 	 -0 	100%	 7.5	    	    	    	    	    	    	    	    	    	    
[2026-02-02 19:21:15.411]  19:40:20	7.15	 080	 460	38.0	 28 	 -1 	100%	 7.5	    	    	    	    	    	    	    	    	    	    
[2026-02-02 19:21:21.377]  19:40:26	7.15	 079	 461	38.1	 28 	 -1 	100%	 7.5	    	    	    	    	    	    	    	    	    	    
[2026-02-02 19:21:27.355]  19:40:32	7.16	 079	 462	38.1	 29 	 -0 	100%	 7.5	    	    	    	    	    	    	    	    	    	    
[2026-02-02 19:21:33.329]  19:40:38	7.16	 079	 463	38.1	 29 	  0 	100%	 7.5	    	    	    	    	    	    	    	    	    	    
[2026-02-02 19:21:39.306]  19:40:44	7.17	 079	 464	38.1	 29 	  0 	100%	 7.6	    	    	    	    	    	    	    	    	    	    
[2026-02-02 19:21:45.287]  19:40:50	7.17	 079	 466	38.1	 29 	  0 	100%	 7.6	    	    	    	    	    	    	    	    	    	    
[2026-02-02 19:21:51.258]  19:40:56	7.17	 079	 467	38.1	 29 	  1 	100%	 7.6	    	    	    	    	    	    	    	    	    	    
[2026-02-02 19:21:57.246]  19:41:02	7.17	 079	 469	38.1	 29 	  1 	100%	 7.6	    	    	    	    	    	    	    	    	    	    
[2026-02-02 19:22:03.210]  19:41:08	7.18	 078	 471	38.1	 29 	  1 	100%	 7.7	    	    	    	    	    	    	    	    	    	    
[2026-02-02 19:22:09.187]  19:41:14	7.18	 078	 472	38.1	 29 	  1 	100%	 7.6	    	    	    	    	    	    	    	    	    	    
[2026-02-02 19:22:15.165]          	    	ARTERIAL 	 	  	    	    	    	    	    	    	    	  	    VENOUS
[2026-02-02 19:22:15.187]   Time   	 pH 	 CO2	  O2	TEMP	HCO3	 BE 	cSO2	 K+ 	 VO2	  Q 	 BSA	 pH 	 CO2	  O2	TEMP	 SO2	 HCT	 HGB
[2026-02-02 19:22:15.215] 
[2026-02-02 19:22:15.215]  19:41:20	7.18	 078	 473	38.1	 29 	  1 	100%	 7.6	    	    	    	    	    	    	    	    	    	    
[2026-02-02 19:22:21.140]  19:41:26	7.18	 078	 474	38.1	 29 	  1 	100%	 7.5	    	    	    	    	    	    	    	    	    	    
[2026-02-02 19:22:27.116]  19:41:32	7.18	 078	 476	38.2	 29 	  1 	100%	 7.5	    	    	    	    	    	    	    	    	    	    
[2026-02-02 19:22:33.092]  19:41:38	7.18	 078	 477	38.2	 29 	  1 	100%	 7.6	    	    	    	    	    	    	    	    	    	    
[2026-02-02 19:22:39.070]  19:41:44	7.18	 078	 477	38.2	 29 	  1 	100%	 7.6	    	    	    	    	    	    	    	    	    	    
[2026-02-02 19:22:45.050]  19:41:50	7.18	 078	 478	38.2	 29 	  1 	100%	 7.6	    	    	    	    	    	    	    	    	    	    
[2026-02-02 19:22:51.035]  19:41:56	7.18	 078	 478	38.2	 29 	  1 	100%	 7.6	    	    	    	    	    	    	    	    	    	    
[2026-02-02 19:22:56.999]  19:42:02	7.18	 077	 479	38.2	 29 	  1 	100%	 7.5	    	    	    	    	    	    	    	    	    	    
[2026-02-02 19:23:02.985]  19:42:08	7.19	 077	 480	38.2	 29 	  1 	100%	 7.5	    	    	    	    	    	    	    	    	    	    
[2026-02-02 19:23:08.952]  19:42:14	7.19	 077	 481	38.2	 29 	  1 	100%	 7.5	    	    	    	    	    	    	    	    	    	    
[2026-02-02 19:23:14.937]  19:42:20	7.19	 077	 481	38.2	 29 	  1 	100%	 7.5	    	    	    	    	    	    	    	    	    	    
[2026-02-02 19:23:20.904]  19:42:26	7.19	 077	 482	38.2	 29 	  1 	100%	 7.6	    	    	    	    	    	    	    	    	    	    
[2026-02-02 19:23:26.879]  19:42:32	7.19	 077	 483	38.2	 29 	  1 	100%	 7.6	    	    	    	    	    	    	    	    	    	    
[2026-02-02 19:23:32.858]  19:42:38	7.19	 077	 483	38.2	 29 	  1 	100%	 7.5	    	    	    	    	    	    	    	    	    	    
[2026-02-02 19:23:38.832]  19:42:44	7.19	 077	 484	38.2	 29 	  1 	100%	 7.5	    	    	    	    	    	    	    	    	    	    
[2026-02-02 19:23:44.813]  19:42:50	7.19	 076	 485	38.2	 29 	  1 	100%	 7.5	    	    	    	    	    	    	    	    	    	    
[2026-02-02 19:23:50.785]  19:42:56	7.19	 076	 485	38.2	 29 	  1 	100%	 7.5	    	    	    	    	    	    	    	    	    	    
[2026-02-02 19:23:56.763]  19:43:02	7.19	 076	 486	38.2	 30 	  1 	100%	 7.5	    	    	    	    	    	    	    	    	    	    
[2026-02-02 19:24:02.739]  19:43:08	7.19	 076	 486	38.2	 30 	  1 	100%	 7.5	    	    	    	    	    	    	    	    	    	    
[2026-02-02 19:24:08.714]  19:43:14	7.19	 076	 487	38.2	 30 	  1 	100%	 7.5	    	    	    	    	    	    	    	    	    	    
[2026-02-02 19:24:14.702]  19:43:20	7.19	 076	 488	38.2	 30 	  1 	100%	 7.5	    	    	    	    	    	    	    	    	    	    
[2026-02-02 19:24:20.669]  19:43:26	7.19	 076	 488	38.2	 30 	  1 	100%	 7.5	    	    	    	    	    	    	    	    	    	    
[2026-02-02 19:24:26.645]  19:43:32	7.19	 076	 489	38.2	 30 	  1 	100%	 7.5	    	    	    	    	    	    	    	    	    	    
[2026-02-02 19:24:32.622]  19:43:38	7.19	 076	 490	38.2	 30 	  1 	100%	 7.5	    	    	    	    	    	    	    	    	    	    
[2026-02-02 19:24:38.600]  19:43:44	7.20	 076	 491	38.2	 30 	  1 	100%	 7.4	    	    	    	    	    	    	    	    	    	    
[2026-02-02 19:24:44.576]  19:43:50	7.20	 075	 491	38.2	 29 	  1 	100%	 7.4	    	    	    	    	    	    	    	    	    	    
[2026-02-02 19:24:50.552]  19:43:56	7.20	 075	 492	38.2	 29 	  1 	100%	 7.5	    	    	    	    	    	    	    	    	    	    
[2026-02-02 19:24:56.527]  19:44:02	7.20	 075	 494	38.2	 29 	  1 	100%	 7.5	    	    	    	    	    	    	    	    	    	    
[2026-02-02 19:25:02.502]  19:44:08	7.20	 075	 493	38.2	 29 	  1 	100%	 7.5	    	    	    	    	    	    	    	    	    	    
[2026-02-02 19:25:08.479]  19:44:13	7.20	 075	 494	38.2	 29 	  1 	100%	 7.5	    	    	    	    	    	    	    	    	    	    
[2026-02-02 19:25:14.466]  19:44:19	7.20	 075	 495	38.2	 29 	  1 	100%	 7.4	    	    	    	    	    	    	    	    	    	    
[2026-02-02 19:25:20.431]  19:44:25	7.20	 075	 495	38.2	 29 	  1 	100%	 7.4	    	    	    	    	    	    	    	    	    	    
[2026-02-02 19:25:26.407]  19:44:31	7.20	 075	 496	38.2	 29 	  1 	100%	 7.4	    	    	    	    	    	    	    	    	    	    
[2026-02-02 19:25:32.425]  19:44:37	7.20	 075	 496	38.2	 29 	  1 	100%	 7.4	    	    	    	    	    	    	    	    	    	    
[2026-02-02 19:25:38.361]  19:44:43	7.20	 074	 496	38.2	 29 	  1 	100%	 7.4	    	    	    	    	    	    	    	    	    	    
[2026-02-02 19:25:44.340]  19:44:49	7.20	 074	 496	38.2	 29 	  1 	100%	 7.4	    	    	    	    	    	    	    	    	    	    
[2026-02-02 19:25:50.313]  19:44:55	7.20	 074	 496	38.2	 29 	  1 	100%	 7.5	    	    	    	    	    	    	    	    	    	    
[2026-02-02 19:25:56.289]  19:45:01	7.20	 074	 497	38.2	 29 	  1 	100%	 7.4	    	    	    	    	    	    	    	    	    	    
[2026-02-02 19:26:02.269]  19:45:07	7.20	 074	 497	38.2	 29 	  1 	100%	 7.4	    	    	    	    	    	    	    	    	    	    
[2026-02-02 19:26:08.242]  19:45:13	7.20	 074	 497	38.2	 29 	  1 	100%	 7.4	    	    	    	    	    	    	    	    	    	    
[2026-02-02 19:26:14.232]  19:45:19	7.20	 074	 497	38.3	 29 	  1 	100%	 7.5	    	    	    	    	    	    	    	    	    	    
[2026-02-02 19:26:20.199]  19:45:25	7.21	 074	 496	38.2	 30 	  2 	100%	 8.9	    	    	    	    	    	    	    	    	    	    
[2026-02-02 19:26:26.168]  19:45:31	7.21	 074	 495	38.1	 30 	  2 	100%	 -.-	    	    	    	    	    	    	    	    	    	    
[2026-02-02 19:26:32.142]  19:45:37	7.21	 074	 494	37.9	 30 	  2 	100%	 -.-	    	    	    	    	    	    	    	    	    	    
[2026-02-02 19:26:38.118]  19:45:43	7.22	 073	 492	37.9	 30 	  2 	100%	 -.-	    	    	    	    	    	    	    	    	    	    
[2026-02-02 19:26:44.100]  19:45:49	7.22	 072	 489	38.0	 30 	  2 	100%	 -.-	    	    	    	    	    	    	    	    	    	    
[2026-02-02 19:26:50.070]  19:45:55	7.23	 072	 487	38.0	 30 	  2 	100%	 -.-	    	    	    	    	    	    	    	    	    	    
[2026-02-02 19:26:56.053]  19:46:01	7.23	 072	 486	37.9	 30 	  2 	100%	 -.-	    	    	    	    	    	    	    	    	    	    
[2026-02-02 19:27:02.023]  19:46:07	7.23	 071	 484	38.0	 30 	  2 	100%	 -.-	    	    	    	    	    	    	    	    	    	    
[2026-02-02 19:27:08.000]  19:46:13	7.23	 071	 482	37.9	 30 	  2 	100%	 -.-	    	    	    	    	    	    	    	    	    	    
[2026-02-02 19:27:13.978]          	    	ARTERIAL 	 	  	    	    	    	    	    	    	    	  	    VENOUS
[2026-02-02 19:27:14.001]   Time   	 pH 	 CO2	  O2	TEMP	HCO3	 BE 	cSO2	 K+ 	 VO2	  Q 	 BSA	 pH 	 CO2	  O2	TEMP	 SO2	 HCT	 HGB
[2026-02-02 19:27:14.029] 
[2026-02-02 19:27:14.029]  19:46:19	7.22	 071	 480	37.8	 30 	  2 	100%	 -.-	    	    	    	    	    	    	    	    	    	    
[2026-02-02 19:27:19.952]  19:46:25	7.22	 071	 477	37.7	 30 	  2 	100%	 -.-	    	    	    	    	    	    	    	    	    	    
[2026-02-02 19:27:25.928]  19:46:31	7.22	 072	 472	37.6	 30 	  2 	100%	 -.-	    	    	    	    	    	    	    	    	    	    
[2026-02-02 19:27:31.907]  19:46:37	7.22	 072	 467	37.5	 30 	  2 	100%	 -.-	    	    	    	    	    	    	    	    	    	    
[2026-02-02 19:27:37.888]  19:46:43	7.22	 072	 464	37.2	 29 	  2 	100%	 -.-	    	    	    	    	    	    	    	    	    	    
[2026-02-02 19:27:43.863]  19:46:49	7.21	 072	 462	37.0	 29 	  2 	100%	 -.-	    	    	    	    	    	    	    	    	    	    
[2026-02-02 19:27:49.837]  19:46:55	7.21	 073	 461	36.8	 29 	  2 	100%	 -.-	    	    	    	    	    	    	    	    	    	    
[2026-02-02 19:27:55.811]  19:47:01	7.21	 073	 460	36.6	 29 	  1 	100%	 -.-	    	    	    	    	    	    	    	    	    	    
[2026-02-02 19:28:01.787]  19:47:07	7.21	 073	 458	36.4	 29 	  1 	100%	 -.-	    	    	    	    	    	    	    	    	    	    
[2026-02-02 19:28:07.764]  19:47:13	7.21	 073	 457	36.2	 29 	  1 	100%	 -.-	    	    	    	    	    	    	    	    	    	    
[2026-02-02 19:28:13.750]  19:47:19	7.21	 073	 456	36.1	 29 	  1 	100%	 -.-	    	    	    	    	    	    	    	    	    	    
[2026-02-02 19:28:19.720]  19:47:25	7.21	 073	 455	35.9	 29 	  1 	100%	 -.-	    	    	    	    	    	    	    	    	    	    
[2026-02-02 19:28:25.696]  19:47:30	7.21	 073	 454	35.8	 29 	  1 	100%	 -.-	    	    	    	    	    	    	    	    	    	    
[2026-02-02 19:28:31.672]  19:47:36	7.21	 073	 453	35.6	 29 	  1 	100%	 -.-	    	    	    	    	    	    	    	    	    	    
[2026-02-02 19:28:37.648]  19:47:42	7.21	 073	 452	35.5	 29 	  1 	100%	 -.-	    	    	    	    	    	    	    	    	    	    
[2026-02-02 19:28:43.628]  19:47:48	7.21	 073	 451	35.4	 29 	  1 	100%	 -.-	    	    	    	    	    	    	    	    	    	    
[2026-02-02 19:28:49.600]  19:47:54	7.20	 073	 451	35.2	 29 	  1 	100%	 -.-	    	    	    	    	    	    	    	    	    	    
[2026-02-02 19:28:55.582]  19:48:00	7.20	 073	 450	35.1	 29 	  1 	100%	 -.-	    	    	    	    	    	    	    	    	    	    
[2026-02-02 19:29:01.555]  19:48:06	7.20	 073	 449	35.0	 29 	  1 	100%	 -.-	    	    	    	    	    	    	    	    	    	    
[2026-02-02 19:29:07.534]  19:48:12	7.20	 073	 448	34.8	 29 	  1 	100%	 -.-	    	    	    	    	    	    	    	    	    	    
[2026-02-02 19:29:13.517]  19:48:18	7.20	 073	 448	34.7	 29 	  1 	100%	 -.-	    	    	    	    	    	    	    	    	    	    
[2026-02-02 19:29:19.484]  19:48:24	7.20	 073	 447	34.6	 29 	  1 	100%	 -.-	    	    	    	    	    	    	    	    	    	    
[2026-02-02 19:29:25.460]  19:48:30	7.20	 073	 446	34.5	 29 	  1 	100%	 -.-	    	    	    	    	    	    	    	    	    	    
[2026-02-02 19:29:31.440]  19:48:36	7.20	 073	 445	34.4	 29 	  1 	100%	 -.-	    	    	    	    	    	    	    	    	    	    
[2026-02-02 19:29:37.432]  19:48:42	7.20	 073	 445	34.3	 29 	  1 	100%	 -.-	    	    	    	    	    	    	    	    	    	    
[2026-02-02 19:29:43.393]  19:48:48	7.20	 073	 444	34.2	 29 	  1 	100%	 -.-	    	    	    	    	    	    	    	    	    	    
[2026-02-02 19:29:49.365]  19:48:54	7.20	 073	 443	34.1	 29 	  1 	100%	 -.-	    	    	    	    	    	    	    	    	    	    
[2026-02-02 19:29:55.342]  19:49:00	7.20	 073	 443	34.0	 29 	  1 	100%	 -.-	    	    	    	    	    	    	    	    	    	    
[2026-02-02 19:30:01.317]  19:49:06	7.20	 073	 442	33.9	 29 	  1 	100%	 -.-	    	    	    	    	    	    	    	    	    	    
[2026-02-02 19:30:07.294]  19:49:12	7.20	 073	 441	33.8	 29 	  1 	100%	 -.-	    	    	    	    	    	    	    	    	    	    
[2026-02-02 19:30:13.282]  19:49:18	7.20	 073	 440	33.7	 29 	  1 	100%	 -.-	    	    	    	    	    	    	    	    	    	    
[2026-02-02 19:30:19.247]  19:49:24	7.20	 073	 440	33.6	 29 	  1 	100%	 -.-	    	    	    	    	    	    	    	    	    	    
[2026-02-02 19:30:25.223]  19:49:30	7.20	 073	 439	33.5	 29 	  1 	100%	 -.-	    	    	    	    	    	    	    	    	    	    
[2026-02-02 19:30:31.200]  19:49:36	7.20	 073	 438	33.5	 29 	  1 	100%	 -.-	    	    	    	    	    	    	    	    	    	    
[2026-02-02 19:30:37.176]  19:49:42	7.20	 074	 438	33.4	 29 	  1 	100%	 -.-	    	    	    	    	    	    	    	    	    	    
[2026-02-02 19:30:43.158]  19:49:48	7.20	 074	 437	33.3	 29 	  1 	100%	 -.-	    	    	    	    	    	    	    	    	    	    
[2026-02-02 19:30:49.129]  19:49:54	7.19	 074	 436	33.2	 29 	  1 	100%	 -.-	    	    	    	    	    	    	    	    	    	    
[2026-02-02 19:30:55.108]  19:50:00	7.19	 074	 436	33.1	 29 	  1 	100%	 -.-	    	    	    	    	    	    	    	    	    	    
[2026-02-02 19:31:01.084]  19:50:06	7.19	 074	 435	33.1	 29 	  1 	100%	 -.-	    	    	    	    	    	    	    	    	    	    
[2026-02-02 19:31:07.058]  19:50:12	7.19	 074	 434	33.0	 29 	  0 	100%	 -.-	    	    	    	    	    	    	    	    	    	    
[2026-02-02 19:31:13.044]  19:50:18	7.19	 074	 434	32.9	 29 	  0 	100%	 -.-	    	    	    	    	    	    	    	    	    	    
[2026-02-02 19:31:19.014]  19:50:24	7.19	 074	 433	32.9	 29 	  0 	100%	 -.-	    	    	    	    	    	    	    	    	    	    
[2026-02-02 19:31:24.987]  19:50:30	7.19	 074	 432	32.8	 29 	  0 	100%	 -.-	    	    	    	    	    	    	    	    	    	    
[2026-02-02 19:31:30.965]  19:50:36	7.19	 074	 431	32.7	 29 	  0 	100%	 -.-	    	    	    	    	    	    	    	    	    	    
[2026-02-02 19:31:36.940]  19:50:42	7.19	 074	 431	32.7	 29 	  0 	100%	 -.-	    	    	    	    	    	    	    	    	    	    
[2026-02-02 19:31:42.920]  19:50:48	7.19	 074	 430	32.6	 29 	  0 	100%	 -.-	    	    	    	    	    	    	    	    	    	    
[2026-02-02 19:31:48.893]  19:50:54	7.19	 074	 430	32.5	 29 	  0 	100%	 -.-	    	    	    	    	    	    	    	    	    	    
[2026-02-02 19:31:54.878]  19:51:00	7.19	 074	 429	32.5	 29 	  0 	100%	 -.-	    	    	    	    	    	    	    	    	    	    
[2026-02-02 19:32:00.848]  19:51:06	7.19	 074	 428	32.4	 28 	  0 	100%	 -.-	    	    	    	    	    	    	    	    	    	    
[2026-02-02 19:32:06.822]  19:51:12	7.19	 074	 428	32.3	 28 	  0 	100%	 -.-	    	    	    	    	    	    	    	    	    	    
[2026-02-02 19:32:12.800]          	    	ARTERIAL 	 	  	    	    	    	    	    	    	    	  	    VENOUS
[2026-02-02 19:32:12.824]   Time   	 pH 	 CO2	  O2	TEMP	HCO3	 BE 	cSO2	 K+ 	 VO2	  Q 	 BSA	 pH 	 CO2	  O2	TEMP	 SO2	 HCT	 HGB
[2026-02-02 19:32:12.850] 
[2026-02-02 19:32:12.850]  19:51:18	7.19	 074	 427	32.3	 28 	  0 	100%	 -.-	    	    	    	    	    	    	    	    	    	    
[2026-02-02 19:32:18.775]  19:51:24	7.19	 074	 427	32.2	 28 	  0 	100%	 -.-	    	    	    	    	    	    	    	    	    	    
[2026-02-02 19:32:24.752]  19:51:30	7.19	 074	 426	32.2	 28 	  0 	100%	 -.-	    	    	    	    	    	    	    	    	    	    
[2026-02-02 19:32:30.727]  19:51:35	7.19	 074	 426	32.1	 28 	  0 	100%	 -.-	    	    	    	    	    	    	    	    	    	    
[2026-02-02 19:32:36.705]  19:51:41	7.19	 074	 425	32.1	 28 	  0 	100%	 -.-	    	    	    	    	    	    	    	    	    	    
[2026-02-02 19:32:42.684]  19:51:47	7.19	 074	 425	32.0	 28 	  0 	100%	 -.-	    	    	    	    	    	    	    	    	    	    
[2026-02-02 19:32:48.657]  19:51:53	7.19	 074	 424	31.9	 28 	  0 	100%	 -.-	    	    	    	    	    	    	    	    	    	    
[2026-02-02 19:32:54.633]  19:51:59	7.19	 074	 424	31.9	 28 	  0 	100%	 -.-	    	    	    	    	    	    	    	    	    	    
[2026-02-02 19:33:00.611]  19:52:05	7.19	 074	 423	31.8	 28 	  0 	100%	 -.-	    	    	    	    	    	    	    	    	    	    
[2026-02-02 19:33:06.586]  19:52:11	7.19	 074	 423	31.8	 28 	  0 	100%	 -.-	    	    	    	    	    	    	    	    	    	    
[2026-02-02 19:33:12.572]  19:52:17	7.19	 074	 422	31.7	 28 	  0 	100%	 -.-	    	    	    	    	    	    	    	    	    	    
[2026-02-02 19:33:18.541]  19:52:23	7.19	 074	 422	31.7	 28 	  0 	100%	 -.-	    	    	    	    	    	    	    	    	    	    
[2026-02-02 19:33:24.515]  19:52:29	7.19	 074	 421	31.6	 28 	  0 	100%	 -.-	    	    	    	    	    	    	    	    	    	    
[2026-02-02 19:33:30.491]  19:52:35	7.19	 074	 421	31.6	 28 	  0 	100%	 -.-	    	    	    	    	    	    	    	    	    	    
[2026-02-02 19:33:36.468]  19:52:41	7.19	 074	 420	31.5	 28 	  0 	100%	 -.-	    	    	    	    	    	    	    	    	    	    
[2026-02-02 19:33:42.448]  19:52:47	7.19	 074	 420	31.5	 28 	  0 	100%	 -.-	    	    	    	    	    	    	    	    	    	    
[2026-02-02 19:33:48.421]  19:52:53	7.19	 074	 419	31.4	 28 	  0 	100%	 -.-	    	    	    	    	    	    	    	    	    	    
[2026-02-02 19:33:54.397]  19:52:59	7.19	 074	 419	31.4	 28 	  0 	100%	 -.-	    	    	    	    	    	    	    	    	    	    
[2026-02-02 19:34:00.373]  19:53:05	7.19	 074	 418	31.3	 28 	  0 	100%	 -.-	    	    	    	    	    	    	    	    	    	    
[2026-02-02 19:34:06.350]  19:53:11	7.19	 074	 418	31.3	 28 	  0 	100%	 -.-	    	    	    	    	    	    	    	    	    	    
[2026-02-02 19:34:12.336]  19:53:17	7.19	 074	 417	31.3	 28 	  0 	100%	 -.-	    	    	    	    	    	    	    	    	    	    
[2026-02-02 19:34:18.303]  19:53:23	7.19	 074	 417	31.2	 28 	  0 	100%	 -.-	    	    	    	    	    	    	    	    	    	    
[2026-02-02 19:34:24.278]  19:53:29	7.19	 074	 416	31.2	 28 	  0 	100%	 -.-	    	    	    	    	    	    	    	    	    	    
[2026-02-02 19:34:30.257]  19:53:35	7.19	 074	 416	31.1	 28 	  0 	100%	 -.-	    	    	    	    	    	    	    	    	    	    
[2026-02-02 19:34:36.231]  19:53:41	7.19	 074	 415	31.1	 28 	  0 	100%	 -.-	    	    	    	    	    	    	    	    	    	    
[2026-02-02 19:34:42.211]  19:53:47	7.19	 074	 415	31.0	 28 	  0 	100%	 -.-	    	    	    	    	    	    	    	    	    	    
[2026-02-02 19:34:48.196]  19:53:53	7.19	 074	 414	31.0	 28 	 -0 	100%	 -.-	    	    	    	    	    	    	    	    	    	    
[2026-02-02 19:34:54.200]  19:53:59	7.19	 074	 414	31.0	 28 	 -0 	100%	 -.-	    	    	    	    	    	    	    	    	    	    
[2026-02-02 19:35:00.138]  19:54:05	7.19	 074	 414	30.9	 28 	 -0 	100%	 -.-	    	    	    	    	    	    	    	    	    	    
[2026-02-02 19:35:06.117]  19:54:11	7.19	 074	 413	30.9	 28 	 -0 	100%	 -.-	    	    	    	    	    	    	    	    	    	    
[2026-02-02 19:35:12.101]  19:54:17	7.19	 074	 412	30.8	 28 	 -0 	100%	 -.-	    	    	    	    	    	    	    	    	    	    
[2026-02-02 19:35:18.068]  19:54:23	7.19	 074	 412	30.8	 28 	 -0 	100%	 -.-	    	    	    	    	    	    	    	    	    	    
[2026-02-02 19:35:24.043]  19:54:29	7.18	 074	 411	30.8	 28 	 -0 	100%	 -.-	    	    	    	    	    	    	    	    	    	    
[2026-02-02 19:35:30.020]  19:54:35	7.18	 074	 411	30.7	 28 	 -0 	100%	 -.-	    	    	    	    	    	    	    	    	    	    
[2026-02-02 19:35:35.996]  19:54:41	7.18	 074	 410	30.7	 28 	 -0 	100%	 -.-	    	    	    	    	    	    	    	    	    	    
[2026-02-02 19:35:41.976]  19:54:47	7.18	 074	 410	30.7	 28 	 -0 	100%	 -.-	    	    	    	    	    	    	    	    	    	    
[2026-02-02 19:35:47.948]  19:54:53	7.18	 074	 409	30.6	 28 	 -0 	100%	 -.-	    	    	    	    	    	    	    	    	    	    
[2026-02-02 19:35:53.925]  19:54:59	7.18	 074	 409	30.6	 28 	 -0 	100%	 -.-	    	    	    	    	    	    	    	    	    	    
[2026-02-02 19:35:59.901]  19:55:05	7.18	 074	 408	30.6	 28 	 -0 	100%	 -.-	    	    	    	    	    	    	    	    	    	    
[2026-02-02 19:36:05.878]  19:55:11	7.18	 074	 408	30.5	 28 	 -0 	100%	 -.-	    	    	    	    	    	    	    	    	    	    
[2026-02-02 19:36:11.863]  19:55:17	7.18	 074	 408	30.5	 28 	 -0 	100%	 -.-	    	    	    	    	    	    	    	    	    	    
[2026-02-02 19:36:17.829]  19:55:23	7.18	 074	 407	30.4	 28 	 -0 	100%	 -.-	    	    	    	    	    	    	    	    	    	    
[2026-02-02 19:36:23.807]  19:55:29	7.18	 074	 406	30.4	 28 	 -0 	100%	 -.-	    	    	    	    	    	    	    	    	    	    
[2026-02-02 19:36:29.786]  19:55:35	7.18	 074	 406	30.4	 28 	 -0 	100%	 -.-	    	    	    	    	    	    	    	    	    	    
[2026-02-02 19:36:35.760]  19:55:41	7.18	 074	 406	30.3	 28 	 -0 	100%	 -.-	    	    	    	    	    	    	    	    	    	    
[2026-02-02 19:36:41.739]  19:55:46	7.18	 074	 405	30.3	 28 	 -0 	100%	 -.-	    	    	    	    	    	    	    	    	    	    
[2026-02-02 19:36:47.712]  19:55:52	7.18	 074	 405	30.3	 28 	 -0 	100%	 -.-	    	    	    	    	    	    	    	    	    	    
[2026-02-02 19:36:53.690]  19:55:58	7.18	 074	 404	30.3	 28 	 -0 	100%	 -.-	    	    	    	    	    	    	    	    	    	    
[2026-02-02 19:36:59.665]  19:56:04	7.18	 074	 404	30.2	 28 	 -0 	100%	 -.-	    	    	    	    	    	    	    	    	    	    
[2026-02-02 19:37:05.641]  19:56:10	7.18	 074	 403	30.2	 28 	 -0 	100%	 -.-	    	    	    	    	    	    	    	    	    	    
[2026-02-02 19:37:11.621]          	    	ARTERIAL 	 	  	    	    	    	    	    	    	    	  	    VENOUS
[2026-02-02 19:37:11.641]   Time   	 pH 	 CO2	  O2	TEMP	HCO3	 BE 	cSO2	 K+ 	 VO2	  Q 	 BSA	 pH 	 CO2	  O2	TEMP	 SO2	 HCT	 HGB
[2026-02-02 19:37:11.668] 
[2026-02-02 19:37:11.668]  19:56:16	7.18	 074	 403	30.2	 28 	 -0 	100%	 -.-	    	    	    	    	    	    	    	    	    	    
[2026-02-02 19:37:17.594]  19:56:22	7.18	 074	 402	30.1	 28 	 -0 	100%	 -.-	    	    	    	    	    	    	    	    	    	    
[2026-02-02 19:37:23.570]  19:56:28	7.18	 074	 402	30.1	 28 	 -0 	100%	 -.-	    	    	    	    	    	    	    	    	    	    
[2026-02-02 19:37:29.546]  19:56:34	7.18	 074	 401	30.1	 28 	 -0 	100%	 -.-	    	    	    	    	    	    	    	    	    	    
[2026-02-02 19:37:35.523]  19:56:40	7.18	 074	 400	30.1	 28 	 -0 	100%	 -.-	    	    	    	    	    	    	    	    	    	    
[2026-02-02 19:37:41.502]  19:56:46	7.18	 074	 400	30.1	 28 	 -0 	100%	 -.-	    	    	    	    	    	    	    	    	    	    
[2026-02-02 19:37:47.475]  19:56:52	7.18	 074	 399	30.0	 28 	 -0 	100%	 -.-	    	    	    	    	    	    	    	    	    	    
[2026-02-02 19:37:53.464]  19:56:58	7.18	 074	 399	30.0	 28 	 -0 	100%	 -.-	    	    	    	    	    	    	    	    	    	    
[2026-02-02 19:37:59.429]  19:57:04	7.18	 074	 398	30.0	 28 	 -0 	100%	 -.-	    	    	    	    	    	    	    	    	    	    
[2026-02-02 19:38:05.404]  19:57:10	7.18	 074	 398	30.0	 28 	 -0 	100%	 -.-	    	    	    	    	    	    	    	    	    	    
[2026-02-02 19:38:11.391]  19:57:16	7.18	 074	 397	29.9	 28 	 -0 	100%	 -.-	    	    	    	    	    	    	    	    	    	    
[2026-02-02 19:38:17.358]  19:57:22	7.18	 074	 397	29.9	 28 	 -0 	100%	 -.-	    	    	    	    	    	    	    	    	    	    
[2026-02-02 19:38:23.334]  19:57:28	7.18	 074	 396	29.9	 28 	 -0 	100%	 -.-	    	    	    	    	    	    	    	    	    	    
[2026-02-02 19:38:29.310]  19:57:34	7.18	 074	 396	29.9	 28 	 -0 	100%	 -.-	    	    	    	    	    	    	    	    	    	    
[2026-02-02 19:38:35.287]  19:57:40	7.18	 074	 396	29.8	 28 	 -0 	100%	 -.-	    	    	    	    	    	    	    	    	    	    
[2026-02-02 19:38:41.268]  19:57:46	7.18	 074	 395	29.8	 28 	 -0 	100%	 -.-	    	    	    	    	    	    	    	    	    	    
[2026-02-02 19:38:47.241]  19:57:52	7.18	 075	 394	29.8	 28 	 -0 	100%	 -.-	    	    	    	    	    	    	    	    	    	    
[2026-02-02 19:38:53.218]  19:57:58	7.18	 075	 394	29.8	 28 	 -0 	100%	 -.-	    	    	    	    	    	    	    	    	    	    
[2026-02-02 19:38:59.195]  19:58:04	7.18	 075	 394	29.8	 28 	 -0 	100%	 -.-	    	    	    	    	    	    	    	    	    	    
[2026-02-02 19:39:05.169]  19:58:10	7.18	 075	 393	29.7	 28 	 -0 	100%	 -.-	    	    	    	    	    	    	    	    	    	    
[2026-02-02 19:39:11.157]  19:58:16	7.18	 075	 393	29.7	 28 	 -0 	100%	 -.-	    	    	    	    	    	    	    	    	    	    
[2026-02-02 19:39:17.121]  19:58:22	7.18	 075	 392	29.7	 28 	 -0 	100%	 -.-	    	    	    	    	    	    	    	    	    	    
[2026-02-02 19:39:23.098]  19:58:28	7.18	 075	 392	29.7	 28 	 -0 	100%	 -.-	    	    	    	    	    	    	    	    	    	    
[2026-02-02 19:39:29.076]  19:58:34	7.18	 075	 391	29.7	 28 	 -0 	100%	 -.-	    	    	    	    	    	    	    	    	    	    
[2026-02-02 19:39:35.052]  19:58:40	7.18	 075	 391	29.6	 28 	 -0 	100%	 -.-	    	    	    	    	    	    	    	    	    	    
[2026-02-02 19:39:41.030]  19:58:46	7.18	 075	 390	29.6	 28 	 -0 	100%	 -.-	    	    	    	    	    	    	    	    	    	    
[2026-02-02 19:39:47.004]  19:58:52	7.18	 075	 390	29.6	 28 	 -0 	100%	 -.-	    	    	    	    	    	    	    	    	    	    
[2026-02-02 19:39:52.980]  19:58:58	7.18	 075	 390	29.6	 28 	 -0 	100%	 -.-	    	    	    	    	    	    	    	    	    	    
[2026-02-02 19:39:58.960]  19:59:04	7.18	 075	 389	29.6	 28 	 -0 	100%	 -.-	    	    	    	    	    	    	    	    	    	    
[2026-02-02 19:40:04.932]  19:59:10	7.18	 075	 389	29.5	 28 	 -0 	100%	 -.-	    	    	    	    	    	    	    	    	    	    
[2026-02-02 19:40:10.919]  19:59:16	7.18	 075	 388	29.5	 28 	 -0 	100%	 -.-	    	    	    	    	    	    	    	    	    	    
[2026-02-02 19:40:16.887]  19:59:22	7.18	 075	 388	29.5	 28 	 -0 	100%	 -.-	    	    	    	    	    	    	    	    	    	    
[2026-02-02 19:40:22.864]  19:59:28	7.18	 075	 387	29.5	 28 	 -0 	100%	 -.-	    	    	    	    	    	    	    	    	    	    
[2026-02-02 19:40:28.839]  19:59:34	7.18	 075	 387	29.5	 28 	 -0 	100%	 -.-	    	    	    	    	    	    	    	    	    	    
[2026-02-02 19:40:34.815]  19:59:40	7.18	 075	 386	29.5	 28 	 -0 	100%	 -.-	    	    	    	    	    	    	    	    	    	    
[2026-02-02 19:40:40.796]  19:59:46	7.18	 075	 385	29.5	 28 	 -0 	100%	 -.-	    	    	    	    	    	    	    	    	    	    
[2026-02-02 19:40:46.769]  19:59:52	7.18	 075	 385	29.4	 28 	 -0 	100%	 -.-	    	    	    	    	    	    	    	    	    	    
[2026-02-02 19:40:52.743]  19:59:58	7.18	 075	 384	29.4	 28 	 -0 	100%	 -.-	    	    	    	    	    	    	    	    	    	    
[2026-02-02 19:40:58.720]  20:00:04	7.18	 075	 383	29.4	 28 	 -0 	100%	 -.-	    	    	    	    	    	    	    	    	    	    
[2026-02-02 19:41:04.696]  20:00:10	7.18	 075	 383	29.4	 28 	 -0 	100%	 -.-	    	    	    	    	    	    	    	    	    	    
[2026-02-02 19:41:10.682]  20:00:16	7.18	 075	 382	29.4	 28 	 -0 	100%	 -.-	    	    	    	    	    	    	    	    	    	    
[2026-02-02 19:41:16.656]  20:00:22	7.18	 075	 382	29.4	 28 	 -0 	100%	 -.-	    	    	    	    	    	    	    	    	    	    
[2026-02-02 19:41:22.625]  20:00:28	7.18	 075	 381	29.3	 28 	 -0 	100%	 -.-	    	    	    	    	    	    	    	    	    	    
[2026-02-02 19:41:28.604]  20:00:33	7.18	 075	 381	29.3	 28 	 -0 	100%	 -.-	    	    	    	    	    	    	    	    	    	    
[2026-02-02 19:41:34.578]  20:00:39	7.18	 075	 380	29.3	 28 	 -0 	100%	 -.-	    	    	    	    	    	    	    	    	    	    
[2026-02-02 19:41:40.558]  20:00:45	7.18	 075	 380	29.3	 28 	 -0 	100%	 -.-	    	    	    	    	    	    	    	    	    	    
[2026-02-02 19:41:46.538]  20:00:51	7.18	 075	 379	29.3	 28 	 -0 	100%	 -.-	    	    	    	    	    	    	    	    	    	    
[2026-02-02 19:41:52.506]  20:00:57	7.18	 075	 379	29.3	 28 	 -0 	100%	 -.-	    	    	    	    	    	    	    	    	    	    
[2026-02-02 19:41:58.497]  20:01:03	7.18	 075	 378	29.2	 28 	 -0 	100%	 -.-	    	    	    	    	    	    	    	    	    	    
[2026-02-02 19:42:04.461]  20:01:09	7.18	 075	 378	29.2	 28 	 -0 	100%	 -.-	    	    	    	    	    	    	    	    	    	    
[2026-02-02 19:42:10.438]          	    	ARTERIAL 	 	  	    	    	    	    	    	    	    	  	    VENOUS
[2026-02-02 19:42:10.459]   Time   	 pH 	 CO2	  O2	TEMP	HCO3	 BE 	cSO2	 K+ 	 VO2	  Q 	 BSA	 pH 	 CO2	  O2	TEMP	 SO2	 HCT	 HGB
[2026-02-02 19:42:10.487] 
[2026-02-02 19:42:10.489]  20:01:15	7.18	 075	 378	29.2	 28 	 -0 	100%	 -.-	    	    	    	    	    	    	    	    	    	    
[2026-02-02 19:42:16.411]  20:01:21	7.18	 075	 377	29.2	 28 	 -0 	100%	 -.-	    	    	    	    	    	    	    	    	    	    
[2026-02-02 19:42:22.387]  20:01:27	7.18	 075	 377	29.2	 28 	 -0 	100%	 -.-	    	    	    	    	    	    	    	    	    	    
[2026-02-02 19:42:28.362]  20:01:33	7.18	 075	 376	29.2	 28 	 -0 	100%	 -.-	    	    	    	    	    	    	    	    	    	    
[2026-02-02 19:42:34.332]  20:01:39	7.18	 075	 376	29.1	 28 	 -0 	100%	 -.-	    	    	    	    	    	    	    	    	    	    
