
[2026-04-14 15:57:00.175]  16:16:40	7.51	 028	 354	35.5	 22 	  1 	100%	 4.3	    	    	    	    	    	    	    	    	    	    
[2026-04-14 15:57:00.191]  16:16:46	7.51	 028	 353	35.5	 22 	  0 	100%	 4.3	    	    	    	    	    	    	    	    	    	    
[2026-04-14 15:57:05.951]  16:16:52	7.51	 028	 352	35.5	 23 	  1 	100%	 4.3	    	    	    	    	    	    	    	    	    	    
[2026-04-14 15:57:11.917]  16:16:58	7.50	 029	 351	35.5	 23 	  1 	100%	 4.3	    	    	    	    	    	    	    	    	    	    
[2026-04-14 15:57:17.893]  16:17:04	7.50	 029	 351	35.5	 23 	  1 	100%	 4.3	    	    	    	    	    	    	    	    	    	    
[2026-04-14 15:57:23.865]  16:17:10	7.50	 029	 351	35.5	 23 	  1 	100%	 4.3	    	    	    	    	    	    	    	    	    	    
[2026-04-14 15:57:29.851]  16:17:16	7.50	 029	 351	35.5	 23 	  1 	100%	 4.3	    	    	    	    	    	    	    	    	    	    
[2026-04-14 15:57:35.826]  16:17:22	7.50	 029	 351	35.5	 23 	  1 	100%	 4.3	    	    	    	    	    	    	    	    	    	    
[2026-04-14 15:57:41.790]  16:17:28	7.50	 029	 351	35.5	 23 	  1 	100%	 4.3	    	    	    	    	    	    	    	    	    	    
[2026-04-14 15:57:47.788]  16:17:34	7.50	 029	 351	35.5	 23 	  1 	100%	 4.3	    	    	    	    	    	    	    	    	    	    
[2026-04-14 15:57:53.752]  16:17:40	7.50	 029	 351	35.6	 23 	  1 	100%	 4.3	    	    	    	    	    	    	    	    	    	    
[2026-04-14 15:57:59.737]  16:17:46	7.50	 029	 351	35.6	 23 	  1 	100%	 4.3	    	    	    	    	    	    	    	    	    	    
[2026-04-14 15:58:05.700]  16:17:52	7.50	 029	 351	35.6	 23 	  1 	100%	 4.3	    	    	    	    	    	    	    	    	    	    
[2026-04-14 15:58:11.677]  16:17:58	7.51	 029	 352	35.6	 23 	  1 	100%	 4.3	    	    	    	    	    	    	    	    	    	    
[2026-04-14 15:58:17.645]  16:18:04	7.51	 028	 352	35.6	 23 	  1 	100%	 4.3	    	    	    	    	    	    	    	    	    	    
[2026-04-14 15:58:23.620]  16:18:10	7.51	 028	 352	35.6	 22 	  1 	100%	 4.3	    	    	    	    	    	    	    	    	    	    
[2026-04-14 15:58:29.613]  16:18:16	7.51	 028	 352	35.6	 23 	  1 	100%	 4.3	    	    	    	    	    	    	    	    	    	    
[2026-04-14 15:58:35.581]  16:18:22	7.51	 028	 351	35.6	 23 	  1 	100%	 4.3	    	    	    	    	    	    	    	    	    	    
[2026-04-14 15:58:41.558]  16:18:28	7.51	 029	 351	35.6	 23 	  1 	100%	 4.3	    	    	    	    	    	    	    	    	    	    
[2026-04-14 15:58:47.529]  16:18:34	7.51	 028	 352	35.6	 23 	  1 	100%	 4.3	    	    	    	    	    	    	    	    	    	    
[2026-04-14 15:58:53.515]  16:18:40	7.51	 028	 352	35.6	 23 	  1 	100%	 4.3	    	    	    	    	    	    	    	    	    	    
[2026-04-14 15:58:59.491]  16:18:46	7.51	 028	 352	35.6	 22 	  1 	100%	 4.3	    	    	    	    	    	    	    	    	    	    
[2026-04-14 15:59:05.459]  16:18:52	7.51	 028	 351	35.6	 23 	  1 	100%	 4.3	    	    	    	    	    	    	    	    	    	    
[2026-04-14 15:59:11.454]  16:18:57	7.51	 028	 351	35.6	 23 	  1 	100%	 4.3	    	    	    	    	    	    	    	    	    	    
[2026-04-14 15:59:17.409]  16:19:03	7.51	 028	 351	35.7	 23 	  1 	100%	 4.3	    	    	    	    	    	    	    	    	    	    
[2026-04-14 15:59:23.391]  16:19:09	7.51	 028	 352	35.7	 23 	  1 	100%	 4.3	    	    	    	    	    	    	    	    	    	    
[2026-04-14 15:59:29.361]  16:19:15	7.51	 027	 353	35.6	 22 	  0 	100%	 4.3	    	    	    	    	    	    	    	    	    	    
[2026-04-14 15:59:35.340]  16:19:21	7.52	 027	 352	35.6	 22 	  0 	100%	 4.3	    	    	    	    	    	    	    	    	    	    
[2026-04-14 15:59:41.320]  16:19:27	7.51	 028	 351	35.6	 22 	  1 	100%	 4.3	    	    	    	    	    	    	    	    	    	    
[2026-04-14 15:59:47.292]  16:19:33	7.51	 028	 350	35.6	 23 	  1 	100%	 4.3	    	    	    	    	    	    	    	    	    	    
[2026-04-14 15:59:53.279]  16:19:39	7.51	 029	 350	35.7	 23 	  1 	100%	 4.3	    	    	    	    	    	    	    	    	    	    
[2026-04-14 15:59:59.264]  16:19:45	7.51	 028	 351	35.7	 23 	  1 	100%	 4.3	    	    	    	    	    	    	    	    	    	    
[2026-04-14 16:00:05.223]  16:19:51	7.51	 028	 352	35.7	 22 	  0 	100%	 4.3	    	    	    	    	    	    	    	    	    	    
[2026-04-14 16:00:11.202]  16:19:57	7.51	 027	 352	35.7	 22 	  0 	100%	 4.3	    	    	    	    	    	    	    	    	    	    
[2026-04-14 16:00:17.172]  16:20:03	7.51	 027	 352	35.7	 22 	  0 	100%	 4.3	    	    	    	    	    	    	    	    	    	    
[2026-04-14 16:00:23.166]  16:20:09	7.51	 028	 352	35.7	 22 	  0 	100%	 4.2	    	    	    	    	    	    	    	    	    	    
[2026-04-14 16:00:29.127]  16:20:15	7.51	 028	 352	35.7	 22 	  1 	100%	 4.2	    	    	    	    	    	    	    	    	    	    
[2026-04-14 16:00:35.107]  16:20:21	7.51	 028	 352	35.7	 22 	  1 	100%	 4.2	    	    	    	    	    	    	    	    	    	    
[2026-04-14 16:00:41.076]  16:20:27	7.51	 027	 352	35.7	 22 	  0 	100%	 4.2	    	    	    	    	    	    	    	    	    	    
[2026-04-14 16:00:47.055]          	    	ARTERIAL 	 	  	    	    	    	    	    	    	    	  	    VENOUS
[2026-04-14 16:00:47.070]   Time   	 pH 	 CO2	  O2	TEMP	HCO3	 BE 	cSO2	 K+ 	 VO2	  Q 	 BSA	 pH 	 CO2	  O2	TEMP	 SO2	 HCT	 HGB
[2026-04-14 16:00:47.102] 
[2026-04-14 16:00:47.102]  16:20:33	7.51	 027	 353	35.7	 22 	  0 	100%	 4.2	    	    	    	    	    	    	    	    	    	    
[2026-04-14 16:00:53.032]  16:20:39	7.51	 027	 353	35.7	 22 	  0 	100%	 4.2	    	    	    	    	    	    	    	    	    	    
[2026-04-14 16:00:59.018]  16:20:45	7.51	 027	 353	35.7	 22 	  0 	100%	 4.2	    	    	    	    	    	    	    	    	    	    
[2026-04-14 16:01:04.982]  16:20:52	7.51	 027	 352	35.7	 22 	  0 	100%	 4.2	    	    	    	    	    	    	    	    	    	    
[2026-04-14 16:01:10.959]  16:20:58	7.51	 027	 353	35.7	 22 	  0 	100%	 4.2	    	    	    	    	    	    	    	    	    	    
[2026-04-14 16:01:16.943]  16:21:04	7.51	 027	 353	35.7	 22 	  0 	100%	 4.2	    	    	    	    	    	    	    	    	    	    
[2026-04-14 16:01:22.919]  16:21:10	7.51	 027	 353	35.7	 22 	  0 	100%	 4.2	    	    	    	    	    	    	    	    	    	    
[2026-04-14 16:01:28.891]  16:21:16	7.51	 027	 352	35.7	 22 	  0 	100%	 4.2	    	    	    	    	    	    	    	    	    	    
[2026-04-14 16:01:34.877]  16:21:22	7.51	 028	 351	35.7	 22 	  0 	100%	 4.2	    	    	    	    	    	    	    	    	    	    
[2026-04-14 16:01:40.848]  16:21:28	7.51	 028	 351	35.8	 22 	  0 	100%	 4.2	    	    	    	    	    	    	    	    	    	    
[2026-04-14 16:01:46.824]  16:21:34	7.51	 028	 352	35.8	 22 	  0 	100%	 4.2	    	    	    	    	    	    	    	    	    	    
[2026-04-14 16:01:52.801]  16:21:40	7.51	 027	 353	35.8	 22 	  0 	100%	 4.2	    	    	    	    	    	    	    	    	    	    
[2026-04-14 16:01:58.787]  16:21:45	7.51	 027	 353	35.8	 22 	 -0 	100%	 4.2	    	    	    	    	    	    	    	    	    	    
[2026-04-14 16:02:04.766]  16:21:51	7.51	 027	 352	35.8	 22 	 -0 	100%	 4.2	    	    	    	    	    	    	    	    	    	    
[2026-04-14 16:02:10.730]  16:21:57	7.51	 027	 352	35.8	 22 	  0 	100%	 4.2	    	    	    	    	    	    	    	    	    	    
[2026-04-14 16:02:16.709]  16:22:03	7.51	 027	 352	35.8	 22 	  0 	100%	 4.2	    	    	    	    	    	    	    	    	    	    
[2026-04-14 16:02:22.670]  16:22:09	7.51	 027	 352	35.8	 22 	  0 	100%	 4.2	    	    	    	    	    	    	    	    	    	    
[2026-04-14 16:02:28.661]  16:22:15	7.51	 027	 353	35.8	 22 	 -0 	100%	 4.2	    	    	    	    	    	    	    	    	    	    
[2026-04-14 16:02:34.631]  16:22:21	7.51	 027	 353	35.8	 22 	 -0 	100%	 4.2	    	    	    	    	    	    	    	    	    	    
[2026-04-14 16:02:40.611]  16:22:27	7.51	 027	 352	35.8	 22 	 -0 	100%	 4.2	    	    	    	    	    	    	    	    	    	    
[2026-04-14 16:02:46.620]  16:22:33	7.51	 027	 352	35.8	 22 	  0 	100%	 4.2	    	    	    	    	    	    	    	    	    	    
[2026-04-14 16:02:52.567]  16:22:39	7.51	 027	 352	35.8	 22 	  0 	100%	 4.2	    	    	    	    	    	    	    	    	    	    
[2026-04-14 16:02:58.552]  16:22:45	7.51	 027	 352	35.8	 22 	  0 	100%	 4.2	    	    	    	    	    	    	    	    	    	    
[2026-04-14 16:03:04.514]  16:22:51	7.51	 027	 353	35.9	 22 	  0 	100%	 4.2	    	    	    	    	    	    	    	    	    	    
[2026-04-14 16:03:10.496]  16:22:57	7.51	 027	 353	35.9	 22 	 -0 	100%	 4.2	    	    	    	    	    	    	    	    	    	    
[2026-04-14 16:03:16.458]  16:23:03	7.52	 026	 354	35.8	 21 	 -0 	100%	 4.2	    	    	    	    	    	    	    	    	    	    
[2026-04-14 16:03:22.446]  16:23:09	7.52	 026	 353	35.8	 21 	 -0 	100%	 4.2	    	    	    	    	    	    	    	    	    	    
[2026-04-14 16:03:28.421]  16:23:15	7.52	 026	 353	35.8	 22 	 -0 	100%	 4.2	    	    	    	    	    	    	    	    	    	    
[2026-04-14 16:03:34.398]  16:23:21	7.51	 027	 353	35.8	 22 	  0 	100%	 4.2	    	    	    	    	    	    	    	    	    	    
[2026-04-14 16:03:40.366]  16:23:27	7.51	 027	 353	35.9	 22 	  0 	100%	 4.2	    	    	    	    	    	    	    	    	    	    
[2026-04-14 16:03:46.352]  16:23:33	7.51	 027	 353	35.8	 22 	  0 	100%	 4.2	    	    	    	    	    	    	    	    	    	    
[2026-04-14 16:03:52.333]  16:23:39	7.52	 026	 354	35.8	 22 	 -0 	100%	 4.2	    	    	    	    	    	    	    	    	    	    
[2026-04-14 16:03:58.313]  16:23:45	7.52	 026	 353	35.8	 21 	 -0 	100%	 4.2	    	    	    	    	    	    	    	    	    	    
[2026-04-14 16:04:04.283]  16:23:51	7.52	 026	 353	35.8	 22 	 -0 	100%	 4.1	    	    	    	    	    	    	    	    	    	    
[2026-04-14 16:04:10.246]  16:23:57	7.51	 027	 352	35.8	 22 	  0 	100%	 4.2	    	    	    	    	    	    	    	    	    	    
[2026-04-14 16:04:16.232]  16:24:03	7.51	 027	 352	35.8	 22 	  0 	100%	 4.2	    	    	    	    	    	    	    	    	    	    
[2026-04-14 16:04:22.199]  16:24:09	7.51	 027	 352	35.8	 22 	  0 	100%	 4.2	    	    	    	    	    	    	    	    	    	    
[2026-04-14 16:04:28.191]  16:24:15	7.51	 027	 352	35.8	 22 	 -0 	100%	 4.2	    	    	    	    	    	    	    	    	    	    
[2026-04-14 16:04:34.158]  16:24:21	7.51	 027	 352	35.8	 22 	  0 	100%	 4.2	    	    	    	    	    	    	    	    	    	    
[2026-04-14 16:04:40.139]  16:24:27	7.51	 027	 352	35.9	 22 	  0 	100%	 4.2	    	    	    	    	    	    	    	    	    	    
[2026-04-14 16:04:46.116]  16:24:33	7.51	 027	 352	35.8	 22 	  0 	100%	 4.2	    	    	    	    	    	    	    	    	    	    
[2026-04-14 16:04:52.086]  16:24:39	7.52	 026	 353	35.8	 22 	 -0 	100%	 4.2	    	    	    	    	    	    	    	    	    	    
[2026-04-14 16:04:58.082]  16:24:45	7.52	 026	 352	35.8	 22 	 -0 	100%	 4.2	    	    	    	    	    	    	    	    	    	    
[2026-04-14 16:05:04.034]  16:24:51	7.52	 027	 352	35.8	 22 	  0 	100%	 4.2	    	    	    	    	    	    	    	    	    	    
[2026-04-14 16:05:10.009]  16:24:57	7.51	 027	 351	35.8	 22 	  0 	100%	 4.1	    	    	    	    	    	    	    	    	    	    
[2026-04-14 16:05:15.998]  16:25:03	7.51	 027	 351	35.8	 22 	  0 	100%	 4.1	    	    	    	    	    	    	    	    	    	    
[2026-04-14 16:05:21.968]  16:25:09	7.51	 027	 351	35.8	 22 	  0 	100%	 4.1	    	    	    	    	    	    	    	    	    	    
[2026-04-14 16:05:27.944]  16:25:15	7.51	 027	 352	35.8	 22 	  0 	100%	 4.2	    	    	    	    	    	    	    	    	    	    
[2026-04-14 16:05:33.927]  16:25:21	7.51	 027	 352	35.8	 22 	  0 	100%	 4.2	    	    	    	    	    	    	    	    	    	    
[2026-04-14 16:05:39.933]  16:25:27	7.52	 027	 352	35.8	 22 	 -0 	100%	 4.2	    	    	    	    	    	    	    	    	    	    
[2026-04-14 16:05:45.878]          	    	ARTERIAL 	 	  	    	    	    	    	    	    	    	  	    VENOUS
[2026-04-14 16:05:45.894]   Time   	 pH 	 CO2	  O2	TEMP	HCO3	 BE 	cSO2	 K+ 	 VO2	  Q 	 BSA	 pH 	 CO2	  O2	TEMP	 SO2	 HCT	 HGB
[2026-04-14 16:05:45.925] 
[2026-04-14 16:05:45.925]  16:25:33	7.51	 027	 351	35.8	 22 	  0 	100%	 4.2	    	    	    	    	    	    	    	    	    	    
[2026-04-14 16:05:51.848]  16:25:39	7.51	 027	 351	35.8	 22 	  0 	100%	 4.2	    	    	    	    	    	    	    	    	    	    
[2026-04-14 16:05:57.851]  16:25:45	7.51	 027	 351	35.8	 22 	  0 	100%	 4.2	    	    	    	    	    	    	    	    	    	    
[2026-04-14 16:06:03.802]  16:25:51	7.51	 027	 351	35.8	 22 	  0 	100%	 4.2	    	    	    	    	    	    	    	    	    	    
[2026-04-14 16:06:08.207] S16:25:51	7.51	 027	 351	35.8	 22 	  0 	100%	 4.2	    	    	    	    	    	    	    	    	    	    
[2026-04-14 16:06:09.771]  16:25:56	7.51	 027	 351	35.8	 22 	  0 	100%	 4.2	    	    	    	    	    	    	    	    	    	    
[2026-04-14 16:06:15.746]  16:26:02	7.51	 027	 350	35.8	 22 	  0 	100%	 4.2	    	    	    	    	    	    	    	    	    	    
[2026-04-14 16:06:21.722]  16:26:08	7.51	 028	 350	35.8	 22 	  0 	100%	 4.2	    	    	    	    	    	    	    	    	    	    
[2026-04-14 16:06:27.716]  16:26:14	7.51	 028	 350	35.8	 22 	  0 	100%	 4.2	    	    	    	    	    	    	    	    	    	    
[2026-04-14 16:06:33.685]  16:26:20	7.51	 028	 350	35.9	 22 	  0 	100%	 4.2	    	    	    	    	    	    	    	    	    	    
[2026-04-14 16:06:39.666]  16:26:26	7.51	 027	 350	35.9	 22 	  0 	100%	 4.2	    	    	    	    	    	    	    	    	    	    
[2026-04-14 16:06:45.636]  16:26:32	7.51	 027	 351	35.8	 22 	  0 	100%	 4.2	    	    	    	    	    	    	    	    	    	    
[2026-04-14 16:06:51.615]  16:26:38	7.52	 027	 351	35.8	 22 	  0 	100%	 4.2	    	    	    	    	    	    	    	    	    	    
[2026-04-14 16:06:57.603]  16:26:44	7.52	 027	 351	35.8	 22 	  0 	100%	 4.2	    	    	    	    	    	    	    	    	    	    
[2026-04-14 16:07:03.569]  16:26:50	7.51	 027	 350	35.8	 22 	  0 	100%	 4.2	    	    	    	    	    	    	    	    	    	    
[2026-04-14 16:07:09.547]  16:26:56	7.51	 028	 349	35.9	 22 	  0 	100%	 4.1	    	    	    	    	    	    	    	    	    	    
[2026-04-14 16:07:15.519]  16:27:02	7.51	 028	 350	35.9	 22 	  0 	100%	 4.1	    	    	    	    	    	    	    	    	    	    
[2026-04-14 16:07:21.498]  16:27:08	7.51	 027	 350	35.9	 22 	  0 	100%	 4.1	    	    	    	    	    	    	    	    	    	    
[2026-04-14 16:07:27.480]  16:27:14	7.52	 027	 351	35.8	 22 	 -0 	100%	 4.1	    	    	    	    	    	    	    	    	    	    
[2026-04-14 16:07:33.439]  16:27:20	7.52	 027	 350	35.8	 22 	 -0 	100%	 4.1	    	    	    	    	    	    	    	    	    	    
[2026-04-14 16:07:39.414]  16:27:26	7.51	 027	 349	35.8	 22 	  0 	100%	 4.2	    	    	    	    	    	    	    	    	    	    
[2026-04-14 16:07:45.398]  16:27:32	7.51	 028	 349	35.8	 22 	  0 	100%	 4.2	    	    	    	    	    	    	    	    	    	    
[2026-04-14 16:07:51.370]  16:27:38	7.51	 028	 349	35.8	 22 	  0 	100%	 4.1	    	    	    	    	    	    	    	    	    	    
[2026-04-14 16:07:57.362]  16:27:44	7.51	 027	 350	35.8	 22 	  0 	100%	 4.1	    	    	    	    	    	    	    	    	    	    
[2026-04-14 16:08:03.321]  16:27:50	7.51	 027	 351	35.8	 22 	 -0 	100%	 4.1	    	    	    	    	    	    	    	    	    	    
[2026-04-14 16:08:09.307]  16:27:56	7.51	 026	 351	35.7	 21 	 -0 	100%	 4.1	    	    	    	    	    	    	    	    	    	    
[2026-04-14 16:08:15.282]  16:28:02	7.51	 027	 350	35.7	 22 	 -0 	100%	 4.1	    	    	    	    	    	    	    	    	    	    
[2026-04-14 16:08:21.260]  16:28:08	7.51	 027	 349	35.7	 22 	  0 	100%	 4.1	    	    	    	    	    	    	    	    	    	    
[2026-04-14 16:08:27.239]  16:28:14	7.50	 028	 348	35.7	 22 	  0 	100%	 4.1	    	    	    	    	    	    	    	    	    	    
[2026-04-14 16:08:33.268]  16:28:20	7.50	 028	 348	35.7	 22 	  0 	100%	 4.1	    	    	    	    	    	    	    	    	    	    
[2026-04-14 16:08:39.195]  16:28:26	7.50	 028	 349	35.4	 22 	  0 	100%	 4.0	    	    	    	    	    	    	    	    	    	    
[2026-04-14 16:08:45.171]  16:28:32	7.50	 028	 348	35.7	 22 	  0 	100%	 4.1	    	    	    	    	    	    	    	    	    	    
[2026-04-14 16:08:51.142]  16:28:38	7.50	 028	 347	35.8	 22 	  0 	100%	 4.1	    	    	    	    	    	    	    	    	    	    
[2026-04-14 16:08:57.134]  16:28:44	7.50	 028	 347	35.6	 22 	  0 	100%	 4.1	    	    	    	    	    	    	    	    	    	    
[2026-04-14 16:09:03.097]  16:28:50	7.50	 028	 346	35.8	 22 	  0 	100%	 4.1	    	    	    	    	    	    	    	    	    	    
[2026-04-14 16:09:08.882]  16:28:56	7.50	 028	 346	35.8	 22 	  0 	100%	 4.1	    	    	    	    	    	    	    	    	    	    
[2026-04-14 16:09:14.859]  16:29:02	7.50	 028	 347	35.9	 22 	  0 	100%	 4.1	    	    	    	    	    	    	    	    	    	    
[2026-04-14 16:09:20.828]  16:29:08	7.51	 028	 347	35.8	 22 	  0 	100%	 4.1	    	    	    	    	    	    	    	    	    	    
[2026-04-14 16:09:24.151] Recalibration Adjustment
[2026-04-14 16:09:24.167] o16:29:11	7.51	 027	 335	35.8	 22 	  0 	100%	 4.2	    	    	    	    	    	    	    	    	    	    
[2026-04-14 16:09:26.992]  16:29:14	7.51	 028	 331	35.8	 22 	  0 	100%	 4.1	    	    	    	    	    	    	    	    	    	    
[2026-04-14 16:09:32.995]  16:29:20	7.51	 028	 329	35.8	 22 	  0 	100%	 4.1	    	    	    	    	    	    	    	    	    	    
[2026-04-14 16:09:38.948]  16:29:26	7.50	 029	 328	35.8	 23 	  1 	100%	 4.1	    	    	    	    	    	    	    	    	    	    
[2026-04-14 16:09:44.927]  16:29:32	7.50	 029	 328	35.9	 23 	  1 	100%	 4.1	    	    	    	    	    	    	    	    	    	    
[2026-04-14 16:09:50.908]  16:29:38	7.50	 029	 329	35.9	 23 	  1 	100%	 4.1	    	    	    	    	    	    	    	    	    	    
[2026-04-14 16:09:56.886]  16:29:44	7.51	 028	 330	35.9	 22 	  0 	100%	 4.1	    	    	    	    	    	    	    	    	    	    
[2026-04-14 16:10:02.860]  16:29:50	7.51	 027	 331	35.9	 22 	  0 	100%	 4.1	    	    	    	    	    	    	    	    	    	    
[2026-04-14 16:10:08.830]  16:29:56	7.51	 027	 330	35.9	 22 	  0 	100%	 4.1	    	    	    	    	    	    	    	    	    	    
[2026-04-14 16:10:14.809]  16:30:02	7.51	 028	 329	35.9	 22 	  0 	100%	 4.1	    	    	    	    	    	    	    	    	    	    
[2026-04-14 16:10:20.784]  16:30:08	7.50	 028	 329	35.9	 23 	  1 	100%	 4.1	    	    	    	    	    	    	    	    	    	    
[2026-04-14 16:10:26.799]  16:30:13	7.50	 028	 330	35.9	 23 	  0 	100%	 4.1	    	    	    	    	    	    	    	    	    	    
[2026-04-14 16:10:32.729]          	    	ARTERIAL 	 	  	    	    	    	    	    	    	    	  	    VENOUS
[2026-04-14 16:10:32.744]   Time   	 pH 	 CO2	  O2	TEMP	HCO3	 BE 	cSO2	 K+ 	 VO2	  Q 	 BSA	 pH 	 CO2	  O2	TEMP	 SO2	 HCT	 HGB
[2026-04-14 16:10:32.775] 
[2026-04-14 16:10:32.775]  16:30:19	7.51	 028	 331	35.9	 22 	  0 	100%	 4.1	    	    	    	    	    	    	    	    	    	    
[2026-04-14 16:10:38.707]  16:30:25	7.51	 028	 331	35.9	 22 	  0 	100%	 4.1	    	    	    	    	    	    	    	    	    	    
[2026-04-14 16:10:44.693]  16:30:31	7.51	 028	 332	35.9	 22 	  0 	100%	 4.1	    	    	    	    	    	    	    	    	    	    
[2026-04-14 16:10:50.661]  16:30:37	7.51	 027	 332	35.9	 22 	  0 	100%	 4.1	    	    	    	    	    	    	    	    	    	    
[2026-04-14 16:10:56.655]  16:30:43	7.51	 027	 333	35.9	 22 	  0 	100%	 4.1	    	    	    	    	    	    	    	    	    	    
[2026-04-14 16:11:02.609]  16:30:49	7.51	 027	 333	36.0	 22 	  0 	100%	 4.1	    	    	    	    	    	    	    	    	    	    
[2026-04-14 16:11:08.588]  16:30:55	7.51	 027	 333	35.9	 22 	  0 	100%	 4.1	    	    	    	    	    	    	    	    	    	    
[2026-04-14 16:11:14.565]  16:31:01	7.51	 027	 334	35.9	 22 	  0 	100%	 4.1	    	    	    	    	    	    	    	    	    	    
[2026-04-14 16:11:20.540]  16:31:07	7.51	 027	 334	35.9	 22 	  0 	100%	 4.1	    	    	    	    	    	    	    	    	    	    
[2026-04-14 16:11:26.527]  16:31:13	7.51	 027	 333	35.9	 22 	  0 	100%	 4.1	    	    	    	    	    	    	    	    	    	    
[2026-04-14 16:11:32.493]  16:31:19	7.51	 027	 333	35.9	 22 	  0 	100%	 4.1	    	    	    	    	    	    	    	    	    	    
[2026-04-14 16:11:38.468]  16:31:25	7.51	 028	 333	36.0	 22 	  0 	100%	 4.1	    	    	    	    	    	    	    	    	    	    
[2026-04-14 16:11:44.458]  16:31:31	7.51	 027	 333	35.9	 22 	  0 	100%	 4.1	    	    	    	    	    	    	    	    	    	    
[2026-04-14 16:11:50.420]  16:31:37	7.51	 027	 334	35.9	 22 	  0 	100%	 4.1	    	    	    	    	    	    	    	    	    	    
[2026-04-14 16:11:56.423]  16:31:43	7.51	 027	 333	35.9	 22 	  0 	100%	 4.2	    	    	    	    	    	    	    	    	    	    
[2026-04-14 16:12:02.381]  16:31:49	7.51	 027	 332	35.9	 22 	  0 	100%	 4.2	    	    	    	    	    	    	    	    	    	    
[2026-04-14 16:12:08.358]  16:31:55	7.51	 028	 332	36.0	 22 	  0 	100%	 4.2	    	    	    	    	    	    	    	    	    	    
[2026-04-14 16:12:14.334]  16:32:01	7.51	 027	 333	36.0	 22 	  0 	100%	 4.2	    	    	    	    	    	    	    	    	    	    
[2026-04-14 16:12:20.303]  16:32:07	7.51	 027	 334	35.9	 22 	  0 	100%	 4.2	    	    	    	    	    	    	    	    	    	    
[2026-04-14 16:12:26.290]  16:32:13	7.52	 027	 333	35.9	 22 	  0 	100%	 4.2	    	    	    	    	    	    	    	    	    	    
[2026-04-14 16:12:32.258]  16:32:19	7.51	 027	 332	35.9	 22 	  0 	100%	 4.2	    	    	    	    	    	    	    	    	    	    
[2026-04-14 16:12:38.232]  16:32:25	7.51	 028	 331	35.9	 22 	  0 	100%	 4.2	    	    	    	    	    	    	    	    	    	    
[2026-04-14 16:12:44.215]  16:32:31	7.51	 028	 331	35.9	 23 	  1 	100%	 4.2	    	    	    	    	    	    	    	    	    	    
[2026-04-14 16:12:50.194]  16:32:37	7.51	 028	 332	36.0	 22 	  1 	100%	 4.2	    	    	    	    	    	    	    	    	    	    
[2026-04-14 16:12:56.174]  16:32:43	7.51	 028	 332	36.0	 22 	  0 	100%	 4.2	    	    	    	    	    	    	    	    	    	    
[2026-04-14 16:13:02.145]  16:32:49	7.51	 027	 333	36.0	 22 	  0 	100%	 4.2	    	    	    	    	    	    	    	    	    	    
[2026-04-14 16:13:08.125]  16:32:55	7.51	 027	 333	36.0	 22 	  0 	100%	 4.2	    	    	    	    	    	    	    	    	    	    
[2026-04-14 16:13:14.095]  16:33:01	7.51	 027	 333	36.0	 22 	  0 	100%	 4.2	    	    	    	    	    	    	    	    	    	    
[2026-04-14 16:13:20.079]  16:33:07	7.51	 027	 333	36.0	 22 	  0 	100%	 4.2	    	    	    	    	    	    	    	    	    	    
[2026-04-14 16:13:26.055]  16:33:13	7.51	 027	 333	36.0	 22 	  0 	100%	 4.2	    	    	    	    	    	    	    	    	    	    
[2026-04-14 16:13:32.018]  16:33:19	7.51	 027	 333	36.0	 22 	  0 	100%	 4.2	    	    	    	    	    	    	    	    	    	    
[2026-04-14 16:13:38.009]  16:33:25	7.51	 027	 333	36.0	 22 	  0 	100%	 4.2	    	    	    	    	    	    	    	    	    	    
[2026-04-14 16:13:43.970]  16:33:31	7.51	 027	 333	36.0	 22 	  0 	100%	 4.2	    	    	    	    	    	    	    	    	    	    
[2026-04-14 16:13:49.965]  16:33:37	7.51	 027	 333	36.0	 22 	  0 	100%	 4.2	    	    	    	    	    	    	    	    	    	    
[2026-04-14 16:13:55.939]  16:33:43	7.51	 027	 333	36.0	 22 	  0 	100%	 4.2	    	    	    	    	    	    	    	    	    	    
[2026-04-14 16:14:01.924]  16:33:49	7.51	 028	 332	36.0	 22 	  0 	100%	 4.2	    	    	    	    	    	    	    	    	    	    
[2026-04-14 16:14:07.890]  16:33:55	7.51	 028	 332	36.0	 22 	  0 	100%	 4.2	    	    	    	    	    	    	    	    	    	    
[2026-04-14 16:14:13.862]  16:34:00	7.51	 028	 332	36.0	 22 	  0 	100%	 4.2	    	    	    	    	    	    	    	    	    	    
[2026-04-14 16:14:19.827]  16:34:06	7.51	 028	 332	36.0	 22 	  0 	100%	 4.2	    	    	    	    	    	    	    	    	    	    
[2026-04-14 16:14:25.812]  16:34:12	7.51	 027	 332	36.0	 22 	  0 	100%	 4.2	    	    	    	    	    	    	    	    	    	    
[2026-04-14 16:14:31.789]  16:34:18	7.51	 027	 333	36.0	 22 	  0 	100%	 4.2	    	    	    	    	    	    	    	    	    	    
[2026-04-14 16:14:37.759]  16:34:24	7.51	 027	 333	36.0	 22 	  0 	100%	 4.2	    	    	    	    	    	    	    	    	    	    
[2026-04-14 16:14:43.742]  16:34:30	7.52	 027	 333	36.0	 22 	  0 	100%	 4.2	    	    	    	    	    	    	    	    	    	    
[2026-04-14 16:14:49.714]  16:34:36	7.51	 027	 332	35.9	 22 	  0 	100%	 4.2	    	    	    	    	    	    	    	    	    	    
[2026-04-14 16:14:55.706]  16:34:42	7.51	 028	 330	35.9	 22 	  0 	100%	 4.2	    	    	    	    	    	    	    	    	    	    
[2026-04-14 16:15:01.669]  16:34:48	7.50	 029	 329	35.9	 23 	  1 	100%	 4.2	    	    	    	    	    	    	    	    	    	    
[2026-04-14 16:15:07.648]  16:34:54	7.50	 029	 329	36.0	 23 	  1 	100%	 4.2	    	    	    	    	    	    	    	    	    	    
[2026-04-14 16:15:13.622]  16:35:00	7.50	 029	 329	36.0	 23 	  1 	100%	 4.2	    	    	    	    	    	    	    	    	    	    
[2026-04-14 16:15:19.597]  16:35:06	7.51	 028	 330	36.0	 23 	  1 	100%	 4.2	    	    	    	    	    	    	    	    	    	    
[2026-04-14 16:15:25.573]  16:35:12	7.51	 028	 330	36.0	 22 	  0 	100%	 4.2	    	    	    	    	    	    	    	    	    	    
[2026-04-14 16:15:31.544]          	    	ARTERIAL 	 	  	    	    	    	    	    	    	    	  	    VENOUS
[2026-04-14 16:15:31.560]   Time   	 pH 	 CO2	  O2	TEMP	HCO3	 BE 	cSO2	 K+ 	 VO2	  Q 	 BSA	 pH 	 CO2	  O2	TEMP	 SO2	 HCT	 HGB
[2026-04-14 16:15:31.591] 
[2026-04-14 16:15:31.591]  16:35:18	7.51	 028	 331	36.0	 22 	  0 	100%	 4.2	    	    	    	    	    	    	    	    	    	    
[2026-04-14 16:15:37.518]  16:35:24	7.51	 027	 331	36.0	 22 	  0 	100%	 4.2	    	    	    	    	    	    	    	    	    	    
[2026-04-14 16:15:43.510]  16:35:30	7.51	 027	 331	36.0	 22 	  0 	100%	 4.2	    	    	    	    	    	    	    	    	    	    
[2026-04-14 16:15:49.485]  16:35:36	7.51	 028	 330	36.0	 22 	  0 	100%	 4.2	    	    	    	    	    	    	    	    	    	    
[2026-04-14 16:15:55.470]  16:35:42	7.51	 028	 330	36.0	 22 	  0 	100%	 4.2	    	    	    	    	    	    	    	    	    	    
[2026-04-14 16:16:01.434]  16:35:48	7.51	 028	 330	36.0	 22 	  0 	100%	 4.2	    	    	    	    	    	    	    	    	    	    
[2026-04-14 16:16:07.400]  16:35:54	7.51	 028	 331	36.0	 22 	  0 	100%	 4.2	    	    	    	    	    	    	    	    	    	    
[2026-04-14 16:16:13.387]  16:36:00	7.51	 027	 331	36.0	 22 	  0 	100%	 4.2	    	    	    	    	    	    	    	    	    	    
[2026-04-14 16:16:19.349]  16:36:06	7.51	 027	 331	36.0	 22 	  0 	100%	 4.2	    	    	    	    	    	    	    	    	    	    
[2026-04-14 16:16:25.328]  16:36:12	7.51	 027	 331	36.0	 22 	  0 	100%	 4.2	    	    	    	    	    	    	    	    	    	    
[2026-04-14 16:16:31.317]  16:36:18	7.51	 027	 331	36.0	 22 	  0 	100%	 4.2	    	    	    	    	    	    	    	    	    	    
[2026-04-14 16:16:37.285]  16:36:24	7.51	 027	 332	36.0	 22 	  0 	100%	 4.2	    	    	    	    	    	    	    	    	    	    
[2026-04-14 16:16:43.264]  16:36:30	7.51	 027	 332	36.0	 22 	  0 	100%	 4.2	    	    	    	    	    	    	    	    	    	    
[2026-04-14 16:16:49.232]  16:36:36	7.51	 027	 332	36.0	 22 	  0 	100%	 4.2	    	    	    	    	    	    	    	    	    	    
[2026-04-14 16:16:55.224]  16:36:42	7.52	 027	 332	36.0	 22 	  0 	100%	 4.2	    	    	    	    	    	    	    	    	    	    
[2026-04-14 16:17:01.199]  16:36:48	7.52	 027	 332	36.0	 22 	  0 	100%	 4.2	    	    	    	    	    	    	    	    	    	    
[2026-04-14 16:17:07.179]  16:36:54	7.52	 027	 332	36.0	 22 	  0 	100%	 4.2	    	    	    	    	    	    	    	    	    	    
[2026-04-14 16:17:13.146]  16:36:59	7.51	 027	 332	36.1	 22 	  0 	100%	 4.2	    	    	    	    	    	    	    	    	    	    
[2026-04-14 16:17:19.121]  16:37:05	7.52	 027	 333	36.1	 22 	  0 	100%	 4.2	    	    	    	    	    	    	    	    	    	    
[2026-04-14 16:17:25.099]  16:37:11	7.52	 027	 333	36.1	 22 	  0 	100%	 4.2	    	    	    	    	    	    	    	    	    	    
[2026-04-14 16:17:31.078]  16:37:17	7.52	 026	 334	36.0	 22 	 -0 	100%	 4.2	    	    	    	    	    	    	    	    	    	    
[2026-04-14 16:17:37.052]  16:37:23	7.52	 026	 334	36.0	 22 	 -0 	100%	 4.2	    	    	    	    	    	    	    	    	    	    
[2026-04-14 16:17:43.020]  16:37:29	7.52	 026	 333	36.0	 22 	  0 	100%	 4.2	    	    	    	    	    	    	    	    	    	    
[2026-04-14 16:17:49.062]  16:37:35	7.52	 027	 333	36.1	 22 	  0 	100%	 4.2	    	    	    	    	    	    	    	    	    	    
[2026-04-14 16:17:54.991]  16:37:41	7.52	 027	 333	36.1	 22 	  0 	100%	 4.2	    	    	    	    	    	    	    	    	    	    
[2026-04-14 16:18:00.959]  16:37:47	7.52	 027	 334	36.1	 22 	  0 	100%	 4.2	    	    	    	    	    	    	    	    	    	    
[2026-04-14 16:18:06.935]  16:37:53	7.52	 026	 335	36.1	 22 	 -0 	100%	 4.2	    	    	    	    	    	    	    	    	    	    
[2026-04-14 16:18:12.911]  16:37:59	7.52	 026	 335	36.1	 21 	 -0 	100%	 4.2	    	    	    	    	    	    	    	    	    	    
[2026-04-14 16:18:18.891]  16:38:05	7.52	 026	 334	36.1	 22 	 -0 	100%	 4.2	    	    	    	    	    	    	    	    	    	    
[2026-04-14 16:18:24.871]  16:38:11	7.52	 026	 333	36.1	 22 	  0 	100%	 4.2	    	    	    	    	    	    	    	    	    	    
[2026-04-14 16:18:30.844]  16:38:17	7.52	 027	 334	36.1	 22 	  0 	100%	 4.2	    	    	    	    	    	    	    	    	    	    
[2026-04-14 16:18:36.820]  16:38:23	7.52	 027	 334	36.1	 22 	  0 	100%	 4.2	    	    	    	    	    	    	    	    	    	    
[2026-04-14 16:18:42.784]  16:38:29	7.52	 026	 335	36.1	 22 	 -0 	100%	 4.2	    	    	    	    	    	    	    	    	    	    
[2026-04-14 16:18:48.768]  16:38:35	7.53	 025	 336	36.1	 21 	 -0 	100%	 4.2	    	    	    	    	    	    	    	    	    	    
[2026-04-14 16:18:54.755]  16:38:41	7.53	 025	 336	36.1	 21 	 -0 	100%	 4.2	    	    	    	    	    	    	    	    	    	    
[2026-04-14 16:19:00.732]  16:38:47	7.53	 025	 336	36.1	 21 	 -0 	100%	 4.2	    	    	    	    	    	    	    	    	    	    
[2026-04-14 16:19:06.700]  16:38:53	7.53	 025	 336	36.1	 21 	 -0 	100%	 4.3	    	    	    	    	    	    	    	    	    	    
[2026-04-14 16:19:12.665]  16:38:59	7.53	 026	 336	36.1	 21 	 -0 	100%	 4.3	    	    	    	    	    	    	    	    	    	    
[2026-04-14 16:19:18.647]  16:39:05	7.53	 025	 336	36.1	 21 	 -0 	100%	 4.2	    	    	    	    	    	    	    	    	    	    
[2026-04-14 16:19:24.633]  16:39:11	7.53	 025	 337	36.1	 21 	 -0 	100%	 4.2	    	    	    	    	    	    	    	    	    	    
[2026-04-14 16:19:30.596]  16:39:17	7.53	 025	 337	36.1	 21 	 -0 	100%	 4.2	    	    	    	    	    	    	    	    	    	    
[2026-04-14 16:19:36.582]  16:39:23	7.53	 025	 337	36.1	 21 	 -0 	100%	 4.2	    	    	    	    	    	    	    	    	    	    
[2026-04-14 16:19:42.558]  16:39:29	7.53	 025	 337	36.1	 21 	 -0 	100%	 4.3	    	    	    	    	    	    	    	    	    	    
[2026-04-14 16:19:48.532]  16:39:34	7.53	 025	 338	36.1	 21 	 -0 	100%	 4.3	    	    	    	    	    	    	    	    	    	    
[2026-04-14 16:19:54.524]  16:39:40	7.53	 025	 338	36.1	 21 	 -0 	100%	 4.3	    	    	    	    	    	    	    	    	    	    
[2026-04-14 16:20:00.488]  16:39:46	7.53	 025	 338	36.1	 21 	 -0 	100%	 4.3	    	    	    	    	    	    	    	    	    	    
[2026-04-14 16:20:06.452]  16:39:52	7.53	 025	 338	36.1	 21 	 -0 	100%	 4.3	    	    	    	    	    	    	    	    	    	    
[2026-04-14 16:20:12.436]  16:39:58	7.53	 025	 338	36.1	 21 	 -0 	100%	 4.2	    	    	    	    	    	    	    	    	    	    
[2026-04-14 16:20:18.414]  16:40:04	7.53	 025	 337	36.1	 21 	 -0 	100%	 4.2	    	    	    	    	    	    	    	    	    	    
[2026-04-14 16:20:24.397]  16:40:10	7.53	 025	 337	36.1	 21 	 -0 	100%	 4.2	    	    	    	    	    	    	    	    	    	    
[2026-04-14 16:20:30.360]          	    	ARTERIAL 	 	  	    	    	    	    	    	    	    	  	    VENOUS
[2026-04-14 16:20:30.375]   Time   	 pH 	 CO2	  O2	TEMP	HCO3	 BE 	cSO2	 K+ 	 VO2	  Q 	 BSA	 pH 	 CO2	  O2	TEMP	 SO2	 HCT	 HGB
[2026-04-14 16:20:30.407] 
[2026-04-14 16:20:30.407]  16:40:16	7.53	 025	 337	36.1	 21 	 -0 	100%	 4.2	    	    	    	    	    	    	    	    	    	    
[2026-04-14 16:20:36.347]  16:40:22	7.53	 025	 337	36.1	 21 	 -0 	100%	 4.3	    	    	    	    	    	    	    	    	    	    
[2026-04-14 16:20:42.308]  16:40:28	7.53	 025	 336	36.1	 21 	 -0 	100%	 4.3	    	    	    	    	    	    	    	    	    	    
[2026-04-14 16:20:48.289]  16:40:34	7.53	 026	 336	36.0	 21 	 -0 	100%	 4.3	    	    	    	    	    	    	    	    	    	    
[2026-04-14 16:20:54.284]  16:40:40	7.53	 026	 335	36.0	 21 	 -0 	100%	 4.3	    	    	    	    	    	    	    	    	    	    
[2026-04-14 16:21:00.252]  16:40:46	7.52	 026	 333	36.0	 22 	  0 	100%	 4.3	    	    	    	    	    	    	    	    	    	    
[2026-04-14 16:21:06.229]  16:40:52	7.52	 027	 332	36.0	 22 	  0 	100%	 4.3	    	    	    	    	    	    	    	    	    	    
[2026-04-14 16:21:12.201]  16:40:58	7.51	 028	 330	36.0	 22 	  1 	100%	 4.3	    	    	    	    	    	    	    	    	    	    
[2026-04-14 16:21:18.185]  16:41:04	7.51	 028	 329	36.0	 23 	  1 	100%	 4.3	    	    	    	    	    	    	    	    	    	    
[2026-04-14 16:21:24.163]  16:41:10	7.51	 028	 327	36.0	 23 	  1 	100%	 4.3	    	    	    	    	    	    	    	    	    	    
[2026-04-14 16:21:30.158]  16:41:16	7.50	 029	 325	36.0	 23 	  1 	100%	 4.3	    	    	    	    	    	    	    	    	    	    
[2026-04-14 16:21:36.104]  16:41:22	7.50	 029	 325	36.0	 23 	  1 	100%	 4.3	    	    	    	    	    	    	    	    	    	    
[2026-04-14 16:21:42.073]  16:41:28	7.50	 029	 324	36.0	 23 	  1 	100%	 4.3	    	    	    	    	    	    	    	    	    	    
[2026-04-14 16:21:48.049]  16:41:34	7.50	 029	 323	36.0	 23 	  1 	100%	 4.3	    	    	    	    	    	    	    	    	    	    
[2026-04-14 16:21:54.034]  16:41:40	7.50	 029	 322	36.0	 23 	  1 	100%	 4.3	    	    	    	    	    	    	    	    	    	    
[2026-04-14 16:22:00.005]  16:41:46	7.50	 029	 322	36.0	 23 	  1 	100%	 4.3	    	    	    	    	    	    	    	    	    	    
[2026-04-14 16:22:05.984]  16:41:52	7.50	 029	 322	36.0	 23 	  1 	100%	 4.3	    	    	    	    	    	    	    	    	    	    
[2026-04-14 16:22:11.964]  16:41:58	7.50	 029	 322	36.0	 23 	  1 	100%	 4.2	    	    	    	    	    	    	    	    	    	    
[2026-04-14 16:22:17.974]  16:42:04	7.50	 029	 322	36.0	 23 	  1 	100%	 4.2	    	    	    	    	    	    	    	    	    	    
[2026-04-14 16:22:23.913]  16:42:10	7.50	 029	 321	36.0	 23 	  1 	100%	 4.3	    	    	    	    	    	    	    	    	    	    
[2026-04-14 16:22:29.892]  16:42:16	7.50	 029	 321	36.1	 23 	  1 	100%	 4.3	    	    	    	    	    	    	    	    	    	    
[2026-04-14 16:22:35.861]  16:42:22	7.50	 029	 322	36.1	 23 	  1 	100%	 4.3	    	    	    	    	    	    	    	    	    	    
[2026-04-14 16:22:41.839]  16:42:28	7.51	 028	 322	36.1	 23 	  1 	100%	 4.3	    	    	    	    	    	    	    	    	    	    
[2026-04-14 16:22:47.812]  16:42:34	7.51	 028	 323	36.1	 23 	  1 	100%	 4.3	    	    	    	    	    	    	    	    	    	    
[2026-04-14 16:22:53.807]  16:42:40	7.51	 028	 322	36.1	 23 	  1 	100%	 4.3	    	    	    	    	    	    	    	    	    	    
[2026-04-14 16:22:59.772]  16:42:46	7.51	 028	 322	36.1	 23 	  1 	100%	 4.3	    	    	    	    	    	    	    	    	    	    
[2026-04-14 16:23:05.789]  16:42:52	7.51	 028	 322	36.0	 23 	  1 	100%	 4.3	    	    	    	    	    	    	    	    	    	    
[2026-04-14 16:23:11.725]  16:42:58	7.50	 029	 317	35.9	 23 	  1 	100%	 4.3	    	    	    	    	    	    	    	    	    	    
[2026-04-14 16:23:17.705]  16:43:04	7.49	 030	 307	35.8	 24 	  1 	100%	 4.3	    	    	    	    	    	    	    	    	    	    
[2026-04-14 16:23:23.681]  16:43:10	7.48	 033	 285	35.8	 25 	  2 	100%	 4.3	    	    	    	    	    	    	    	    	    	    
[2026-04-14 16:23:29.655]  16:43:16	7.45	 037	 237	35.8	 26 	  3 	100%	 4.3	    	    	    	    	    	    	    	    	    	    
[2026-04-14 16:23:35.624]  16:43:22	7.43	 042	 177	35.8	 28 	  4 	 99%	 4.3	    	    	    	    	    	    	    	    	    	    
[2026-04-14 16:23:41.602]  16:43:28	7.41	 045	 132	35.8	 29 	  5 	 99%	 4.4	    	    	    	    	    	    	    	    	    	    
[2026-04-14 16:23:47.578]  16:43:34	7.41	 045	 110	35.8	 29 	  4 	 98%	 4.4	    	    	    	    	    	    	    	    	    	    
[2026-04-14 16:23:53.572]  16:43:40	7.41	 043	 105	35.8	 28 	  4 	 98%	 4.5	    	    	    	    	    	    	    	    	    	    
[2026-04-14 16:23:59.536]  16:43:46	7.41	 043	 104	35.9	 28 	  3 	 98%	 4.5	    	    	    	    	    	    	    	    	    	    
[2026-04-14 16:24:05.512]  16:43:52	7.41	 042	 103	35.9	 27 	  3 	 98%	 4.5	    	    	    	    	    	    	    	    	    	    
[2026-04-14 16:24:11.487]  16:43:58	7.41	 042	 104	35.9	 27 	  3 	 98%	 4.6	    	    	    	    	    	    	    	    	    	    
[2026-04-14 16:24:17.466]  16:44:04	7.41	 042	 106	35.9	 27 	  3 	 98%	 4.6	    	    	    	    	    	    	    	    	    	    
[2026-04-14 16:24:23.462]  16:44:10	7.41	 042	 108	35.9	 27 	  3 	 98%	 4.5	    	    	    	    	    	    	    	    	    	    
[2026-04-14 16:24:29.415]  16:44:16	7.41	 042	 106	35.9	 27 	  3 	 98%	 4.5	    	    	    	    	    	    	    	    	    	    
[2026-04-14 16:24:35.400]  16:44:22	7.41	 043	 097	35.9	 28 	  3 	 97%	 4.5	    	    	    	    	    	    	    	    	    	    
[2026-04-14 16:24:41.369]  16:44:28	7.41	 044	 089	35.9	 28 	  3 	 97%	 4.5	    	    	    	    	    	    	    	    	    	    
[2026-04-14 16:24:47.349]  16:44:34	7.40	 044	 086	35.9	 28 	  4 	 96%	 4.6	    	    	    	    	    	    	    	    	    	    
[2026-04-14 16:24:53.334]  16:44:40	7.40	 044	 086	35.9	 28 	  4 	 96%	 4.6	    	    	    	    	    	    	    	    	    	    
[2026-04-14 16:24:59.298]  16:44:46	7.40	 044	 087	35.9	 28 	  4 	 96%	 4.6	    	    	    	    	    	    	    	    	    	    
[2026-04-14 16:25:05.268]  16:44:52	7.40	 044	 089	35.9	 28 	  4 	 97%	 4.6	    	    	    	    	    	    	    	    	    	    
[2026-04-14 16:25:11.247]  16:44:58	7.40	 044	 090	35.9	 28 	  4 	 97%	 4.6	    	    	    	    	    	    	    	    	    	    
[2026-04-14 16:25:17.219]  16:45:04	7.40	 044	 092	35.9	 28 	  3 	 97%	 4.6	    	    	    	    	    	    	    	    	    	    
[2026-04-14 16:25:23.199]  16:45:10	7.41	 043	 093	35.9	 28 	  3 	 97%	 4.6	    	    	    	    	    	    	    	    	    	    
[2026-04-14 16:25:29.173]          	    	ARTERIAL 	 	  	    	    	    	    	    	    	    	  	    VENOUS
[2026-04-14 16:25:29.195]   Time   	 pH 	 CO2	  O2	TEMP	HCO3	 BE 	cSO2	 K+ 	 VO2	  Q 	 BSA	 pH 	 CO2	  O2	TEMP	 SO2	 HCT	 HGB
[2026-04-14 16:25:29.226] 
[2026-04-14 16:25:29.226]  16:45:16	7.41	 043	 093	35.9	 27 	  3 	 97%	 4.5	    	    	    	    	    	    	    	    	    	    
[2026-04-14 16:25:35.148]  16:45:22	7.41	 043	 094	35.9	 27 	  3 	 97%	 4.6	    	    	    	    	    	    	    	    	    	    
[2026-04-14 16:25:41.123]  16:45:27	7.41	 043	 097	35.9	 27 	  3 	 97%	 4.6	    	    	    	    	    	    	    	    	    	    
[2026-04-14 16:25:47.105]  16:45:33	7.41	 042	 098	35.9	 27 	  3 	 97%	 4.6	    	    	    	    	    	    	    	    	    	    
[2026-04-14 16:25:53.101]  16:45:39	7.41	 042	 098	35.9	 27 	  3 	 97%	 4.6	    	    	    	    	    	    	    	    	    	    
[2026-04-14 16:25:59.055]  16:45:45	7.41	 042	 099	35.9	 27 	  3 	 97%	 4.6	    	    	    	    	    	    	    	    	    	    
[2026-04-14 16:26:05.034]  16:45:51	7.41	 042	 101	35.9	 27 	  3 	 98%	 4.6	    	    	    	    	    	    	    	    	    	    
[2026-04-14 16:26:11.004]  16:45:57	7.41	 042	 119	35.9	 27 	  3 	 98%	 4.6	    	    	    	    	    	    	    	    	    	    
[2026-04-14 16:26:16.980]  16:46:03	7.41	 042	 138	35.9	 27 	  3 	 99%	 4.6	    	    	    	    	    	    	    	    	    	    
[2026-04-14 16:26:22.971]  16:46:09	7.41	 043	 149	35.9	 27 	  3 	 99%	 4.6	    	    	    	    	    	    	    	    	    	    
[2026-04-14 16:26:28.942]  16:46:15	7.41	 043	 159	35.9	 27 	  3 	 99%	 4.6	    	    	    	    	    	    	    	    	    	    
[2026-04-14 16:26:34.920]  16:46:21	7.41	 043	 164	35.9	 27 	  3 	 99%	 4.6	    	    	    	    	    	    	    	    	    	    
[2026-04-14 16:26:40.901]  16:46:27	7.41	 043	 168	35.9	 27 	  3 	 99%	 4.6	    	    	    	    	    	    	    	    	    	    
[2026-04-14 16:26:46.862]  16:46:33	7.41	 043	 173	35.9	 27 	  3 	 99%	 4.6	    	    	    	    	    	    	    	    	    	    
[2026-04-14 16:26:52.854]  16:46:39	7.41	 043	 178	35.9	 27 	  3 	 99%	 4.6	    	    	    	    	    	    	    	    	    	    
[2026-04-14 16:26:58.824]  16:46:45	7.41	 042	 184	35.9	 27 	  3 	 99%	 4.6	    	    	    	    	    	    	    	    	    	    
[2026-04-14 16:27:04.806]  16:46:51	7.41	 042	 189	35.9	 27 	  3 	 99%	 4.6	    	    	    	    	    	    	    	    	    	    
[2026-04-14 16:27:10.794]  16:46:57	7.41	 042	 193	35.9	 27 	  3 	100%	 4.6	    	    	    	    	    	    	    	    	    	    
[2026-04-14 16:27:16.754]  16:47:03	7.41	 042	 196	35.9	 27 	  3 	100%	 4.6	    	    	    	    	    	    	    	    	    	    
[2026-04-14 16:27:22.737]  16:47:09	7.41	 042	 200	35.9	 27 	  3 	100%	 4.6	    	    	    	    	    	    	    	    	    	    
[2026-04-14 16:27:28.710]  16:47:15	7.41	 042	 205	35.9	 27 	  3 	100%	 4.7	    	    	    	    	    	    	    	    	    	    
[2026-04-14 16:27:34.691]  16:47:21	7.41	 042	 203	35.8	 27 	  3 	100%	 4.6	    	    	    	    	    	    	    	    	    	    
[2026-04-14 16:27:40.660]  16:47:27	7.41	 042	 201	35.4	 27 	  3 	100%	 4.6	    	    	    	    	    	    	    	    	    	    
[2026-04-14 16:27:46.638]  16:47:33	7.41	 043	 201	35.1	 27 	  3 	100%	 4.6	    	    	    	    	    	    	    	    	    	    
[2026-04-14 16:27:52.623]  16:47:39	7.40	 043	 200	34.8	 27 	  3 	100%	 4.6	    	    	    	    	    	    	    	    	    	    
[2026-04-14 16:27:58.587]  16:47:45	7.40	 043	 200	34.6	 27 	  3 	100%	 4.7	    	    	    	    	    	    	    	    	    	    
[2026-04-14 16:28:04.570]  16:47:51	7.41	 042	 195	35.0	 27 	  2 	100%	 4.7	    	    	    	    	    	    	    	    	    	    
[2026-04-14 16:28:10.538]  16:47:56	7.41	 042	 179	35.7	 27 	  3 	 99%	 4.8	    	    	    	    	    	    	    	    	    	    
[2026-04-14 16:28:16.510]  16:48:02	7.41	 042	 176	35.8	 27 	  3 	 99%	 4.6	    	    	    	    	    	    	    	    	    	    
[2026-04-14 16:28:22.503]  16:48:08	7.42	 041	 175	35.9	 27 	  3 	 99%	 4.7	    	    	    	    	    	    	    	    	    	    
[2026-04-14 16:28:28.464]  16:48:14	7.42	 041	 174	35.9	 27 	  3 	 99%	 4.7	    	    	    	    	    	    	    	    	    	    
[2026-04-14 16:28:34.449]  16:48:20	7.42	 041	 172	35.9	 27 	  3 	 99%	 4.7	    	    	    	    	    	    	    	    	    	    
[2026-04-14 16:28:40.417]  16:48:26	7.42	 041	 170	35.9	 27 	  3 	 99%	 4.7	    	    	    	    	    	    	    	    	    	    
[2026-04-14 16:28:46.393]  16:48:32	7.42	 041	 169	35.9	 27 	  3 	 99%	 4.7	    	    	    	    	    	    	    	    	    	    
[2026-04-14 16:28:52.384]  16:48:38	7.42	 041	 169	35.9	 27 	  3 	 99%	 4.7	    	    	    	    	    	    	    	    	    	    
[2026-04-14 16:28:58.344]  16:48:44	7.42	 041	 170	35.9	 27 	  3 	 99%	 4.7	    	    	    	    	    	    	    	    	    	    
[2026-04-14 16:29:04.327]  16:48:50	7.42	 041	 170	35.9	 27 	  3 	 99%	 4.7	    	    	    	    	    	    	    	    	    	    
[2026-04-14 16:29:10.293]  16:48:56	7.42	 041	 172	35.9	 27 	  3 	 99%	 4.7	    	    	    	    	    	    	    	    	    	    
[2026-04-14 16:29:16.279]  16:49:02	7.42	 041	 173	36.0	 27 	  3 	 99%	 4.7	    	    	    	    	    	    	    	    	    	    
[2026-04-14 16:29:22.255]  16:49:08	7.42	 041	 173	36.0	 27 	  3 	 99%	 4.7	    	    	    	    	    	    	    	    	    	    
[2026-04-14 16:29:28.226]  16:49:14	7.42	 041	 174	36.0	 27 	  3 	 99%	 4.7	    	    	    	    	    	    	    	    	    	    
[2026-04-14 16:29:34.218]  16:49:20	7.42	 041	 175	36.0	 27 	  3 	 99%	 4.8	    	    	    	    	    	    	    	    	    	    
[2026-04-14 16:29:40.177]  16:49:26	7.42	 041	 175	36.0	 27 	  3 	 99%	 4.8	    	    	    	    	    	    	    	    	    	    
[2026-04-14 16:29:46.162]  16:49:32	7.42	 041	 176	36.0	 27 	  3 	 99%	 4.8	    	    	    	    	    	    	    	    	    	    
[2026-04-14 16:29:52.145]  16:49:38	7.42	 041	 177	36.0	 27 	  3 	 99%	 4.8	    	    	    	    	    	    	    	    	    	    
[2026-04-14 16:29:58.103]  16:49:44	7.42	 041	 177	35.9	 27 	  3 	 99%	 4.8	    	    	    	    	    	    	    	    	    	    
[2026-04-14 16:30:04.083]  16:49:50	7.42	 041	 176	36.0	 27 	  3 	 99%	 4.8	    	    	    	    	    	    	    	    	    	    
[2026-04-14 16:30:10.061]  16:49:56	7.42	 041	 177	36.0	 27 	  3 	 99%	 4.8	    	    	    	    	    	    	    	    	    	    
[2026-04-14 16:30:16.046]  16:50:02	7.42	 041	 177	36.0	 27 	  3 	 99%	 4.8	    	    	    	    	    	    	    	    	    	    
[2026-04-14 16:30:22.025]  16:50:08	7.42	 041	 177	36.0	 27 	  3 	 99%	 4.8	    	    	    	    	    	    	    	    	    	    
[2026-04-14 16:30:27.999]          	    	ARTERIAL 	 	  	    	    	    	    	    	    	    	  	    VENOUS
[2026-04-14 16:30:28.021]   Time   	 pH 	 CO2	  O2	TEMP	HCO3	 BE 	cSO2	 K+ 	 VO2	  Q 	 BSA	 pH 	 CO2	  O2	TEMP	 SO2	 HCT	 HGB
[2026-04-14 16:30:28.052] 
[2026-04-14 16:30:28.052]  16:50:14	7.42	 041	 180	35.9	 26 	  3 	 99%	 4.8	    	    	    	    	    	    	    	    	    	    
[2026-04-14 16:30:33.966]  16:50:20	7.42	 040	 181	36.0	 26 	  3 	 99%	 4.8	    	    	    	    	    	    	    	    	    	    
[2026-04-14 16:30:39.945]  16:50:26	7.42	 040	 181	36.0	 26 	  2 	 99%	 4.8	    	    	    	    	    	    	    	    	    	    
[2026-04-14 16:30:45.919]  16:50:32	7.42	 040	 181	36.0	 26 	  2 	 99%	 4.8	    	    	    	    	    	    	    	    	    	    
[2026-04-14 16:30:51.905]  16:50:38	7.42	 040	 182	36.0	 26 	  3 	 99%	 4.8	    	    	    	    	    	    	    	    	    	    
[2026-04-14 16:30:57.881]  16:50:44	7.42	 040	 182	36.0	 26 	  2 	 99%	 4.8	    	    	    	    	    	    	    	    	    	    
[2026-04-14 16:31:03.857]  16:50:50	7.42	 040	 182	36.0	 26 	  2 	 99%	 4.8	    	    	    	    	    	    	    	    	    	    
[2026-04-14 16:31:09.834]  16:50:56	7.42	 040	 182	36.0	 26 	  2 	 99%	 4.8	    	    	    	    	    	    	    	    	    	    
[2026-04-14 16:31:15.809]  16:51:02	7.42	 040	 182	36.0	 26 	  2 	 99%	 4.8	    	    	    	    	    	    	    	    	    	    
[2026-04-14 16:31:21.798]  16:51:08	7.42	 040	 182	35.9	 26 	  2 	 99%	 4.8	    	    	    	    	    	    	    	    	    	    
[2026-04-14 16:31:27.765]  16:51:14	7.42	 040	 182	36.0	 26 	  2 	 99%	 4.8	    	    	    	    	    	    	    	    	    	    
[2026-04-14 16:31:33.741]  16:51:20	7.42	 040	 182	36.0	 26 	  2 	 99%	 4.8	    	    	    	    	    	    	    	    	    	    
[2026-04-14 16:31:39.711]  16:51:26	7.42	 040	 181	36.0	 26 	  2 	 99%	 4.8	    	    	    	    	    	    	    	    	    	    
[2026-04-14 16:31:45.688]  16:51:32	7.42	 040	 182	36.0	 26 	  2 	 99%	 4.8	    	    	    	    	    	    	    	    	    	    
[2026-04-14 16:31:51.682]  16:51:38	7.42	 040	 183	36.0	 26 	  2 	 99%	 4.8	    	    	    	    	    	    	    	    	    	    
[2026-04-14 16:31:57.637]  16:51:44	7.42	 040	 184	35.9	 26 	  2 	 99%	 4.8	    	    	    	    	    	    	    	    	    	    
[2026-04-14 16:32:03.612]  16:51:50	7.42	 040	 184	35.9	 26 	  2 	 99%	 4.8	    	    	    	    	    	    	    	    	    	    
[2026-04-14 16:32:09.598]  16:51:56	7.42	 040	 184	36.0	 26 	  2 	 99%	 4.8	    	    	    	    	    	    	    	    	    	    
[2026-04-14 16:32:15.566]  16:52:02	7.42	 040	 182	36.0	 26 	  2 	 99%	 4.8	    	    	    	    	    	    	    	    	    	    
[2026-04-14 16:32:21.543]  16:52:07	7.42	 040	 182	36.0	 26 	  2 	 99%	 4.8	    	    	    	    	    	    	    	    	    	    
[2026-04-14 16:32:27.522]  16:52:13	7.42	 040	 181	36.0	 26 	  2 	 99%	 4.8	    	    	    	    	    	    	    	    	    	    
[2026-04-14 16:32:33.502]  16:52:19	7.42	 040	 182	35.9	 26 	  2 	 99%	 4.7	    	    	    	    	    	    	    	    	    	    
[2026-04-14 16:32:39.469]  16:52:25	7.42	 040	 182	35.9	 26 	  2 	 99%	 4.7	    	    	    	    	    	    	    	    	    	    
[2026-04-14 16:32:45.447]  16:52:31	7.42	 040	 183	35.9	 26 	  2 	 99%	 4.7	    	    	    	    	    	    	    	    	    	    
[2026-04-14 16:32:51.432]  16:52:37	7.42	 040	 183	35.9	 26 	  2 	 99%	 4.7	    	    	    	    	    	    	    	    	    	    
[2026-04-14 16:32:57.410]  16:52:43	7.42	 040	 183	36.0	 26 	  2 	 99%	 4.7	    	    	    	    	    	    	    	    	    	    
[2026-04-14 16:33:03.395]  16:52:49	7.42	 040	 184	36.0	 26 	  2 	 99%	 4.7	    	    	    	    	    	    	    	    	    	    
[2026-04-14 16:33:09.362]  16:52:55	7.42	 040	 184	36.0	 26 	  2 	 99%	 4.7	    	    	    	    	    	    	    	    	    	    
[2026-04-14 16:33:15.335]  16:53:02	7.42	 040	 185	36.0	 26 	  2 	 99%	 4.7	    	    	    	    	    	    	    	    	    	    
[2026-04-14 16:33:21.342]  16:53:08	7.42	 040	 184	36.0	 26 	  2 	 99%	 4.7	    	    	    	    	    	    	    	    	    	    
[2026-04-14 16:33:27.275]  16:53:14	7.42	 040	 185	36.0	 26 	  2 	 99%	 4.7	    	    	    	    	    	    	    	    	    	    
[2026-04-14 16:33:33.254]  16:53:20	7.42	 040	 185	36.0	 26 	  2 	 99%	 4.7	    	    	    	    	    	    	    	    	    	    
[2026-04-14 16:33:39.239]  16:53:26	7.42	 040	 186	35.9	 26 	  2 	 99%	 4.7	    	    	    	    	    	    	    	    	    	    
[2026-04-14 16:33:45.209]  16:53:31	7.42	 040	 187	35.9	 26 	  2 	 99%	 4.7	    	    	    	    	    	    	    	    	    	    
[2026-04-14 16:33:51.205]  16:53:37	7.42	 040	 184	35.9	 26 	  2 	 99%	 4.7	    	    	    	    	    	    	    	    	    	    
[2026-04-14 16:33:57.159]  16:53:43	7.42	 039	 173	35.9	 26 	  2 	 99%	 4.7	    	    	    	    	    	    	    	    	    	    
[2026-04-14 16:34:03.140]  16:53:49	7.42	 039	 165	35.9	 26 	  2 	 99%	 4.7	    	    	    	    	    	    	    	    	    	    
[2026-04-14 16:34:09.119]  16:53:55	7.42	 039	 159	35.9	 26 	  2 	 99%	 4.7	    	    	    	    	    	    	    	    	    	    
[2026-04-14 16:34:15.111]  16:54:01	7.42	 039	 154	35.9	 26 	  2 	 99%	 4.7	    	    	    	    	    	    	    	    	    	    
[2026-04-14 16:34:21.072]  16:54:07	7.42	 039	 151	35.9	 26 	  2 	 99%	 4.7	    	    	    	    	    	    	    	    	    	    
[2026-04-14 16:34:27.045]  16:54:13	7.42	 039	 148	35.9	 26 	  2 	 99%	 4.7	    	    	    	    	    	    	    	    	    	    
[2026-04-14 16:34:33.021]  16:54:19	7.42	 039	 146	35.9	 26 	  2 	 99%	 4.7	    	    	    	    	    	    	    	    	    	    
[2026-04-14 16:34:39.002]  16:54:25	7.42	 039	 145	35.9	 26 	  2 	 99%	 4.6	    	    	    	    	    	    	    	    	    	    
[2026-04-14 16:34:44.975]  16:54:31	7.42	 039	 143	35.9	 26 	  2 	 99%	 4.6	    	    	    	    	    	    	    	    	    	    
[2026-04-14 16:34:50.969]  16:54:37	7.42	 039	 143	35.9	 26 	  2 	 99%	 4.6	    	    	    	    	    	    	    	    	    	    
[2026-04-14 16:34:56.932]  16:54:43	7.42	 039	 144	35.9	 26 	  2 	 99%	 4.6	    	    	    	    	    	    	    	    	    	    
[2026-04-14 16:35:02.902]  16:54:49	7.42	 039	 143	35.9	 26 	  2 	 99%	 4.6	    	    	    	    	    	    	    	    	    	    
[2026-04-14 16:35:08.880]  16:54:55	7.42	 039	 142	35.9	 26 	  2 	 99%	 4.6	    	    	    	    	    	    	    	    	    	    
[2026-04-14 16:35:14.865]  16:55:01	7.42	 039	 141	35.9	 26 	  2 	 99%	 4.6	    	    	    	    	    	    	    	    	    	    
[2026-04-14 16:35:20.841]  16:55:07	7.42	 039	 141	35.9	 26 	  2 	 99%	 4.6	    	    	    	    	    	    	    	    	    	    
[2026-04-14 16:35:26.801]          	    	ARTERIAL 	 	  	    	    	    	    	    	    	    	  	    VENOUS
[2026-04-14 16:35:26.816]   Time   	 pH 	 CO2	  O2	TEMP	HCO3	 BE 	cSO2	 K+ 	 VO2	  Q 	 BSA	 pH 	 CO2	  O2	TEMP	 SO2	 HCT	 HGB
[2026-04-14 16:35:26.847] 
[2026-04-14 16:35:26.847]  16:55:13	7.42	 039	 142	35.9	 26 	  2 	 99%	 4.6	    	    	    	    	    	    	    	    	    	    
[2026-04-14 16:35:32.793]  16:55:19	7.43	 039	 142	35.9	 26 	  2 	 99%	 4.6	    	    	    	    	    	    	    	    	    	    
[2026-04-14 16:35:38.761]  16:55:25	7.42	 039	 140	35.9	 26 	  2 	 99%	 4.6	    	    	    	    	    	    	    	    	    	    
[2026-04-14 16:35:44.736]  16:55:31	7.42	 039	 139	35.9	 26 	  2 	 99%	 4.6	    	    	    	    	    	    	    	    	    	    
[2026-04-14 16:35:50.724]  16:55:37	7.42	 039	 138	35.9	 26 	  2 	 99%	 4.6	    	    	    	    	    	    	    	    	    	    
[2026-04-14 16:35:56.686]  16:55:43	7.42	 039	 138	35.9	 26 	  2 	 99%	 4.6	    	    	    	    	    	    	    	    	    	    
[2026-04-14 16:36:02.665]  16:55:49	7.43	 039	 139	35.9	 26 	  2 	 99%	 4.6	    	    	    	    	    	    	    	    	    	    
[2026-04-14 16:36:08.653]  16:55:55	7.42	 039	 138	35.9	 26 	  2 	 99%	 4.6	    	    	    	    	    	    	    	    	    	    
[2026-04-14 16:36:14.624]  16:56:01	7.42	 039	 137	35.9	 26 	  2 	 99%	 4.6	    	    	    	    	    	    	    	    	    	    
[2026-04-14 16:36:20.593]  16:56:07	7.42	 039	 137	35.9	 26 	  2 	 99%	 4.6	    	    	    	    	    	    	    	    	    	    
[2026-04-14 16:36:26.572]  16:56:13	7.42	 039	 136	35.9	 26 	  2 	 99%	 4.6	    	    	    	    	    	    	    	    	    	    
[2026-04-14 16:36:32.541]  16:56:19	7.42	 039	 136	35.9	 26 	  2 	 99%	 4.6	    	    	    	    	    	    	    	    	    	    
[2026-04-14 16:36:38.531]  16:56:25	7.42	 039	 136	35.9	 26 	  2 	 99%	 4.6	    	    	    	    	    	    	    	    	    	    
[2026-04-14 16:36:44.508]  16:56:31	7.42	 039	 135	35.9	 26 	  2 	 99%	 4.6	    	    	    	    	    	    	    	    	    	    
[2026-04-14 16:36:50.490]  16:56:37	7.42	 039	 133	35.9	 26 	  2 	 99%	 4.6	    	    	    	    	    	    	    	    	    	    
[2026-04-14 16:36:56.452]  16:56:43	7.42	 039	 132	35.9	 26 	  2 	 99%	 4.6	    	    	    	    	    	    	    	    	    	    
[2026-04-14 16:37:02.429]  16:56:49	7.42	 039	 132	35.9	 26 	  2 	 99%	 4.6	    	    	    	    	    	    	    	    	    	    
[2026-04-14 16:37:08.414]  16:56:55	7.42	 039	 133	35.9	 26 	  2 	 99%	 4.6	    	    	    	    	    	    	    	    	    	    
[2026-04-14 16:37:14.385]  16:57:01	7.42	 039	 134	35.9	 26 	  2 	 99%	 4.6	    	    	    	    	    	    	    	    	    	    
[2026-04-14 16:37:20.360]  16:57:07	7.42	 039	 134	35.9	 26 	  2 	 99%	 4.6	    	    	    	    	    	    	    	    	    	    
[2026-04-14 16:37:26.336]  16:57:13	7.42	 039	 134	35.9	 26 	  2 	 99%	 4.6	    	    	    	    	    	    	    	    	    	    
[2026-04-14 16:37:32.319]  16:57:19	7.42	 039	 134	35.9	 26 	  2 	 99%	 4.6	    	    	    	    	    	    	    	    	    	    
[2026-04-14 16:37:38.284]  16:57:25	7.42	 039	 133	35.9	 26 	  2 	 99%	 4.6	    	    	    	    	    	    	    	    	    	    
[2026-04-14 16:37:44.269]  16:57:31	7.42	 039	 131	36.0	 26 	  2 	 99%	 4.6	    	    	    	    	    	    	    	    	    	    
[2026-04-14 16:37:50.247]  16:57:36	7.42	 039	 130	36.0	 26 	  2 	 99%	 4.6	    	    	    	    	    	    	    	    	    	    
[2026-04-14 16:37:56.215]  16:57:42	7.42	 039	 131	35.9	 26 	  2 	 99%	 4.6	    	    	    	    	    	    	    	    	    	    
[2026-04-14 16:38:02.199]  16:57:48	7.42	 039	 132	35.9	 26 	  2 	 99%	 4.6	    	    	    	    	    	    	    	    	    	    
[2026-04-14 16:38:08.173]  16:57:54	7.42	 039	 133	35.9	 26 	  2 	 99%	 4.6	    	    	    	    	    	    	    	    	    	    
[2026-04-14 16:38:14.158]  16:58:00	7.42	 039	 133	35.9	 26 	  2 	 99%	 4.6	    	    	    	    	    	    	    	    	    	    
[2026-04-14 16:38:20.121]  16:58:06	7.42	 039	 131	36.0	 26 	  2 	 99%	 4.6	    	    	    	    	    	    	    	    	    	    
[2026-04-14 16:38:26.097]  16:58:12	7.42	 039	 130	36.0	 26 	  2 	 99%	 4.6	    	    	    	    	    	    	    	    	    	    
[2026-04-14 16:38:32.073]  16:58:18	7.42	 039	 129	36.0	 26 	  2 	 99%	 4.6	    	    	    	    	    	    	    	    	    	    
[2026-04-14 16:38:38.048]  16:58:25	7.42	 040	 128	36.0	 26 	  2 	 99%	 4.6	    	    	    	    	    	    	    	    	    	    
[2026-04-14 16:38:44.031]  16:58:31	7.42	 041	 127	36.0	 26 	  2 	 99%	 4.6	    	    	    	    	    	    	    	    	    	    
[2026-04-14 16:38:50.009]  16:58:37	7.41	 041	 127	36.0	 26 	  2 	 99%	 4.6	    	    	    	    	    	    	    	    	    	    
[2026-04-14 16:38:55.988]  16:58:43	7.41	 041	 127	36.0	 26 	  2 	 99%	 4.6	    	    	    	    	    	    	    	    	    	    
[2026-04-14 16:39:01.962]  16:58:49	7.41	 041	 127	36.0	 26 	  2 	 99%	 4.6	    	    	    	    	    	    	    	    	    	    
[2026-04-14 16:39:07.930]  16:58:55	7.41	 041	 127	36.0	 26 	  2 	 99%	 4.6	    	    	    	    	    	    	    	    	    	    
[2026-04-14 16:39:13.916]  16:59:01	7.41	 041	 127	36.0	 26 	  2 	 99%	 4.6	    	    	    	    	    	    	    	    	    	    
[2026-04-14 16:39:19.889]  16:59:07	7.41	 041	 126	36.0	 26 	  2 	 99%	 4.6	    	    	    	    	    	    	    	    	    	    
[2026-04-14 16:39:25.883]  16:59:13	7.41	 041	 126	36.0	 26 	  2 	 99%	 4.6	    	    	    	    	    	    	    	    	    	    
[2026-04-14 16:39:31.847]  16:59:19	7.41	 041	 125	36.0	 26 	  2 	 99%	 4.6	    	    	    	    	    	    	    	    	    	    
[2026-04-14 16:39:37.831]  16:59:25	7.41	 041	 124	36.0	 26 	  2 	 99%	 4.6	    	    	    	    	    	    	    	    	    	    
[2026-04-14 16:39:43.784]  16:59:30	7.41	 041	 124	36.0	 26 	  2 	 99%	 4.6	    	    	    	    	    	    	    	    	    	    
[2026-04-14 16:39:49.775]  16:59:36	7.41	 041	 124	36.0	 26 	  2 	 99%	 4.6	    	    	    	    	    	    	    	    	    	    
[2026-04-14 16:39:55.748]  16:59:42	7.41	 042	 124	36.0	 27 	  2 	 99%	 4.6	    	    	    	    	    	    	    	    	    	    
[2026-04-14 16:40:01.715]  16:59:48	7.41	 042	 124	36.0	 27 	  2 	 99%	 4.6	    	    	    	    	    	    	    	    	    	    
[2026-04-14 16:40:07.692]  16:59:54	7.41	 042	 123	36.0	 27 	  2 	 99%	 4.6	    	    	    	    	    	    	    	    	    	    
[2026-04-14 16:40:13.671]  17:00:00	7.41	 042	 124	36.0	 27 	  2 	 99%	 4.6	    	    	    	    	    	    	    	    	    	    
[2026-04-14 16:40:19.654]  17:00:06	7.41	 042	 125	36.0	 27 	  2 	 99%	 4.6	    	    	    	    	    	    	    	    	    	    
[2026-04-14 16:40:25.626]          	    	ARTERIAL 	 	  	    	    	    	    	    	    	    	  	    VENOUS
[2026-04-14 16:40:25.641]   Time   	 pH 	 CO2	  O2	TEMP	HCO3	 BE 	cSO2	 K+ 	 VO2	  Q 	 BSA	 pH 	 CO2	  O2	TEMP	 SO2	 HCT	 HGB
[2026-04-14 16:40:25.663] 
[2026-04-14 16:40:25.663]  17:00:12	7.41	 042	 125	36.0	 26 	  2 	 99%	 4.6	    	    	    	    	    	    	    	    	    	    
[2026-04-14 16:40:31.605]  17:00:18	7.41	 042	 124	36.0	 27 	  2 	 99%	 4.6	    	    	    	    	    	    	    	    	    	    
[2026-04-14 16:40:37.574]  17:00:24	7.41	 042	 123	36.0	 27 	  2 	 99%	 4.6	    	    	    	    	    	    	    	    	    	    
[2026-04-14 16:40:43.547]  17:00:30	7.41	 042	 122	36.0	 27 	  2 	 99%	 4.7	    	    	    	    	    	    	    	    	    	    
[2026-04-14 16:40:49.539]  17:00:36	7.41	 042	 122	36.0	 27 	  2 	 99%	 4.7	    	    	    	    	    	    	    	    	    	    
[2026-04-14 16:40:55.502]  17:00:42	7.41	 042	 123	36.0	 27 	  2 	 99%	 4.6	    	    	    	    	    	    	    	    	    	    
[2026-04-14 16:41:01.489]  17:00:48	7.41	 042	 123	36.0	 27 	  2 	 99%	 4.7	    	    	    	    	    	    	    	    	    	    
[2026-04-14 16:41:07.466]  17:00:54	7.40	 042	 124	36.0	 27 	  2 	 99%	 4.7	    	    	    	    	    	    	    	    	    	    
[2026-04-14 16:41:13.442]  17:01:00	7.40	 042	 123	36.0	 27 	  2 	 99%	 4.7	    	    	    	    	    	    	    	    	    	    
[2026-04-14 16:41:19.410]  17:01:06	7.40	 042	 122	36.0	 27 	  2 	 99%	 4.7	    	    	    	    	    	    	    	    	    	    
[2026-04-14 16:41:25.391]  17:01:12	7.40	 042	 120	36.0	 27 	  2 	 98%	 4.7	    	    	    	    	    	    	    	    	    	    
[2026-04-14 16:41:31.392]  17:01:18	7.40	 042	 119	36.0	 27 	  2 	 98%	 4.7	    	    	    	    	    	    	    	    	    	    
[2026-04-14 16:41:37.338]  17:01:24	7.40	 042	 119	36.0	 27 	  2 	 98%	 4.7	    	    	    	    	    	    	    	    	    	    
[2026-04-14 16:41:43.324]  17:01:30	7.40	 042	 120	36.0	 27 	  2 	 98%	 4.7	    	    	    	    	    	    	    	    	    	    
[2026-04-14 16:41:49.308]  17:01:36	7.40	 042	 121	36.0	 27 	  2 	 98%	 4.7	    	    	    	    	    	    	    	    	    	    
[2026-04-14 16:41:55.263]  17:01:42	7.40	 042	 122	36.0	 27 	  2 	 98%	 4.7	    	    	    	    	    	    	    	    	    	    
[2026-04-14 16:42:01.240]  17:01:48	7.40	 042	 121	36.0	 27 	  2 	 98%	 4.7	    	    	    	    	    	    	    	    	    	    
[2026-04-14 16:42:07.217]  17:01:54	7.40	 042	 121	36.0	 27 	  2 	 98%	 4.7	    	    	    	    	    	    	    	    	    	    
[2026-04-14 16:42:13.200]  17:02:00	7.40	 042	 121	36.0	 27 	  2 	 98%	 4.7	    	    	    	    	    	    	    	    	    	    
[2026-04-14 16:42:19.210]  17:02:06	7.40	 042	 120	36.0	 27 	  2 	 98%	 4.7	    	    	    	    	    	    	    	    	    	    
[2026-04-14 16:42:25.155]  17:02:12	7.40	 042	 120	36.0	 27 	  2 	 98%	 4.7	    	    	    	    	    	    	    	    	    	    
[2026-04-14 16:42:31.118]  17:02:18	7.40	 043	 120	36.0	 27 	  2 	 98%	 4.7	    	    	    	    	    	    	    	    	    	    
[2026-04-14 16:42:37.094]  17:02:24	7.40	 043	 120	36.0	 27 	  2 	 98%	 4.7	    	    	    	    	    	    	    	    	    	    
[2026-04-14 16:42:43.083]  17:02:30	7.40	 043	 120	36.0	 27 	  2 	 98%	 4.7	    	    	    	    	    	    	    	    	    	    
[2026-04-14 16:42:49.067]  17:02:36	7.40	 043	 119	36.0	 27 	  2 	 98%	 4.7	    	    	    	    	    	    	    	    	    	    
[2026-04-14 16:42:55.030]  17:02:42	7.40	 043	 119	36.0	 27 	  2 	 98%	 4.7	    	    	    	    	    	    	    	    	    	    
[2026-04-14 16:43:01.000]  17:02:48	7.40	 043	 118	36.0	 27 	  2 	 98%	 4.7	    	    	    	    	    	    	    	    	    	    
[2026-04-14 16:43:06.991]  17:02:54	7.40	 043	 118	36.0	 27 	  2 	 98%	 4.7	    	    	    	    	    	    	    	    	    	    
[2026-04-14 16:43:12.965]  17:03:00	7.40	 043	 119	36.0	 27 	  2 	 98%	 4.7	    	    	    	    	    	    	    	    	    	    
[2026-04-14 16:43:18.937]  17:03:06	7.40	 043	 120	36.0	 27 	  2 	 98%	 4.7	    	    	    	    	    	    	    	    	    	    
[2026-04-14 16:43:24.913]  17:03:12	7.40	 043	 119	36.0	 27 	  2 	 98%	 4.7	    	    	    	    	    	    	    	    	    	    
[2026-04-14 16:43:30.889]  17:03:18	7.40	 043	 118	36.0	 27 	  2 	 98%	 4.7	    	    	    	    	    	    	    	    	    	    
[2026-04-14 16:43:36.859]  17:03:24	7.40	 043	 119	36.0	 27 	  2 	 98%	 4.7	    	    	    	    	    	    	    	    	    	    
[2026-04-14 16:43:42.840]  17:03:30	7.40	 043	 120	36.0	 27 	  2 	 98%	 4.7	    	    	    	    	    	    	    	    	    	    
[2026-04-14 16:43:48.823]  17:03:36	7.40	 043	 120	36.0	 27 	  2 	 98%	 4.7	    	    	    	    	    	    	    	    	    	    
[2026-04-14 16:43:54.792]  17:03:41	7.40	 043	 120	36.0	 27 	  2 	 98%	 4.7	    	    	    	    	    	    	    	    	    	    
[2026-04-14 16:44:00.774]  17:03:47	7.40	 043	 120	36.0	 27 	  2 	 98%	 4.7	    	    	    	    	    	    	    	    	    	    
[2026-04-14 16:44:06.750]  17:03:53	7.40	 043	 118	36.0	 27 	  2 	 98%	 4.6	    	    	    	    	    	    	    	    	    	    
[2026-04-14 16:44:12.725]  17:03:59	7.40	 043	 117	36.0	 27 	  2 	 98%	 4.6	    	    	    	    	    	    	    	    	    	    
[2026-04-14 16:44:18.709]  17:04:05	7.40	 043	 118	36.0	 27 	  2 	 98%	 4.7	    	    	    	    	    	    	    	    	    	    
[2026-04-14 16:44:24.676]  17:04:11	7.40	 043	 117	36.0	 27 	  2 	 98%	 4.7	    	    	    	    	    	    	    	    	    	    
[2026-04-14 16:44:30.654]  17:04:17	7.40	 043	 118	36.0	 27 	  2 	 98%	 4.7	    	    	    	    	    	    	    	    	    	    
[2026-04-14 16:44:36.624]  17:04:23	7.40	 043	 119	36.0	 27 	  2 	 98%	 4.7	    	    	    	    	    	    	    	    	    	    
[2026-04-14 16:44:42.602]  17:04:29	7.40	 043	 121	36.0	 27 	  2 	 98%	 4.7	    	    	    	    	    	    	    	    	    	    
[2026-04-14 16:44:48.593]  17:04:35	7.40	 043	 120	36.0	 27 	  2 	 98%	 4.7	    	    	    	    	    	    	    	    	    	    
[2026-04-14 16:44:54.564]  17:04:41	7.40	 043	 120	36.0	 27 	  2 	 98%	 4.7	    	    	    	    	    	    	    	    	    	    
[2026-04-14 16:45:00.526]  17:04:47	7.40	 043	 120	36.0	 27 	  2 	 98%	 4.7	    	    	    	    	    	    	    	    	    	    
[2026-04-14 16:45:06.508]  17:04:53	7.39	 043	 119	36.0	 27 	  2 	 98%	 4.7	    	    	    	    	    	    	    	    	    	    
[2026-04-14 16:45:12.487]  17:04:59	7.39	 043	 119	36.0	 27 	  2 	 98%	 4.7	    	    	    	    	    	    	    	    	    	    
[2026-04-14 16:45:18.458]  17:05:05	7.39	 043	 120	36.0	 27 	  2 	 98%	 4.7	    	    	    	    	    	    	    	    	    	    
[2026-04-14 16:45:24.434]          	    	ARTERIAL 	 	  	    	    	    	    	    	    	    	  	    VENOUS
[2026-04-14 16:45:24.450]   Time   	 pH 	 CO2	  O2	TEMP	HCO3	 BE 	cSO2	 K+ 	 VO2	  Q 	 BSA	 pH 	 CO2	  O2	TEMP	 SO2	 HCT	 HGB
[2026-04-14 16:45:24.481] 
[2026-04-14 16:45:24.481]  17:05:11	7.39	 043	 120	36.0	 27 	  2 	 98%	 4.7	    	    	    	    	    	    	    	    	    	    
[2026-04-14 16:45:30.417]  17:05:17	7.39	 043	 119	36.0	 27 	  2 	 98%	 4.7	    	    	    	    	    	    	    	    	    	    
[2026-04-14 16:45:36.388]  17:05:22	7.39	 043	 118	36.0	 27 	  2 	 98%	 4.7	    	    	    	    	    	    	    	    	    	    
[2026-04-14 16:45:42.364]  17:05:28	7.39	 043	 119	36.0	 27 	  2 	 98%	 4.7	    	    	    	    	    	    	    	    	    	    
[2026-04-14 16:45:48.353]  17:05:34	7.39	 043	 118	36.0	 27 	  2 	 98%	 4.7	    	    	    	    	    	    	    	    	    	    
[2026-04-14 16:45:54.323]  17:05:40	7.39	 043	 118	36.0	 27 	  2 	 98%	 4.7	    	    	    	    	    	    	    	    	    	    
[2026-04-14 16:46:00.303]  17:05:46	7.39	 043	 117	36.0	 27 	  2 	 98%	 4.7	    	    	    	    	    	    	    	    	    	    
[2026-04-14 16:46:06.270]  17:05:52	7.39	 043	 117	36.0	 27 	  2 	 98%	 4.7	    	    	    	    	    	    	    	    	    	    
[2026-04-14 16:46:12.255]  17:05:58	7.39	 043	 117	36.0	 27 	  2 	 98%	 4.7	    	    	    	    	    	    	    	    	    	    
[2026-04-14 16:46:18.231]  17:06:04	7.39	 043	 119	36.0	 27 	  2 	 98%	 4.7	    	    	    	    	    	    	    	    	    	    
[2026-04-14 16:46:24.209]  17:06:10	7.39	 043	 120	36.0	 27 	  2 	 98%	 4.7	    	    	    	    	    	    	    	    	    	    
[2026-04-14 16:46:30.186]  17:06:16	7.39	 043	 119	36.0	 27 	  2 	 98%	 4.7	    	    	    	    	    	    	    	    	    	    
[2026-04-14 16:46:36.162]  17:06:22	7.39	 043	 119	36.0	 27 	  2 	 98%	 4.7	    	    	    	    	    	    	    	    	    	    
[2026-04-14 16:46:42.131]  17:06:28	7.39	 043	 119	36.0	 27 	  2 	 98%	 4.7	    	    	    	    	    	    	    	    	    	    
[2026-04-14 16:46:48.160]  17:06:34	7.39	 043	 119	36.0	 27 	  2 	 98%	 4.7	    	    	    	    	    	    	    	    	    	    
[2026-04-14 16:46:54.097]  17:06:40	7.39	 043	 118	36.0	 27 	  2 	 98%	 4.7	    	    	    	    	    	    	    	    	    	    
[2026-04-14 16:47:00.061]  17:06:46	7.39	 043	 117	36.0	 27 	  2 	 98%	 4.7	    	    	    	    	    	    	    	    	    	    
[2026-04-14 16:47:06.044]  17:06:52	7.39	 043	 117	36.0	 27 	  2 	 98%	 4.7	    	    	    	    	    	    	    	    	    	    
[2026-04-14 16:47:12.013]  17:06:58	7.39	 043	 116	36.0	 27 	  2 	 98%	 4.7	    	    	    	    	    	    	    	    	    	    
[2026-04-14 16:47:17.984]  17:07:04	7.39	 044	 115	36.0	 27 	  2 	 98%	 4.7	    	    	    	    	    	    	    	    	    	    
[2026-04-14 16:47:23.963]  17:07:10	7.39	 044	 115	36.0	 27 	  2 	 98%	 4.7	    	    	    	    	    	    	    	    	    	    
[2026-04-14 16:47:29.941]  17:07:16	7.39	 044	 117	36.0	 27 	  2 	 98%	 4.7	    	    	    	    	    	    	    	    	    	    
[2026-04-14 16:47:35.949]  17:07:22	7.39	 043	 118	36.0	 27 	  2 	 98%	 4.7	    	    	    	    	    	    	    	    	    	    
[2026-04-14 16:47:41.888]  17:07:28	7.39	 043	 119	36.0	 27 	  2 	 98%	 4.7	    	    	    	    	    	    	    	    	    	    
[2026-04-14 16:47:47.885]  17:07:34	7.39	 043	 118	36.0	 27 	  2 	 98%	 4.7	    	    	    	    	    	    	    	    	    	    
[2026-04-14 16:47:53.845]  17:07:40	7.39	 044	 117	36.0	 27 	  2 	 98%	 4.7	    	    	    	    	    	    	    	    	    	    
[2026-04-14 16:47:59.828]  17:07:46	7.39	 044	 117	36.0	 27 	  2 	 98%	 4.7	    	    	    	    	    	    	    	    	    	    
[2026-04-14 16:48:05.808]  17:07:52	7.39	 044	 117	36.0	 27 	  2 	 98%	 4.7	    	    	    	    	    	    	    	    	    	    
[2026-04-14 16:48:11.777]  17:07:58	7.39	 044	 117	36.0	 27 	  2 	 98%	 4.7	    	    	    	    	    	    	    	    	    	    
[2026-04-14 16:48:17.764]  17:08:04	7.39	 043	 119	36.0	 27 	  2 	 98%	 4.7	    	    	    	    	    	    	    	    	    	    
[2026-04-14 16:48:23.728]  17:08:10	7.39	 043	 120	36.0	 27 	  2 	 98%	 4.7	    	    	    	    	    	    	    	    	    	    
[2026-04-14 16:48:29.714]  17:08:16	7.39	 043	 120	36.0	 27 	  2 	 98%	 4.7	    	    	    	    	    	    	    	    	    	    
[2026-04-14 16:48:35.687]  17:08:22	7.39	 044	 117	36.0	 27 	  2 	 98%	 4.7	    	    	    	    	    	    	    	    	    	    
[2026-04-14 16:48:41.663]  17:08:28	7.39	 044	 116	36.0	 27 	  2 	 98%	 4.7	    	    	    	    	    	    	    	    	    	    
[2026-04-14 16:48:47.642]  17:08:34	7.39	 044	 115	36.1	 27 	  2 	 98%	 4.7	    	    	    	    	    	    	    	    	    	    
[2026-04-14 16:48:53.606]  17:08:40	7.39	 044	 114	36.1	 27 	  2 	 98%	 4.7	    	    	    	    	    	    	    	    	    	    
[2026-04-14 16:48:59.592]  17:08:46	7.39	 044	 115	36.0	 27 	  2 	 98%	 4.7	    	    	    	    	    	    	    	    	    	    
[2026-04-14 16:49:05.571]  17:08:52	7.39	 044	 116	36.0	 27 	  2 	 98%	 4.7	    	    	    	    	    	    	    	    	    	    
[2026-04-14 16:49:11.541]  17:08:58	7.39	 044	 116	36.0	 27 	  2 	 98%	 4.7	    	    	    	    	    	    	    	    	    	    
[2026-04-14 16:49:17.519]  17:09:04	7.39	 044	 116	36.0	 27 	  2 	 98%	 4.7	    	    	    	    	    	    	    	    	    	    
[2026-04-14 16:49:23.489]  17:09:10	7.39	 044	 116	36.0	 27 	  2 	 98%	 4.7	    	    	    	    	    	    	    	    	    	    
[2026-04-14 16:49:29.482]  17:09:16	7.39	 044	 116	36.0	 27 	  2 	 98%	 4.7	    	    	    	    	    	    	    	    	    	    
[2026-04-14 16:49:35.450]  17:09:22	7.39	 044	 115	36.1	 27 	  2 	 98%	 4.7	    	    	    	    	    	    	    	    	    	    
[2026-04-14 16:49:41.429]  17:09:28	7.39	 044	 114	36.1	 27 	  2 	 98%	 4.7	    	    	    	    	    	    	    	    	    	    
[2026-04-14 16:49:47.402]  17:09:34	7.39	 044	 115	36.1	 27 	  2 	 98%	 4.7	    	    	    	    	    	    	    	    	    	    
[2026-04-14 16:49:53.375]  17:09:40	7.39	 044	 116	36.1	 27 	  2 	 98%	 4.7	    	    	    	    	    	    	    	    	    	    
[2026-04-14 16:49:59.357]  17:09:46	7.39	 044	 115	36.1	 27 	  2 	 98%	 4.7	    	    	    	    	    	    	    	    	    	    
[2026-04-14 16:50:05.322]  17:09:52	7.39	 044	 114	36.1	 27 	  2 	 98%	 4.7	    	    	    	    	    	    	    	    	    	    
[2026-04-14 16:50:11.304]  17:09:58	7.39	 044	 113	36.1	 27 	  2 	 98%	 4.7	    	    	    	    	    	    	    	    	    	    
[2026-04-14 16:50:17.277]  17:10:04	7.39	 044	 114	36.1	 27 	  2 	 98%	 4.7	    	    	    	    	    	    	    	    	    	    
[2026-04-14 16:50:23.246]          	    	ARTERIAL 	 	  	    	    	    	    	    	    	    	  	    VENOUS
[2026-04-14 16:50:23.262]   Time   	 pH 	 CO2	  O2	TEMP	HCO3	 BE 	cSO2	 K+ 	 VO2	  Q 	 BSA	 pH 	 CO2	  O2	TEMP	 SO2	 HCT	 HGB
[2026-04-14 16:50:23.293] 
[2026-04-14 16:50:23.293]  17:10:10	7.39	 044	 117	36.1	 27 	  2 	 98%	 4.7	    	    	    	    	    	    	    	    	    	    
[2026-04-14 16:50:29.231]  17:10:16	7.39	 044	 118	36.1	 27 	  2 	 98%	 4.7	    	    	    	    	    	    	    	    	    	    
[2026-04-14 16:50:35.212]  17:10:22	7.39	 044	 117	36.1	 27 	  2 	 98%	 4.7	    	    	    	    	    	    	    	    	    	    
[2026-04-14 16:50:41.177]  17:10:28	7.39	 044	 116	36.1	 27 	  2 	 98%	 4.7	    	    	    	    	    	    	    	    	    	    
[2026-04-14 16:50:47.179]  17:10:34	7.39	 044	 115	36.1	 27 	  2 	 98%	 4.7	    	    	    	    	    	    	    	    	    	    
[2026-04-14 16:50:53.143]  17:10:40	7.39	 044	 114	36.1	 27 	  2 	 98%	 4.7	    	    	    	    	    	    	    	    	    	    
[2026-04-14 16:50:59.112]  17:10:46	7.39	 044	 113	36.1	 27 	  2 	 98%	 4.7	    	    	    	    	    	    	    	    	    	    
[2026-04-14 16:51:05.092]  17:10:52	7.39	 044	 115	36.0	 27 	  2 	 98%	 4.7	    	    	    	    	    	    	    	    	    	    
[2026-04-14 16:51:11.062]  17:10:58	7.39	 044	 117	36.0	 26 	  2 	 98%	 4.7	    	    	    	    	    	    	    	    	    	    
[2026-04-14 16:51:17.040]  17:11:04	7.39	 044	 117	36.0	 26 	  2 	 98%	 4.7	    	    	    	    	    	    	    	    	    	    
[2026-04-14 16:51:23.035]  17:11:09	7.39	 044	 116	36.1	 27 	  2 	 98%	 4.7	    	    	    	    	    	    	    	    	    	    
[2026-04-14 16:51:29.002]  17:11:15	7.39	 044	 114	36.1	 27 	  2 	 98%	 4.7	    	    	    	    	    	    	    	    	    	    
[2026-04-14 16:51:34.975]  17:11:21	7.39	 044	 113	36.1	 27 	  2 	 98%	 4.7	    	    	    	    	    	    	    	    	    	    
[2026-04-14 16:51:40.952]  17:11:27	7.39	 044	 114	36.1	 27 	  2 	 98%	 4.7	    	    	    	    	    	    	    	    	    	    
[2026-04-14 16:51:46.943]  17:11:33	7.39	 044	 115	36.1	 27 	  2 	 98%	 4.7	    	    	    	    	    	    	    	    	    	    
[2026-04-14 16:51:52.898]  17:11:39	7.39	 044	 117	36.1	 27 	  2 	 98%	 4.7	    	    	    	    	    	    	    	    	    	    
[2026-04-14 16:51:58.879]  17:11:45	7.39	 044	 118	36.1	 27 	  2 	 98%	 4.7	    	    	    	    	    	    	    	    	    	    
[2026-04-14 16:52:04.863]  17:11:51	7.39	 044	 119	36.1	 27 	  2 	 98%	 4.7	    	    	    	    	    	    	    	    	    	    
[2026-04-14 16:52:10.826]  17:11:57	7.39	 044	 119	36.1	 27 	  2 	 98%	 4.7	    	    	    	    	    	    	    	    	    	    
[2026-04-14 16:52:16.816]  17:12:03	7.39	 044	 117	36.1	 27 	  2 	 98%	 4.7	    	    	    	    	    	    	    	    	    	    
[2026-04-14 16:52:22.777]  17:12:09	7.38	 044	 116	36.1	 27 	  2 	 98%	 4.7	    	    	    	    	    	    	    	    	    	    
[2026-04-14 16:52:28.764]  17:12:15	7.38	 044	 115	36.1	 27 	  2 	 98%	 4.7	    	    	    	    	    	    	    	    	    	    
[2026-04-14 16:52:34.728]  17:12:21	7.38	 044	 115	36.1	 27 	  2 	 98%	 4.7	    	    	    	    	    	    	    	    	    	    
[2026-04-14 16:52:40.709]  17:12:27	7.38	 044	 116	36.1	 27 	  2 	 98%	 4.7	    	    	    	    	    	    	    	    	    	    
[2026-04-14 16:52:46.703]  17:12:33	7.38	 044	 117	35.8	 27 	  2 	 98%	 4.7	    	    	    	    	    	    	    	    	    	    
[2026-04-14 16:52:52.710]  17:12:39	7.38	 044	 119	35.4	 26 	  2 	 98%	 4.6	    	    	    	    	    	    	    	    	    	    
[2026-04-14 16:52:58.653]  17:12:45	7.38	 045	 120	35.1	 26 	  2 	 98%	 4.7	    	    	    	    	    	    	    	    	    	    
[2026-04-14 16:53:04.625]  17:12:51	7.37	 045	 121	34.9	 26 	  2 	 98%	 4.7	    	    	    	    	    	    	    	    	    	    
[2026-04-14 16:53:10.600]  17:12:57	7.38	 044	 117	35.5	 26 	  2 	 98%	 4.8	    	    	    	    	    	    	    	    	    	    
[2026-04-14 16:53:16.582]  17:13:03	7.38	 044	 113	35.9	 26 	  2 	 98%	 4.8	    	    	    	    	    	    	    	    	    	    
[2026-04-14 16:53:22.544]  17:13:09	7.38	 044	 113	36.0	 27 	  2 	 98%	 4.7	    	    	    	    	    	    	    	    	    	    
[2026-04-14 16:53:28.535]  17:13:15	7.38	 044	 114	36.0	 27 	  2 	 98%	 4.7	    	    	    	    	    	    	    	    	    	    
[2026-04-14 16:53:34.496]  17:13:21	7.38	 044	 116	36.0	 27 	  2 	 98%	 4.7	    	    	    	    	    	    	    	    	    	    
[2026-04-14 16:53:40.482]  17:13:27	7.38	 044	 117	36.0	 27 	  2 	 98%	 4.7	    	    	    	    	    	    	    	    	    	    
[2026-04-14 16:53:46.457]  17:13:33	7.38	 044	 117	36.1	 27 	  2 	 98%	 4.7	    	    	    	    	    	    	    	    	    	    
[2026-04-14 16:53:52.431]  17:13:39	7.38	 044	 117	36.1	 27 	  2 	 98%	 4.7	    	    	    	    	    	    	    	    	    	    
[2026-04-14 16:53:56.566] S17:13:39	7.38	 044	 117	36.1	 27 	  2 	 98%	 4.7	    	    	    	    	    	    	    	    	    	    
[2026-04-14 16:53:58.421]  17:13:45	7.38	 044	 117	36.1	 27 	  2 	 98%	 4.7	    	    	    	    	    	    	    	    	    	    
[2026-04-14 16:54:04.384]  17:13:51	7.38	 044	 116	36.1	 27 	  2 	 98%	 4.7	    	    	    	    	    	    	    	    	    	    
[2026-04-14 16:54:10.353]  17:13:57	7.38	 044	 116	36.1	 27 	  2 	 98%	 4.7	    	    	    	    	    	    	    	    	    	    
[2026-04-14 16:54:16.332]  17:14:03	7.38	 044	 116	36.0	 26 	  2 	 98%	 4.7	    	    	    	    	    	    	    	    	    	    
[2026-04-14 16:54:22.317]  17:14:09	7.38	 044	 118	36.0	 26 	  2 	 98%	 4.7	    	    	    	    	    	    	    	    	    	    
[2026-04-14 16:54:28.278]  17:14:15	7.38	 044	 126	36.0	 26 	  2 	 99%	 4.7	    	    	    	    	    	    	    	    	    	    
[2026-04-14 16:54:34.265]  17:14:21	7.39	 043	 138	36.0	 26 	  2 	 99%	 4.7	    	    	    	    	    	    	    	    	    	    
[2026-04-14 16:54:40.247]  17:14:27	7.39	 042	 150	36.0	 26 	  2 	 99%	 4.7	    	    	    	    	    	    	    	    	    	    
[2026-04-14 16:54:46.233]  17:14:32	7.39	 042	 160	36.0	 26 	  1 	 99%	 4.7	    	    	    	    	    	    	    	    	    	    
[2026-04-14 16:54:52.192]  17:14:38	7.39	 043	 161	36.1	 26 	  2 	 99%	 4.7	    	    	    	    	    	    	    	    	    	    
[2026-04-14 16:54:58.170]  17:14:44	7.38	 046	 151	36.1	 27 	  2 	 99%	 4.7	    	    	    	    	    	    	    	    	    	    
[2026-04-14 16:55:04.137]  17:14:50	7.37	 047	 140	36.1	 28 	  3 	 99%	 4.7	    	    	    	    	    	    	    	    	    	    
[2026-04-14 16:55:10.133]  17:14:56	7.37	 048	 130	36.1	 28 	  3 	 99%	 4.7	    	    	    	    	    	    	    	    	    	    
[2026-04-14 16:55:16.096]          	    	ARTERIAL 	 	  	    	    	    	    	    	    	    	  	    VENOUS
[2026-04-14 16:55:16.111]   Time   	 pH 	 CO2	  O2	TEMP	HCO3	 BE 	cSO2	 K+ 	 VO2	  Q 	 BSA	 pH 	 CO2	  O2	TEMP	 SO2	 HCT	 HGB
[2026-04-14 16:55:16.143] 
[2026-04-14 16:55:16.143]  17:15:02	7.36	 048	 121	36.1	 28 	  3 	 98%	 4.7	    	    	    	    	    	    	    	    	    	    
[2026-04-14 16:55:22.074]  17:15:08	7.36	 049	 116	36.1	 28 	  3 	 98%	 4.7	    	    	    	    	    	    	    	    	    	    
[2026-04-14 16:55:28.056]  17:15:14	7.36	 049	 114	36.1	 28 	  3 	 98%	 4.7	    	    	    	    	    	    	    	    	    	    
[2026-04-14 16:55:34.022]  17:15:20	7.36	 049	 112	36.1	 28 	  3 	 98%	 4.7	    	    	    	    	    	    	    	    	    	    
[2026-04-14 16:55:39.997]  17:15:26	7.36	 049	 111	36.1	 28 	  3 	 98%	 4.7	    	    	    	    	    	    	    	    	    	    
[2026-04-14 16:55:45.988]  17:15:32	7.36	 049	 112	36.1	 28 	  3 	 98%	 4.7	    	    	    	    	    	    	    	    	    	    
[2026-04-14 16:55:51.963]  17:15:38	7.36	 049	 115	36.1	 28 	  3 	 98%	 4.7	    	    	    	    	    	    	    	    	    	    
[2026-04-14 16:55:57.926]  17:15:44	7.35	 050	 117	36.1	 28 	  3 	 98%	 4.7	    	    	    	    	    	    	    	    	    	    
[2026-04-14 16:56:03.905]  17:15:50	7.35	 050	 117	36.1	 28 	  3 	 98%	 4.7	    	    	    	    	    	    	    	    	    	    
[2026-04-14 16:56:09.890]  17:15:56	7.35	 050	 116	36.1	 28 	  3 	 98%	 4.7	    	    	    	    	    	    	    	    	    	    
[2026-04-14 16:56:15.861]  17:16:02	7.35	 050	 114	36.1	 28 	  3 	 98%	 4.7	    	    	    	    	    	    	    	    	    	    
[2026-04-14 16:56:21.829]  17:16:08	7.35	 051	 112	36.1	 28 	  3 	 98%	 4.7	    	    	    	    	    	    	    	    	    	    
[2026-04-14 16:56:27.809]  17:16:14	7.35	 051	 111	36.2	 28 	  3 	 98%	 4.7	    	    	    	    	    	    	    	    	    	    
[2026-04-14 16:56:33.794]  17:16:20	7.35	 051	 109	36.2	 28 	  3 	 98%	 4.7	    	    	    	    	    	    	    	    	    	    
[2026-04-14 16:56:39.772]  17:16:26	7.35	 051	 107	36.2	 28 	  3 	 98%	 4.7	    	    	    	    	    	    	    	    	    	    
[2026-04-14 16:56:45.762]  17:16:32	7.34	 051	 107	36.2	 28 	  3 	 98%	 4.7	    	    	    	    	    	    	    	    	    	    
[2026-04-14 16:56:51.722]  17:16:38	7.34	 052	 106	36.2	 28 	  3 	 97%	 4.7	    	    	    	    	    	    	    	    	    	    
[2026-04-14 16:56:57.691]  17:16:44	7.34	 052	 105	36.2	 28 	  3 	 97%	 4.7	    	    	    	    	    	    	    	    	    	    
[2026-04-14 16:57:03.681]  17:16:50	7.34	 052	 104	36.2	 28 	  3 	 97%	 4.7	    	    	    	    	    	    	    	    	    	    
[2026-04-14 16:57:09.657]  17:16:56	7.34	 052	 104	36.2	 28 	  3 	 97%	 4.7	    	    	    	    	    	    	    	    	    	    
[2026-04-14 16:57:15.639]  17:17:02	7.34	 052	 103	36.2	 28 	  3 	 97%	 4.7	    	    	    	    	    	    	    	    	    	    
[2026-04-14 16:57:21.604]  17:17:08	7.34	 052	 103	36.2	 28 	  3 	 97%	 4.7	    	    	    	    	    	    	    	    	    	    
[2026-04-14 16:57:27.587]  17:17:14	7.34	 053	 103	36.2	 28 	  3 	 97%	 4.7	    	    	    	    	    	    	    	    	    	    
[2026-04-14 16:57:33.563]  17:17:20	7.34	 053	 102	36.2	 28 	  3 	 97%	 4.7	    	    	    	    	    	    	    	    	    	    
[2026-04-14 16:57:39.535]  17:17:26	7.34	 053	 102	36.2	 29 	  3 	 97%	 4.7	    	    	    	    	    	    	    	    	    	    
[2026-04-14 16:57:45.515]  17:17:31	7.34	 053	 102	36.2	 29 	  3 	 97%	 4.7	    	    	    	    	    	    	    	    	    	    
[2026-04-14 16:57:51.532]  17:17:37	7.33	 053	 102	36.2	 29 	  3 	 97%	 4.7	    	    	    	    	    	    	    	    	    	    
[2026-04-14 16:57:57.465]  17:17:43	7.33	 053	 101	36.2	 29 	  3 	 97%	 4.7	    	    	    	    	    	    	    	    	    	    
[2026-04-14 16:58:03.441]  17:17:49	7.33	 053	 101	36.2	 29 	  3 	 97%	 4.7	    	    	    	    	    	    	    	    	    	    
[2026-04-14 16:58:09.432]  17:17:55	7.33	 054	 100	36.2	 29 	  3 	 97%	 4.7	    	    	    	    	    	    	    	    	    	    
[2026-04-14 16:58:15.399]  17:18:01	7.33	 054	 100	36.2	 29 	  3 	 97%	 4.7	    	    	    	    	    	    	    	    	    	    
[2026-04-14 16:58:21.367]  17:18:07	7.33	 054	 100	36.2	 29 	  3 	 97%	 4.8	    	    	    	    	    	    	    	    	    	    
[2026-04-14 16:58:27.340]  17:18:13	7.33	 054	 100	36.2	 29 	  3 	 97%	 4.8	    	    	    	    	    	    	    	    	    	    
[2026-04-14 16:58:33.327]  17:18:19	7.33	 053	 101	36.2	 28 	  3 	 97%	 4.8	    	    	    	    	    	    	    	    	    	    
[2026-04-14 16:58:39.292]  17:18:25	7.34	 051	 103	36.3	 28 	  2 	 97%	 4.8	    	    	    	    	    	    	    	    	    	    
[2026-04-14 16:58:45.277]  17:18:31	7.35	 049	 104	36.3	 27 	  2 	 97%	 4.7	    	    	    	    	    	    	    	    	    	    
[2026-04-14 16:58:51.255]  17:18:37	7.35	 048	 105	36.3	 27 	  2 	 97%	 4.7	    	    	    	    	    	    	    	    	    	    
[2026-04-14 16:58:57.227]  17:18:43	7.35	 048	 106	36.3	 27 	  2 	 98%	 4.7	    	    	    	    	    	    	    	    	    	    
[2026-04-14 16:59:03.203]  17:18:49	7.35	 048	 106	36.3	 27 	  2 	 98%	 4.7	    	    	    	    	    	    	    	    	    	    
[2026-04-14 16:59:09.178]  17:18:55	7.36	 047	 106	36.3	 27 	  2 	 98%	 4.7	    	    	    	    	    	    	    	    	    	    
[2026-04-14 16:59:15.163]  17:19:01	7.36	 047	 106	36.3	 27 	  2 	 98%	 4.8	    	    	    	    	    	    	    	    	    	    
[2026-04-14 16:59:21.126]  17:19:07	7.36	 047	 107	36.3	 27 	  2 	 98%	 4.8	    	    	    	    	    	    	    	    	    	    
[2026-04-14 16:59:27.112]  17:19:13	7.36	 047	 107	36.3	 27 	  2 	 98%	 4.8	    	    	    	    	    	    	    	    	    	    
[2026-04-14 16:59:33.090]  17:19:19	7.36	 047	 108	36.3	 27 	  2 	 98%	 4.8	    	    	    	    	    	    	    	    	    	    
[2026-04-14 16:59:39.059]  17:19:25	7.36	 047	 108	36.3	 27 	  2 	 98%	 4.8	    	    	    	    	    	    	    	    	    	    
[2026-04-14 16:59:45.055]  17:19:31	7.36	 047	 108	36.3	 27 	  2 	 98%	 4.8	    	    	    	    	    	    	    	    	    	    
[2026-04-14 16:59:51.012]  17:19:37	7.36	 047	 108	36.3	 27 	  2 	 98%	 4.8	    	    	    	    	    	    	    	    	    	    
[2026-04-14 16:59:56.981]  17:19:43	7.36	 047	 108	36.3	 27 	  2 	 98%	 4.8	    	    	    	    	    	    	    	    	    	    
[2026-04-14 17:00:02.960]  17:19:49	7.36	 047	 109	36.3	 27 	  2 	 98%	 4.8	    	    	    	    	    	    	    	    	    	    
[2026-04-14 17:00:08.939]  17:19:55	7.36	 047	 109	36.3	 27 	  2 	 98%	 4.8	    	    	    	    	    	    	    	    	    	    
[2026-04-14 17:00:14.914]          	    	ARTERIAL 	 	  	    	    	    	    	    	    	    	  	    VENOUS
[2026-04-14 17:00:14.930]   Time   	 pH 	 CO2	  O2	TEMP	HCO3	 BE 	cSO2	 K+ 	 VO2	  Q 	 BSA	 pH 	 CO2	  O2	TEMP	 SO2	 HCT	 HGB
[2026-04-14 17:00:14.961] 
[2026-04-14 17:00:14.961]  17:20:01	7.36	 047	 109	36.3	 27 	  2 	 98%	 4.8	    	    	    	    	    	    	    	    	    	    
[2026-04-14 17:00:20.900]  17:20:07	7.36	 047	 109	36.3	 27 	  2 	 98%	 4.8	    	    	    	    	    	    	    	    	    	    
[2026-04-14 17:00:26.868]  17:20:13	7.36	 047	 109	36.3	 27 	  2 	 98%	 4.8	    	    	    	    	    	    	    	    	    	    
[2026-04-14 17:00:32.854]  17:20:19	7.36	 047	 108	36.3	 27 	  2 	 98%	 4.8	    	    	    	    	    	    	    	    	    	    
[2026-04-14 17:00:38.816]  17:20:25	7.36	 047	 109	36.3	 27 	  2 	 98%	 4.8	    	    	    	    	    	    	    	    	    	    
[2026-04-14 17:00:44.814]  17:20:31	7.36	 047	 109	36.3	 27 	  2 	 98%	 4.8	    	    	    	    	    	    	    	    	    	    
[2026-04-14 17:00:50.770]  17:20:37	7.36	 047	 109	36.3	 27 	  2 	 98%	 4.9	    	    	    	    	    	    	    	    	    	    
[2026-04-14 17:00:56.749]  17:20:43	7.36	 046	 110	36.3	 26 	  1 	 98%	 4.8	    	    	    	    	    	    	    	    	    	    
[2026-04-14 17:01:02.734]  17:20:49	7.36	 046	 110	36.3	 26 	  1 	 98%	 4.8	    	    	    	    	    	    	    	    	    	    
[2026-04-14 17:01:08.696]  17:20:55	7.36	 046	 110	36.3	 26 	  1 	 98%	 4.8	    	    	    	    	    	    	    	    	    	    
[2026-04-14 17:01:14.693]  17:21:01	7.36	 046	 110	36.3	 26 	  1 	 98%	 4.8	    	    	    	    	    	    	    	    	    	    
[2026-04-14 17:01:20.655]  17:21:07	7.36	 046	 110	36.3	 26 	  1 	 98%	 4.8	    	    	    	    	    	    	    	    	    	    
[2026-04-14 17:01:26.640]  17:21:13	7.36	 046	 110	36.3	 26 	  1 	 98%	 4.9	    	    	    	    	    	    	    	    	    	    
[2026-04-14 17:01:32.610]  17:21:19	7.36	 046	 109	36.3	 26 	  1 	 98%	 4.9	    	    	    	    	    	    	    	    	    	    
[2026-04-14 17:01:38.590]  17:21:25	7.36	 046	 109	36.3	 26 	  1 	 98%	 4.9	    	    	    	    	    	    	    	    	    	    
[2026-04-14 17:01:44.569]  17:21:31	7.36	 046	 109	36.3	 26 	  1 	 98%	 4.9	    	    	    	    	    	    	    	    	    	    
[2026-04-14 17:01:50.547]  17:21:37	7.36	 046	 108	36.3	 26 	  1 	 98%	 4.9	    	    	    	    	    	    	    	    	    	    
[2026-04-14 17:01:56.523]  17:21:43	7.36	 046	 108	36.3	 26 	  1 	 98%	 4.9	    	    	    	    	    	    	    	    	    	    
[2026-04-14 17:02:02.496]  17:21:49	7.36	 046	 108	36.3	 26 	  1 	 98%	 4.9	    	    	    	    	    	    	    	    	    	    
[2026-04-14 17:02:08.465]  17:21:55	7.36	 046	 112	36.3	 26 	  1 	 98%	 4.9	    	    	    	    	    	    	    	    	    	    
[2026-04-14 17:02:14.443]  17:22:01	7.37	 045	 118	36.3	 26 	  1 	 98%	 4.9	    	    	    	    	    	    	    	    	    	    
[2026-04-14 17:02:20.412]  17:22:07	7.37	 044	 123	36.3	 26 	  1 	 98%	 4.9	    	    	    	    	    	    	    	    	    	    
[2026-04-14 17:02:26.397]  17:22:13	7.37	 043	 126	36.3	 25 	  1 	 99%	 4.9	    	    	    	    	    	    	    	    	    	    
[2026-04-14 17:02:32.374]  17:22:19	7.37	 043	 128	36.3	 25 	  1 	 99%	 5.0	    	    	    	    	    	    	    	    	    	    
[2026-04-14 17:02:38.339]  17:22:25	7.38	 043	 129	36.3	 25 	  1 	 99%	 5.0	    	    	    	    	    	    	    	    	    	    
[2026-04-14 17:02:44.340]  17:22:31	7.38	 043	 130	36.3	 25 	  1 	 99%	 5.0	    	    	    	    	    	    	    	    	    	    
[2026-04-14 17:02:50.304]  17:22:37	7.38	 043	 132	36.3	 25 	  1 	 99%	 5.0	    	    	    	    	    	    	    	    	    	    
[2026-04-14 17:02:56.274]  17:22:43	7.38	 043	 132	36.3	 25 	  1 	 99%	 5.0	    	    	    	    	    	    	    	    	    	    
[2026-04-14 17:03:02.269]  17:22:49	7.38	 043	 132	36.3	 25 	  1 	 99%	 5.0	    	    	    	    	    	    	    	    	    	    
[2026-04-14 17:03:08.222]  17:22:55	7.38	 043	 133	36.4	 25 	  1 	 99%	 5.0	    	    	    	    	    	    	    	    	    	    
[2026-04-14 17:03:14.214]  17:23:01	7.38	 042	 133	36.4	 25 	  1 	 99%	 5.0	    	    	    	    	    	    	    	    	    	    
[2026-04-14 17:03:20.181]  17:23:07	7.38	 042	 134	36.3	 25 	  1 	 99%	 5.0	    	    	    	    	    	    	    	    	    	    
[2026-04-14 17:03:26.156]  17:23:13	7.38	 042	 134	36.3	 25 	  1 	 99%	 5.0	    	    	    	    	    	    	    	    	    	    
[2026-04-14 17:03:32.136]  17:23:19	7.38	 042	 129	36.3	 25 	  1 	 99%	 5.0	    	    	    	    	    	    	    	    	    	    
[2026-04-14 17:03:38.106]  17:23:25	7.38	 042	 125	36.3	 25 	  1 	 99%	 5.0	    	    	    	    	    	    	    	    	    	    
[2026-04-14 17:03:44.100]  17:23:30	7.38	 041	 121	36.3	 25 	  1 	 98%	 5.0	    	    	    	    	    	    	    	    	    	    
[2026-04-14 17:03:50.061]  17:23:36	7.38	 041	 119	36.4	 25 	  1 	 98%	 5.0	    	    	    	    	    	    	    	    	    	    
[2026-04-14 17:03:56.040]  17:23:42	7.38	 041	 118	36.4	 25 	  1 	 98%	 5.0	    	    	    	    	    	    	    	    	    	    
[2026-04-14 17:04:02.019]  17:23:48	7.38	 041	 117	36.4	 25 	  0 	 98%	 5.1	    	    	    	    	    	    	    	    	    	    
[2026-04-14 17:04:07.991]  17:23:54	7.38	 041	 116	36.4	 25 	  1 	 98%	 5.1	    	    	    	    	    	    	    	    	    	    
[2026-04-14 17:04:13.983]  17:24:00	7.39	 041	 114	36.4	 25 	  1 	 98%	 5.1	    	    	    	    	    	    	    	    	    	    
[2026-04-14 17:04:19.942]  17:24:06	7.38	 041	 113	36.4	 25 	  1 	 98%	 5.0	    	    	    	    	    	    	    	    	    	    
[2026-04-14 17:04:25.919]  17:24:12	7.39	 041	 113	36.4	 25 	  1 	 98%	 5.0	    	    	    	    	    	    	    	    	    	    
[2026-04-14 17:04:31.903]  17:24:18	7.39	 041	 113	36.4	 25 	  1 	 98%	 5.0	    	    	    	    	    	    	    	    	    	    
[2026-04-14 17:04:37.867]  17:24:24	7.39	 041	 113	36.4	 25 	  0 	 98%	 5.0	    	    	    	    	    	    	    	    	    	    
[2026-04-14 17:04:43.868]  17:24:30	7.39	 041	 114	36.4	 25 	  0 	 98%	 5.0	    	    	    	    	    	    	    	    	    	    
[2026-04-14 17:04:49.821]  17:24:36	7.39	 041	 114	36.4	 25 	  0 	 98%	 5.1	    	    	    	    	    	    	    	    	    	    
[2026-04-14 17:04:55.811]  17:24:42	7.39	 041	 114	36.3	 25 	  0 	 98%	 5.1	    	    	    	    	    	    	    	    	    	    
[2026-04-14 17:05:01.773]  17:24:48	7.39	 041	 114	36.3	 25 	  0 	 98%	 5.1	    	    	    	    	    	    	    	    	    	    
[2026-04-14 17:05:07.750]  17:24:54	7.39	 041	 115	36.4	 25 	  0 	 98%	 5.1	    	    	    	    	    	    	    	    	    	    
[2026-04-14 17:05:13.763]          	    	ARTERIAL 	 	  	    	    	    	    	    	    	    	  	    VENOUS
[2026-04-14 17:05:13.779]   Time   	 pH 	 CO2	  O2	TEMP	HCO3	 BE 	cSO2	 K+ 	 VO2	  Q 	 BSA	 pH 	 CO2	  O2	TEMP	 SO2	 HCT	 HGB
[2026-04-14 17:05:13.810] 
[2026-04-14 17:05:13.810]  17:25:00	7.39	 041	 121	36.4	 25 	  0 	 98%	 5.0	    	    	    	    	    	    	    	    	    	    
[2026-04-14 17:05:19.703]  17:25:06	7.39	 041	 127	36.4	 25 	  0 	 99%	 5.0	    	    	    	    	    	    	    	    	    	    
[2026-04-14 17:05:25.679]  17:25:12	7.39	 041	 132	36.4	 25 	  0 	 99%	 5.0	    	    	    	    	    	    	    	    	    	    
[2026-04-14 17:05:31.658]  17:25:18	7.39	 041	 135	36.4	 25 	  0 	 99%	 5.1	    	    	    	    	    	    	    	    	    	    
[2026-04-14 17:05:37.641]  17:25:24	7.39	 041	 138	36.4	 25 	  0 	 99%	 5.1	    	    	    	    	    	    	    	    	    	    
[2026-04-14 17:05:43.618]  17:25:30	7.39	 041	 139	36.4	 25 	  0 	 99%	 5.1	    	    	    	    	    	    	    	    	    	    
[2026-04-14 17:05:49.590]  17:25:36	7.39	 041	 139	36.4	 25 	  0 	 99%	 5.0	    	    	    	    	    	    	    	    	    	    
[2026-04-14 17:05:55.582]  17:25:42	7.39	 041	 139	36.4	 25 	  0 	 99%	 5.0	    	    	    	    	    	    	    	    	    	    
[2026-04-14 17:06:01.543]  17:25:48	7.39	 041	 139	36.4	 25 	  0 	 99%	 5.0	    	    	    	    	    	    	    	    	    	    
[2026-04-14 17:06:07.521]  17:25:54	7.39	 041	 138	36.4	 25 	  0 	 99%	 5.0	    	    	    	    	    	    	    	    	    	    
[2026-04-14 17:06:13.505]  17:26:00	7.39	 041	 139	36.4	 25 	  0 	 99%	 5.1	    	    	    	    	    	    	    	    	    	    
[2026-04-14 17:06:19.469]  17:26:06	7.39	 041	 140	36.4	 25 	  0 	 99%	 5.1	    	    	    	    	    	    	    	    	    	    
[2026-04-14 17:06:25.454]  17:26:12	7.39	 040	 141	36.4	 25 	  0 	 99%	 5.1	    	    	    	    	    	    	    	    	    	    
[2026-04-14 17:06:31.430]  17:26:18	7.39	 040	 142	36.4	 25 	  0 	 99%	 5.0	    	    	    	    	    	    	    	    	    	    
[2026-04-14 17:06:37.407]  17:26:24	7.39	 040	 142	36.4	 25 	  0 	 99%	 5.0	    	    	    	    	    	    	    	    	    	    
[2026-04-14 17:06:43.388]  17:26:30	7.39	 040	 142	36.4	 25 	  0 	 99%	 5.0	    	    	    	    	    	    	    	    	    	    
[2026-04-14 17:06:49.357]  17:26:36	7.39	 040	 141	36.4	 25 	  0 	 99%	 5.0	    	    	    	    	    	    	    	    	    	    
[2026-04-14 17:06:55.337]  17:26:42	7.39	 040	 141	36.4	 25 	  0 	 99%	 5.0	    	    	    	    	    	    	    	    	    	    
[2026-04-14 17:07:01.305]  17:26:48	7.39	 040	 140	36.4	 25 	  0 	 99%	 5.0	    	    	    	    	    	    	    	    	    	    
[2026-04-14 17:07:07.284]  17:26:54	7.39	 040	 141	36.4	 25 	  0 	 99%	 5.0	    	    	    	    	    	    	    	    	    	    
[2026-04-14 17:07:13.267]  17:27:00	7.39	 040	 141	36.4	 25 	  0 	 99%	 5.0	    	    	    	    	    	    	    	    	    	    
[2026-04-14 17:07:19.242]  17:27:06	7.39	 040	 142	36.4	 25 	  0 	 99%	 5.1	    	    	    	    	    	    	    	    	    	    
[2026-04-14 17:07:25.210]  17:27:12	7.39	 040	 142	36.4	 25 	  0 	 99%	 5.1	    	    	    	    	    	    	    	    	    	    
[2026-04-14 17:07:31.199]  17:27:18	7.39	 040	 142	36.4	 25 	  0 	 99%	 5.1	    	    	    	    	    	    	    	    	    	    
[2026-04-14 17:07:37.207]  17:27:24	7.39	 040	 142	36.4	 25 	  0 	 99%	 5.1	    	    	    	    	    	    	    	    	    	    
[2026-04-14 17:07:43.153]  17:27:30	7.39	 040	 142	36.4	 25 	  0 	 99%	 5.1	    	    	    	    	    	    	    	    	    	    
[2026-04-14 17:07:49.122]  17:27:36	7.39	 040	 142	36.4	 25 	  0 	 99%	 5.1	    	    	    	    	    	    	    	    	    	    
[2026-04-14 17:07:55.089]  17:27:42	7.39	 040	 142	36.4	 25 	  0 	 99%	 5.1	    	    	    	    	    	    	    	    	    	    
[2026-04-14 17:08:01.082]  17:27:48	7.39	 040	 142	36.4	 25 	  0 	 99%	 5.0	    	    	    	    	    	    	    	    	    	    
[2026-04-14 17:08:07.051]  17:27:54	7.39	 040	 142	36.4	 25 	  0 	 99%	 5.0	    	    	    	    	    	    	    	    	    	    
[2026-04-14 17:08:13.030]  17:28:00	7.39	 040	 143	36.4	 25 	  0 	 99%	 5.0	    	    	    	    	    	    	    	    	    	    
[2026-04-14 17:08:18.999]  17:28:06	7.39	 040	 142	36.4	 25 	  0 	 99%	 5.0	    	    	    	    	    	    	    	    	    	    
[2026-04-14 17:08:24.969]  17:28:12	7.39	 040	 141	36.4	 25 	  0 	 99%	 5.0	    	    	    	    	    	    	    	    	    	    
[2026-04-14 17:08:30.962]  17:28:18	7.39	 040	 141	36.4	 25 	  0 	 99%	 5.0	    	    	    	    	    	    	    	    	    	    
[2026-04-14 17:08:36.926]  17:28:24	7.39	 040	 140	36.4	 25 	  0 	 99%	 5.0	    	    	    	    	    	    	    	    	    	    
[2026-04-14 17:08:42.924]  17:28:30	7.39	 040	 140	36.4	 25 	  0 	 99%	 5.0	    	    	    	    	    	    	    	    	    	    
[2026-04-14 17:08:48.886]  17:28:36	7.39	 040	 140	36.4	 25 	  0 	 99%	 5.1	    	    	    	    	    	    	    	    	    	    
[2026-04-14 17:08:54.851]  17:28:42	7.39	 040	 139	36.4	 25 	  0 	 99%	 5.1	    	    	    	    	    	    	    	    	    	    
[2026-04-14 17:09:00.829]  17:28:48	7.39	 040	 139	36.4	 25 	  0 	 99%	 5.1	    	    	    	    	    	    	    	    	    	    
[2026-04-14 17:09:06.808]  17:28:54	7.39	 040	 141	36.4	 25 	  0 	 99%	 5.1	    	    	    	    	    	    	    	    	    	    
[2026-04-14 17:09:12.787]  17:29:00	7.39	 040	 141	36.4	 25 	  0 	 99%	 5.1	    	    	    	    	    	    	    	    	    	    
[2026-04-14 17:09:18.761]  17:29:05	7.39	 040	 141	36.4	 25 	  0 	 99%	 5.1	    	    	    	    	    	    	    	    	    	    
[2026-04-14 17:09:24.732]  17:29:11	7.39	 040	 140	36.4	 25 	  0 	 99%	 5.1	    	    	    	    	    	    	    	    	    	    
[2026-04-14 17:09:30.718]  17:29:17	7.39	 040	 140	36.4	 25 	  0 	 99%	 5.0	    	    	    	    	    	    	    	    	    	    
[2026-04-14 17:09:36.703]  17:29:23	7.39	 040	 140	36.4	 25 	  0 	 99%	 5.0	    	    	    	    	    	    	    	    	    	    
[2026-04-14 17:09:42.712]  17:29:29	7.39	 040	 140	36.4	 24 	  0 	 99%	 5.0	    	    	    	    	    	    	    	    	    	    
[2026-04-14 17:09:48.650]  17:29:35	7.39	 040	 140	36.4	 24 	  0 	 99%	 5.0	    	    	    	    	    	    	    	    	    	    
[2026-04-14 17:09:54.625]  17:29:41	7.39	 040	 140	36.4	 24 	  0 	 99%	 5.0	    	    	    	    	    	    	    	    	    	    
[2026-04-14 17:10:00.596]  17:29:47	7.39	 040	 140	36.4	 24 	  0 	 99%	 5.0	    	    	    	    	    	    	    	    	    	    
[2026-04-14 17:10:06.590]  17:29:53	7.39	 040	 141	36.4	 24 	  0 	 99%	 5.0	    	    	    	    	    	    	    	    	    	    
[2026-04-14 17:10:12.550]          	    	ARTERIAL 	 	  	    	    	    	    	    	    	    	  	    VENOUS
[2026-04-14 17:10:12.566]   Time   	 pH 	 CO2	  O2	TEMP	HCO3	 BE 	cSO2	 K+ 	 VO2	  Q 	 BSA	 pH 	 CO2	  O2	TEMP	 SO2	 HCT	 HGB
[2026-04-14 17:10:12.597] 
[2026-04-14 17:10:12.597]  17:29:59	7.39	 040	 141	36.4	 24 	  0 	 99%	 5.0	    	    	    	    	    	    	    	    	    	    
[2026-04-14 17:10:18.520]  17:30:05	7.39	 040	 140	36.4	 24 	  0 	 99%	 5.0	    	    	    	    	    	    	    	    	    	    
[2026-04-14 17:10:24.504]  17:30:11	7.39	 040	 141	36.4	 24 	  0 	 99%	 5.0	    	    	    	    	    	    	    	    	    	    
[2026-04-14 17:10:30.484]  17:30:17	7.39	 040	 141	36.4	 24 	  0 	 99%	 5.0	    	    	    	    	    	    	    	    	    	    
[2026-04-14 17:10:36.454]  17:30:23	7.39	 040	 141	36.4	 24 	  0 	 99%	 5.0	    	    	    	    	    	    	    	    	    	    
[2026-04-14 17:10:42.443]  17:30:29	7.39	 040	 142	36.4	 24 	  0 	 99%	 5.0	    	    	    	    	    	    	    	    	    	    
[2026-04-14 17:10:48.419]  17:30:35	7.39	 040	 141	36.4	 24 	  0 	 99%	 5.0	    	    	    	    	    	    	    	    	    	    
[2026-04-14 17:10:54.382]  17:30:41	7.39	 040	 141	36.4	 24 	  0 	 99%	 5.0	    	    	    	    	    	    	    	    	    	    
[2026-04-14 17:11:00.353]  17:30:46	7.39	 040	 140	36.4	 24 	  0 	 99%	 5.0	    	    	    	    	    	    	    	    	    	    
[2026-04-14 17:11:06.332]  17:30:52	7.39	 040	 140	36.4	 24 	  0 	 99%	 5.0	    	    	    	    	    	    	    	    	    	    
[2026-04-14 17:11:12.317]  17:30:58	7.39	 040	 140	36.4	 24 	  0 	 99%	 5.0	    	    	    	    	    	    	    	    	    	    
[2026-04-14 17:11:18.333]  17:31:04	7.39	 040	 139	36.4	 24 	  0 	 99%	 5.0	    	    	    	    	    	    	    	    	    	    
[2026-04-14 17:11:24.258]  17:31:10	7.39	 040	 138	36.4	 24 	  0 	 99%	 5.0	    	    	    	    	    	    	    	    	    	    
[2026-04-14 17:11:30.243]  17:31:16	7.39	 040	 138	36.4	 24 	  0 	 99%	 5.0	    	    	    	    	    	    	    	    	    	    
[2026-04-14 17:11:36.221]  17:31:22	7.39	 040	 138	36.4	 24 	  0 	 99%	 5.0	    	    	    	    	    	    	    	    	    	    
[2026-04-14 17:11:42.207]  17:31:28	7.39	 040	 138	36.4	 24 	  0 	 99%	 5.0	    	    	    	    	    	    	    	    	    	    
[2026-04-14 17:11:48.176]  17:31:34	7.39	 040	 138	36.4	 24 	  0 	 99%	 5.0	    	    	    	    	    	    	    	    	    	    
[2026-04-14 17:11:54.145]  17:31:40	7.39	 040	 139	36.4	 24 	  0 	 99%	 5.0	    	    	    	    	    	    	    	    	    	    
[2026-04-14 17:12:00.138]  17:31:46	7.39	 040	 139	36.4	 24 	  0 	 99%	 5.0	    	    	    	    	    	    	    	    	    	    
[2026-04-14 17:12:06.099]  17:31:52	7.39	 040	 139	36.4	 24 	  0 	 99%	 5.0	    	    	    	    	    	    	    	    	    	    
[2026-04-14 17:12:12.075]  17:31:58	7.39	 040	 140	36.4	 24 	  0 	 99%	 5.0	    	    	    	    	    	    	    	    	    	    
[2026-04-14 17:12:18.046]  17:32:04	7.39	 040	 140	36.4	 24 	  0 	 99%	 5.0	    	    	    	    	    	    	    	    	    	    
[2026-04-14 17:12:24.031]  17:32:10	7.39	 040	 139	36.4	 24 	  0 	 99%	 5.0	    	    	    	    	    	    	    	    	    	    
[2026-04-14 17:12:30.010]  17:32:16	7.39	 040	 139	36.4	 24 	  0 	 99%	 5.0	    	    	    	    	    	    	    	    	    	    
[2026-04-14 17:12:35.982]  17:32:22	7.39	 040	 138	36.4	 24 	  0 	 99%	 5.0	    	    	    	    	    	    	    	    	    	    
[2026-04-14 17:12:41.976]  17:32:28	7.39	 040	 138	36.4	 24 	  0 	 99%	 5.0	    	    	    	    	    	    	    	    	    	    
[2026-04-14 17:12:47.931]  17:32:34	7.39	 040	 139	36.4	 24 	  0 	 99%	 5.0	    	    	    	    	    	    	    	    	    	    
[2026-04-14 17:12:53.912]  17:32:40	7.39	 040	 140	36.4	 24 	  0 	 99%	 5.0	    	    	    	    	    	    	    	    	    	    
[2026-04-14 17:12:59.883]  17:32:46	7.39	 040	 140	36.4	 24 	  0 	 99%	 5.0	    	    	    	    	    	    	    	    	    	    
[2026-04-14 17:13:05.862]  17:32:52	7.39	 040	 141	36.4	 24 	  0 	 99%	 5.0	    	    	    	    	    	    	    	    	    	    
[2026-04-14 17:13:11.858]  17:32:58	7.39	 040	 141	36.4	 24 	  0 	 99%	 5.0	    	    	    	    	    	    	    	    	    	    
[2026-04-14 17:13:17.817]  17:33:04	7.39	 040	 141	36.4	 24 	  0 	 99%	 5.0	    	    	    	    	    	    	    	    	    	    
[2026-04-14 17:13:23.808]  17:33:10	7.39	 039	 141	36.4	 24 	  0 	 99%	 5.0	    	    	    	    	    	    	    	    	    	    
[2026-04-14 17:13:29.766]  17:33:16	7.39	 039	 140	36.4	 24 	  0 	 99%	 5.0	    	    	    	    	    	    	    	    	    	    
[2026-04-14 17:13:35.752]  17:33:22	7.39	 039	 140	36.4	 24 	  0 	 99%	 5.0	    	    	    	    	    	    	    	    	    	    
[2026-04-14 17:13:41.727]  17:33:28	7.39	 039	 139	36.4	 24 	  0 	 99%	 5.1	    	    	    	    	    	    	    	    	    	    
[2026-04-14 17:13:47.704]  17:33:34	7.39	 040	 139	36.4	 24 	  0 	 99%	 5.1	    	    	    	    	    	    	    	    	    	    
[2026-04-14 17:13:53.674]  17:33:40	7.39	 040	 139	36.4	 24 	  0 	 99%	 5.1	    	    	    	    	    	    	    	    	    	    
[2026-04-14 17:13:59.653]  17:33:46	7.39	 039	 139	36.4	 24 	  0 	 99%	 5.1	    	    	    	    	    	    	    	    	    	    
[2026-04-14 17:14:05.632]  17:33:52	7.39	 040	 138	36.4	 24 	  0 	 99%	 5.1	    	    	    	    	    	    	    	    	    	    
[2026-04-14 17:14:11.604]  17:33:58	7.39	 040	 137	36.4	 24 	  0 	 99%	 5.1	    	    	    	    	    	    	    	    	    	    
[2026-04-14 17:14:17.574]  17:34:04	7.39	 040	 136	36.4	 24 	  0 	 99%	 5.1	    	    	    	    	    	    	    	    	    	    
[2026-04-14 17:14:23.549]  17:34:10	7.39	 040	 135	36.4	 24 	  0 	 99%	 5.1	    	    	    	    	    	    	    	    	    	    
[2026-04-14 17:14:29.535]  17:34:16	7.39	 040	 135	36.4	 24 	  0 	 99%	 5.1	    	    	    	    	    	    	    	    	    	    
[2026-04-14 17:14:35.520]  17:34:22	7.39	 040	 136	36.4	 24 	  0 	 99%	 5.1	    	    	    	    	    	    	    	    	    	    
[2026-04-14 17:14:41.505]  17:34:28	7.39	 040	 136	36.4	 24 	  0 	 99%	 5.1	    	    	    	    	    	    	    	    	    	    
[2026-04-14 17:14:47.468]  17:34:34	7.39	 040	 136	36.4	 24 	  0 	 99%	 5.1	    	    	    	    	    	    	    	    	    	    
[2026-04-14 17:14:53.445]  17:34:40	7.39	 040	 136	36.4	 24 	  0 	 99%	 5.1	    	    	    	    	    	    	    	    	    	    
[2026-04-14 17:14:59.421]  17:34:46	7.39	 040	 136	36.4	 24 	  0 	 99%	 5.1	    	    	    	    	    	    	    	    	    	    
[2026-04-14 17:15:05.391]  17:34:52	7.39	 040	 136	36.4	 24 	  0 	 99%	 5.1	    	    	    	    	    	    	    	    	    	    
[2026-04-14 17:15:11.359]          	    	ARTERIAL 	 	  	    	    	    	    	    	    	    	  	    VENOUS
[2026-04-14 17:15:11.390]   Time   	 pH 	 CO2	  O2	TEMP	HCO3	 BE 	cSO2	 K+ 	 VO2	  Q 	 BSA	 pH 	 CO2	  O2	TEMP	 SO2	 HCT	 HGB
[2026-04-14 17:15:11.406] 
[2026-04-14 17:15:11.406]  17:34:57	7.39	 040	 135	36.4	 24 	  0 	 99%	 5.1	    	    	    	    	    	    	    	    	    	    
[2026-04-14 17:15:17.338]  17:35:03	7.39	 040	 135	36.4	 24 	  0 	 99%	 5.1	    	    	    	    	    	    	    	    	    	    
[2026-04-14 17:15:23.324]  17:35:09	7.39	 040	 136	36.4	 24 	  0 	 99%	 5.1	    	    	    	    	    	    	    	    	    	    
[2026-04-14 17:15:29.299]  17:35:15	7.39	 040	 136	36.4	 24 	  0 	 99%	 5.1	    	    	    	    	    	    	    	    	    	    
[2026-04-14 17:15:35.280]  17:35:21	7.39	 040	 136	36.4	 24 	  0 	 99%	 5.1	    	    	    	    	    	    	    	    	    	    
[2026-04-14 17:15:41.263]  17:35:27	7.39	 040	 136	36.4	 24 	  0 	 99%	 5.1	    	    	    	    	    	    	    	    	    	    
[2026-04-14 17:15:47.217]  17:35:33	7.39	 040	 135	36.4	 24 	  0 	 99%	 5.1	    	    	    	    	    	    	    	    	    	    
[2026-04-14 17:15:53.202]  17:35:39	7.39	 040	 134	36.4	 24 	  0 	 99%	 5.1	    	    	    	    	    	    	    	    	    	    
[2026-04-14 17:15:59.173]  17:35:45	7.39	 040	 134	36.4	 24 	  0 	 99%	 5.1	    	    	    	    	    	    	    	    	    	    
[2026-04-14 17:16:05.151]  17:35:51	7.39	 040	 134	36.4	 24 	  0 	 99%	 5.1	    	    	    	    	    	    	    	    	    	    
[2026-04-14 17:16:11.136]  17:35:57	7.39	 040	 134	36.4	 24 	  0 	 99%	 5.1	    	    	    	    	    	    	    	    	    	    
[2026-04-14 17:16:17.110]  17:36:03	7.39	 040	 133	36.4	 24 	  0 	 99%	 5.1	    	    	    	    	    	    	    	    	    	    
[2026-04-14 17:16:23.079]  17:36:09	7.39	 040	 134	36.4	 24 	  0 	 99%	 5.1	    	    	    	    	    	    	    	    	    	    
[2026-04-14 17:16:29.059]  17:36:15	7.39	 040	 134	36.4	 24 	  0 	 99%	 5.1	    	    	    	    	    	    	    	    	    	    
[2026-04-14 17:16:35.038]  17:36:21	7.39	 040	 134	36.4	 24 	  0 	 99%	 5.1	    	    	    	    	    	    	    	    	    	    
[2026-04-14 17:16:41.019]  17:36:27	7.39	 040	 135	36.4	 24 	  0 	 99%	 5.2	    	    	    	    	    	    	    	    	    	    
[2026-04-14 17:16:46.993]  17:36:33	7.39	 040	 135	36.4	 24 	  0 	 99%	 5.2	    	    	    	    	    	    	    	    	    	    
[2026-04-14 17:16:52.972]  17:36:39	7.39	 040	 135	36.4	 24 	  0 	 99%	 5.2	    	    	    	    	    	    	    	    	    	    
[2026-04-14 17:16:58.949]  17:36:45	7.39	 040	 135	36.4	 24 	  0 	 99%	 5.2	    	    	    	    	    	    	    	    	    	    
[2026-04-14 17:17:04.925]  17:36:51	7.39	 040	 135	36.4	 24 	  0 	 99%	 5.2	    	    	    	    	    	    	    	    	    	    
[2026-04-14 17:17:10.901]  17:36:57	7.39	 040	 135	36.4	 24 	  0 	 99%	 5.2	    	    	    	    	    	    	    	    	    	    
[2026-04-14 17:17:16.864]  17:37:03	7.39	 040	 134	36.4	 24 	  0 	 99%	 5.2	    	    	    	    	    	    	    	    	    	    
[2026-04-14 17:17:22.844]  17:37:09	7.39	 040	 134	36.4	 24 	  0 	 99%	 5.2	    	    	    	    	    	    	    	    	    	    
[2026-04-14 17:17:28.829]  17:37:15	7.39	 040	 134	36.4	 24 	  0 	 99%	 5.2	    	    	    	    	    	    	    	    	    	    
[2026-04-14 17:17:34.800]  17:37:21	7.39	 040	 133	36.4	 24 	  0 	 99%	 5.2	    	    	    	    	    	    	    	    	    	    
[2026-04-14 17:17:40.792]  17:37:27	7.39	 040	 133	36.4	 24 	 -0 	 99%	 5.2	    	    	    	    	    	    	    	    	    	    
[2026-04-14 17:17:46.760]  17:37:33	7.39	 039	 135	36.4	 24 	 -0 	 99%	 5.1	    	    	    	    	    	    	    	    	    	    
[2026-04-14 17:17:52.735]  17:37:39	7.39	 039	 136	36.4	 24 	 -0 	 99%	 5.1	    	    	    	    	    	    	    	    	    	    
[2026-04-14 17:17:58.720]  17:37:45	7.39	 039	 135	36.4	 24 	 -0 	 99%	 5.1	    	    	    	    	    	    	    	    	    	    
[2026-04-14 17:18:04.681]  17:37:51	7.39	 039	 135	36.4	 24 	 -0 	 99%	 5.1	    	    	    	    	    	    	    	    	    	    
[2026-04-14 17:18:10.656]  17:37:57	7.39	 040	 134	36.4	 24 	 -0 	 99%	 5.1	    	    	    	    	    	    	    	    	    	    
[2026-04-14 17:18:16.642]  17:38:03	7.39	 040	 134	36.4	 24 	 -0 	 99%	 5.1	    	    	    	    	    	    	    	    	    	    
[2026-04-14 17:18:22.611]  17:38:09	7.39	 040	 134	36.4	 24 	 -0 	 99%	 5.1	    	    	    	    	    	    	    	    	    	    
[2026-04-14 17:18:28.593]  17:38:14	7.39	 040	 134	36.4	 24 	 -0 	 99%	 5.1	    	    	    	    	    	    	    	    	    	    
[2026-04-14 17:18:34.559]  17:38:20	7.39	 040	 134	36.4	 24 	 -0 	 99%	 5.1	    	    	    	    	    	    	    	    	    	    
[2026-04-14 17:18:40.558]  17:38:26	7.39	 040	 134	36.4	 24 	 -0 	 99%	 5.1	    	    	    	    	    	    	    	    	    	    
[2026-04-14 17:18:46.519]  17:38:32	7.39	 040	 135	36.4	 24 	 -0 	 99%	 5.1	    	    	    	    	    	    	    	    	    	    
[2026-04-14 17:18:52.497]  17:38:38	7.39	 039	 135	36.4	 24 	 -0 	 99%	 5.1	    	    	    	    	    	    	    	    	    	    
[2026-04-14 17:18:58.514]  17:38:44	7.39	 040	 135	36.4	 24 	 -0 	 99%	 5.1	    	    	    	    	    	    	    	    	    	    
[2026-04-14 17:19:04.446]  17:38:50	7.39	 040	 135	36.4	 24 	 -0 	 99%	 5.1	    	    	    	    	    	    	    	    	    	    
[2026-04-14 17:19:10.430]  17:38:56	7.39	 040	 134	36.4	 24 	 -0 	 99%	 5.1	    	    	    	    	    	    	    	    	    	    
[2026-04-14 17:19:16.395]  17:39:02	7.39	 040	 134	36.4	 24 	 -0 	 99%	 5.1	    	    	    	    	    	    	    	    	    	    
[2026-04-14 17:19:22.382]  17:39:08	7.39	 040	 134	36.4	 24 	 -0 	 99%	 5.1	    	    	    	    	    	    	    	    	    	    
[2026-04-14 17:19:28.343]  17:39:14	7.39	 040	 133	36.4	 24 	 -0 	 99%	 5.1	    	    	    	    	    	    	    	    	    	    
[2026-04-14 17:19:34.328]  17:39:20	7.39	 040	 133	36.4	 24 	 -0 	 99%	 5.1	    	    	    	    	    	    	    	    	    	    
[2026-04-14 17:19:40.322]  17:39:26	7.39	 040	 133	36.4	 24 	 -0 	 99%	 5.1	    	    	    	    	    	    	    	    	    	    
[2026-04-14 17:19:46.277]  17:39:32	7.39	 040	 133	36.4	 24 	 -0 	 99%	 5.1	    	    	    	    	    	    	    	    	    	    
[2026-04-14 17:19:52.258]  17:39:38	7.39	 040	 133	36.4	 24 	 -0 	 99%	 5.1	    	    	    	    	    	    	    	    	    	    
[2026-04-14 17:19:58.227]  17:39:44	7.39	 040	 133	36.4	 24 	 -0 	 99%	 5.1	    	    	    	    	    	    	    	    	    	    
[2026-04-14 17:20:04.214]  17:39:50	7.39	 040	 133	36.4	 24 	 -0 	 99%	 5.1	    	    	    	    	    	    	    	    	    	    
[2026-04-14 17:20:10.174]          	    	ARTERIAL 	 	  	    	    	    	    	    	    	    	  	    VENOUS
[2026-04-14 17:20:10.205]   Time   	 pH 	 CO2	  O2	TEMP	HCO3	 BE 	cSO2	 K+ 	 VO2	  Q 	 BSA	 pH 	 CO2	  O2	TEMP	 SO2	 HCT	 HGB
[2026-04-14 17:20:10.228] 
[2026-04-14 17:20:10.228]  17:39:56	7.39	 040	 133	36.4	 24 	 -0 	 99%	 5.1	    	    	    	    	    	    	    	    	    	    
[2026-04-14 17:20:16.154]  17:40:02	7.39	 040	 132	36.4	 24 	 -0 	 99%	 5.1	    	    	    	    	    	    	    	    	    	    
[2026-04-14 17:20:22.142]  17:40:08	7.39	 040	 132	36.4	 24 	 -0 	 99%	 5.1	    	    	    	    	    	    	    	    	    	    
[2026-04-14 17:20:28.116]  17:40:14	7.39	 040	 133	36.4	 24 	 -0 	 99%	 5.1	    	    	    	    	    	    	    	    	    	    
[2026-04-14 17:20:34.093]  17:40:20	7.39	 039	 134	36.3	 24 	 -0 	 99%	 5.1	    	    	    	    	    	    	    	    	    	    
[2026-04-14 17:20:40.074]  17:40:26	7.39	 039	 134	36.3	 24 	 -0 	 99%	 5.0	    	    	    	    	    	    	    	    	    	    
[2026-04-14 17:20:46.054]  17:40:32	7.39	 039	 134	36.4	 24 	 -0 	 99%	 5.0	    	    	    	    	    	    	    	    	    	    
[2026-04-14 17:20:52.019]  17:40:38	7.39	 039	 133	36.4	 24 	 -0 	 99%	 5.0	    	    	    	    	    	    	    	    	    	    
[2026-04-14 17:20:57.989]  17:40:44	7.39	 040	 132	36.4	 24 	 -0 	 99%	 5.1	    	    	    	    	    	    	    	    	    	    
[2026-04-14 17:21:03.969]  17:40:50	7.39	 040	 131	36.4	 24 	 -0 	 99%	 5.1	    	    	    	    	    	    	    	    	    	    
[2026-04-14 17:21:09.950]  17:40:56	7.39	 040	 131	36.4	 24 	 -0 	 99%	 5.1	    	    	    	    	    	    	    	    	    	    
[2026-04-14 17:21:15.921]  17:41:02	7.39	 040	 131	36.4	 24 	 -0 	 99%	 5.1	    	    	    	    	    	    	    	    	    	    
[2026-04-14 17:21:21.904]  17:41:08	7.39	 040	 131	36.4	 24 	 -0 	 99%	 5.1	    	    	    	    	    	    	    	    	    	    
[2026-04-14 17:21:25.568] Recalibration Adjustment
[2026-04-14 17:21:25.568] o17:41:11	7.38	 044	 117	36.1	 27 	  2 	 98%	 4.7	    	    	    	    	    	    	    	    	    	    
[2026-04-14 17:21:27.874]  17:41:14	7.39	 040	 130	36.4	 24 	 -0 	 99%	 5.1	    	    	    	    	    	    	    	    	    	    
[2026-04-14 17:21:33.870]  17:41:20	7.39	 040	 130	36.4	 24 	 -0 	 99%	 5.1	    	    	    	    	    	    	    	    	    	    
[2026-04-14 17:21:39.840]  17:41:26	7.39	 040	 130	36.4	 24 	 -0 	 99%	 5.1	    	    	    	    	    	    	    	    	    	    
[2026-04-14 17:21:45.802]  17:41:32	7.39	 040	 130	36.4	 24 	 -0 	 99%	 5.1	    	    	    	    	    	    	    	    	    	    
[2026-04-14 17:21:51.788]  17:41:38	7.39	 040	 130	36.4	 24 	 -0 	 99%	 5.1	    	    	    	    	    	    	    	    	    	    
[2026-04-14 17:21:57.772]  17:41:44	7.39	 040	 130	36.4	 24 	 -0 	 99%	 5.1	    	    	    	    	    	    	    	    	    	    
[2026-04-14 17:22:03.734]  17:41:50	7.39	 040	 131	36.4	 24 	 -0 	 99%	 5.1	    	    	    	    	    	    	    	    	    	    
[2026-04-14 17:22:09.717]  17:41:56	7.39	 040	 131	36.4	 24 	 -0 	 99%	 5.1	    	    	    	    	    	    	    	    	    	    
[2026-04-14 17:22:15.691]  17:42:02	7.39	 040	 132	36.4	 24 	 -0 	 99%	 5.1	    	    	    	    	    	    	    	    	    	    
[2026-04-14 17:22:21.667]  17:42:08	7.39	 040	 132	36.4	 24 	 -0 	 99%	 5.1	    	    	    	    	    	    	    	    	    	    
[2026-04-14 17:22:27.654]  17:42:14	7.39	 040	 132	36.4	 24 	 -0 	 99%	 5.1	    	    	    	    	    	    	    	    	    	    
[2026-04-14 17:22:33.625]  17:42:20	7.39	 040	 133	36.4	 24 	 -0 	 99%	 5.1	    	    	    	    	    	    	    	    	    	    
[2026-04-14 17:22:39.603]  17:42:26	7.39	 039	 133	36.4	 24 	 -0 	 99%	 5.0	    	    	    	    	    	    	    	    	    	    
[2026-04-14 17:22:45.579]  17:42:32	7.39	 039	 132	36.4	 24 	 -0 	 99%	 5.0	    	    	    	    	    	    	    	    	    	    
[2026-04-14 17:22:51.549]  17:42:38	7.38	 039	 131	36.4	 24 	 -0 	 99%	 5.0	    	    	    	    	    	    	    	    	    	    
[2026-04-14 17:22:57.525]  17:42:44	7.38	 040	 131	36.4	 24 	 -0 	 99%	 5.1	    	    	    	    	    	    	    	    	    	    
[2026-04-14 17:23:03.504]  17:42:50	7.39	 040	 131	36.4	 24 	 -0 	 99%	 5.1	    	    	    	    	    	    	    	    	    	    
[2026-04-14 17:23:09.483]  17:42:56	7.39	 040	 131	36.4	 24 	 -0 	 99%	 5.1	    	    	    	    	    	    	    	    	    	    
[2026-04-14 17:23:15.452]  17:43:02	7.39	 040	 132	36.4	 24 	 -0 	 99%	 5.1	    	    	    	    	    	    	    	    	    	    
[2026-04-14 17:23:21.439]  17:43:08	7.39	 040	 132	36.4	 24 	 -0 	 99%	 5.1	    	    	    	    	    	    	    	    	    	    
[2026-04-14 17:23:27.400]  17:43:14	7.39	 040	 132	36.4	 24 	 -0 	 99%	 5.1	    	    	    	    	    	    	    	    	    	    
[2026-04-14 17:23:33.385]  17:43:20	7.39	 040	 132	36.4	 24 	 -0 	 99%	 5.1	    	    	    	    	    	    	    	    	    	    
[2026-04-14 17:23:39.369]  17:43:26	7.39	 040	 131	36.4	 24 	 -0 	 99%	 5.1	    	    	    	    	    	    	    	    	    	    
[2026-04-14 17:23:40.319] S17:43:26	7.39	 040	 131	36.4	 24 	 -0 	 99%	 5.1	    	    	    	    	    	    	    	    	    	    
[2026-04-14 17:23:45.327]  17:43:32	7.39	 040	 131	36.4	 24 	 -0 	 99%	 5.1	    	    	    	    	    	    	    	    	    	    
[2026-04-14 17:23:51.302]  17:43:38	7.38	 040	 130	36.4	 24 	 -0 	 99%	 5.1	    	    	    	    	    	    	    	    	    	    
[2026-04-14 17:23:57.281]  17:43:44	7.39	 040	 129	36.4	 24 	 -0 	 99%	 5.1	    	    	    	    	    	    	    	    	    	    
[2026-04-14 17:24:03.261]  17:43:50	7.39	 040	 129	36.4	 24 	 -0 	 99%	 5.1	    	    	    	    	    	    	    	    	    	    
[2026-04-14 17:24:09.244]  17:43:56	7.38	 040	 129	36.4	 24 	 -0 	 99%	 5.1	    	    	    	    	    	    	    	    	    	    
[2026-04-14 17:24:15.222]  17:44:02	7.38	 040	 129	36.4	 24 	 -0 	 99%	 5.1	    	    	    	    	    	    	    	    	    	    
[2026-04-14 17:24:21.191]  17:44:08	7.38	 040	 130	36.1	 24 	 -0 	 99%	 5.1	    	    	    	    	    	    	    	    	    	    
[2026-04-14 17:24:27.172]  17:44:14	7.38	 040	 132	35.8	 24 	 -0 	 99%	 5.0	    	    	    	    	    	    	    	    	    	    
[2026-04-14 17:24:33.159]  17:44:20	7.38	 040	 133	35.5	 24 	 -1 	 99%	 5.1	    	    	    	    	    	    	    	    	    	    
[2026-04-14 17:24:39.136]  17:44:26	7.38	 040	 131	35.8	 24 	 -1 	 99%	 5.2	    	    	    	    	    	    	    	    	    	    
[2026-04-14 17:24:45.106]  17:44:32	7.38	 040	 126	36.2	 24 	 -0 	 99%	 5.3	    	    	    	    	    	    	    	    	    	    
[2026-04-14 17:24:51.069]  17:44:38	7.38	 040	 126	36.3	 24 	 -0 	 99%	 5.1	    	    	    	    	    	    	    	    	    	    
[2026-04-14 17:24:57.037]          	    	ARTERIAL 	 	  	    	    	    	    	    	    	    	  	    VENOUS
[2026-04-14 17:24:57.069]   Time   	 pH 	 CO2	  O2	TEMP	HCO3	 BE 	cSO2	 K+ 	 VO2	  Q 	 BSA	 pH 	 CO2	  O2	TEMP	 SO2	 HCT	 HGB
[2026-04-14 17:24:57.084] 
[2026-04-14 17:24:57.084]  17:44:43	7.38	 040	 127	36.3	 24 	 -0 	 99%	 5.1	    	    	    	    	    	    	    	    	    	    
[2026-04-14 17:25:03.024]  17:44:49	7.38	 040	 127	36.3	 24 	 -0 	 99%	 5.1	    	    	    	    	    	    	    	    	    	    
[2026-04-14 17:25:09.000]  17:44:55	7.38	 040	 128	36.3	 24 	 -0 	 99%	 5.1	    	    	    	    	    	    	    	    	    	    
[2026-04-14 17:25:14.976]  17:45:01	7.38	 040	 128	36.3	 24 	 -0 	 99%	 5.1	    	    	    	    	    	    	    	    	    	    
[2026-04-14 17:25:20.954]  17:45:07	7.38	 040	 128	36.3	 24 	 -0 	 99%	 5.1	    	    	    	    	    	    	    	    	    	    
[2026-04-14 17:25:26.925]  17:45:13	7.38	 040	 128	36.4	 24 	 -0 	 99%	 5.1	    	    	    	    	    	    	    	    	    	    
[2026-04-14 17:25:32.903]  17:45:19	7.38	 040	 128	36.4	 24 	 -0 	 99%	 5.1	    	    	    	    	    	    	    	    	    	    
[2026-04-14 17:25:38.887]  17:45:25	7.38	 040	 129	36.4	 24 	 -0 	 99%	 5.1	    	    	    	    	    	    	    	    	    	    
[2026-04-14 17:25:44.853]  17:45:31	7.38	 040	 128	36.4	 24 	 -0 	 99%	 5.1	    	    	    	    	    	    	    	    	    	    
[2026-04-14 17:25:50.834]  17:45:37	7.38	 040	 128	36.4	 24 	 -0 	 99%	 5.1	    	    	    	    	    	    	    	    	    	    
[2026-04-14 17:25:56.819]  17:45:43	7.38	 040	 127	36.4	 24 	 -0 	 99%	 5.1	    	    	    	    	    	    	    	    	    	    
[2026-04-14 17:26:02.794]  17:45:49	7.38	 040	 127	36.4	 24 	 -0 	 99%	 5.1	    	    	    	    	    	    	    	    	    	    
[2026-04-14 17:26:08.764]  17:45:55	7.38	 040	 128	36.4	 24 	 -0 	 99%	 5.1	    	    	    	    	    	    	    	    	    	    
[2026-04-14 17:26:14.737]  17:46:01	7.38	 040	 128	36.4	 24 	 -0 	 99%	 5.1	    	    	    	    	    	    	    	    	    	    
[2026-04-14 17:26:20.715]  17:46:07	7.38	 040	 128	36.4	 24 	 -0 	 99%	 5.1	    	    	    	    	    	    	    	    	    	    
[2026-04-14 17:26:26.712]  17:46:13	7.38	 040	 128	36.4	 24 	 -0 	 99%	 5.1	    	    	    	    	    	    	    	    	    	    
[2026-04-14 17:26:32.667]  17:46:19	7.38	 040	 129	36.3	 24 	 -0 	 99%	 5.1	    	    	    	    	    	    	    	    	    	    
[2026-04-14 17:26:38.658]  17:46:25	7.38	 040	 129	36.3	 24 	 -1 	 99%	 5.1	    	    	    	    	    	    	    	    	    	    
[2026-04-14 17:26:44.619]  17:46:31	7.38	 040	 129	36.3	 24 	 -1 	 99%	 5.1	    	    	    	    	    	    	    	    	    	    
[2026-04-14 17:26:50.603]  17:46:37	7.38	 040	 128	36.3	 24 	 -1 	 99%	 5.1	    	    	    	    	    	    	    	    	    	    
[2026-04-14 17:26:56.407]  17:46:43	7.38	 040	 127	36.4	 24 	 -1 	 99%	 5.1	    	    	    	    	    	    	    	    	    	    
[2026-04-14 17:27:02.384]  17:46:49	7.38	 040	 126	36.4	 24 	 -0 	 99%	 5.1	    	    	    	    	    	    	    	    	    	    
[2026-04-14 17:27:08.361]  17:46:55	7.38	 040	 127	36.3	 24 	 -0 	 99%	 5.1	    	    	    	    	    	    	    	    	    	    
[2026-04-14 17:27:14.325]  17:47:01	7.38	 040	 128	36.3	 24 	 -1 	 99%	 5.1	    	    	    	    	    	    	    	    	    	    
[2026-04-14 17:27:20.296]  17:47:07	7.38	 040	 128	36.3	 24 	 -1 	 99%	 5.1	    	    	    	    	    	    	    	    	    	    
[2026-04-14 17:27:26.274]  17:47:13	7.38	 040	 128	36.3	 24 	 -1 	 99%	 5.1	    	    	    	    	    	    	    	    	    	    
[2026-04-14 17:27:32.256]  17:47:19	7.38	 040	 126	36.3	 24 	 -1 	 99%	 5.1	    	    	    	    	    	    	    	    	    	    
[2026-04-14 17:27:38.241]  17:47:25	7.38	 040	 126	36.4	 24 	 -1 	 99%	 5.1	    	    	    	    	    	    	    	    	    	    
[2026-04-14 17:27:44.214]  17:47:31	7.38	 040	 126	36.4	 24 	 -1 	 99%	 5.1	    	    	    	    	    	    	    	    	    	    
[2026-04-14 17:27:47.516] Recalibration Adjustment
[2026-04-14 17:27:47.539] o17:47:33	7.38	 038	 150	36.4	 24 	 -0 	 99%	 4.3	    	    	    	    	    	    	    	    	    	    
[2026-04-14 17:27:50.358]  17:47:36	7.37	 038	 144	36.4	 23 	 -2 	 99%	 4.3	    	    	    	    	    	    	    	    	    	    
[2026-04-14 17:27:56.355]  17:47:42	7.37	 038	 143	36.4	 23 	 -2 	 99%	 4.3	    	    	    	    	    	    	    	    	    	    
[2026-04-14 17:28:02.348]  17:47:48	7.37	 038	 143	36.4	 23 	 -2 	 99%	 4.3	    	    	    	    	    	    	    	    	    	    
[2026-04-14 17:28:08.297]  17:47:54	7.37	 038	 142	36.4	 23 	 -2 	 99%	 4.3	    	    	    	    	    	    	    	    	    	    
[2026-04-14 17:28:14.267]  17:48:00	7.37	 038	 141	36.4	 23 	 -2 	 99%	 4.3	    	    	    	    	    	    	    	    	    	    
[2026-04-14 17:28:20.242]  17:48:06	7.37	 038	 142	36.4	 23 	 -2 	 99%	 4.3	    	    	    	    	    	    	    	    	    	    
[2026-04-14 17:28:26.221]  17:48:12	7.37	 038	 141	36.4	 23 	 -2 	 99%	 4.3	    	    	    	    	    	    	    	    	    	    
[2026-04-14 17:28:32.202]  17:48:18	7.37	 038	 142	36.4	 23 	 -2 	 99%	 4.3	    	    	    	    	    	    	    	    	    	    
[2026-04-14 17:28:38.187]  17:48:24	7.37	 038	 144	36.3	 23 	 -2 	 99%	 4.3	    	    	    	    	    	    	    	    	    	    
[2026-04-14 17:28:44.147]  17:48:30	7.37	 038	 144	36.4	 23 	 -2 	 99%	 4.3	    	    	    	    	    	    	    	    	    	    
[2026-04-14 17:28:50.177]  17:48:36	7.37	 038	 143	36.4	 22 	 -2 	 99%	 4.3	    	    	    	    	    	    	    	    	    	    
[2026-04-14 17:28:56.106]  17:48:42	7.37	 038	 143	36.3	 23 	 -2 	 99%	 4.3	    	    	    	    	    	    	    	    	    	    
[2026-04-14 17:29:02.075]  17:48:48	7.37	 038	 143	36.3	 23 	 -2 	 99%	 4.3	    	    	    	    	    	    	    	    	    	    
[2026-04-14 17:29:08.060]  17:48:54	7.37	 038	 142	36.3	 23 	 -2 	 99%	 4.3	    	    	    	    	    	    	    	    	    	    
[2026-04-14 17:29:14.036]  17:49:00	7.37	 038	 144	36.4	 23 	 -2 	 99%	 4.3	    	    	    	    	    	    	    	    	    	    
[2026-04-14 17:29:20.001]  17:49:06	7.37	 038	 146	36.3	 22 	 -2 	 99%	 4.3	    	    	    	    	    	    	    	    	    	    
[2026-04-14 17:29:25.991]  17:49:12	7.37	 038	 146	36.3	 22 	 -2 	 99%	 4.3	    	    	    	    	    	    	    	    	    	    
[2026-04-14 17:29:31.968]  17:49:18	7.37	 038	 147	36.3	 22 	 -2 	 99%	 4.2	    	    	    	    	    	    	    	    	    	    
[2026-04-14 17:29:37.954]  17:49:24	7.37	 038	 146	36.3	 22 	 -2 	 99%	 4.3	    	    	    	    	    	    	    	    	    	    
[2026-04-14 17:29:43.917]  17:49:30	7.37	 038	 145	36.3	 22 	 -2 	 99%	 4.3	    	    	    	    	    	    	    	    	    	    
[2026-04-14 17:29:49.881]          	    	ARTERIAL 	 	  	    	    	    	    	    	    	    	  	    VENOUS
[2026-04-14 17:29:49.897]   Time   	 pH 	 CO2	  O2	TEMP	HCO3	 BE 	cSO2	 K+ 	 VO2	  Q 	 BSA	 pH 	 CO2	  O2	TEMP	 SO2	 HCT	 HGB
[2026-04-14 17:29:49.928] 
[2026-04-14 17:29:49.928]  17:49:36	7.37	 038	 146	36.3	 22 	 -2 	 99%	 4.2	    	    	    	    	    	    	    	    	    	    
[2026-04-14 17:29:55.872]  17:49:42	7.37	 038	 145	36.3	 22 	 -2 	 99%	 4.3	    	    	    	    	    	    	    	    	    	    
[2026-04-14 17:30:01.848]  17:49:48	7.37	 038	 144	36.3	 22 	 -2 	 99%	 4.2	    	    	    	    	    	    	    	    	    	    
[2026-04-14 17:30:07.818]  17:49:54	7.37	 038	 143	36.3	 22 	 -2 	 99%	 4.2	    	    	    	    	    	    	    	    	    	    
[2026-04-14 17:30:13.802]  17:50:00	7.37	 038	 143	36.3	 22 	 -2 	 99%	 4.3	    	    	    	    	    	    	    	    	    	    
[2026-04-14 17:30:19.772]  17:50:06	7.37	 038	 142	36.3	 22 	 -2 	 99%	 4.3	    	    	    	    	    	    	    	    	    	    
[2026-04-14 17:30:25.751]  17:50:12	7.37	 038	 142	36.3	 22 	 -2 	 99%	 4.3	    	    	    	    	    	    	    	    	    	    
[2026-04-14 17:30:31.731]  17:50:18	7.37	 038	 143	36.4	 22 	 -2 	 99%	 4.3	    	    	    	    	    	    	    	    	    	    
[2026-04-14 17:30:37.711]  17:50:24	7.37	 038	 143	36.4	 22 	 -2 	 99%	 4.3	    	    	    	    	    	    	    	    	    	    
[2026-04-14 17:30:43.691]  17:50:30	7.37	 038	 143	36.4	 22 	 -2 	 99%	 4.3	    	    	    	    	    	    	    	    	    	    
[2026-04-14 17:30:49.650]  17:50:36	7.37	 038	 143	36.4	 22 	 -2 	 99%	 4.3	    	    	    	    	    	    	    	    	    	    
[2026-04-14 17:30:55.634]  17:50:42	7.37	 038	 143	36.4	 22 	 -2 	 99%	 4.3	    	    	    	    	    	    	    	    	    	    
[2026-04-14 17:31:01.602]  17:50:48	7.37	 038	 142	36.4	 22 	 -2 	 99%	 4.3	    	    	    	    	    	    	    	    	    	    
[2026-04-14 17:31:07.588]  17:50:54	7.37	 038	 142	36.4	 22 	 -2 	 99%	 4.3	    	    	    	    	    	    	    	    	    	    
[2026-04-14 17:31:13.566]  17:51:00	7.37	 038	 142	36.4	 23 	 -2 	 99%	 4.3	    	    	    	    	    	    	    	    	    	    
[2026-04-14 17:31:19.535]  17:51:06	7.37	 038	 141	36.4	 22 	 -2 	 99%	 4.3	    	    	    	    	    	    	    	    	    	    
[2026-04-14 17:31:25.514]  17:51:12	7.37	 038	 141	36.3	 22 	 -2 	 99%	 4.3	    	    	    	    	    	    	    	    	    	    
[2026-04-14 17:31:31.497]  17:51:18	7.37	 038	 140	36.4	 22 	 -2 	 99%	 4.3	    	    	    	    	    	    	    	    	    	    
[2026-04-14 17:31:37.483]  17:51:24	7.37	 038	 140	36.4	 23 	 -2 	 99%	 4.3	    	    	    	    	    	    	    	    	    	    
[2026-04-14 17:31:43.446]  17:51:30	7.37	 038	 140	36.4	 23 	 -2 	 99%	 4.3	    	    	    	    	    	    	    	    	    	    
[2026-04-14 17:31:49.421]  17:51:36	7.37	 038	 139	36.4	 23 	 -2 	 99%	 4.3	    	    	    	    	    	    	    	    	    	    
[2026-04-14 17:31:55.396]  17:51:42	7.37	 039	 138	36.4	 23 	 -2 	 99%	 4.3	    	    	    	    	    	    	    	    	    	    
[2026-04-14 17:32:01.366]  17:51:47	7.37	 039	 138	36.4	 23 	 -2 	 99%	 4.3	    	    	    	    	    	    	    	    	    	    
[2026-04-14 17:32:07.368]  17:51:53	7.37	 039	 138	36.4	 23 	 -2 	 99%	 4.3	    	    	    	    	    	    	    	    	    	    
[2026-04-14 17:32:13.321]  17:51:59	7.37	 039	 138	36.4	 23 	 -2 	 99%	 4.3	    	    	    	    	    	    	    	    	    	    
[2026-04-14 17:32:19.301]  17:52:05	7.37	 039	 138	36.4	 23 	 -2 	 99%	 4.3	    	    	    	    	    	    	    	    	    	    
[2026-04-14 17:32:25.277]  17:52:11	7.37	 039	 138	36.4	 23 	 -2 	 99%	 4.3	    	    	    	    	    	    	    	    	    	    
[2026-04-14 17:32:31.247]  17:52:17	7.37	 039	 138	36.4	 23 	 -2 	 99%	 4.3	    	    	    	    	    	    	    	    	    	    
[2026-04-14 17:32:37.247]  17:52:23	7.37	 039	 136	36.4	 23 	 -2 	 99%	 4.3	    	    	    	    	    	    	    	    	    	    
[2026-04-14 17:32:43.209]  17:52:29	7.37	 039	 135	36.4	 23 	 -2 	 99%	 4.3	    	    	    	    	    	    	    	    	    	    
[2026-04-14 17:32:49.188]  17:52:35	7.37	 039	 134	36.4	 23 	 -2 	 99%	 4.3	    	    	    	    	    	    	    	    	    	    
[2026-04-14 17:32:55.163]  17:52:41	7.37	 039	 134	36.4	 23 	 -2 	 99%	 4.3	    	    	    	    	    	    	    	    	    	    
[2026-04-14 17:33:01.138]  17:52:47	7.37	 039	 136	36.4	 23 	 -2 	 99%	 4.4	    	    	    	    	    	    	    	    	    	    
[2026-04-14 17:33:07.106]  17:52:53	7.37	 039	 137	36.4	 23 	 -2 	 99%	 4.3	    	    	    	    	    	    	    	    	    	    
[2026-04-14 17:33:13.091]  17:52:59	7.37	 039	 138	36.4	 23 	 -2 	 99%	 4.3	    	    	    	    	    	    	    	    	    	    
[2026-04-14 17:33:19.062]  17:53:05	7.37	 039	 139	36.4	 23 	 -2 	 99%	 4.3	    	    	    	    	    	    	    	    	    	    
[2026-04-14 17:33:25.038]  17:53:11	7.37	 039	 139	36.4	 23 	 -2 	 99%	 4.3	    	    	    	    	    	    	    	    	    	    
[2026-04-14 17:33:31.014]  17:53:17	7.37	 039	 138	36.4	 23 	 -2 	 99%	 4.3	    	    	    	    	    	    	    	    	    	    
[2026-04-14 17:33:37.010]  17:53:23	7.37	 039	 138	36.4	 23 	 -2 	 99%	 4.3	    	    	    	    	    	    	    	    	    	    
[2026-04-14 17:33:42.973]  17:53:29	7.37	 039	 138	36.4	 22 	 -2 	 99%	 4.3	    	    	    	    	    	    	    	    	    	    
[2026-04-14 17:33:48.942]  17:53:35	7.37	 039	 138	36.4	 22 	 -2 	 99%	 4.3	    	    	    	    	    	    	    	    	    	    
[2026-04-14 17:33:54.917]  17:53:41	7.37	 039	 138	36.4	 22 	 -2 	 99%	 4.3	    	    	    	    	    	    	    	    	    	    
[2026-04-14 17:34:00.913]  17:53:47	7.37	 039	 138	36.4	 22 	 -2 	 99%	 4.3	    	    	    	    	    	    	    	    	    	    
[2026-04-14 17:34:06.909]  17:53:53	7.36	 039	 138	36.4	 22 	 -2 	 99%	 4.3	    	    	    	    	    	    	    	    	    	    
[2026-04-14 17:34:12.857]  17:53:59	7.36	 039	 138	36.4	 22 	 -2 	 99%	 4.3	    	    	    	    	    	    	    	    	    	    
[2026-04-14 17:34:18.824]  17:54:05	7.37	 039	 137	36.4	 22 	 -2 	 99%	 4.3	    	    	    	    	    	    	    	    	    	    
[2026-04-14 17:34:24.811]  17:54:11	7.36	 039	 137	36.4	 22 	 -2 	 99%	 4.3	    	    	    	    	    	    	    	    	    	    
[2026-04-14 17:34:30.791]  17:54:17	7.36	 039	 137	36.4	 22 	 -2 	 99%	 4.3	    	    	    	    	    	    	    	    	    	    
[2026-04-14 17:34:36.774]  17:54:23	7.36	 039	 137	36.4	 22 	 -2 	 99%	 4.3	    	    	    	    	    	    	    	    	    	    
[2026-04-14 17:34:42.736]  17:54:29	7.36	 039	 137	36.4	 22 	 -2 	 99%	 4.3	    	    	    	    	    	    	    	    	    	    
[2026-04-14 17:34:48.701]          	    	ARTERIAL 	 	  	    	    	    	    	    	    	    	  	    VENOUS
[2026-04-14 17:34:48.716]   Time   	 pH 	 CO2	  O2	TEMP	HCO3	 BE 	cSO2	 K+ 	 VO2	  Q 	 BSA	 pH 	 CO2	  O2	TEMP	 SO2	 HCT	 HGB
[2026-04-14 17:34:48.747] 
[2026-04-14 17:34:48.747]  17:54:34	7.36	 039	 136	36.4	 22 	 -2 	 99%	 4.3	    	    	    	    	    	    	    	    	    	    
[2026-04-14 17:34:54.692]  17:54:40	7.36	 039	 136	36.4	 22 	 -2 	 99%	 4.3	    	    	    	    	    	    	    	    	    	    
[2026-04-14 17:35:00.664]  17:54:46	7.36	 039	 136	36.4	 22 	 -2 	 99%	 4.3	    	    	    	    	    	    	    	    	    	    
[2026-04-14 17:35:06.647]  17:54:52	7.36	 039	 136	36.4	 22 	 -2 	 99%	 4.3	    	    	    	    	    	    	    	    	    	    
[2026-04-14 17:35:12.611]  17:54:58	7.36	 039	 136	36.4	 22 	 -2 	 99%	 4.3	    	    	    	    	    	    	    	    	    	    
[2026-04-14 17:35:18.595]  17:55:04	7.36	 039	 135	36.4	 22 	 -2 	 99%	 4.3	    	    	    	    	    	    	    	    	    	    
[2026-04-14 17:35:24.574]  17:55:10	7.36	 039	 135	36.4	 22 	 -2 	 99%	 4.3	    	    	    	    	    	    	    	    	    	    
[2026-04-14 17:35:30.551]  17:55:16	7.36	 039	 135	36.4	 22 	 -2 	 99%	 4.3	    	    	    	    	    	    	    	    	    	    
[2026-04-14 17:35:36.528]  17:55:22	7.36	 039	 134	36.4	 22 	 -2 	 99%	 4.3	    	    	    	    	    	    	    	    	    	    
[2026-04-14 17:35:42.544]  17:55:28	7.36	 039	 134	36.4	 22 	 -2 	 99%	 4.3	    	    	    	    	    	    	    	    	    	    
[2026-04-14 17:35:48.478]  17:55:34	7.36	 039	 135	36.4	 22 	 -2 	 99%	 4.3	    	    	    	    	    	    	    	    	    	    
[2026-04-14 17:35:54.448]  17:55:40	7.36	 039	 135	36.4	 22 	 -2 	 99%	 4.3	    	    	    	    	    	    	    	    	    	    
[2026-04-14 17:36:00.425]  17:55:46	7.36	 039	 136	36.4	 22 	 -2 	 99%	 4.3	    	    	    	    	    	    	    	    	    	    
[2026-04-14 17:36:06.400]  17:55:52	7.36	 039	 136	36.4	 22 	 -2 	 99%	 4.3	    	    	    	    	    	    	    	    	    	    
[2026-04-14 17:36:12.386]  17:55:58	7.36	 039	 135	36.4	 22 	 -2 	 99%	 4.3	    	    	    	    	    	    	    	    	    	    
[2026-04-14 17:36:18.361]  17:56:04	7.36	 039	 135	36.4	 22 	 -2 	 99%	 4.3	    	    	    	    	    	    	    	    	    	    
[2026-04-14 17:36:24.329]  17:56:10	7.36	 039	 135	36.5	 22 	 -2 	 99%	 4.3	    	    	    	    	    	    	    	    	    	    
[2026-04-14 17:36:30.307]  17:56:16	7.36	 039	 135	36.5	 22 	 -2 	 99%	 4.3	    	    	    	    	    	    	    	    	    	    
[2026-04-14 17:36:36.292]  17:56:22	7.36	 039	 135	36.4	 22 	 -2 	 99%	 4.3	    	    	    	    	    	    	    	    	    	    
[2026-04-14 17:36:42.270]  17:56:28	7.36	 039	 136	36.4	 22 	 -2 	 99%	 4.3	    	    	    	    	    	    	    	    	    	    
[2026-04-14 17:36:48.239]  17:56:34	7.36	 039	 136	36.4	 22 	 -2 	 99%	 4.3	    	    	    	    	    	    	    	    	    	    
[2026-04-14 17:36:54.222]  17:56:40	7.36	 039	 137	36.4	 22 	 -2 	 99%	 4.3	    	    	    	    	    	    	    	    	    	    
[2026-04-14 17:37:00.196]  17:56:46	7.36	 039	 135	36.5	 22 	 -2 	 99%	 4.3	    	    	    	    	    	    	    	    	    	    
[2026-04-14 17:37:06.165]  17:56:52	7.36	 040	 118	36.5	 23 	 -2 	 98%	 4.3	    	    	    	    	    	    	    	    	    	    
[2026-04-14 17:37:12.149]  17:56:58	7.35	 042	 102	36.5	 23 	 -2 	 97%	 4.3	    	    	    	    	    	    	    	    	    	    
[2026-04-14 17:37:18.129]  17:57:04	7.34	 042	 102	36.5	 23 	 -2 	 97%	 4.3	    	    	    	    	    	    	    	    	    	    
[2026-04-14 17:37:24.097]  17:57:10	7.35	 042	 113	36.5	 23 	 -2 	 98%	 4.3	    	    	    	    	    	    	    	    	    	    
[2026-04-14 17:37:30.065]  17:57:16	7.35	 042	 125	36.5	 23 	 -2 	 98%	 4.3	    	    	    	    	    	    	    	    	    	    
[2026-04-14 17:37:36.050]  17:57:22	7.35	 041	 137	36.5	 23 	 -2 	 99%	 4.3	    	    	    	    	    	    	    	    	    	    
[2026-04-14 17:37:42.016]  17:57:28	7.35	 041	 149	36.5	 23 	 -2 	 99%	 4.3	    	    	    	    	    	    	    	    	    	    
[2026-04-14 17:37:48.006]  17:57:34	7.35	 041	 161	36.5	 23 	 -2 	 99%	 4.3	    	    	    	    	    	    	    	    	    	    
[2026-04-14 17:37:53.982]  17:57:40	7.35	 041	 171	36.5	 23 	 -2 	 99%	 4.3	    	    	    	    	    	    	    	    	    	    
[2026-04-14 17:37:59.952]  17:57:46	7.35	 041	 179	36.5	 23 	 -2 	 99%	 4.3	    	    	    	    	    	    	    	    	    	    
[2026-04-14 17:38:05.928]  17:57:52	7.35	 041	 186	36.5	 23 	 -2 	 99%	 4.4	    	    	    	    	    	    	    	    	    	    
[2026-04-14 17:38:11.902]  17:57:58	7.35	 041	 192	36.4	 23 	 -2 	 99%	 4.4	    	    	    	    	    	    	    	    	    	    
[2026-04-14 17:38:17.877]  17:58:04	7.35	 041	 199	36.4	 23 	 -2 	 99%	 4.4	    	    	    	    	    	    	    	    	    	    
[2026-04-14 17:38:23.863]  17:58:10	7.35	 041	 204	36.4	 23 	 -2 	 99%	 4.4	    	    	    	    	    	    	    	    	    	    
[2026-04-14 17:38:29.844]  17:58:16	7.35	 041	 209	36.4	 23 	 -2 	100%	 4.4	    	    	    	    	    	    	    	    	    	    
[2026-04-14 17:38:35.823]  17:58:22	7.35	 041	 213	36.4	 23 	 -2 	100%	 4.4	    	    	    	    	    	    	    	    	    	    
[2026-04-14 17:38:41.794]  17:58:28	7.35	 040	 218	36.4	 23 	 -2 	100%	 4.3	    	    	    	    	    	    	    	    	    	    
[2026-04-14 17:38:47.762]  17:58:34	7.35	 040	 222	36.4	 23 	 -2 	100%	 4.3	    	    	    	    	    	    	    	    	    	    
[2026-04-14 17:38:53.740]  17:58:40	7.35	 040	 224	36.4	 23 	 -2 	100%	 4.3	    	    	    	    	    	    	    	    	    	    
[2026-04-14 17:38:59.738]  17:58:46	7.35	 040	 225	36.4	 23 	 -2 	100%	 4.3	    	    	    	    	    	    	    	    	    	    
[2026-04-14 17:39:05.706]  17:58:52	7.35	 040	 225	36.4	 23 	 -2 	100%	 4.3	    	    	    	    	    	    	    	    	    	    
[2026-04-14 17:39:11.682]  17:58:58	7.36	 040	 228	36.4	 23 	 -2 	100%	 4.3	    	    	    	    	    	    	    	    	    	    
[2026-04-14 17:39:17.646]  17:59:04	7.36	 040	 231	36.4	 23 	 -2 	100%	 4.3	    	    	    	    	    	    	    	    	    	    
[2026-04-14 17:39:23.664]  17:59:10	7.36	 040	 232	36.4	 23 	 -2 	100%	 4.3	    	    	    	    	    	    	    	    	    	    
[2026-04-14 17:39:29.610]  17:59:16	7.36	 040	 234	36.4	 23 	 -2 	100%	 4.3	    	    	    	    	    	    	    	    	    	    
[2026-04-14 17:39:35.589]  17:59:22	7.36	 040	 235	36.4	 23 	 -2 	100%	 4.3	    	    	    	    	    	    	    	    	    	    
[2026-04-14 17:39:41.557]  17:59:28	7.36	 040	 235	36.4	 23 	 -2 	100%	 4.3	    	    	    	    	    	    	    	    	    	    
[2026-04-14 17:39:47.516]          	    	ARTERIAL 	 	  	    	    	    	    	    	    	    	  	    VENOUS
[2026-04-14 17:39:47.547]   Time   	 pH 	 CO2	  O2	TEMP	HCO3	 BE 	cSO2	 K+ 	 VO2	  Q 	 BSA	 pH 	 CO2	  O2	TEMP	 SO2	 HCT	 HGB
[2026-04-14 17:39:47.569] 
[2026-04-14 17:39:47.569]  17:59:34	7.36	 040	 236	36.4	 23 	 -2 	100%	 4.3	    	    	    	    	    	    	    	    	    	    
[2026-04-14 17:39:53.507]  17:59:40	7.36	 040	 234	36.4	 23 	 -2 	100%	 4.3	    	    	    	    	    	    	    	    	    	    
[2026-04-14 17:39:59.481]  17:59:46	7.36	 040	 233	36.4	 23 	 -2 	100%	 4.3	    	    	    	    	    	    	    	    	    	    
[2026-04-14 17:40:05.457]  17:59:52	7.36	 040	 233	36.4	 23 	 -2 	100%	 4.3	    	    	    	    	    	    	    	    	    	    
[2026-04-14 17:40:11.453]  17:59:58	7.36	 040	 235	36.4	 23 	 -2 	100%	 4.3	    	    	    	    	    	    	    	    	    	    
[2026-04-14 17:40:17.414]  18:00:04	7.36	 040	 236	36.4	 23 	 -2 	100%	 4.3	    	    	    	    	    	    	    	    	    	    
[2026-04-14 17:40:23.397]  18:00:10	7.36	 040	 236	36.4	 23 	 -2 	100%	 4.3	    	    	    	    	    	    	    	    	    	    
[2026-04-14 17:40:29.373]  18:00:16	7.36	 040	 239	36.4	 23 	 -2 	100%	 4.3	    	    	    	    	    	    	    	    	    	    
[2026-04-14 17:40:35.359]  18:00:22	7.36	 040	 241	36.4	 23 	 -2 	100%	 4.3	    	    	    	    	    	    	    	    	    	    
[2026-04-14 17:40:41.322]  18:00:28	7.36	 040	 241	36.4	 23 	 -2 	100%	 4.3	    	    	    	    	    	    	    	    	    	    
[2026-04-14 17:40:47.290]  18:00:34	7.36	 040	 243	36.4	 23 	 -2 	100%	 4.3	    	    	    	    	    	    	    	    	    	    
[2026-04-14 17:40:53.266]  18:00:40	7.36	 040	 247	36.4	 23 	 -2 	100%	 4.3	    	    	    	    	    	    	    	    	    	    
[2026-04-14 17:40:59.245]  18:00:46	7.36	 040	 254	36.4	 23 	 -2 	100%	 4.3	    	    	    	    	    	    	    	    	    	    
[2026-04-14 17:41:05.228]  18:00:52	7.36	 040	 255	36.5	 23 	 -2 	100%	 4.3	    	    	    	    	    	    	    	    	    	    
[2026-04-14 17:41:11.208]  18:00:58	7.36	 040	 256	36.6	 23 	 -2 	100%	 4.3	    	    	    	    	    	    	    	    	    	    
[2026-04-14 17:41:17.172]  18:01:03	7.36	 040	 259	36.6	 23 	 -2 	100%	 4.4	    	    	    	    	    	    	    	    	    	    
[2026-04-14 17:41:23.154]  18:01:09	7.36	 040	 263	36.6	 23 	 -2 	100%	 4.4	    	    	    	    	    	    	    	    	    	    
[2026-04-14 17:41:29.130]  18:01:15	7.36	 040	 270	36.6	 23 	 -2 	100%	 4.5	    	    	    	    	    	    	    	    	    	    
[2026-04-14 17:41:35.112]  18:01:21	7.36	 040	 278	36.5	 23 	 -2 	100%	 4.5	    	    	    	    	    	    	    	    	    	    
[2026-04-14 17:41:41.089]  18:01:27	7.36	 039	 283	36.5	 23 	 -2 	100%	 4.6	    	    	    	    	    	    	    	    	    	    
[2026-04-14 17:41:47.067]  18:01:33	7.37	 039	 284	36.5	 23 	 -2 	100%	 4.6	    	    	    	    	    	    	    	    	    	    
[2026-04-14 17:41:53.034]  18:01:39	7.37	 039	 284	36.5	 23 	 -2 	100%	 4.6	    	    	    	    	    	    	    	    	    	    
[2026-04-14 17:41:59.007]  18:01:45	7.37	 039	 282	36.5	 23 	 -2 	100%	 4.5	    	    	    	    	    	    	    	    	    	    
[2026-04-14 17:42:04.987]  18:01:51	7.36	 039	 279	36.5	 23 	 -2 	100%	 4.5	    	    	    	    	    	    	    	    	    	    
[2026-04-14 17:42:10.972]  18:01:57	7.36	 039	 277	36.5	 23 	 -2 	100%	 4.5	    	    	    	    	    	    	    	    	    	    
[2026-04-14 17:42:16.947]  18:02:03	7.36	 039	 274	36.5	 23 	 -2 	100%	 4.5	    	    	    	    	    	    	    	    	    	    
[2026-04-14 17:42:22.918]  18:02:09	7.36	 039	 272	36.5	 23 	 -2 	100%	 4.5	    	    	    	    	    	    	    	    	    	    
[2026-04-14 17:42:28.904]  18:02:15	7.36	 039	 270	36.5	 23 	 -2 	100%	 4.5	    	    	    	    	    	    	    	    	    	    
[2026-04-14 17:42:34.876]  18:02:21	7.36	 039	 255	36.5	 23 	 -2 	100%	 4.4	    	    	    	    	    	    	    	    	    	    
[2026-04-14 17:42:40.860]  18:02:27	7.37	 039	 245	36.5	 22 	 -2 	100%	 4.4	    	    	    	    	    	    	    	    	    	    
[2026-04-14 17:42:46.825]  18:02:33	7.37	 039	 238	36.5	 22 	 -2 	100%	 4.4	    	    	    	    	    	    	    	    	    	    
[2026-04-14 17:42:52.804]  18:02:39	7.37	 038	 231	36.5	 22 	 -2 	100%	 4.4	    	    	    	    	    	    	    	    	    	    
[2026-04-14 17:42:58.769]  18:02:45	7.37	 038	 225	36.5	 22 	 -2 	100%	 4.4	    	    	    	    	    	    	    	    	    	    
[2026-04-14 17:43:04.801]  18:02:51	7.37	 038	 220	36.5	 22 	 -2 	100%	 4.4	    	    	    	    	    	    	    	    	    	    
[2026-04-14 17:43:10.734]  18:02:57	7.37	 038	 216	36.5	 22 	 -2 	100%	 4.4	    	    	    	    	    	    	    	    	    	    
[2026-04-14 17:43:16.713]  18:03:03	7.37	 038	 214	36.5	 22 	 -2 	100%	 4.4	    	    	    	    	    	    	    	    	    	    
[2026-04-14 17:43:22.682]  18:03:09	7.37	 038	 211	36.5	 22 	 -2 	100%	 4.4	    	    	    	    	    	    	    	    	    	    
[2026-04-14 17:43:28.652]  18:03:15	7.37	 038	 209	36.5	 22 	 -2 	100%	 4.4	    	    	    	    	    	    	    	    	    	    
[2026-04-14 17:43:34.647]  18:03:21	7.37	 038	 208	36.5	 22 	 -2 	100%	 4.4	    	    	    	    	    	    	    	    	    	    
[2026-04-14 17:43:40.618]  18:03:27	7.37	 038	 207	36.5	 22 	 -2 	100%	 4.4	    	    	    	    	    	    	    	    	    	    
[2026-04-14 17:43:46.595]  18:03:33	7.37	 038	 207	36.5	 22 	 -2 	100%	 4.4	    	    	    	    	    	    	    	    	    	    
[2026-04-14 17:43:52.560]  18:03:39	7.37	 038	 207	36.5	 22 	 -2 	100%	 4.4	    	    	    	    	    	    	    	    	    	    
[2026-04-14 17:43:58.545]  18:03:45	7.37	 038	 207	36.5	 22 	 -2 	100%	 4.4	    	    	    	    	    	    	    	    	    	    
[2026-04-14 17:44:04.523]  18:03:51	7.37	 037	 207	36.5	 22 	 -2 	100%	 4.4	    	    	    	    	    	    	    	    	    	    
[2026-04-14 17:44:10.490]  18:03:57	7.37	 037	 208	36.5	 22 	 -2 	100%	 4.4	    	    	    	    	    	    	    	    	    	    
[2026-04-14 17:44:16.466]  18:04:03	7.37	 037	 209	36.5	 22 	 -2 	100%	 4.4	    	    	    	    	    	    	    	    	    	    
[2026-04-14 17:44:22.452]  18:04:09	7.37	 037	 210	36.5	 22 	 -2 	100%	 4.4	    	    	    	    	    	    	    	    	    	    
[2026-04-14 17:44:28.428]  18:04:15	7.38	 037	 211	36.5	 22 	 -2 	100%	 4.4	    	    	    	    	    	    	    	    	    	    
[2026-04-14 17:44:34.405]  18:04:21	7.38	 037	 213	36.5	 22 	 -2 	100%	 4.4	    	    	    	    	    	    	    	    	    	    
[2026-04-14 17:44:40.383]  18:04:27	7.38	 037	 215	36.5	 22 	 -2 	100%	 4.4	    	    	    	    	    	    	    	    	    	    
[2026-04-14 17:44:46.349]          	    	ARTERIAL 	 	  	    	    	    	    	    	    	    	  	    VENOUS
[2026-04-14 17:44:46.365]   Time   	 pH 	 CO2	  O2	TEMP	HCO3	 BE 	cSO2	 K+ 	 VO2	  Q 	 BSA	 pH 	 CO2	  O2	TEMP	 SO2	 HCT	 HGB
[2026-04-14 17:44:46.396] 
[2026-04-14 17:44:46.396]  18:04:33	7.38	 037	 216	36.5	 22 	 -2 	100%	 4.4	    	    	    	    	    	    	    	    	    	    
[2026-04-14 17:44:52.328]  18:04:39	7.38	 037	 218	36.5	 22 	 -2 	100%	 4.4	    	    	    	    	    	    	    	    	    	    
[2026-04-14 17:44:58.304]  18:04:45	7.38	 036	 219	36.5	 22 	 -2 	100%	 4.4	    	    	    	    	    	    	    	    	    	    
[2026-04-14 17:45:04.289]  18:04:51	7.38	 036	 220	36.5	 22 	 -2 	100%	 4.4	    	    	    	    	    	    	    	    	    	    
[2026-04-14 17:45:10.260]  18:04:57	7.38	 036	 222	36.5	 22 	 -2 	100%	 4.4	    	    	    	    	    	    	    	    	    	    
[2026-04-14 17:45:16.242]  18:05:03	7.38	 036	 223	36.5	 22 	 -2 	100%	 4.4	    	    	    	    	    	    	    	    	    	    
[2026-04-14 17:45:22.208]  18:05:09	7.38	 036	 224	36.5	 22 	 -2 	100%	 4.4	    	    	    	    	    	    	    	    	    	    
[2026-04-14 17:45:28.188]  18:05:15	7.38	 036	 225	36.5	 22 	 -2 	100%	 4.4	    	    	    	    	    	    	    	    	    	    
[2026-04-14 17:45:34.173]  18:05:21	7.38	 036	 226	36.5	 22 	 -2 	100%	 4.4	    	    	    	    	    	    	    	    	    	    
[2026-04-14 17:45:40.142]  18:05:27	7.38	 036	 227	36.5	 22 	 -2 	100%	 4.4	    	    	    	    	    	    	    	    	    	    
[2026-04-14 17:45:46.118]  18:05:33	7.38	 036	 229	36.5	 22 	 -2 	100%	 4.4	    	    	    	    	    	    	    	    	    	    
[2026-04-14 17:45:52.096]  18:05:39	7.38	 036	 230	36.5	 22 	 -2 	100%	 4.4	    	    	    	    	    	    	    	    	    	    
[2026-04-14 17:45:58.104]  18:05:45	7.38	 036	 230	36.5	 21 	 -3 	100%	 4.4	    	    	    	    	    	    	    	    	    	    
[2026-04-14 17:46:04.046]  18:05:51	7.38	 036	 231	36.5	 21 	 -3 	100%	 4.4	    	    	    	    	    	    	    	    	    	    
[2026-04-14 17:46:10.014]  18:05:57	7.38	 036	 230	36.5	 21 	 -3 	100%	 4.3	    	    	    	    	    	    	    	    	    	    
[2026-04-14 17:46:16.000]  18:06:03	7.38	 036	 230	36.5	 21 	 -3 	100%	 4.3	    	    	    	    	    	    	    	    	    	    
[2026-04-14 17:46:21.968]  18:06:08	7.38	 036	 230	36.5	 21 	 -3 	100%	 4.3	    	    	    	    	    	    	    	    	    	    
[2026-04-14 17:46:27.944]  18:06:14	7.39	 035	 231	36.5	 21 	 -3 	100%	 4.3	    	    	    	    	    	    	    	    	    	    
[2026-04-14 17:46:33.935]  18:06:20	7.39	 035	 234	36.5	 21 	 -3 	100%	 4.3	    	    	    	    	    	    	    	    	    	    
[2026-04-14 17:46:39.894]  18:06:26	7.39	 035	 235	36.5	 21 	 -3 	100%	 4.3	    	    	    	    	    	    	    	    	    	    
[2026-04-14 17:46:45.876]  18:06:32	7.39	 035	 230	36.5	 21 	 -3 	100%	 4.3	    	    	    	    	    	    	    	    	    	    
[2026-04-14 17:46:51.851]  18:06:38	7.39	 036	 223	36.5	 22 	 -2 	100%	 4.3	    	    	    	    	    	    	    	    	    	    
[2026-04-14 17:46:57.837]  18:06:44	7.38	 036	 218	36.5	 22 	 -2 	100%	 4.3	    	    	    	    	    	    	    	    	    	    
[2026-04-14 17:47:03.807]  18:06:50	7.38	 036	 216	36.5	 22 	 -2 	100%	 4.3	    	    	    	    	    	    	    	    	    	    
[2026-04-14 17:47:09.783]  18:06:56	7.38	 036	 216	36.5	 22 	 -2 	100%	 4.3	    	    	    	    	    	    	    	    	    	    
[2026-04-14 17:47:15.760]  18:07:02	7.38	 036	 216	36.5	 22 	 -2 	100%	 4.3	    	    	    	    	    	    	    	    	    	    
[2026-04-14 17:47:21.737]  18:07:08	7.39	 036	 217	36.5	 22 	 -2 	100%	 4.3	    	    	    	    	    	    	    	    	    	    
[2026-04-14 17:47:27.705]  18:07:14	7.39	 036	 216	36.5	 22 	 -2 	100%	 4.3	    	    	    	    	    	    	    	    	    	    
[2026-04-14 17:47:33.696]  18:07:20	7.39	 036	 215	36.5	 21 	 -2 	100%	 4.3	    	    	    	    	    	    	    	    	    	    
[2026-04-14 17:47:39.670]  18:07:26	7.39	 036	 215	36.5	 22 	 -2 	100%	 4.3	    	    	    	    	    	    	    	    	    	    
[2026-04-14 17:47:45.647]  18:07:32	7.39	 035	 214	36.5	 21 	 -2 	100%	 4.3	    	    	    	    	    	    	    	    	    	    
[2026-04-14 17:47:51.616]  18:07:38	7.39	 035	 215	36.5	 21 	 -2 	100%	 4.3	    	    	    	    	    	    	    	    	    	    
[2026-04-14 17:47:57.594]  18:07:44	7.39	 035	 215	36.5	 21 	 -2 	100%	 4.3	    	    	    	    	    	    	    	    	    	    
[2026-04-14 17:48:03.580]  18:07:50	7.39	 035	 215	36.5	 21 	 -2 	100%	 4.3	    	    	    	    	    	    	    	    	    	    
[2026-04-14 17:48:09.542]  18:07:56	7.39	 035	 215	36.5	 21 	 -2 	100%	 4.3	    	    	    	    	    	    	    	    	    	    
[2026-04-14 17:48:15.518]  18:08:02	7.39	 035	 215	36.5	 21 	 -2 	100%	 4.2	    	    	    	    	    	    	    	    	    	    
[2026-04-14 17:48:21.503]  18:08:08	7.39	 035	 215	36.5	 21 	 -2 	100%	 4.2	    	    	    	    	    	    	    	    	    	    
[2026-04-14 17:48:27.483]  18:08:14	7.39	 035	 216	36.4	 21 	 -2 	100%	 4.2	    	    	    	    	    	    	    	    	    	    
[2026-04-14 17:48:33.458]  18:08:20	7.39	 035	 216	36.5	 21 	 -3 	100%	 4.2	    	    	    	    	    	    	    	    	    	    
[2026-04-14 17:48:39.434]  18:08:26	7.39	 035	 216	36.4	 21 	 -3 	100%	 4.2	    	    	    	    	    	    	    	    	    	    
[2026-04-14 17:48:45.412]  18:08:32	7.39	 035	 216	36.4	 21 	 -3 	100%	 4.2	    	    	    	    	    	    	    	    	    	    
[2026-04-14 17:48:51.421]  18:08:38	7.39	 035	 217	36.4	 21 	 -3 	100%	 4.2	    	    	    	    	    	    	    	    	    	    
[2026-04-14 17:48:57.361]  18:08:44	7.39	 035	 217	36.4	 21 	 -3 	100%	 4.1	    	    	    	    	    	    	    	    	    	    
[2026-04-14 17:49:03.339]  18:08:50	7.39	 035	 217	36.4	 21 	 -3 	100%	 4.2	    	    	    	    	    	    	    	    	    	    
[2026-04-14 17:49:09.302]  18:08:56	7.39	 035	 217	36.4	 21 	 -3 	100%	 4.2	    	    	    	    	    	    	    	    	    	    
[2026-04-14 17:49:15.288]  18:09:02	7.39	 035	 217	36.5	 21 	 -3 	100%	 4.2	    	    	    	    	    	    	    	    	    	    
[2026-04-14 17:49:21.258]  18:09:08	7.39	 035	 217	36.5	 21 	 -3 	100%	 4.2	    	    	    	    	    	    	    	    	    	    
[2026-04-14 17:49:27.245]  18:09:14	7.39	 035	 217	36.4	 21 	 -3 	100%	 4.2	    	    	    	    	    	    	    	    	    	    
[2026-04-14 17:49:33.224]  18:09:20	7.39	 035	 216	36.4	 21 	 -3 	100%	 4.2	    	    	    	    	    	    	    	    	    	    
[2026-04-14 17:49:39.185]  18:09:26	7.39	 035	 216	36.5	 21 	 -3 	100%	 4.2	    	    	    	    	    	    	    	    	    	    
[2026-04-14 17:49:45.154]          	    	ARTERIAL 	 	  	    	    	    	    	    	    	    	  	    VENOUS
[2026-04-14 17:49:45.185]   Time   	 pH 	 CO2	  O2	TEMP	HCO3	 BE 	cSO2	 K+ 	 VO2	  Q 	 BSA	 pH 	 CO2	  O2	TEMP	 SO2	 HCT	 HGB
[2026-04-14 17:49:45.208] 
[2026-04-14 17:49:45.208]  18:09:32	7.39	 035	 216	36.4	 21 	 -3 	100%	 4.1	    	    	    	    	    	    	    	    	    	    
[2026-04-14 17:49:51.144]  18:09:38	7.39	 035	 216	36.4	 21 	 -3 	100%	 4.1	    	    	    	    	    	    	    	    	    	    
[2026-04-14 17:49:57.119]  18:09:44	7.39	 035	 216	36.4	 21 	 -3 	100%	 4.1	    	    	    	    	    	    	    	    	    	    
[2026-04-14 17:50:03.097]  18:09:50	7.39	 035	 219	36.4	 21 	 -3 	100%	 4.1	    	    	    	    	    	    	    	    	    	    
[2026-04-14 17:50:09.067]  18:09:56	7.39	 035	 218	36.4	 21 	 -3 	100%	 4.1	    	    	    	    	    	    	    	    	    	    
[2026-04-14 17:50:15.051]  18:10:02	7.39	 035	 214	36.4	 21 	 -3 	100%	 4.1	    	    	    	    	    	    	    	    	    	    
[2026-04-14 17:50:21.021]  18:10:08	7.39	 035	 212	36.4	 21 	 -3 	100%	 4.1	    	    	    	    	    	    	    	    	    	    
[2026-04-14 17:50:27.000]  18:10:14	7.39	 035	 211	36.4	 21 	 -3 	100%	 4.1	    	    	    	    	    	    	    	    	    	    
[2026-04-14 17:50:32.982]  18:10:20	7.39	 035	 212	36.4	 21 	 -3 	100%	 4.1	    	    	    	    	    	    	    	    	    	    
[2026-04-14 17:50:38.961]  18:10:26	7.39	 035	 212	36.4	 21 	 -3 	100%	 4.1	    	    	    	    	    	    	    	    	    	    
[2026-04-14 17:50:44.933]  18:10:32	7.39	 035	 214	36.4	 21 	 -3 	100%	 4.1	    	    	    	    	    	    	    	    	    	    
[2026-04-14 17:50:50.901]  18:10:38	7.39	 035	 215	36.1	 21 	 -3 	100%	 4.0	    	    	    	    	    	    	    	    	    	    
[2026-04-14 17:50:56.883]  18:10:44	7.39	 035	 216	35.7	 21 	 -3 	100%	 4.0	    	    	    	    	    	    	    	    	    	    
[2026-04-14 17:51:02.869]  18:10:50	7.38	 035	 216	35.6	 21 	 -3 	100%	 4.0	    	    	    	    	    	    	    	    	    	    
[2026-04-14 17:51:08.832]  18:10:56	7.39	 035	 215	36.1	 21 	 -3 	100%	 4.1	    	    	    	    	    	    	    	    	    	    
[2026-04-14 17:51:14.816]  18:11:02	7.39	 035	 214	36.2	 21 	 -3 	100%	 4.1	    	    	    	    	    	    	    	    	    	    
[2026-04-14 17:51:20.793]  18:11:08	7.39	 035	 205	36.3	 21 	 -3 	100%	 4.1	    	    	    	    	    	    	    	    	    	    
[2026-04-14 17:51:26.767]  18:11:13	7.38	 036	 183	36.3	 21 	 -3 	 99%	 4.1	    	    	    	    	    	    	    	    	    	    
[2026-04-14 17:51:32.744]  18:11:19	7.38	 036	 169	36.3	 22 	 -2 	 99%	 4.1	    	    	    	    	    	    	    	    	    	    
[2026-04-14 17:51:38.719]  18:11:25	7.38	 036	 165	36.4	 22 	 -2 	 99%	 4.1	    	    	    	    	    	    	    	    	    	    
[2026-04-14 17:51:44.694]  18:11:31	7.38	 036	 180	36.4	 22 	 -2 	 99%	 4.1	    	    	    	    	    	    	    	    	    	    
[2026-04-14 17:51:50.677]  18:11:37	7.38	 036	 195	36.3	 22 	 -2 	 99%	 4.1	    	    	    	    	    	    	    	    	    	    
[2026-04-14 17:51:56.653]  18:11:43	7.38	 037	 207	36.3	 22 	 -2 	100%	 4.1	    	    	    	    	    	    	    	    	    	    
[2026-04-14 17:52:02.624]  18:11:49	7.38	 037	 212	36.4	 22 	 -2 	100%	 4.1	    	    	    	    	    	    	    	    	    	    
[2026-04-14 17:52:08.599]  18:11:55	7.38	 037	 217	36.4	 22 	 -2 	100%	 4.1	    	    	    	    	    	    	    	    	    	    
[2026-04-14 17:52:14.578]  18:12:01	7.38	 037	 224	36.4	 22 	 -2 	100%	 4.1	    	    	    	    	    	    	    	    	    	    
[2026-04-14 17:52:20.562]  18:12:07	7.38	 037	 232	36.4	 22 	 -2 	100%	 4.1	    	    	    	    	    	    	    	    	    	    
[2026-04-14 17:52:26.534]  18:12:13	7.38	 037	 237	36.4	 22 	 -2 	100%	 4.1	    	    	    	    	    	    	    	    	    	    
[2026-04-14 17:52:32.521]  18:12:19	7.38	 037	 240	36.4	 22 	 -2 	100%	 4.1	    	    	    	    	    	    	    	    	    	    
[2026-04-14 17:52:38.483]  18:12:25	7.38	 037	 241	36.4	 22 	 -2 	100%	 4.1	    	    	    	    	    	    	    	    	    	    
[2026-04-14 17:52:44.460]  18:12:31	7.38	 037	 246	36.4	 22 	 -2 	100%	 4.1	    	    	    	    	    	    	    	    	    	    
[2026-04-14 17:52:50.434]  18:12:37	7.38	 037	 237	36.5	 22 	 -2 	100%	 4.1	    	    	    	    	    	    	    	    	    	    
[2026-04-14 17:52:56.411]  18:12:43	7.38	 037	 235	36.5	 22 	 -2 	100%	 4.1	    	    	    	    	    	    	    	    	    	    
[2026-04-14 17:53:02.388]  18:12:49	7.38	 038	 234	36.5	 22 	 -2 	100%	 4.2	    	    	    	    	    	    	    	    	    	    
[2026-04-14 17:53:08.357]  18:12:55	7.38	 038	 240	36.5	 22 	 -2 	100%	 4.2	    	    	    	    	    	    	    	    	    	    
[2026-04-14 17:53:14.342]  18:13:01	7.38	 038	 256	36.5	 22 	 -2 	100%	 4.2	    	    	    	    	    	    	    	    	    	    
[2026-04-14 17:53:20.326]  18:13:07	7.38	 037	 274	36.5	 22 	 -2 	100%	 4.2	    	    	    	    	    	    	    	    	    	    
[2026-04-14 17:53:26.302]  18:13:13	7.38	 037	 285	36.5	 22 	 -2 	100%	 4.2	    	    	    	    	    	    	    	    	    	    
[2026-04-14 17:53:32.285]  18:13:19	7.38	 037	 292	36.5	 22 	 -2 	100%	 4.2	    	    	    	    	    	    	    	    	    	    
[2026-04-14 17:53:38.255]  18:13:25	7.38	 037	 297	36.5	 22 	 -2 	100%	 4.2	    	    	    	    	    	    	    	    	    	    
[2026-04-14 17:53:44.218]  18:13:31	7.38	 037	 300	36.5	 22 	 -2 	100%	 4.2	    	    	    	    	    	    	    	    	    	    
[2026-04-14 17:53:50.203]  18:13:37	7.38	 037	 302	36.5	 22 	 -2 	100%	 4.2	    	    	    	    	    	    	    	    	    	    
[2026-04-14 17:53:56.181]  18:13:43	7.38	 037	 303	36.5	 22 	 -2 	100%	 4.2	    	    	    	    	    	    	    	    	    	    
[2026-04-14 17:54:02.148]  18:13:49	7.38	 037	 304	36.5	 22 	 -2 	100%	 4.2	    	    	    	    	    	    	    	    	    	    
[2026-04-14 17:54:08.126]  18:13:55	7.38	 037	 306	36.5	 22 	 -2 	100%	 4.2	    	    	    	    	    	    	    	    	    	    
[2026-04-14 17:54:14.099]  18:14:00	7.38	 037	 306	36.5	 22 	 -2 	100%	 4.2	    	    	    	    	    	    	    	    	    	    
[2026-04-14 17:54:20.082]  18:14:06	7.38	 037	 307	36.5	 22 	 -2 	100%	 4.2	    	    	    	    	    	    	    	    	    	    
[2026-04-14 17:54:26.059]  18:14:12	7.38	 036	 308	36.5	 22 	 -2 	100%	 4.2	    	    	    	    	    	    	    	    	    	    
[2026-04-14 17:54:32.041]  18:14:18	7.38	 036	 308	36.5	 22 	 -2 	100%	 4.2	    	    	    	    	    	    	    	    	    	    
[2026-04-14 17:54:38.009]  18:14:24	7.38	 036	 309	36.5	 22 	 -2 	100%	 4.2	    	    	    	    	    	    	    	    	    	    
[2026-04-14 17:54:43.980]          	    	ARTERIAL 	 	  	    	    	    	    	    	    	    	  	    VENOUS
[2026-04-14 17:54:44.002]   Time   	 pH 	 CO2	  O2	TEMP	HCO3	 BE 	cSO2	 K+ 	 VO2	  Q 	 BSA	 pH 	 CO2	  O2	TEMP	 SO2	 HCT	 HGB
[2026-04-14 17:54:44.034] 
[2026-04-14 17:54:44.034]  18:14:30	7.38	 036	 309	36.5	 22 	 -2 	100%	 4.2	    	    	    	    	    	    	    	    	    	    
[2026-04-14 17:54:49.958]  18:14:36	7.38	 036	 305	36.5	 22 	 -2 	100%	 4.2	    	    	    	    	    	    	    	    	    	    
[2026-04-14 17:54:55.983]  18:14:42	7.38	 036	 292	36.5	 22 	 -2 	100%	 4.2	    	    	    	    	    	    	    	    	    	    
[2026-04-14 17:55:01.911]  18:14:48	7.38	 036	 288	36.5	 22 	 -2 	100%	 4.2	    	    	    	    	    	    	    	    	    	    
[2026-04-14 17:55:07.897]  18:14:54	7.38	 036	 284	36.5	 22 	 -2 	100%	 4.2	    	    	    	    	    	    	    	    	    	    
[2026-04-14 17:55:13.866]  18:15:00	7.38	 036	 279	36.5	 22 	 -2 	100%	 4.2	    	    	    	    	    	    	    	    	    	    
[2026-04-14 17:55:19.845]  18:15:06	7.38	 036	 273	36.5	 22 	 -2 	100%	 4.2	    	    	    	    	    	    	    	    	    	    
[2026-04-14 17:55:25.825]  18:15:12	7.38	 036	 265	36.5	 22 	 -2 	100%	 4.2	    	    	    	    	    	    	    	    	    	    
[2026-04-14 17:55:31.800]  18:15:18	7.38	 036	 256	36.5	 22 	 -2 	100%	 4.2	    	    	    	    	    	    	    	    	    	    
[2026-04-14 17:55:37.776]  18:15:24	7.38	 036	 247	36.5	 22 	 -2 	100%	 4.2	    	    	    	    	    	    	    	    	    	    
[2026-04-14 17:55:43.753]  18:15:30	7.38	 037	 239	36.5	 22 	 -2 	100%	 4.2	    	    	    	    	    	    	    	    	    	    
[2026-04-14 17:55:49.730]  18:15:36	7.38	 037	 232	36.5	 22 	 -2 	100%	 4.2	    	    	    	    	    	    	    	    	    	    
[2026-04-14 17:55:55.704]  18:15:42	7.38	 037	 228	36.5	 22 	 -2 	100%	 4.2	    	    	    	    	    	    	    	    	    	    
[2026-04-14 17:56:01.683]  18:15:48	7.38	 037	 226	36.5	 22 	 -2 	100%	 4.2	    	    	    	    	    	    	    	    	    	    
[2026-04-14 17:56:07.659]  18:15:54	7.38	 037	 226	36.5	 22 	 -2 	100%	 4.2	    	    	    	    	    	    	    	    	    	    
[2026-04-14 17:56:13.629]  18:16:00	7.38	 037	 225	36.5	 22 	 -2 	100%	 4.2	    	    	    	    	    	    	    	    	    	    
[2026-04-14 17:56:19.620]  18:16:06	7.38	 037	 225	36.5	 22 	 -2 	100%	 4.2	    	    	    	    	    	    	    	    	    	    
[2026-04-14 17:56:25.578]  18:16:12	7.38	 037	 226	36.5	 22 	 -2 	100%	 4.2	    	    	    	    	    	    	    	    	    	    
[2026-04-14 17:56:31.576]  18:16:18	7.38	 037	 227	36.5	 22 	 -2 	100%	 4.2	    	    	    	    	    	    	    	    	    	    
[2026-04-14 17:56:37.545]  18:16:24	7.38	 037	 227	36.5	 22 	 -2 	100%	 4.2	    	    	    	    	    	    	    	    	    	    
[2026-04-14 17:56:43.506]  18:16:30	7.38	 037	 227	36.5	 22 	 -2 	100%	 4.2	    	    	    	    	    	    	    	    	    	    
[2026-04-14 17:56:49.485]  18:16:36	7.38	 037	 226	36.5	 22 	 -2 	100%	 4.2	    	    	    	    	    	    	    	    	    	    
[2026-04-14 17:56:55.469]  18:16:42	7.38	 037	 226	36.5	 22 	 -2 	100%	 4.2	    	    	    	    	    	    	    	    	    	    
[2026-04-14 17:57:01.454]  18:16:48	7.38	 036	 225	36.5	 22 	 -2 	100%	 4.2	    	    	    	    	    	    	    	    	    	    
[2026-04-14 17:57:07.423]  18:16:54	7.38	 036	 227	36.5	 22 	 -2 	100%	 4.2	    	    	    	    	    	    	    	    	    	    
[2026-04-14 17:57:13.400]  18:17:00	7.38	 036	 227	36.4	 22 	 -2 	100%	 4.2	    	    	    	    	    	    	    	    	    	    
[2026-04-14 17:57:19.375]  18:17:06	7.38	 037	 225	36.4	 22 	 -2 	100%	 4.2	    	    	    	    	    	    	    	    	    	    
[2026-04-14 17:57:25.343]  18:17:12	7.38	 037	 216	36.4	 22 	 -2 	100%	 4.3	    	    	    	    	    	    	    	    	    	    
[2026-04-14 17:57:31.326]  18:17:18	7.38	 037	 201	36.4	 22 	 -2 	100%	 4.2	    	    	    	    	    	    	    	    	    	    
[2026-04-14 17:57:37.297]  18:17:24	7.37	 038	 190	36.4	 22 	 -2 	 99%	 4.2	    	    	    	    	    	    	    	    	    	    
[2026-04-14 17:57:43.279]  18:17:30	7.37	 038	 182	36.4	 22 	 -2 	 99%	 4.2	    	    	    	    	    	    	    	    	    	    
[2026-04-14 17:57:49.247]  18:17:36	7.37	 038	 176	36.4	 22 	 -2 	 99%	 4.3	    	    	    	    	    	    	    	    	    	    
[2026-04-14 17:57:55.225]  18:17:42	7.37	 038	 173	36.4	 22 	 -2 	 99%	 4.3	    	    	    	    	    	    	    	    	    	    
[2026-04-14 17:58:01.206]  18:17:48	7.37	 038	 169	36.5	 22 	 -2 	 99%	 4.3	    	    	    	    	    	    	    	    	    	    
[2026-04-14 17:58:07.183]  18:17:54	7.37	 038	 167	36.5	 22 	 -2 	 99%	 4.3	    	    	    	    	    	    	    	    	    	    
[2026-04-14 17:58:13.164]  18:18:00	7.37	 038	 169	36.5	 22 	 -2 	 99%	 4.3	    	    	    	    	    	    	    	    	    	    
[2026-04-14 17:58:19.131]  18:18:06	7.37	 038	 171	36.5	 22 	 -2 	 99%	 4.3	    	    	    	    	    	    	    	    	    	    
[2026-04-14 17:58:25.121]  18:18:11	7.37	 038	 171	36.5	 22 	 -2 	 99%	 4.3	    	    	    	    	    	    	    	    	    	    
[2026-04-14 17:58:31.085]  18:18:17	7.37	 038	 170	36.5	 22 	 -2 	 99%	 4.3	    	    	    	    	    	    	    	    	    	    
[2026-04-14 17:58:37.073]  18:18:23	7.37	 038	 170	36.5	 22 	 -2 	 99%	 4.3	    	    	    	    	    	    	    	    	    	    
[2026-04-14 17:58:43.028]  18:18:29	7.37	 038	 169	36.5	 22 	 -2 	 99%	 4.3	    	    	    	    	    	    	    	    	    	    
[2026-04-14 17:58:49.010]  18:18:35	7.37	 039	 163	36.5	 22 	 -2 	 99%	 4.3	    	    	    	    	    	    	    	    	    	    
[2026-04-14 17:58:54.990]  18:18:41	7.37	 039	 159	36.6	 23 	 -2 	 99%	 4.3	    	    	    	    	    	    	    	    	    	    
[2026-04-14 17:59:00.961]  18:18:47	7.37	 039	 154	36.6	 23 	 -2 	 99%	 4.3	    	    	    	    	    	    	    	    	    	    
[2026-04-14 17:59:06.942]  18:18:53	7.37	 040	 148	36.6	 23 	 -2 	 99%	 4.3	    	    	    	    	    	    	    	    	    	    
[2026-04-14 17:59:12.918]  18:18:59	7.37	 040	 149	36.6	 23 	 -2 	 99%	 4.3	    	    	    	    	    	    	    	    	    	    
[2026-04-14 17:59:18.898]  18:19:05	7.37	 039	 156	36.6	 23 	 -2 	 99%	 4.3	    	    	    	    	    	    	    	    	    	    
[2026-04-14 17:59:24.875]  18:19:11	7.37	 039	 162	36.6	 23 	 -2 	 99%	 4.3	    	    	    	    	    	    	    	    	    	    
[2026-04-14 17:59:30.851]  18:19:17	7.37	 039	 165	36.6	 23 	 -2 	 99%	 4.3	    	    	    	    	    	    	    	    	    	    
[2026-04-14 17:59:36.819]  18:19:23	7.37	 039	 165	36.6	 23 	 -2 	 99%	 4.3	    	    	    	    	    	    	    	    	    	    
[2026-04-14 17:59:42.794]          	    	ARTERIAL 	 	  	    	    	    	    	    	    	    	  	    VENOUS
[2026-04-14 17:59:42.816]   Time   	 pH 	 CO2	  O2	TEMP	HCO3	 BE 	cSO2	 K+ 	 VO2	  Q 	 BSA	 pH 	 CO2	  O2	TEMP	 SO2	 HCT	 HGB
[2026-04-14 17:59:42.831] 
[2026-04-14 17:59:42.847]  18:19:29	7.37	 039	 165	36.6	 23 	 -2 	 99%	 4.3	    	    	    	    	    	    	    	    	    	    
[2026-04-14 17:59:48.775]  18:19:35	7.37	 039	 168	36.6	 23 	 -2 	 99%	 4.3	    	    	    	    	    	    	    	    	    	    
[2026-04-14 17:59:54.759]  18:19:41	7.37	 039	 171	36.5	 23 	 -2 	 99%	 4.3	    	    	    	    	    	    	    	    	    	    
[2026-04-14 18:00:00.737]  18:19:47	7.37	 039	 174	36.5	 23 	 -2 	 99%	 4.3	    	    	    	    	    	    	    	    	    	    
[2026-04-14 18:00:06.698]  18:19:53	7.37	 039	 178	36.5	 23 	 -2 	 99%	 4.3	    	    	    	    	    	    	    	    	    	    
[2026-04-14 18:00:12.679]  18:19:59	7.37	 039	 179	36.5	 23 	 -2 	 99%	 4.3	    	    	    	    	    	    	    	    	    	    
[2026-04-14 18:00:18.673]  18:20:05	7.37	 039	 178	36.5	 23 	 -2 	 99%	 4.3	    	    	    	    	    	    	    	    	    	    
[2026-04-14 18:00:24.627]  18:20:11	7.37	 039	 176	36.5	 23 	 -2 	 99%	 4.3	    	    	    	    	    	    	    	    	    	    
[2026-04-14 18:00:30.620]  18:20:17	7.37	 039	 173	36.5	 23 	 -2 	 99%	 4.3	    	    	    	    	    	    	    	    	    	    
[2026-04-14 18:00:36.588]  18:20:23	7.37	 039	 163	36.5	 23 	 -2 	 99%	 4.3	    	    	    	    	    	    	    	    	    	    
[2026-04-14 18:00:42.557]  18:20:29	7.36	 039	 157	36.5	 23 	 -2 	 99%	 4.3	    	    	    	    	    	    	    	    	    	    
[2026-04-14 18:00:48.535]  18:20:35	7.36	 040	 153	36.5	 23 	 -2 	 99%	 4.3	    	    	    	    	    	    	    	    	    	    
[2026-04-14 18:00:54.516]  18:20:41	7.36	 040	 151	36.5	 23 	 -2 	 99%	 4.3	    	    	    	    	    	    	    	    	    	    
[2026-04-14 18:01:00.496]  18:20:46	7.36	 040	 151	36.5	 23 	 -2 	 99%	 4.3	    	    	    	    	    	    	    	    	    	    
[2026-04-14 18:01:06.471]  18:20:52	7.35	 040	 152	36.4	 22 	 -2 	 99%	 4.3	    	    	    	    	    	    	    	    	    	    
[2026-04-14 18:01:12.448]  18:20:58	7.35	 040	 152	36.4	 22 	 -2 	 99%	 4.2	    	    	    	    	    	    	    	    	    	    
[2026-04-14 18:01:18.422]  18:21:04	7.36	 040	 151	36.4	 23 	 -2 	 99%	 4.2	    	    	    	    	    	    	    	    	    	    
[2026-04-14 18:01:24.406]  18:21:10	7.36	 040	 151	36.5	 23 	 -2 	 99%	 4.2	    	    	    	    	    	    	    	    	    	    
[2026-04-14 18:01:30.383]  18:21:16	7.36	 040	 154	36.5	 23 	 -2 	 99%	 4.2	    	    	    	    	    	    	    	    	    	    
[2026-04-14 18:01:36.350]  18:21:22	7.36	 040	 151	36.5	 23 	 -2 	 99%	 4.3	    	    	    	    	    	    	    	    	    	    
[2026-04-14 18:01:42.327]  18:21:28	7.36	 040	 150	36.5	 23 	 -2 	 99%	 4.2	    	    	    	    	    	    	    	    	    	    
[2026-04-14 18:01:48.302]  18:21:34	7.36	 040	 142	36.6	 23 	 -1 	 99%	 4.2	    	    	    	    	    	    	    	    	    	    
[2026-04-14 18:01:54.280]  18:21:40	7.36	 040	 136	36.6	 23 	 -1 	 99%	 4.2	    	    	    	    	    	    	    	    	    	    
[2026-04-14 18:02:00.253]  18:21:46	7.36	 041	 129	36.6	 23 	 -1 	 99%	 4.3	    	    	    	    	    	    	    	    	    	    
[2026-04-14 18:02:06.235]  18:21:52	7.36	 041	 126	36.6	 23 	 -1 	 98%	 4.3	    	    	    	    	    	    	    	    	    	    
[2026-04-14 18:02:12.213]  18:21:58	7.36	 041	 128	36.6	 23 	 -1 	 99%	 4.3	    	    	    	    	    	    	    	    	    	    
[2026-04-14 18:02:18.181]  18:22:04	7.36	 041	 131	36.6	 23 	 -1 	 99%	 4.3	    	    	    	    	    	    	    	    	    	    
[2026-04-14 18:02:24.162]  18:22:10	7.36	 041	 133	36.6	 23 	 -1 	 99%	 4.3	    	    	    	    	    	    	    	    	    	    
[2026-04-14 18:02:30.143]  18:22:16	7.36	 041	 135	36.6	 23 	 -1 	 99%	 4.3	    	    	    	    	    	    	    	    	    	    
[2026-04-14 18:02:36.117]  18:22:22	7.36	 041	 137	36.6	 23 	 -1 	 99%	 4.3	    	    	    	    	    	    	    	    	    	    
[2026-04-14 18:02:42.092]  18:22:28	7.36	 041	 140	36.6	 23 	 -1 	 99%	 4.3	    	    	    	    	    	    	    	    	    	    
[2026-04-14 18:02:48.069]  18:22:34	7.36	 041	 143	36.6	 23 	 -1 	 99%	 4.2	    	    	    	    	    	    	    	    	    	    
[2026-04-14 18:02:54.038]  18:22:40	7.36	 041	 145	36.6	 23 	 -1 	 99%	 4.2	    	    	    	    	    	    	    	    	    	    
[2026-04-14 18:03:00.016]  18:22:46	7.36	 041	 146	36.5	 23 	 -1 	 99%	 4.2	    	    	    	    	    	    	    	    	    	    
[2026-04-14 18:03:05.991]  18:22:52	7.36	 041	 145	36.5	 23 	 -1 	 99%	 4.3	    	    	    	    	    	    	    	    	    	    
[2026-04-14 18:03:11.981]  18:22:58	7.36	 041	 142	36.5	 23 	 -1 	 99%	 4.3	    	    	    	    	    	    	    	    	    	    
[2026-04-14 18:03:17.949]  18:23:04	7.36	 041	 137	36.5	 23 	 -1 	 99%	 4.3	    	    	    	    	    	    	    	    	    	    
[2026-04-14 18:03:23.925]  18:23:10	7.36	 041	 132	36.5	 23 	 -1 	 99%	 4.2	    	    	    	    	    	    	    	    	    	    
[2026-04-14 18:03:29.915]  18:23:16	7.36	 041	 127	36.5	 23 	 -1 	 98%	 4.2	    	    	    	    	    	    	    	    	    	    
[2026-04-14 18:03:35.878]  18:23:22	7.36	 041	 124	36.5	 23 	 -1 	 98%	 4.2	    	    	    	    	    	    	    	    	    	    
[2026-04-14 18:03:41.859]  18:23:28	7.36	 041	 123	36.5	 23 	 -1 	 98%	 4.2	    	    	    	    	    	    	    	    	    	    
[2026-04-14 18:03:47.827]  18:23:34	7.36	 041	 123	36.5	 23 	 -1 	 98%	 4.2	    	    	    	    	    	    	    	    	    	    
[2026-04-14 18:03:53.802]  18:23:40	7.36	 041	 123	36.5	 23 	 -1 	 98%	 4.2	    	    	    	    	    	    	    	    	    	    
[2026-04-14 18:03:59.780]  18:23:46	7.36	 041	 123	36.5	 23 	 -1 	 98%	 4.2	    	    	    	    	    	    	    	    	    	    
[2026-04-14 18:04:05.759]  18:23:52	7.35	 041	 122	36.5	 23 	 -1 	 98%	 4.2	    	    	    	    	    	    	    	    	    	    
[2026-04-14 18:04:11.727]  18:23:58	7.35	 041	 121	36.6	 23 	 -1 	 98%	 4.2	    	    	    	    	    	    	    	    	    	    
[2026-04-14 18:04:17.709]  18:24:04	7.35	 041	 122	36.6	 23 	 -1 	 98%	 4.2	    	    	    	    	    	    	    	    	    	    
[2026-04-14 18:04:23.691]  18:24:09	7.35	 041	 124	36.6	 23 	 -1 	 98%	 4.2	    	    	    	    	    	    	    	    	    	    
[2026-04-14 18:04:29.672]  18:24:15	7.35	 041	 126	36.6	 23 	 -1 	 98%	 4.2	    	    	    	    	    	    	    	    	    	    
[2026-04-14 18:04:35.635]  18:24:21	7.36	 041	 127	36.6	 23 	 -1 	 98%	 4.2	    	    	    	    	    	    	    	    	    	    
[2026-04-14 18:04:41.617]          	    	ARTERIAL 	 	  	    	    	    	    	    	    	    	  	    VENOUS
[2026-04-14 18:04:41.632]   Time   	 pH 	 CO2	  O2	TEMP	HCO3	 BE 	cSO2	 K+ 	 VO2	  Q 	 BSA	 pH 	 CO2	  O2	TEMP	 SO2	 HCT	 HGB
[2026-04-14 18:04:41.664] 
[2026-04-14 18:04:41.664]  18:24:27	7.35	 041	 125	36.6	 23 	 -1 	 98%	 4.2	    	    	    	    	    	    	    	    	    	    
[2026-04-14 18:04:47.593]  18:24:33	7.36	 041	 127	36.7	 23 	 -1 	 98%	 4.2	    	    	    	    	    	    	    	    	    	    
[2026-04-14 18:04:53.563]  18:24:39	7.36	 041	 127	36.7	 23 	 -1 	 98%	 4.2	    	    	    	    	    	    	    	    	    	    
[2026-04-14 18:04:59.555]  18:24:45	7.36	 042	 125	36.7	 24 	 -1 	 98%	 4.2	    	    	    	    	    	    	    	    	    	    
[2026-04-14 18:05:05.517]  18:24:51	7.36	 041	 128	36.7	 24 	 -1 	 98%	 4.3	    	    	    	    	    	    	    	    	    	    
[2026-04-14 18:05:11.496]  18:24:57	7.36	 041	 133	36.7	 23 	 -1 	 99%	 4.3	    	    	    	    	    	    	    	    	    	    
[2026-04-14 18:05:17.493]  18:25:03	7.36	 041	 138	36.7	 23 	 -1 	 99%	 4.3	    	    	    	    	    	    	    	    	    	    
[2026-04-14 18:05:23.458]  18:25:09	7.36	 041	 141	36.7	 23 	 -1 	 99%	 4.3	    	    	    	    	    	    	    	    	    	    
[2026-04-14 18:05:29.483]  18:25:15	7.36	 041	 143	36.7	 23 	 -1 	 99%	 4.3	    	    	    	    	    	    	    	    	    	    
[2026-04-14 18:05:35.399]  18:25:21	7.36	 041	 144	36.7	 23 	 -1 	 99%	 4.3	    	    	    	    	    	    	    	    	    	    
[2026-04-14 18:05:41.386]  18:25:27	7.36	 041	 146	36.7	 23 	 -1 	 99%	 4.3	    	    	    	    	    	    	    	    	    	    
[2026-04-14 18:05:47.362]  18:25:33	7.36	 041	 148	36.7	 23 	 -1 	 99%	 4.3	    	    	    	    	    	    	    	    	    	    
[2026-04-14 18:05:53.328]  18:25:39	7.36	 041	 150	36.7	 23 	 -1 	 99%	 4.3	    	    	    	    	    	    	    	    	    	    
[2026-04-14 18:05:59.307]  18:25:45	7.36	 041	 151	36.7	 23 	 -1 	 99%	 4.3	    	    	    	    	    	    	    	    	    	    
[2026-04-14 18:06:05.287]  18:25:51	7.36	 041	 152	36.7	 23 	 -1 	 99%	 4.3	    	    	    	    	    	    	    	    	    	    
[2026-04-14 18:06:11.262]  18:25:57	7.36	 041	 153	36.7	 23 	 -1 	 99%	 4.3	    	    	    	    	    	    	    	    	    	    
[2026-04-14 18:06:17.238]  18:26:03	7.36	 041	 154	36.7	 23 	 -1 	 99%	 4.2	    	    	    	    	    	    	    	    	    	    
[2026-04-14 18:06:23.206]  18:26:09	7.36	 041	 156	36.7	 23 	 -1 	 99%	 4.2	    	    	    	    	    	    	    	    	    	    
[2026-04-14 18:06:29.206]  18:26:15	7.36	 041	 158	36.7	 23 	 -1 	 99%	 4.3	    	    	    	    	    	    	    	    	    	    
[2026-04-14 18:06:35.166]  18:26:21	7.36	 041	 159	36.7	 23 	 -1 	 99%	 4.3	    	    	    	    	    	    	    	    	    	    
[2026-04-14 18:06:41.142]  18:26:27	7.36	 041	 161	36.7	 23 	 -1 	 99%	 4.3	    	    	    	    	    	    	    	    	    	    
[2026-04-14 18:06:47.118]  18:26:33	7.36	 041	 162	36.7	 23 	 -1 	 99%	 4.3	    	    	    	    	    	    	    	    	    	    
[2026-04-14 18:06:53.097]  18:26:39	7.36	 041	 164	36.7	 23 	 -1 	 99%	 4.3	    	    	    	    	    	    	    	    	    	    
[2026-04-14 18:06:59.074]  18:26:45	7.36	 041	 165	36.7	 23 	 -1 	 99%	 4.3	    	    	    	    	    	    	    	    	    	    
[2026-04-14 18:07:05.050]  18:26:51	7.36	 041	 166	36.7	 23 	 -1 	 99%	 4.3	    	    	    	    	    	    	    	    	    	    
[2026-04-14 18:07:11.030]  18:26:57	7.36	 041	 167	36.7	 23 	 -1 	 99%	 4.3	    	    	    	    	    	    	    	    	    	    
[2026-04-14 18:07:16.998]  18:27:03	7.36	 040	 169	36.7	 23 	 -1 	 99%	 4.3	    	    	    	    	    	    	    	    	    	    
[2026-04-14 18:07:22.990]  18:27:09	7.36	 040	 170	36.7	 23 	 -1 	 99%	 4.3	    	    	    	    	    	    	    	    	    	    
[2026-04-14 18:07:28.964]  18:27:15	7.36	 040	 171	36.7	 23 	 -1 	 99%	 4.3	    	    	    	    	    	    	    	    	    	    
[2026-04-14 18:07:34.930]  18:27:21	7.36	 040	 172	36.7	 23 	 -1 	 99%	 4.3	    	    	    	    	    	    	    	    	    	    
[2026-04-14 18:07:40.900]  18:27:27	7.36	 040	 174	36.7	 23 	 -1 	 99%	 4.3	    	    	    	    	    	    	    	    	    	    
[2026-04-14 18:07:46.878]  18:27:33	7.36	 040	 175	36.7	 23 	 -1 	 99%	 4.3	    	    	    	    	    	    	    	    	    	    
[2026-04-14 18:07:52.869]  18:27:39	7.36	 040	 176	36.7	 23 	 -1 	 99%	 4.3	    	    	    	    	    	    	    	    	    	    
[2026-04-14 18:07:58.842]  18:27:45	7.36	 040	 176	36.7	 23 	 -1 	 99%	 4.3	    	    	    	    	    	    	    	    	    	    
[2026-04-14 18:08:04.812]  18:27:51	7.36	 040	 177	36.7	 23 	 -1 	 99%	 4.3	    	    	    	    	    	    	    	    	    	    
[2026-04-14 18:08:10.791]  18:27:57	7.36	 040	 178	36.7	 23 	 -1 	 99%	 4.3	    	    	    	    	    	    	    	    	    	    
[2026-04-14 18:08:16.769]  18:28:03	7.36	 040	 178	36.7	 23 	 -1 	 99%	 4.3	    	    	    	    	    	    	    	    	    	    
[2026-04-14 18:08:22.776]  18:28:08	7.37	 040	 179	36.7	 23 	 -1 	 99%	 4.3	    	    	    	    	    	    	    	    	    	    
[2026-04-14 18:08:28.723]  18:28:14	7.37	 040	 180	36.7	 23 	 -1 	 99%	 4.3	    	    	    	    	    	    	    	    	    	    
[2026-04-14 18:08:34.701]  18:28:20	7.37	 040	 180	36.7	 23 	 -1 	 99%	 4.3	    	    	    	    	    	    	    	    	    	    
[2026-04-14 18:08:40.671]  18:28:26	7.37	 040	 179	36.7	 23 	 -1 	 99%	 4.3	    	    	    	    	    	    	    	    	    	    
[2026-04-14 18:08:46.649]  18:28:32	7.37	 040	 180	36.7	 23 	 -1 	 99%	 4.3	    	    	    	    	    	    	    	    	    	    
[2026-04-14 18:08:52.627]  18:28:38	7.37	 040	 180	36.7	 23 	 -1 	 99%	 4.3	    	    	    	    	    	    	    	    	    	    
[2026-04-14 18:08:58.604]  18:28:44	7.37	 040	 180	36.7	 23 	 -1 	 99%	 4.3	    	    	    	    	    	    	    	    	    	    
[2026-04-14 18:09:04.577]  18:28:50	7.37	 040	 180	36.7	 23 	 -1 	 99%	 4.3	    	    	    	    	    	    	    	    	    	    
[2026-04-14 18:09:10.554]  18:28:56	7.37	 040	 181	36.7	 23 	 -1 	 99%	 4.3	    	    	    	    	    	    	    	    	    	    
[2026-04-14 18:09:16.539]  18:29:02	7.37	 040	 183	36.7	 23 	 -1 	 99%	 4.3	    	    	    	    	    	    	    	    	    	    
[2026-04-14 18:09:22.501]  18:29:08	7.37	 040	 184	36.7	 23 	 -1 	 99%	 4.3	    	    	    	    	    	    	    	    	    	    
[2026-04-14 18:09:28.500]  18:29:14	7.37	 040	 184	36.7	 23 	 -1 	 99%	 4.3	    	    	    	    	    	    	    	    	    	    
[2026-04-14 18:09:34.451]  18:29:20	7.37	 040	 185	36.7	 23 	 -1 	 99%	 4.3	    	    	    	    	    	    	    	    	    	    
[2026-04-14 18:09:40.430]          	    	ARTERIAL 	 	  	    	    	    	    	    	    	    	  	    VENOUS
[2026-04-14 18:09:40.446]   Time   	 pH 	 CO2	  O2	TEMP	HCO3	 BE 	cSO2	 K+ 	 VO2	  Q 	 BSA	 pH 	 CO2	  O2	TEMP	 SO2	 HCT	 HGB
[2026-04-14 18:09:40.477] 
[2026-04-14 18:09:40.477]  18:29:26	7.37	 040	 185	36.7	 23 	 -1 	 99%	 4.3	    	    	    	    	    	    	    	    	    	    
[2026-04-14 18:09:46.408]  18:29:32	7.37	 040	 184	36.7	 23 	 -1 	 99%	 4.3	    	    	    	    	    	    	    	    	    	    
[2026-04-14 18:09:52.393]  18:29:38	7.37	 040	 185	36.7	 23 	 -1 	 99%	 4.3	    	    	    	    	    	    	    	    	    	    
[2026-04-14 18:09:58.370]  18:29:44	7.37	 039	 186	36.7	 23 	 -1 	 99%	 4.3	    	    	    	    	    	    	    	    	    	    
[2026-04-14 18:10:04.332]  18:29:50	7.37	 039	 187	36.7	 23 	 -1 	 99%	 4.3	    	    	    	    	    	    	    	    	    	    
[2026-04-14 18:10:10.331]  18:29:56	7.37	 039	 189	36.7	 23 	 -1 	 99%	 4.3	    	    	    	    	    	    	    	    	    	    
[2026-04-14 18:10:16.294]  18:30:02	7.37	 039	 189	36.7	 23 	 -1 	 99%	 4.3	    	    	    	    	    	    	    	    	    	    
[2026-04-14 18:10:22.265]  18:30:08	7.37	 039	 188	36.7	 23 	 -1 	 99%	 4.3	    	    	    	    	    	    	    	    	    	    
[2026-04-14 18:10:28.265]  18:30:14	7.37	 039	 189	36.7	 23 	 -1 	 99%	 4.3	    	    	    	    	    	    	    	    	    	    
[2026-04-14 18:10:34.216]  18:30:20	7.37	 039	 191	36.7	 23 	 -2 	 99%	 4.3	    	    	    	    	    	    	    	    	    	    
[2026-04-14 18:10:40.197]  18:30:26	7.37	 039	 192	36.7	 23 	 -2 	 99%	 4.3	    	    	    	    	    	    	    	    	    	    
[2026-04-14 18:10:46.177]  18:30:32	7.37	 039	 192	36.7	 23 	 -2 	 99%	 4.3	    	    	    	    	    	    	    	    	    	    
[2026-04-14 18:10:52.154]  18:30:38	7.37	 039	 192	36.7	 23 	 -2 	 99%	 4.3	    	    	    	    	    	    	    	    	    	    
[2026-04-14 18:10:58.133]  18:30:44	7.37	 039	 191	36.7	 23 	 -2 	 99%	 4.3	    	    	    	    	    	    	    	    	    	    
[2026-04-14 18:11:04.098]  18:30:50	7.37	 039	 192	36.7	 23 	 -2 	 99%	 4.3	    	    	    	    	    	    	    	    	    	    
[2026-04-14 18:11:10.082]  18:30:56	7.37	 039	 193	36.7	 23 	 -2 	 99%	 4.3	    	    	    	    	    	    	    	    	    	    
[2026-04-14 18:11:16.096]  18:31:02	7.37	 039	 193	36.7	 23 	 -2 	 99%	 4.3	    	    	    	    	    	    	    	    	    	    
[2026-04-14 18:11:22.040]  18:31:08	7.37	 039	 194	36.7	 23 	 -2 	 99%	 4.3	    	    	    	    	    	    	    	    	    	    
[2026-04-14 18:11:28.015]  18:31:14	7.37	 039	 194	36.7	 23 	 -2 	 99%	 4.3	    	    	    	    	    	    	    	    	    	    
[2026-04-14 18:11:33.984]  18:31:20	7.37	 039	 194	36.7	 23 	 -2 	 99%	 4.3	    	    	    	    	    	    	    	    	    	    
[2026-04-14 18:11:39.965]  18:31:26	7.37	 039	 193	36.7	 23 	 -2 	 99%	 4.3	    	    	    	    	    	    	    	    	    	    
[2026-04-14 18:11:45.944]  18:31:32	7.37	 039	 193	36.7	 23 	 -2 	 99%	 4.3	    	    	    	    	    	    	    	    	    	    
[2026-04-14 18:11:51.918]  18:31:38	7.37	 039	 193	36.7	 23 	 -2 	 99%	 4.4	    	    	    	    	    	    	    	    	    	    
[2026-04-14 18:11:57.895]  18:31:44	7.37	 039	 193	36.7	 23 	 -2 	 99%	 4.4	    	    	    	    	    	    	    	    	    	    
[2026-04-14 18:12:03.921]  18:31:50	7.37	 039	 193	36.7	 23 	 -2 	 99%	 4.4	    	    	    	    	    	    	    	    	    	    
[2026-04-14 18:12:09.842]  18:31:56	7.37	 039	 187	36.7	 23 	 -2 	 99%	 4.4	    	    	    	    	    	    	    	    	    	    
[2026-04-14 18:12:15.822]  18:32:02	7.37	 039	 180	36.7	 23 	 -1 	 99%	 4.4	    	    	    	    	    	    	    	    	    	    
[2026-04-14 18:12:21.791]  18:32:08	7.37	 039	 187	36.7	 23 	 -1 	 99%	 4.4	    	    	    	    	    	    	    	    	    	    
[2026-04-14 18:12:27.786]  18:32:14	7.37	 039	 206	36.7	 23 	 -2 	100%	 4.4	    	    	    	    	    	    	    	    	    	    
[2026-04-14 18:12:33.750]  18:32:20	7.37	 039	 220	36.7	 23 	 -2 	100%	 4.4	    	    	    	    	    	    	    	    	    	    
[2026-04-14 18:12:39.728]  18:32:26	7.37	 039	 230	36.7	 23 	 -2 	100%	 4.4	    	    	    	    	    	    	    	    	    	    
[2026-04-14 18:12:45.705]  18:32:32	7.37	 039	 237	36.7	 23 	 -2 	100%	 4.4	    	    	    	    	    	    	    	    	    	    
[2026-04-14 18:12:51.689]  18:32:38	7.37	 039	 245	36.7	 23 	 -2 	100%	 4.4	    	    	    	    	    	    	    	    	    	    
[2026-04-14 18:12:57.669]  18:32:44	7.37	 039	 252	36.7	 23 	 -2 	100%	 4.4	    	    	    	    	    	    	    	    	    	    
[2026-04-14 18:13:03.638]  18:32:50	7.38	 038	 257	36.7	 23 	 -2 	100%	 4.4	    	    	    	    	    	    	    	    	    	    
[2026-04-14 18:13:09.613]  18:32:56	7.38	 039	 261	36.7	 23 	 -2 	100%	 4.4	    	    	    	    	    	    	    	    	    	    
[2026-04-14 18:13:15.589]  18:33:02	7.38	 038	 265	36.7	 23 	 -2 	100%	 4.4	    	    	    	    	    	    	    	    	    	    
[2026-04-14 18:13:21.567]  18:33:08	7.38	 038	 269	36.7	 23 	 -2 	100%	 4.4	    	    	    	    	    	    	    	    	    	    
[2026-04-14 18:13:27.548]  18:33:14	7.38	 038	 274	36.7	 23 	 -2 	100%	 4.4	    	    	    	    	    	    	    	    	    	    
[2026-04-14 18:13:33.511]  18:33:20	7.38	 038	 277	36.7	 23 	 -2 	100%	 4.4	    	    	    	    	    	    	    	    	    	    
[2026-04-14 18:13:39.488]  18:33:25	7.38	 038	 280	36.7	 23 	 -2 	100%	 4.4	    	    	    	    	    	    	    	    	    	    
[2026-04-14 18:13:45.466]  18:33:31	7.38	 038	 282	36.7	 23 	 -2 	100%	 4.4	    	    	    	    	    	    	    	    	    	    
[2026-04-14 18:13:51.449]  18:33:37	7.38	 038	 285	36.7	 23 	 -2 	100%	 4.4	    	    	    	    	    	    	    	    	    	    
[2026-04-14 18:13:57.423]  18:33:43	7.38	 038	 287	36.7	 23 	 -2 	100%	 4.4	    	    	    	    	    	    	    	    	    	    
[2026-04-14 18:14:03.404]  18:33:49	7.38	 038	 287	36.7	 23 	 -2 	100%	 4.4	    	    	    	    	    	    	    	    	    	    
[2026-04-14 18:14:09.378]  18:33:55	7.38	 038	 288	36.7	 23 	 -2 	100%	 4.4	    	    	    	    	    	    	    	    	    	    
[2026-04-14 18:14:15.358]  18:34:01	7.38	 038	 289	36.7	 23 	 -2 	100%	 4.4	    	    	    	    	    	    	    	    	    	    
[2026-04-14 18:14:21.329]  18:34:07	7.38	 038	 291	36.7	 23 	 -2 	100%	 4.4	    	    	    	    	    	    	    	    	    	    
[2026-04-14 18:14:27.321]  18:34:13	7.38	 038	 294	36.7	 23 	 -2 	100%	 4.4	    	    	    	    	    	    	    	    	    	    
[2026-04-14 18:14:33.289]  18:34:19	7.38	 038	 296	36.7	 23 	 -2 	100%	 4.4	    	    	    	    	    	    	    	    	    	    
[2026-04-14 18:14:39.243]          	    	ARTERIAL 	 	  	    	    	    	    	    	    	    	  	    VENOUS
[2026-04-14 18:14:39.265]   Time   	 pH 	 CO2	  O2	TEMP	HCO3	 BE 	cSO2	 K+ 	 VO2	  Q 	 BSA	 pH 	 CO2	  O2	TEMP	 SO2	 HCT	 HGB
[2026-04-14 18:14:39.296] 
[2026-04-14 18:14:39.296]  18:34:25	7.38	 038	 296	36.7	 23 	 -2 	100%	 4.4	    	    	    	    	    	    	    	    	    	    
[2026-04-14 18:14:45.229]  18:34:31	7.38	 038	 296	36.7	 23 	 -2 	100%	 4.4	    	    	    	    	    	    	    	    	    	    
[2026-04-14 18:14:51.214]  18:34:37	7.38	 038	 297	36.7	 23 	 -2 	100%	 4.4	    	    	    	    	    	    	    	    	    	    
[2026-04-14 18:14:57.190]  18:34:43	7.38	 038	 297	36.7	 23 	 -2 	100%	 4.4	    	    	    	    	    	    	    	    	    	    
[2026-04-14 18:15:03.171]  18:34:49	7.38	 038	 297	36.7	 23 	 -2 	100%	 4.4	    	    	    	    	    	    	    	    	    	    
[2026-04-14 18:15:09.140]  18:34:55	7.38	 038	 297	36.7	 23 	 -2 	100%	 4.4	    	    	    	    	    	    	    	    	    	    
[2026-04-14 18:15:15.120]  18:35:01	7.38	 038	 297	36.7	 23 	 -2 	100%	 4.4	    	    	    	    	    	    	    	    	    	    
[2026-04-14 18:15:21.088]  18:35:07	7.38	 038	 296	36.7	 23 	 -2 	100%	 4.4	    	    	    	    	    	    	    	    	    	    
[2026-04-14 18:15:27.080]  18:35:13	7.38	 038	 296	36.7	 23 	 -2 	100%	 4.4	    	    	    	    	    	    	    	    	    	    
[2026-04-14 18:15:33.042]  18:35:19	7.38	 038	 298	36.7	 22 	 -2 	100%	 4.4	    	    	    	    	    	    	    	    	    	    
[2026-04-14 18:15:39.027]  18:35:25	7.38	 038	 299	36.7	 22 	 -2 	100%	 4.4	    	    	    	    	    	    	    	    	    	    
[2026-04-14 18:15:45.002]  18:35:31	7.38	 038	 300	36.7	 22 	 -2 	100%	 4.4	    	    	    	    	    	    	    	    	    	    
[2026-04-14 18:15:50.978]  18:35:37	7.38	 037	 301	36.6	 22 	 -2 	100%	 4.4	    	    	    	    	    	    	    	    	    	    
[2026-04-14 18:15:56.959]  18:35:43	7.38	 037	 301	36.6	 22 	 -2 	100%	 4.4	    	    	    	    	    	    	    	    	    	    
[2026-04-14 18:16:02.930]  18:35:49	7.38	 037	 301	36.6	 22 	 -2 	100%	 4.4	    	    	    	    	    	    	    	    	    	    
[2026-04-14 18:16:08.905]  18:35:55	7.38	 037	 300	36.6	 22 	 -2 	100%	 4.5	    	    	    	    	    	    	    	    	    	    
[2026-04-14 18:16:14.875]  18:36:01	7.38	 037	 301	36.6	 22 	 -2 	100%	 4.5	    	    	    	    	    	    	    	    	    	    
[2026-04-14 18:16:20.854]  18:36:07	7.38	 037	 302	36.6	 22 	 -2 	100%	 4.5	    	    	    	    	    	    	    	    	    	    
[2026-04-14 18:16:26.846]  18:36:13	7.38	 037	 301	36.6	 22 	 -2 	100%	 4.5	    	    	    	    	    	    	    	    	    	    
[2026-04-14 18:16:32.806]  18:36:19	7.38	 037	 297	36.6	 22 	 -2 	100%	 4.5	    	    	    	    	    	    	    	    	    	    
[2026-04-14 18:16:38.790]  18:36:25	7.38	 038	 294	36.6	 22 	 -2 	100%	 4.5	    	    	    	    	    	    	    	    	    	    
[2026-04-14 18:16:44.758]  18:36:31	7.38	 038	 291	36.6	 22 	 -2 	100%	 4.5	    	    	    	    	    	    	    	    	    	    
[2026-04-14 18:16:50.741]  18:36:37	7.38	 038	 287	36.6	 22 	 -2 	100%	 4.5	    	    	    	    	    	    	    	    	    	    
[2026-04-14 18:16:56.711]  18:36:43	7.38	 038	 284	36.6	 23 	 -2 	100%	 4.5	    	    	    	    	    	    	    	    	    	    
[2026-04-14 18:17:02.691]  18:36:49	7.38	 038	 282	36.6	 23 	 -2 	100%	 4.5	    	    	    	    	    	    	    	    	    	    
[2026-04-14 18:17:08.667]  18:36:55	7.38	 038	 282	36.6	 23 	 -2 	100%	 4.5	    	    	    	    	    	    	    	    	    	    
[2026-04-14 18:17:14.637]  18:37:01	7.38	 038	 282	36.6	 23 	 -2 	100%	 4.5	    	    	    	    	    	    	    	    	    	    
[2026-04-14 18:17:20.624]  18:37:07	7.38	 038	 284	36.6	 23 	 -2 	100%	 4.4	    	    	    	    	    	    	    	    	    	    
[2026-04-14 18:17:26.610]  18:37:13	7.38	 038	 286	36.6	 23 	 -2 	100%	 4.4	    	    	    	    	    	    	    	    	    	    
[2026-04-14 18:17:32.571]  18:37:19	7.38	 038	 288	36.6	 23 	 -2 	100%	 4.4	    	    	    	    	    	    	    	    	    	    
[2026-04-14 18:17:38.565]  18:37:25	7.38	 038	 290	36.6	 23 	 -2 	100%	 4.4	    	    	    	    	    	    	    	    	    	    
[2026-04-14 18:17:44.525]  18:37:31	7.38	 038	 291	36.6	 23 	 -2 	100%	 4.5	    	    	    	    	    	    	    	    	    	    
[2026-04-14 18:17:50.510]  18:37:37	7.38	 038	 290	36.6	 23 	 -2 	100%	 4.5	    	    	    	    	    	    	    	    	    	    
[2026-04-14 18:17:56.485]  18:37:43	7.38	 038	 291	36.6	 23 	 -2 	100%	 4.5	    	    	    	    	    	    	    	    	    	    
[2026-04-14 18:18:02.457]  18:37:49	7.38	 038	 292	36.6	 23 	 -2 	100%	 4.5	    	    	    	    	    	    	    	    	    	    
[2026-04-14 18:18:08.437]  18:37:55	7.38	 038	 290	36.6	 23 	 -2 	100%	 4.5	    	    	    	    	    	    	    	    	    	    
[2026-04-14 18:18:14.415]  18:38:01	7.38	 038	 289	36.6	 23 	 -2 	100%	 4.5	    	    	    	    	    	    	    	    	    	    
[2026-04-14 18:18:20.387]  18:38:07	7.38	 038	 287	36.6	 23 	 -2 	100%	 4.5	    	    	    	    	    	    	    	    	    	    
[2026-04-14 18:18:26.374]  18:38:13	7.38	 038	 286	36.6	 23 	 -2 	100%	 4.5	    	    	    	    	    	    	    	    	    	    
[2026-04-14 18:18:32.344]  18:38:18	7.37	 038	 287	36.6	 23 	 -2 	100%	 4.5	    	    	    	    	    	    	    	    	    	    
[2026-04-14 18:18:38.337]  18:38:24	7.38	 038	 269	36.6	 23 	 -2 	100%	 4.5	    	    	    	    	    	    	    	    	    	    
[2026-04-14 18:18:44.292]  18:38:30	7.38	 038	 233	36.6	 23 	 -2 	100%	 4.5	    	    	    	    	    	    	    	    	    	    
[2026-04-14 18:18:50.270]  18:38:36	7.38	 038	 206	36.6	 22 	 -2 	100%	 4.4	    	    	    	    	    	    	    	    	    	    
[2026-04-14 18:18:56.240]  18:38:42	7.38	 038	 186	36.6	 22 	 -2 	 99%	 4.4	    	    	    	    	    	    	    	    	    	    
[2026-04-14 18:19:02.213]  18:38:48	7.38	 038	 170	36.7	 22 	 -2 	 99%	 4.5	    	    	    	    	    	    	    	    	    	    
[2026-04-14 18:19:08.184]  18:38:54	7.38	 038	 158	36.7	 22 	 -2 	 99%	 4.5	    	    	    	    	    	    	    	    	    	    
[2026-04-14 18:19:14.166]  18:39:00	7.38	 038	 149	36.7	 22 	 -2 	 99%	 4.5	    	    	    	    	    	    	    	    	    	    
[2026-04-14 18:19:20.138]  18:39:06	7.38	 038	 140	36.7	 22 	 -2 	 99%	 4.5	    	    	    	    	    	    	    	    	    	    
[2026-04-14 18:19:26.132]  18:39:12	7.38	 038	 136	36.7	 22 	 -2 	 99%	 4.4	    	    	    	    	    	    	    	    	    	    
[2026-04-14 18:19:32.091]  18:39:18	7.38	 038	 131	36.7	 22 	 -2 	 99%	 4.4	    	    	    	    	    	    	    	    	    	    
[2026-04-14 18:19:38.062]          	    	ARTERIAL 	 	  	    	    	    	    	    	    	    	  	    VENOUS
[2026-04-14 18:19:38.083]   Time   	 pH 	 CO2	  O2	TEMP	HCO3	 BE 	cSO2	 K+ 	 VO2	  Q 	 BSA	 pH 	 CO2	  O2	TEMP	 SO2	 HCT	 HGB
[2026-04-14 18:19:38.114] 
[2026-04-14 18:19:38.114]  18:39:24	7.38	 038	 127	36.7	 22 	 -2 	 99%	 4.4	    	    	    	    	    	    	    	    	    	    
[2026-04-14 18:19:44.055]  18:39:30	7.38	 038	 122	36.7	 22 	 -2 	 98%	 4.5	    	    	    	    	    	    	    	    	    	    
[2026-04-14 18:19:50.021]  18:39:36	7.38	 038	 122	36.7	 22 	 -2 	 98%	 4.5	    	    	    	    	    	    	    	    	    	    
[2026-04-14 18:19:56.010]  18:39:42	7.38	 038	 133	36.7	 22 	 -2 	 99%	 4.5	    	    	    	    	    	    	    	    	    	    
[2026-04-14 18:20:01.981]  18:39:48	7.38	 038	 140	36.7	 22 	 -2 	 99%	 4.4	    	    	    	    	    	    	    	    	    	    
[2026-04-14 18:20:07.952]  18:39:54	7.38	 038	 144	36.7	 22 	 -2 	 99%	 4.4	    	    	    	    	    	    	    	    	    	    
[2026-04-14 18:20:13.924]  18:40:00	7.37	 038	 146	36.7	 22 	 -2 	 99%	 4.4	    	    	    	    	    	    	    	    	    	    
[2026-04-14 18:20:19.902]  18:40:06	7.37	 038	 146	36.7	 22 	 -2 	 99%	 4.5	    	    	    	    	    	    	    	    	    	    
[2026-04-14 18:20:25.896]  18:40:12	7.37	 038	 147	36.7	 22 	 -2 	 99%	 4.5	    	    	    	    	    	    	    	    	    	    
[2026-04-14 18:20:31.850]  18:40:18	7.37	 038	 148	36.7	 22 	 -2 	 99%	 4.5	    	    	    	    	    	    	    	    	    	    
[2026-04-14 18:20:37.830]  18:40:24	7.37	 038	 150	36.7	 22 	 -2 	 99%	 4.4	    	    	    	    	    	    	    	    	    	    
[2026-04-14 18:20:43.814]  18:40:30	7.37	 038	 152	36.7	 22 	 -2 	 99%	 4.4	    	    	    	    	    	    	    	    	    	    
[2026-04-14 18:20:49.789]  18:40:36	7.37	 038	 154	36.7	 22 	 -2 	 99%	 4.4	    	    	    	    	    	    	    	    	    	    
[2026-04-14 18:20:55.768]  18:40:42	7.37	 038	 156	36.7	 22 	 -2 	 99%	 4.5	    	    	    	    	    	    	    	    	    	    
[2026-04-14 18:21:01.738]  18:40:48	7.37	 038	 155	36.7	 22 	 -2 	 99%	 4.4	    	    	    	    	    	    	    	    	    	    
[2026-04-14 18:21:07.716]  18:40:54	7.37	 038	 155	36.7	 22 	 -2 	 99%	 4.4	    	    	    	    	    	    	    	    	    	    
[2026-04-14 18:21:13.691]  18:41:00	7.37	 038	 155	36.7	 22 	 -2 	 99%	 4.4	    	    	    	    	    	    	    	    	    	    
[2026-04-14 18:21:19.687]  18:41:06	7.37	 038	 156	36.7	 22 	 -2 	 99%	 4.4	    	    	    	    	    	    	    	    	    	    
[2026-04-14 18:21:25.656]  18:41:12	7.37	 038	 156	36.7	 22 	 -2 	 99%	 4.5	    	    	    	    	    	    	    	    	    	    
[2026-04-14 18:21:31.626]  18:41:18	7.37	 038	 156	36.7	 23 	 -2 	 99%	 4.4	    	    	    	    	    	    	    	    	    	    
[2026-04-14 18:21:37.591]  18:41:24	7.37	 038	 157	36.7	 22 	 -2 	 99%	 4.4	    	    	    	    	    	    	    	    	    	    
[2026-04-14 18:21:43.575]  18:41:30	7.37	 038	 157	36.7	 22 	 -2 	 99%	 4.4	    	    	    	    	    	    	    	    	    	    
[2026-04-14 18:21:49.555]  18:41:36	7.37	 038	 156	36.7	 23 	 -2 	 99%	 4.4	    	    	    	    	    	    	    	    	    	    
[2026-04-14 18:21:55.525]  18:41:42	7.37	 038	 158	36.7	 22 	 -2 	 99%	 4.4	    	    	    	    	    	    	    	    	    	    
[2026-04-14 18:22:01.503]  18:41:48	7.37	 038	 157	36.7	 22 	 -2 	 99%	 4.4	    	    	    	    	    	    	    	    	    	    
[2026-04-14 18:22:07.479]  18:41:54	7.37	 038	 156	36.7	 23 	 -2 	 99%	 4.4	    	    	    	    	    	    	    	    	    	    
[2026-04-14 18:22:13.456]  18:42:00	7.37	 039	 155	36.7	 23 	 -2 	 99%	 4.5	    	    	    	    	    	    	    	    	    	    
[2026-04-14 18:22:19.438]  18:42:06	7.37	 039	 154	36.7	 23 	 -2 	 99%	 4.5	    	    	    	    	    	    	    	    	    	    
[2026-04-14 18:22:25.416]  18:42:12	7.37	 039	 155	36.7	 23 	 -2 	 99%	 4.5	    	    	    	    	    	    	    	    	    	    
[2026-04-14 18:22:31.377]  18:42:18	7.37	 039	 155	36.7	 23 	 -2 	 99%	 4.5	    	    	    	    	    	    	    	    	    	    
[2026-04-14 18:22:37.367]  18:42:24	7.37	 039	 157	36.3	 22 	 -2 	 99%	 4.4	    	    	    	    	    	    	    	    	    	    
[2026-04-14 18:22:43.342]  18:42:30	7.36	 039	 159	35.9	 22 	 -2 	 99%	 4.4	    	    	    	    	    	    	    	    	    	    
[2026-04-14 18:22:49.310]  18:42:36	7.36	 039	 160	35.6	 22 	 -2 	 99%	 4.4	    	    	    	    	    	    	    	    	    	    
[2026-04-14 18:22:55.298]  18:42:42	7.36	 039	 157	36.2	 22 	 -2 	 99%	 4.5	    	    	    	    	    	    	    	    	    	    
[2026-04-14 18:23:01.278]  18:42:48	7.37	 039	 154	36.5	 22 	 -2 	 99%	 4.5	    	    	    	    	    	    	    	    	    	    
[2026-04-14 18:23:07.246]  18:42:54	7.37	 038	 154	36.6	 22 	 -2 	 99%	 4.4	    	    	    	    	    	    	    	    	    	    
[2026-04-14 18:23:13.233]  18:43:00	7.37	 039	 153	36.6	 22 	 -2 	 99%	 4.4	    	    	    	    	    	    	    	    	    	    
[2026-04-14 18:23:19.194]  18:43:05	7.37	 039	 153	36.6	 22 	 -2 	 99%	 4.4	    	    	    	    	    	    	    	    	    	    
[2026-04-14 18:23:25.188]  18:43:11	7.37	 039	 154	36.6	 22 	 -2 	 99%	 4.4	    	    	    	    	    	    	    	    	    	    
[2026-04-14 18:23:31.148]  18:43:17	7.37	 039	 153	36.6	 22 	 -2 	 99%	 4.4	    	    	    	    	    	    	    	    	    	    
[2026-04-14 18:23:37.126]  18:43:23	7.37	 039	 154	36.6	 22 	 -2 	 99%	 4.4	    	    	    	    	    	    	    	    	    	    
[2026-04-14 18:23:43.106]  18:43:29	7.37	 039	 153	36.6	 22 	 -2 	 99%	 4.4	    	    	    	    	    	    	    	    	    	    
[2026-04-14 18:23:49.082]  18:43:35	7.37	 039	 152	36.7	 22 	 -2 	 99%	 4.4	    	    	    	    	    	    	    	    	    	    
[2026-04-14 18:23:55.052]  18:43:41	7.37	 039	 152	36.7	 22 	 -2 	 99%	 4.4	    	    	    	    	    	    	    	    	    	    
[2026-04-14 18:24:01.032]  18:43:47	7.37	 039	 151	36.6	 22 	 -2 	 99%	 4.4	    	    	    	    	    	    	    	    	    	    
[2026-04-14 18:24:07.010]  18:43:53	7.37	 039	 151	36.6	 22 	 -2 	 99%	 4.4	    	    	    	    	    	    	    	    	    	    
[2026-04-14 18:24:12.977]  18:43:59	7.37	 039	 149	36.7	 22 	 -2 	 99%	 4.4	    	    	    	    	    	    	    	    	    	    
[2026-04-14 18:24:18.963]  18:44:05	7.37	 039	 150	36.6	 22 	 -2 	 99%	 4.4	    	    	    	    	    	    	    	    	    	    
[2026-04-14 18:24:24.984]  18:44:11	7.37	 039	 151	36.6	 22 	 -2 	 99%	 4.4	    	    	    	    	    	    	    	    	    	    
[2026-04-14 18:24:30.917]  18:44:17	7.37	 039	 151	36.7	 22 	 -2 	 99%	 4.4	    	    	    	    	    	    	    	    	    	    
[2026-04-14 18:24:36.882]          	    	ARTERIAL 	 	  	    	    	    	    	    	    	    	  	    VENOUS
[2026-04-14 18:24:36.897]   Time   	 pH 	 CO2	  O2	TEMP	HCO3	 BE 	cSO2	 K+ 	 VO2	  Q 	 BSA	 pH 	 CO2	  O2	TEMP	 SO2	 HCT	 HGB
[2026-04-14 18:24:36.935] 
[2026-04-14 18:24:36.935]  18:44:23	7.37	 039	 152	36.7	 22 	 -2 	 99%	 4.4	    	    	    	    	    	    	    	    	    	    
[2026-04-14 18:24:42.861]  18:44:29	7.37	 039	 152	36.7	 22 	 -2 	 99%	 4.4	    	    	    	    	    	    	    	    	    	    
[2026-04-14 18:24:48.842]  18:44:35	7.37	 039	 151	36.7	 22 	 -2 	 99%	 4.4	    	    	    	    	    	    	    	    	    	    
[2026-04-14 18:24:54.817]  18:44:41	7.37	 039	 152	36.6	 22 	 -2 	 99%	 4.4	    	    	    	    	    	    	    	    	    	    
[2026-04-14 18:25:00.793]  18:44:47	7.37	 039	 150	36.6	 22 	 -2 	 99%	 4.4	    	    	    	    	    	    	    	    	    	    
[2026-04-14 18:25:06.770]  18:44:53	7.36	 039	 150	36.6	 22 	 -2 	 99%	 4.4	    	    	    	    	    	    	    	    	    	    
[2026-04-14 18:25:12.746]  18:44:59	7.36	 039	 150	36.7	 22 	 -2 	 99%	 4.4	    	    	    	    	    	    	    	    	    	    
[2026-04-14 18:25:18.717]  18:45:05	7.36	 039	 149	36.7	 22 	 -2 	 99%	 4.4	    	    	    	    	    	    	    	    	    	    
[2026-04-14 18:25:24.712]  18:45:11	7.36	 039	 149	36.7	 22 	 -2 	 99%	 4.4	    	    	    	    	    	    	    	    	    	    
[2026-04-14 18:25:30.671]  18:45:17	7.36	 039	 148	36.7	 22 	 -2 	 99%	 4.4	    	    	    	    	    	    	    	    	    	    
[2026-04-14 18:25:36.652]  18:45:23	7.36	 039	 147	36.7	 23 	 -2 	 99%	 4.4	    	    	    	    	    	    	    	    	    	    
[2026-04-14 18:25:42.628]  18:45:29	7.36	 039	 146	36.7	 23 	 -2 	 99%	 4.4	    	    	    	    	    	    	    	    	    	    
[2026-04-14 18:25:48.603]  18:45:35	7.36	 039	 145	36.7	 23 	 -2 	 99%	 4.4	    	    	    	    	    	    	    	    	    	    
[2026-04-14 18:25:54.586]  18:45:41	7.36	 039	 144	36.7	 23 	 -2 	 99%	 4.4	    	    	    	    	    	    	    	    	    	    
[2026-04-14 18:26:00.550]  18:45:47	7.36	 039	 144	36.7	 23 	 -2 	 99%	 4.4	    	    	    	    	    	    	    	    	    	    
[2026-04-14 18:26:06.533]  18:45:53	7.36	 039	 145	36.7	 23 	 -2 	 99%	 4.4	    	    	    	    	    	    	    	    	    	    
[2026-04-14 18:26:12.514]  18:45:59	7.36	 039	 145	36.7	 22 	 -2 	 99%	 4.4	    	    	    	    	    	    	    	    	    	    
[2026-04-14 18:26:18.489]  18:46:05	7.36	 039	 145	36.7	 22 	 -2 	 99%	 4.4	    	    	    	    	    	    	    	    	    	    
[2026-04-14 18:26:24.476]  18:46:11	7.36	 039	 145	36.7	 22 	 -2 	 99%	 4.4	    	    	    	    	    	    	    	    	    	    
[2026-04-14 18:26:30.431]  18:46:17	7.36	 039	 143	36.7	 23 	 -2 	 99%	 4.4	    	    	    	    	    	    	    	    	    	    
[2026-04-14 18:26:36.418]  18:46:22	7.36	 039	 141	36.7	 23 	 -2 	 99%	 4.4	    	    	    	    	    	    	    	    	    	    
[2026-04-14 18:26:42.389]  18:46:28	7.36	 039	 139	36.7	 23 	 -2 	 99%	 4.4	    	    	    	    	    	    	    	    	    	    
[2026-04-14 18:26:48.422]  18:46:34	7.36	 039	 137	36.7	 22 	 -2 	 99%	 4.4	    	    	    	    	    	    	    	    	    	    
[2026-04-14 18:26:54.341]  18:46:40	7.36	 039	 136	36.7	 22 	 -2 	 99%	 4.4	    	    	    	    	    	    	    	    	    	    
[2026-04-14 18:27:00.318]  18:46:46	7.36	 039	 134	36.7	 23 	 -2 	 99%	 4.4	    	    	    	    	    	    	    	    	    	    
[2026-04-14 18:27:06.298]  18:46:52	7.36	 039	 134	36.7	 23 	 -2 	 99%	 4.4	    	    	    	    	    	    	    	    	    	    
[2026-04-14 18:27:12.274]  18:46:58	7.36	 039	 132	36.7	 23 	 -2 	 99%	 4.4	    	    	    	    	    	    	    	    	    	    
[2026-04-14 18:27:18.242]  18:47:04	7.36	 039	 131	36.7	 23 	 -2 	 99%	 4.4	    	    	    	    	    	    	    	    	    	    
[2026-04-14 18:27:24.239]  18:47:10	7.36	 039	 131	36.7	 23 	 -2 	 99%	 4.4	    	    	    	    	    	    	    	    	    	    
[2026-04-14 18:27:30.210]  18:47:16	7.36	 039	 130	36.7	 23 	 -2 	 99%	 4.4	    	    	    	    	    	    	    	    	    	    
[2026-04-14 18:27:36.185]  18:47:22	7.36	 039	 130	36.7	 23 	 -2 	 99%	 4.4	    	    	    	    	    	    	    	    	    	    
[2026-04-14 18:27:42.150]  18:47:28	7.36	 039	 129	36.7	 23 	 -2 	 99%	 4.4	    	    	    	    	    	    	    	    	    	    
[2026-04-14 18:27:48.134]  18:47:34	7.36	 039	 129	36.7	 23 	 -2 	 99%	 4.4	    	    	    	    	    	    	    	    	    	    
[2026-04-14 18:27:54.104]  18:47:40	7.36	 039	 129	36.7	 23 	 -2 	 99%	 4.4	    	    	    	    	    	    	    	    	    	    
[2026-04-14 18:28:00.088]  18:47:46	7.36	 039	 128	36.7	 23 	 -2 	 99%	 4.4	    	    	    	    	    	    	    	    	    	    
[2026-04-14 18:28:06.068]  18:47:52	7.36	 039	 128	36.7	 23 	 -2 	 99%	 4.4	    	    	    	    	    	    	    	    	    	    
[2026-04-14 18:28:12.040]  18:47:58	7.36	 040	 127	36.7	 23 	 -2 	 98%	 4.4	    	    	    	    	    	    	    	    	    	    
[2026-04-14 18:28:18.006]  18:48:04	7.36	 039	 127	36.7	 23 	 -2 	 98%	 4.4	    	    	    	    	    	    	    	    	    	    
[2026-04-14 18:28:24.007]  18:48:10	7.36	 040	 126	36.7	 23 	 -2 	 98%	 4.4	    	    	    	    	    	    	    	    	    	    
[2026-04-14 18:28:29.968]  18:48:16	7.36	 040	 125	36.7	 23 	 -2 	 98%	 4.4	    	    	    	    	    	    	    	    	    	    
[2026-04-14 18:28:35.936]  18:48:22	7.36	 040	 125	36.7	 23 	 -2 	 98%	 4.4	    	    	    	    	    	    	    	    	    	    
[2026-04-14 18:28:41.920]  18:48:28	7.36	 040	 124	36.7	 23 	 -2 	 98%	 4.4	    	    	    	    	    	    	    	    	    	    
[2026-04-14 18:28:47.889]  18:48:34	7.36	 040	 125	36.7	 23 	 -2 	 98%	 4.4	    	    	    	    	    	    	    	    	    	    
[2026-04-14 18:28:53.883]  18:48:40	7.36	 040	 124	36.7	 23 	 -2 	 98%	 4.4	    	    	    	    	    	    	    	    	    	    
[2026-04-14 18:28:59.852]  18:48:46	7.36	 040	 124	36.7	 23 	 -2 	 98%	 4.4	    	    	    	    	    	    	    	    	    	    
[2026-04-14 18:29:05.817]  18:48:52	7.36	 040	 125	36.7	 23 	 -2 	 98%	 4.4	    	    	    	    	    	    	    	    	    	    
[2026-04-14 18:29:11.803]  18:48:58	7.36	 040	 124	36.7	 23 	 -2 	 98%	 4.4	    	    	    	    	    	    	    	    	    	    
[2026-04-14 18:29:17.771]  18:49:04	7.36	 040	 124	36.7	 23 	 -2 	 98%	 4.4	    	    	    	    	    	    	    	    	    	    
[2026-04-14 18:29:23.766]  18:49:10	7.36	 040	 123	36.7	 23 	 -2 	 98%	 4.4	    	    	    	    	    	    	    	    	    	    
[2026-04-14 18:29:29.723]  18:49:16	7.36	 040	 123	36.7	 23 	 -2 	 98%	 4.4	    	    	    	    	    	    	    	    	    	    
[2026-04-14 18:29:35.702]          	    	ARTERIAL 	 	  	    	    	    	    	    	    	    	  	    VENOUS
[2026-04-14 18:29:35.725]   Time   	 pH 	 CO2	  O2	TEMP	HCO3	 BE 	cSO2	 K+ 	 VO2	  Q 	 BSA	 pH 	 CO2	  O2	TEMP	 SO2	 HCT	 HGB
[2026-04-14 18:29:35.740] 
[2026-04-14 18:29:35.740]  18:49:22	7.36	 040	 124	36.7	 23 	 -2 	 98%	 4.4	    	    	    	    	    	    	    	    	    	    
[2026-04-14 18:29:41.680]  18:49:28	7.36	 040	 123	36.7	 23 	 -2 	 98%	 4.4	    	    	    	    	    	    	    	    	    	    
[2026-04-14 18:29:47.651]  18:49:34	7.36	 040	 123	36.7	 23 	 -2 	 98%	 4.4	    	    	    	    	    	    	    	    	    	    
[2026-04-14 18:29:53.645]  18:49:40	7.36	 040	 122	36.7	 23 	 -2 	 98%	 4.4	    	    	    	    	    	    	    	    	    	    
[2026-04-14 18:29:59.611]  18:49:46	7.36	 040	 121	36.7	 23 	 -2 	 98%	 4.4	    	    	    	    	    	    	    	    	    	    
[2026-04-14 18:30:05.598]  18:49:52	7.36	 040	 121	36.7	 23 	 -2 	 98%	 4.4	    	    	    	    	    	    	    	    	    	    
[2026-04-14 18:30:11.562]  18:49:58	7.36	 040	 121	36.7	 23 	 -2 	 98%	 4.4	    	    	    	    	    	    	    	    	    	    
[2026-04-14 18:30:17.545]  18:50:04	7.36	 040	 122	36.7	 23 	 -2 	 98%	 4.4	    	    	    	    	    	    	    	    	    	    
[2026-04-14 18:30:23.526]  18:50:10	7.36	 040	 121	36.7	 23 	 -2 	 98%	 4.4	    	    	    	    	    	    	    	    	    	    
[2026-04-14 18:30:29.510]  18:50:16	7.36	 040	 120	36.7	 23 	 -2 	 98%	 4.4	    	    	    	    	    	    	    	    	    	    
[2026-04-14 18:30:35.474]  18:50:22	7.36	 040	 120	36.7	 23 	 -2 	 98%	 4.4	    	    	    	    	    	    	    	    	    	    
[2026-04-14 18:30:41.446]  18:50:28	7.36	 040	 121	36.7	 23 	 -2 	 98%	 4.4	    	    	    	    	    	    	    	    	    	    
[2026-04-14 18:30:47.417]  18:50:33	7.36	 040	 121	36.7	 23 	 -2 	 98%	 4.4	    	    	    	    	    	    	    	    	    	    
[2026-04-14 18:30:53.403]  18:50:39	7.36	 040	 120	36.7	 23 	 -2 	 98%	 4.4	    	    	    	    	    	    	    	    	    	    
[2026-04-14 18:30:59.369]  18:50:45	7.36	 040	 120	36.7	 23 	 -2 	 98%	 4.4	    	    	    	    	    	    	    	    	    	    
[2026-04-14 18:31:05.356]  18:50:51	7.36	 040	 120	36.7	 23 	 -2 	 98%	 4.4	    	    	    	    	    	    	    	    	    	    
[2026-04-14 18:31:11.331]  18:50:58	7.36	 040	 119	36.7	 23 	 -2 	 98%	 4.4	    	    	    	    	    	    	    	    	    	    
[2026-04-14 18:31:17.301]  18:51:04	7.36	 040	 119	36.7	 23 	 -2 	 98%	 4.5	    	    	    	    	    	    	    	    	    	    
[2026-04-14 18:31:23.294]  18:51:10	7.36	 040	 120	36.7	 23 	 -2 	 98%	 4.5	    	    	    	    	    	    	    	    	    	    
[2026-04-14 18:31:29.252]  18:51:16	7.36	 040	 120	36.7	 23 	 -2 	 98%	 4.4	    	    	    	    	    	    	    	    	    	    
[2026-04-14 18:31:35.239]  18:51:22	7.36	 040	 121	36.7	 23 	 -2 	 98%	 4.4	    	    	    	    	    	    	    	    	    	    
[2026-04-14 18:31:41.213]  18:51:28	7.36	 040	 119	36.7	 23 	 -2 	 98%	 4.4	    	    	    	    	    	    	    	    	    	    
[2026-04-14 18:31:47.193]  18:51:34	7.36	 040	 119	36.7	 23 	 -2 	 98%	 4.4	    	    	    	    	    	    	    	    	    	    
[2026-04-14 18:31:53.164]  18:51:40	7.36	 040	 119	36.7	 23 	 -2 	 98%	 4.5	    	    	    	    	    	    	    	    	    	    
[2026-04-14 18:31:59.144]  18:51:46	7.36	 040	 119	36.7	 23 	 -2 	 98%	 4.5	    	    	    	    	    	    	    	    	    	    
[2026-04-14 18:32:05.113]  18:51:52	7.36	 040	 118	36.7	 23 	 -2 	 98%	 4.5	    	    	    	    	    	    	    	    	    	    
[2026-04-14 18:32:11.110]  18:51:58	7.36	 040	 117	36.7	 23 	 -2 	 98%	 4.5	    	    	    	    	    	    	    	    	    	    
[2026-04-14 18:32:17.072]  18:52:04	7.36	 040	 118	36.7	 23 	 -2 	 98%	 4.5	    	    	    	    	    	    	    	    	    	    
[2026-04-14 18:32:23.064]  18:52:10	7.36	 040	 118	36.7	 23 	 -2 	 98%	 4.5	    	    	    	    	    	    	    	    	    	    
[2026-04-14 18:32:29.018]  18:52:15	7.36	 040	 118	36.7	 23 	 -2 	 98%	 4.4	    	    	    	    	    	    	    	    	    	    
[2026-04-14 18:32:34.993]  18:52:21	7.36	 040	 117	36.7	 23 	 -2 	 98%	 4.4	    	    	    	    	    	    	    	    	    	    
[2026-04-14 18:32:40.991]  18:52:27	7.36	 040	 116	36.7	 23 	 -2 	 98%	 4.5	    	    	    	    	    	    	    	    	    	    
[2026-04-14 18:32:46.954]  18:52:33	7.36	 040	 117	36.7	 23 	 -2 	 98%	 4.5	    	    	    	    	    	    	    	    	    	    
[2026-04-14 18:32:52.926]  18:52:39	7.36	 040	 116	36.7	 23 	 -2 	 98%	 4.5	    	    	    	    	    	    	    	    	    	    
[2026-04-14 18:32:58.910]  18:52:45	7.36	 040	 116	36.7	 23 	 -2 	 98%	 4.5	    	    	    	    	    	    	    	    	    	    
[2026-04-14 18:33:04.887]  18:52:51	7.36	 040	 117	36.7	 23 	 -2 	 98%	 4.5	    	    	    	    	    	    	    	    	    	    
[2026-04-14 18:33:10.873]  18:52:57	7.36	 040	 116	36.7	 23 	 -2 	 98%	 4.5	    	    	    	    	    	    	    	    	    	    
[2026-04-14 18:33:16.834]  18:53:03	7.36	 040	 116	36.7	 23 	 -2 	 98%	 4.5	    	    	    	    	    	    	    	    	    	    
[2026-04-14 18:33:22.826]  18:53:09	7.36	 040	 116	36.7	 23 	 -2 	 98%	 4.5	    	    	    	    	    	    	    	    	    	    
[2026-04-14 18:33:28.788]  18:53:15	7.35	 040	 116	36.7	 23 	 -2 	 98%	 4.5	    	    	    	    	    	    	    	    	    	    
[2026-04-14 18:33:34.757]  18:53:21	7.35	 040	 115	36.7	 23 	 -2 	 98%	 4.5	    	    	    	    	    	    	    	    	    	    
[2026-04-14 18:33:40.734]  18:53:27	7.35	 040	 114	36.7	 23 	 -2 	 98%	 4.5	    	    	    	    	    	    	    	    	    	    
[2026-04-14 18:33:46.710]  18:53:33	7.36	 040	 115	36.7	 23 	 -2 	 98%	 4.5	    	    	    	    	    	    	    	    	    	    
[2026-04-14 18:33:52.687]  18:53:39	7.35	 040	 114	36.7	 23 	 -2 	 98%	 4.5	    	    	    	    	    	    	    	    	    	    
[2026-04-14 18:33:58.673]  18:53:45	7.35	 040	 113	36.7	 23 	 -2 	 98%	 4.5	    	    	    	    	    	    	    	    	    	    
[2026-04-14 18:34:04.641]  18:53:51	7.35	 040	 114	36.7	 23 	 -2 	 98%	 4.5	    	    	    	    	    	    	    	    	    	    
[2026-04-14 18:34:10.619]  18:53:57	7.35	 040	 114	36.7	 23 	 -2 	 98%	 4.5	    	    	    	    	    	    	    	    	    	    
[2026-04-14 18:34:16.590]  18:54:03	7.35	 040	 115	36.7	 23 	 -2 	 98%	 4.5	    	    	    	    	    	    	    	    	    	    
[2026-04-14 18:34:22.586]  18:54:09	7.35	 040	 114	36.7	 23 	 -2 	 98%	 4.5	    	    	    	    	    	    	    	    	    	    
[2026-04-14 18:34:28.553]  18:54:15	7.35	 040	 114	36.7	 23 	 -2 	 98%	 4.5	    	    	    	    	    	    	    	    	    	    
[2026-04-14 18:34:34.511]          	    	ARTERIAL 	 	  	    	    	    	    	    	    	    	  	    VENOUS
[2026-04-14 18:34:34.542]   Time   	 pH 	 CO2	  O2	TEMP	HCO3	 BE 	cSO2	 K+ 	 VO2	  Q 	 BSA	 pH 	 CO2	  O2	TEMP	 SO2	 HCT	 HGB
[2026-04-14 18:34:34.558] 
[2026-04-14 18:34:34.558]  18:54:21	7.35	 040	 114	36.7	 23 	 -2 	 98%	 4.5	    	    	    	    	    	    	    	    	    	    
[2026-04-14 18:34:40.501]  18:54:27	7.35	 040	 113	36.7	 23 	 -2 	 98%	 4.5	    	    	    	    	    	    	    	    	    	    
[2026-04-14 18:34:46.470]  18:54:33	7.35	 041	 113	36.7	 23 	 -2 	 98%	 4.5	    	    	    	    	    	    	    	    	    	    
[2026-04-14 18:34:52.455]  18:54:39	7.35	 041	 112	36.7	 23 	 -2 	 98%	 4.5	    	    	    	    	    	    	    	    	    	    
[2026-04-14 18:34:58.438]  18:54:45	7.35	 041	 112	36.7	 23 	 -2 	 98%	 4.5	    	    	    	    	    	    	    	    	    	    
[2026-04-14 18:35:04.400]  18:54:51	7.35	 041	 112	36.7	 23 	 -2 	 98%	 4.5	    	    	    	    	    	    	    	    	    	    
[2026-04-14 18:35:10.379]  18:54:57	7.35	 041	 112	36.7	 23 	 -2 	 98%	 4.5	    	    	    	    	    	    	    	    	    	    
[2026-04-14 18:35:16.366]  18:55:03	7.35	 041	 113	36.7	 23 	 -2 	 98%	 4.5	    	    	    	    	    	    	    	    	    	    
[2026-04-14 18:35:22.348]  18:55:09	7.35	 041	 113	36.7	 23 	 -2 	 98%	 4.5	    	    	    	    	    	    	    	    	    	    
[2026-04-14 18:35:28.315]  18:55:15	7.35	 041	 112	36.7	 23 	 -2 	 98%	 4.5	    	    	    	    	    	    	    	    	    	    
[2026-04-14 18:35:34.284]  18:55:21	7.35	 041	 112	36.7	 23 	 -2 	 98%	 4.5	    	    	    	    	    	    	    	    	    	    
[2026-04-14 18:35:40.261]  18:55:27	7.35	 041	 111	36.7	 23 	 -2 	 98%	 4.5	    	    	    	    	    	    	    	    	    	    
[2026-04-14 18:35:46.243]  18:55:33	7.35	 041	 111	36.7	 23 	 -2 	 98%	 4.5	    	    	    	    	    	    	    	    	    	    
[2026-04-14 18:35:52.218]  18:55:39	7.35	 041	 112	36.7	 23 	 -2 	 98%	 4.5	    	    	    	    	    	    	    	    	    	    
[2026-04-14 18:35:58.195]  18:55:45	7.35	 041	 112	36.7	 23 	 -2 	 98%	 4.5	    	    	    	    	    	    	    	    	    	    
[2026-04-14 18:36:04.163]  18:55:51	7.35	 041	 112	36.7	 23 	 -2 	 98%	 4.5	    	    	    	    	    	    	    	    	    	    
[2026-04-14 18:36:10.149]  18:55:57	7.35	 041	 111	36.7	 23 	 -2 	 98%	 4.5	    	    	    	    	    	    	    	    	    	    
[2026-04-14 18:36:16.126]  18:56:03	7.35	 041	 112	36.7	 23 	 -2 	 98%	 4.5	    	    	    	    	    	    	    	    	    	    
[2026-04-14 18:36:22.118]  18:56:09	7.35	 041	 110	36.7	 23 	 -2 	 98%	 4.5	    	    	    	    	    	    	    	    	    	    
[2026-04-14 18:36:28.082]  18:56:15	7.35	 041	 110	36.7	 23 	 -2 	 98%	 4.5	    	    	    	    	    	    	    	    	    	    
[2026-04-14 18:36:34.049]  18:56:20	7.35	 041	 111	36.7	 23 	 -2 	 98%	 4.5	    	    	    	    	    	    	    	    	    	    
[2026-04-14 18:36:40.034]  18:56:26	7.35	 041	 111	36.7	 23 	 -2 	 98%	 4.5	    	    	    	    	    	    	    	    	    	    
[2026-04-14 18:36:45.998]  18:56:32	7.35	 041	 111	36.7	 23 	 -2 	 98%	 4.5	    	    	    	    	    	    	    	    	    	    
[2026-04-14 18:36:51.981]  18:56:38	7.35	 041	 111	36.7	 23 	 -2 	 98%	 4.5	    	    	    	    	    	    	    	    	    	    
[2026-04-14 18:36:57.954]  18:56:44	7.35	 041	 112	36.7	 23 	 -2 	 98%	 4.5	    	    	    	    	    	    	    	    	    	    
[2026-04-14 18:37:03.935]  18:56:50	7.35	 041	 112	36.7	 23 	 -2 	 98%	 4.5	    	    	    	    	    	    	    	    	    	    
[2026-04-14 18:37:09.901]  18:56:56	7.35	 041	 110	36.7	 23 	 -2 	 98%	 4.5	    	    	    	    	    	    	    	    	    	    
[2026-04-14 18:37:15.893]  18:57:02	7.35	 041	 110	36.7	 23 	 -2 	 98%	 4.5	    	    	    	    	    	    	    	    	    	    
[2026-04-14 18:37:21.878]  18:57:08	7.35	 041	 110	36.7	 23 	 -2 	 98%	 4.5	    	    	    	    	    	    	    	    	    	    
[2026-04-14 18:37:27.840]  18:57:14	7.35	 041	 111	36.7	 23 	 -2 	 98%	 4.5	    	    	    	    	    	    	    	    	    	    
[2026-04-14 18:37:33.810]  18:57:20	7.35	 041	 110	36.7	 23 	 -2 	 98%	 4.5	    	    	    	    	    	    	    	    	    	    
[2026-04-14 18:37:39.788]  18:57:26	7.35	 041	 110	36.7	 23 	 -2 	 98%	 4.5	    	    	    	    	    	    	    	    	    	    
[2026-04-14 18:37:45.763]  18:57:32	7.35	 041	 111	36.7	 23 	 -2 	 98%	 4.5	    	    	    	    	    	    	    	    	    	    
[2026-04-14 18:37:51.757]  18:57:38	7.35	 041	 110	36.7	 23 	 -2 	 98%	 4.5	    	    	    	    	    	    	    	    	    	    
[2026-04-14 18:37:57.727]  18:57:44	7.35	 041	 109	36.7	 23 	 -2 	 98%	 4.5	    	    	    	    	    	    	    	    	    	    
[2026-04-14 18:38:03.706]  18:57:50	7.35	 041	 110	36.7	 23 	 -2 	 98%	 4.5	    	    	    	    	    	    	    	    	    	    
[2026-04-14 18:38:09.675]  18:57:56	7.35	 041	 109	36.7	 23 	 -2 	 98%	 4.5	    	    	    	    	    	    	    	    	    	    
[2026-04-14 18:38:15.653]  18:58:02	7.35	 041	 109	36.7	 23 	 -2 	 98%	 4.5	    	    	    	    	    	    	    	    	    	    
[2026-04-14 18:38:21.634]  18:58:08	7.35	 041	 108	36.7	 23 	 -2 	 98%	 4.5	    	    	    	    	    	    	    	    	    	    
[2026-04-14 18:38:27.605]  18:58:14	7.35	 041	 108	36.7	 23 	 -2 	 98%	 4.5	    	    	    	    	    	    	    	    	    	    
[2026-04-14 18:38:33.583]  18:58:20	7.35	 041	 108	36.7	 23 	 -2 	 98%	 4.5	    	    	    	    	    	    	    	    	    	    
[2026-04-14 18:38:39.550]  18:58:26	7.35	 041	 108	36.7	 23 	 -2 	 98%	 4.5	    	    	    	    	    	    	    	    	    	    
[2026-04-14 18:38:45.530]  18:58:32	7.35	 041	 109	36.7	 23 	 -2 	 98%	 4.5	    	    	    	    	    	    	    	    	    	    
[2026-04-14 18:38:51.513]  18:58:38	7.35	 041	 108	36.7	 23 	 -2 	 98%	 4.5	    	    	    	    	    	    	    	    	    	    
[2026-04-14 18:38:57.490]  18:58:44	7.35	 041	 108	36.7	 23 	 -2 	 98%	 4.5	    	    	    	    	    	    	    	    	    	    
[2026-04-14 18:39:03.458]  18:58:50	7.35	 041	 109	36.7	 23 	 -2 	 98%	 4.5	    	    	    	    	    	    	    	    	    	    
[2026-04-14 18:39:09.441]  18:58:55	7.35	 041	 108	36.7	 23 	 -2 	 98%	 4.5	    	    	    	    	    	    	    	    	    	    
[2026-04-14 18:39:15.409]  18:59:01	7.35	 041	 107	36.7	 23 	 -2 	 98%	 4.5	    	    	    	    	    	    	    	    	    	    
[2026-04-14 18:39:21.396]  18:59:07	7.35	 041	 106	36.7	 23 	 -2 	 98%	 4.5	    	    	    	    	    	    	    	    	    	    
[2026-04-14 18:39:27.360]  18:59:13	7.35	 041	 107	36.7	 23 	 -2 	 98%	 4.5	    	    	    	    	    	    	    	    	    	    
[2026-04-14 18:39:33.336]          	    	ARTERIAL 	 	  	    	    	    	    	    	    	    	  	    VENOUS
[2026-04-14 18:39:33.367]   Time   	 pH 	 CO2	  O2	TEMP	HCO3	 BE 	cSO2	 K+ 	 VO2	  Q 	 BSA	 pH 	 CO2	  O2	TEMP	 SO2	 HCT	 HGB
[2026-04-14 18:39:33.390] 
[2026-04-14 18:39:33.390]  18:59:19	7.35	 041	 107	36.7	 23 	 -2 	 98%	 4.5	    	    	    	    	    	    	    	    	    	    
[2026-04-14 18:39:39.329]  18:59:25	7.35	 041	 107	36.7	 23 	 -2 	 98%	 4.5	    	    	    	    	    	    	    	    	    	    
[2026-04-14 18:39:45.309]  18:59:31	7.35	 041	 107	36.7	 23 	 -2 	 98%	 4.5	    	    	    	    	    	    	    	    	    	    
[2026-04-14 18:39:51.272]  18:59:37	7.35	 041	 107	36.7	 23 	 -2 	 98%	 4.5	    	    	    	    	    	    	    	    	    	    
[2026-04-14 18:39:57.260]  18:59:43	7.35	 041	 108	36.7	 23 	 -2 	 98%	 4.5	    	    	    	    	    	    	    	    	    	    
[2026-04-14 18:40:03.233]  18:59:49	7.35	 041	 108	36.7	 23 	 -2 	 98%	 4.5	    	    	    	    	    	    	    	    	    	    
[2026-04-14 18:40:09.201]  18:59:55	7.35	 041	 107	36.7	 23 	 -2 	 98%	 4.5	    	    	    	    	    	    	    	    	    	    
[2026-04-14 18:40:15.212]  19:00:01	7.35	 041	 107	36.7	 23 	 -2 	 98%	 4.5	    	    	    	    	    	    	    	    	    	    
[2026-04-14 18:40:21.160]  19:00:07	7.35	 041	 106	36.7	 23 	 -2 	 98%	 4.5	    	    	    	    	    	    	    	    	    	    
[2026-04-14 18:40:27.141]  19:00:13	7.35	 041	 107	36.7	 23 	 -2 	 98%	 4.5	    	    	    	    	    	    	    	    	    	    
[2026-04-14 18:40:33.111]  19:00:19	7.35	 041	 106	36.7	 23 	 -2 	 98%	 4.5	    	    	    	    	    	    	    	    	    	    
[2026-04-14 18:40:39.091]  19:00:25	7.35	 041	 106	36.7	 23 	 -2 	 98%	 4.5	    	    	    	    	    	    	    	    	    	    
[2026-04-14 18:40:45.056]  19:00:31	7.35	 041	 106	36.7	 23 	 -2 	 98%	 4.5	    	    	    	    	    	    	    	    	    	    
[2026-04-14 18:40:51.035]  19:00:37	7.35	 041	 106	36.7	 23 	 -2 	 97%	 4.5	    	    	    	    	    	    	    	    	    	    
[2026-04-14 18:40:57.013]  19:00:43	7.35	 041	 106	36.7	 23 	 -2 	 98%	 4.5	    	    	    	    	    	    	    	    	    	    
[2026-04-14 18:41:02.990]  19:00:49	7.35	 041	 106	36.7	 23 	 -2 	 98%	 4.5	    	    	    	    	    	    	    	    	    	    
[2026-04-14 18:41:08.988]  19:00:55	7.35	 041	 106	36.7	 23 	 -2 	 98%	 4.5	    	    	    	    	    	    	    	    	    	    
[2026-04-14 18:41:14.948]  19:01:01	7.35	 041	 106	36.7	 23 	 -2 	 98%	 4.5	    	    	    	    	    	    	    	    	    	    
[2026-04-14 18:41:20.927]  19:01:07	7.35	 041	 106	36.7	 23 	 -2 	 98%	 4.5	    	    	    	    	    	    	    	    	    	    
[2026-04-14 18:41:26.901]  19:01:13	7.35	 041	 106	36.7	 23 	 -2 	 98%	 4.5	    	    	    	    	    	    	    	    	    	    
[2026-04-14 18:41:32.881]  19:01:19	7.35	 041	 105	36.7	 23 	 -2 	 97%	 4.5	    	    	    	    	    	    	    	    	    	    
[2026-04-14 18:41:38.846]  19:01:25	7.35	 041	 104	36.7	 23 	 -2 	 97%	 4.5	    	    	    	    	    	    	    	    	    	    
[2026-04-14 18:41:44.819]  19:01:31	7.35	 041	 106	36.7	 23 	 -2 	 97%	 4.6	    	    	    	    	    	    	    	    	    	    
[2026-04-14 18:41:50.848]  19:01:37	7.35	 041	 105	36.7	 23 	 -2 	 97%	 4.5	    	    	    	    	    	    	    	    	    	    
[2026-04-14 18:41:56.777]  19:01:43	7.35	 041	 105	36.7	 23 	 -2 	 97%	 4.5	    	    	    	    	    	    	    	    	    	    
[2026-04-14 18:42:02.748]  19:01:49	7.35	 041	 105	36.7	 23 	 -2 	 97%	 4.6	    	    	    	    	    	    	    	    	    	    
[2026-04-14 18:42:08.725]  19:01:55	7.35	 041	 105	36.7	 23 	 -2 	 97%	 4.6	    	    	    	    	    	    	    	    	    	    
[2026-04-14 18:42:14.708]  19:02:01	7.35	 042	 104	36.7	 23 	 -2 	 97%	 4.6	    	    	    	    	    	    	    	    	    	    
[2026-04-14 18:42:20.700]  19:02:07	7.35	 042	 105	36.7	 23 	 -2 	 97%	 4.6	    	    	    	    	    	    	    	    	    	    
[2026-04-14 18:42:26.654]  19:02:13	7.35	 041	 105	36.7	 23 	 -2 	 97%	 4.5	    	    	    	    	    	    	    	    	    	    
[2026-04-14 18:42:32.641]  19:02:19	7.35	 042	 104	36.7	 23 	 -2 	 97%	 4.5	    	    	    	    	    	    	    	    	    	    
[2026-04-14 18:42:38.607]  19:02:25	7.35	 042	 103	36.7	 23 	 -2 	 97%	 4.5	    	    	    	    	    	    	    	    	    	    
[2026-04-14 18:42:44.588]  19:02:31	7.35	 042	 104	36.7	 23 	 -2 	 97%	 4.5	    	    	    	    	    	    	    	    	    	    
[2026-04-14 18:42:50.575]  19:02:37	7.35	 042	 104	36.7	 23 	 -2 	 97%	 4.5	    	    	    	    	    	    	    	    	    	    
[2026-04-14 18:42:56.549]  19:02:43	7.35	 042	 104	36.7	 23 	 -2 	 97%	 4.6	    	    	    	    	    	    	    	    	    	    
[2026-04-14 18:43:02.526]  19:02:49	7.35	 042	 103	36.7	 23 	 -2 	 97%	 4.6	    	    	    	    	    	    	    	    	    	    
[2026-04-14 18:43:08.498]  19:02:55	7.35	 042	 103	36.7	 23 	 -2 	 97%	 4.6	    	    	    	    	    	    	    	    	    	    
[2026-04-14 18:43:14.475]  19:03:01	7.35	 042	 103	36.7	 23 	 -2 	 97%	 4.6	    	    	    	    	    	    	    	    	    	    
[2026-04-14 18:43:20.459]  19:03:07	7.35	 042	 103	36.7	 23 	 -2 	 97%	 4.6	    	    	    	    	    	    	    	    	    	    
[2026-04-14 18:43:26.419]  19:03:13	7.35	 042	 103	36.7	 23 	 -2 	 97%	 4.6	    	    	    	    	    	    	    	    	    	    
[2026-04-14 18:43:32.395]  19:03:19	7.35	 042	 103	36.7	 23 	 -2 	 97%	 4.6	    	    	    	    	    	    	    	    	    	    
[2026-04-14 18:43:38.371]  19:03:25	7.35	 042	 103	36.7	 23 	 -2 	 97%	 4.6	    	    	    	    	    	    	    	    	    	    
[2026-04-14 18:43:44.359]  19:03:31	7.35	 042	 103	36.7	 23 	 -2 	 97%	 4.6	    	    	    	    	    	    	    	    	    	    
[2026-04-14 18:43:50.337]  19:03:37	7.35	 042	 102	36.7	 23 	 -2 	 97%	 4.6	    	    	    	    	    	    	    	    	    	    
[2026-04-14 18:43:56.305]  19:03:43	7.35	 042	 102	36.7	 23 	 -2 	 97%	 4.6	    	    	    	    	    	    	    	    	    	    
[2026-04-14 18:44:02.283]  19:03:49	7.35	 042	 102	36.7	 23 	 -2 	 97%	 4.6	    	    	    	    	    	    	    	    	    	    
[2026-04-14 18:44:08.251]  19:03:55	7.35	 042	 103	36.7	 23 	 -2 	 97%	 4.6	    	    	    	    	    	    	    	    	    	    
[2026-04-14 18:44:14.236]  19:04:01	7.35	 042	 103	36.7	 23 	 -2 	 97%	 4.6	    	    	    	    	    	    	    	    	    	    
[2026-04-14 18:44:20.228]  19:04:07	7.35	 042	 103	36.7	 23 	 -2 	 97%	 4.6	    	    	    	    	    	    	    	    	    	    
[2026-04-14 18:44:26.196]  19:04:13	7.35	 042	 103	36.7	 23 	 -2 	 97%	 4.6	    	    	    	    	    	    	    	    	    	    
[2026-04-14 18:44:32.155]          	    	ARTERIAL 	 	  	    	    	    	    	    	    	    	  	    VENOUS
[2026-04-14 18:44:32.177]   Time   	 pH 	 CO2	  O2	TEMP	HCO3	 BE 	cSO2	 K+ 	 VO2	  Q 	 BSA	 pH 	 CO2	  O2	TEMP	 SO2	 HCT	 HGB
[2026-04-14 18:44:32.208] 
[2026-04-14 18:44:32.208]  19:04:19	7.35	 042	 102	36.7	 23 	 -2 	 97%	 4.6	    	    	    	    	    	    	    	    	    	    
[2026-04-14 18:44:38.147]  19:04:25	7.35	 042	 102	36.7	 23 	 -2 	 97%	 4.6	    	    	    	    	    	    	    	    	    	    
[2026-04-14 18:44:44.114]  19:04:31	7.35	 042	 102	36.7	 23 	 -2 	 97%	 4.6	    	    	    	    	    	    	    	    	    	    
[2026-04-14 18:44:50.090]  19:04:37	7.35	 042	 102	36.7	 23 	 -2 	 97%	 4.6	    	    	    	    	    	    	    	    	    	    
[2026-04-14 18:44:56.072]  19:04:43	7.35	 042	 103	36.7	 23 	 -2 	 97%	 4.6	    	    	    	    	    	    	    	    	    	    
[2026-04-14 18:45:02.049]  19:04:49	7.35	 042	 102	36.7	 23 	 -2 	 97%	 4.6	    	    	    	    	    	    	    	    	    	    
[2026-04-14 18:45:08.021]  19:04:55	7.35	 042	 102	36.7	 23 	 -2 	 97%	 4.6	    	    	    	    	    	    	    	    	    	    
[2026-04-14 18:45:14.004]  19:05:01	7.34	 042	 102	36.7	 23 	 -2 	 97%	 4.6	    	    	    	    	    	    	    	    	    	    
[2026-04-14 18:45:19.991]  19:05:07	7.35	 042	 102	36.7	 23 	 -2 	 97%	 4.6	    	    	    	    	    	    	    	    	    	    
[2026-04-14 18:45:25.956]  19:05:13	7.35	 042	 102	36.7	 23 	 -2 	 97%	 4.6	    	    	    	    	    	    	    	    	    	    
[2026-04-14 18:45:31.926]  19:05:18	7.35	 042	 102	36.7	 23 	 -2 	 97%	 4.6	    	    	    	    	    	    	    	    	    	    
[2026-04-14 18:45:37.905]  19:05:24	7.35	 042	 102	36.7	 23 	 -2 	 97%	 4.6	    	    	    	    	    	    	    	    	    	    
[2026-04-14 18:45:43.882]  19:05:30	7.34	 042	 101	36.7	 23 	 -2 	 97%	 4.6	    	    	    	    	    	    	    	    	    	    
[2026-04-14 18:45:49.866]  19:05:36	7.34	 042	 102	36.7	 23 	 -2 	 97%	 4.6	    	    	    	    	    	    	    	    	    	    
[2026-04-14 18:45:55.837]  19:05:42	7.34	 042	 103	36.7	 23 	 -2 	 97%	 4.6	    	    	    	    	    	    	    	    	    	    
[2026-04-14 18:46:01.800]  19:05:48	7.34	 042	 102	36.7	 23 	 -2 	 97%	 4.6	    	    	    	    	    	    	    	    	    	    
[2026-04-14 18:46:07.791]  19:05:54	7.34	 042	 102	36.7	 23 	 -2 	 97%	 4.6	    	    	    	    	    	    	    	    	    	    
[2026-04-14 18:46:13.760]  19:06:00	7.34	 042	 102	36.7	 23 	 -2 	 97%	 4.6	    	    	    	    	    	    	    	    	    	    
[2026-04-14 18:46:19.752]  19:06:06	7.34	 042	 102	36.7	 23 	 -2 	 97%	 4.6	    	    	    	    	    	    	    	    	    	    
[2026-04-14 18:46:25.718]  19:06:12	7.34	 042	 101	36.7	 23 	 -2 	 97%	 4.6	    	    	    	    	    	    	    	    	    	    
[2026-04-14 18:46:31.696]  19:06:18	7.34	 042	 101	36.7	 23 	 -2 	 97%	 4.6	    	    	    	    	    	    	    	    	    	    
[2026-04-14 18:46:37.659]  19:06:24	7.34	 042	 102	36.7	 23 	 -2 	 97%	 4.6	    	    	    	    	    	    	    	    	    	    
[2026-04-14 18:46:43.635]  19:06:30	7.34	 042	 101	36.7	 23 	 -2 	 97%	 4.6	    	    	    	    	    	    	    	    	    	    
[2026-04-14 18:46:49.622]  19:06:36	7.34	 042	 101	36.7	 23 	 -2 	 97%	 4.6	    	    	    	    	    	    	    	    	    	    
[2026-04-14 18:46:55.590]  19:06:42	7.34	 042	 101	36.7	 23 	 -2 	 97%	 4.6	    	    	    	    	    	    	    	    	    	    
[2026-04-14 18:47:01.568]  19:06:48	7.34	 042	 101	36.7	 23 	 -2 	 97%	 4.6	    	    	    	    	    	    	    	    	    	    
[2026-04-14 18:47:07.555]  19:06:54	7.34	 042	 101	36.7	 23 	 -2 	 97%	 4.6	    	    	    	    	    	    	    	    	    	    
[2026-04-14 18:47:13.531]  19:07:00	7.34	 042	 101	36.7	 23 	 -2 	 97%	 4.6	    	    	    	    	    	    	    	    	    	    
[2026-04-14 18:47:19.505]  19:07:06	7.34	 042	 101	36.7	 23 	 -2 	 97%	 4.6	    	    	    	    	    	    	    	    	    	    
[2026-04-14 18:47:25.483]  19:07:12	7.34	 042	 101	36.7	 23 	 -2 	 97%	 4.6	    	    	    	    	    	    	    	    	    	    
[2026-04-14 18:47:31.451]  19:07:18	7.34	 042	 100	36.7	 23 	 -2 	 97%	 4.6	    	    	    	    	    	    	    	    	    	    
[2026-04-14 18:47:37.468]  19:07:24	7.34	 042	 101	36.7	 23 	 -2 	 97%	 4.6	    	    	    	    	    	    	    	    	    	    
[2026-04-14 18:47:43.411]  19:07:30	7.34	 042	 101	36.7	 23 	 -2 	 97%	 4.6	    	    	    	    	    	    	    	    	    	    
[2026-04-14 18:47:49.391]  19:07:35	7.34	 042	 100	36.7	 23 	 -2 	 97%	 4.6	    	    	    	    	    	    	    	    	    	    
[2026-04-14 18:47:55.351]  19:07:41	7.34	 042	 101	36.7	 23 	 -2 	 97%	 4.6	    	    	    	    	    	    	    	    	    	    
[2026-04-14 18:48:01.338]  19:07:47	7.34	 042	 101	36.7	 23 	 -2 	 97%	 4.6	    	    	    	    	    	    	    	    	    	    
[2026-04-14 18:48:07.313]  19:07:53	7.34	 042	 101	36.7	 23 	 -2 	 97%	 4.6	    	    	    	    	    	    	    	    	    	    
[2026-04-14 18:48:13.293]  19:07:59	7.34	 042	 100	36.7	 23 	 -2 	 97%	 4.6	    	    	    	    	    	    	    	    	    	    
[2026-04-14 18:48:19.282]  19:08:05	7.34	 042	 100	36.7	 23 	 -2 	 97%	 4.6	    	    	    	    	    	    	    	    	    	    
[2026-04-14 18:48:25.241]  19:08:11	7.34	 042	 100	36.7	 23 	 -2 	 97%	 4.6	    	    	    	    	    	    	    	    	    	    
[2026-04-14 18:48:31.215]  19:08:17	7.34	 042	 101	36.7	 23 	 -2 	 97%	 4.6	    	    	    	    	    	    	    	    	    	    
[2026-04-14 18:48:37.195]  19:08:23	7.34	 042	 101	36.7	 23 	 -2 	 97%	 4.6	    	    	    	    	    	    	    	    	    	    
[2026-04-14 18:48:43.168]  19:08:29	7.34	 042	 102	36.7	 23 	 -2 	 97%	 4.6	    	    	    	    	    	    	    	    	    	    
[2026-04-14 18:48:49.150]  19:08:35	7.34	 042	 102	36.7	 23 	 -2 	 97%	 4.6	    	    	    	    	    	    	    	    	    	    
[2026-04-14 18:48:55.118]  19:08:41	7.34	 042	 102	36.7	 23 	 -2 	 97%	 4.6	    	    	    	    	    	    	    	    	    	    
[2026-04-14 18:49:01.098]  19:08:47	7.34	 042	 101	36.7	 23 	 -2 	 97%	 4.6	    	    	    	    	    	    	    	    	    	    
[2026-04-14 18:49:07.075]  19:08:53	7.34	 042	 101	36.7	 23 	 -2 	 97%	 4.6	    	    	    	    	    	    	    	    	    	    
[2026-04-14 18:49:13.096]  19:08:59	7.34	 042	 100	36.7	 23 	 -2 	 97%	 4.6	    	    	    	    	    	    	    	    	    	    
[2026-04-14 18:49:19.032]  19:09:05	7.34	 042	 100	36.7	 23 	 -2 	 97%	 4.6	    	    	    	    	    	    	    	    	    	    
[2026-04-14 18:49:25.010]  19:09:11	7.34	 042	 100	36.7	 23 	 -2 	 97%	 4.6	    	    	    	    	    	    	    	    	    	    
[2026-04-14 18:49:30.973]          	    	ARTERIAL 	 	  	    	    	    	    	    	    	    	  	    VENOUS
[2026-04-14 18:49:30.989]   Time   	 pH 	 CO2	  O2	TEMP	HCO3	 BE 	cSO2	 K+ 	 VO2	  Q 	 BSA	 pH 	 CO2	  O2	TEMP	 SO2	 HCT	 HGB
[2026-04-14 18:49:31.020] 
[2026-04-14 18:49:31.020]  19:09:17	7.34	 042	 101	36.7	 23 	 -2 	 97%	 4.6	    	    	    	    	    	    	    	    	    	    
[2026-04-14 18:49:36.976]  19:09:23	7.34	 042	 102	36.7	 23 	 -2 	 97%	 4.6	    	    	    	    	    	    	    	    	    	    
[2026-04-14 18:49:42.936]  19:09:29	7.34	 042	 102	36.7	 23 	 -2 	 97%	 4.6	    	    	    	    	    	    	    	    	    	    
[2026-04-14 18:49:48.919]  19:09:35	7.34	 042	 102	36.7	 23 	 -2 	 97%	 4.6	    	    	    	    	    	    	    	    	    	    
[2026-04-14 18:49:54.882]  19:09:41	7.34	 042	 101	36.7	 23 	 -2 	 97%	 4.6	    	    	    	    	    	    	    	    	    	    
[2026-04-14 18:50:00.894]  19:09:47	7.34	 042	 100	36.7	 23 	 -2 	 97%	 4.6	    	    	    	    	    	    	    	    	    	    
[2026-04-14 18:50:06.839]  19:09:53	7.34	 042	 100	36.7	 23 	 -2 	 97%	 4.6	    	    	    	    	    	    	    	    	    	    
[2026-04-14 18:50:12.811]  19:09:59	7.34	 042	 101	36.7	 23 	 -2 	 97%	 4.6	    	    	    	    	    	    	    	    	    	    
[2026-04-14 18:50:18.809]  19:10:05	7.34	 042	 101	36.7	 23 	 -2 	 97%	 4.6	    	    	    	    	    	    	    	    	    	    
[2026-04-14 18:50:24.774]  19:10:11	7.34	 042	 100	36.7	 23 	 -2 	 97%	 4.6	    	    	    	    	    	    	    	    	    	    
[2026-04-14 18:50:30.743]  19:10:17	7.34	 042	 100	36.7	 23 	 -2 	 97%	 4.6	    	    	    	    	    	    	    	    	    	    
[2026-04-14 18:50:36.723]  19:10:23	7.34	 042	 100	36.7	 23 	 -2 	 97%	 4.6	    	    	    	    	    	    	    	    	    	    
[2026-04-14 18:50:42.701]  19:10:29	7.34	 042	 101	36.7	 23 	 -2 	 97%	 4.6	    	    	    	    	    	    	    	    	    	    
[2026-04-14 18:50:48.682]  19:10:35	7.34	 042	 100	36.7	 23 	 -2 	 97%	 4.6	    	    	    	    	    	    	    	    	    	    
[2026-04-14 18:50:54.651]  19:10:41	7.34	 042	 099	36.7	 23 	 -2 	 97%	 4.6	    	    	    	    	    	    	    	    	    	    
[2026-04-14 18:51:00.629]  19:10:47	7.34	 042	 099	36.7	 23 	 -2 	 97%	 4.6	    	    	    	    	    	    	    	    	    	    
[2026-04-14 18:51:06.596]  19:10:53	7.34	 042	 099	36.7	 23 	 -2 	 97%	 4.6	    	    	    	    	    	    	    	    	    	    
[2026-04-14 18:51:12.586]  19:10:59	7.34	 042	 100	36.7	 23 	 -2 	 97%	 4.6	    	    	    	    	    	    	    	    	    	    
[2026-04-14 18:51:18.565]  19:11:05	7.34	 042	 100	36.7	 23 	 -2 	 97%	 4.6	    	    	    	    	    	    	    	    	    	    
[2026-04-14 18:51:24.539]  19:11:11	7.34	 042	 100	36.7	 23 	 -2 	 97%	 4.6	    	    	    	    	    	    	    	    	    	    
[2026-04-14 18:51:30.515]  19:11:17	7.34	 042	 099	36.7	 23 	 -2 	 97%	 4.6	    	    	    	    	    	    	    	    	    	    
[2026-04-14 18:51:36.481]  19:11:23	7.34	 042	 099	36.7	 23 	 -2 	 97%	 4.6	    	    	    	    	    	    	    	    	    	    
[2026-04-14 18:51:42.465]  19:11:29	7.34	 042	 099	36.7	 23 	 -2 	 97%	 4.6	    	    	    	    	    	    	    	    	    	    
[2026-04-14 18:51:48.438]  19:11:35	7.34	 042	 099	36.7	 23 	 -2 	 97%	 4.6	    	    	    	    	    	    	    	    	    	    
[2026-04-14 18:51:54.431]  19:11:40	7.34	 042	 099	36.7	 23 	 -2 	 97%	 4.6	    	    	    	    	    	    	    	    	    	    
[2026-04-14 18:52:00.389]  19:11:46	7.34	 042	 098	36.7	 23 	 -2 	 97%	 4.6	    	    	    	    	    	    	    	    	    	    
[2026-04-14 18:52:06.407]  19:11:52	7.34	 042	 098	36.7	 23 	 -2 	 97%	 4.6	    	    	    	    	    	    	    	    	    	    
[2026-04-14 18:52:12.338]  19:11:58	7.34	 042	 099	36.7	 23 	 -2 	 97%	 4.6	    	    	    	    	    	    	    	    	    	    
[2026-04-14 18:52:18.333]  19:12:04	7.34	 042	 099	36.6	 23 	 -2 	 97%	 4.6	    	    	    	    	    	    	    	    	    	    
[2026-04-14 18:52:24.303]  19:12:10	7.34	 042	 099	36.6	 23 	 -2 	 97%	 4.6	    	    	    	    	    	    	    	    	    	    
[2026-04-14 18:52:30.277]  19:12:16	7.34	 042	 098	36.6	 23 	 -2 	 97%	 4.6	    	    	    	    	    	    	    	    	    	    
[2026-04-14 18:52:36.258]  19:12:23	7.34	 042	 098	36.6	 23 	 -2 	 97%	 4.6	    	    	    	    	    	    	    	    	    	    
[2026-04-14 18:52:42.217]  19:12:29	7.34	 042	 099	36.6	 23 	 -2 	 97%	 4.6	    	    	    	    	    	    	    	    	    	    
[2026-04-14 18:52:48.212]  19:12:35	7.34	 042	 098	36.6	 23 	 -2 	 97%	 4.6	    	    	    	    	    	    	    	    	    	    
[2026-04-14 18:52:54.177]  19:12:40	7.34	 042	 098	36.7	 23 	 -2 	 97%	 4.6	    	    	    	    	    	    	    	    	    	    
[2026-04-14 18:53:00.148]  19:12:46	7.34	 043	 098	36.7	 23 	 -2 	 97%	 4.6	    	    	    	    	    	    	    	    	    	    
[2026-04-14 18:53:06.124]  19:12:52	7.34	 043	 099	36.7	 23 	 -2 	 97%	 4.6	    	    	    	    	    	    	    	    	    	    
[2026-04-14 18:53:12.109]  19:12:58	7.34	 043	 099	36.7	 23 	 -2 	 97%	 4.6	    	    	    	    	    	    	    	    	    	    
[2026-04-14 18:53:18.100]  19:13:04	7.34	 043	 099	36.7	 23 	 -2 	 97%	 4.6	    	    	    	    	    	    	    	    	    	    
[2026-04-14 18:53:24.056]  19:13:10	7.34	 043	 099	36.7	 23 	 -2 	 97%	 4.6	    	    	    	    	    	    	    	    	    	    
[2026-04-14 18:53:30.035]  19:13:16	7.34	 042	 099	36.6	 23 	 -2 	 97%	 4.6	    	    	    	    	    	    	    	    	    	    
[2026-04-14 18:53:36.012]  19:13:22	7.34	 042	 099	36.6	 23 	 -2 	 97%	 4.6	    	    	    	    	    	    	    	    	    	    
[2026-04-14 18:53:41.989]  19:13:28	7.34	 042	 099	36.6	 23 	 -2 	 97%	 4.6	    	    	    	    	    	    	    	    	    	    
[2026-04-14 18:53:47.986]  19:13:34	7.34	 042	 100	36.6	 23 	 -2 	 97%	 4.6	    	    	    	    	    	    	    	    	    	    
[2026-04-14 18:53:53.947]  19:13:40	7.34	 042	 100	36.6	 23 	 -2 	 97%	 4.6	    	    	    	    	    	    	    	    	    	    
[2026-04-14 18:53:59.919]  19:13:46	7.34	 042	 099	36.7	 23 	 -2 	 97%	 4.6	    	    	    	    	    	    	    	    	    	    
[2026-04-14 18:54:05.892]  19:13:52	7.34	 043	 097	36.7	 23 	 -2 	 97%	 4.6	    	    	    	    	    	    	    	    	    	    
[2026-04-14 18:54:11.866]  19:13:58	7.34	 043	 097	36.6	 23 	 -2 	 97%	 4.7	    	    	    	    	    	    	    	    	    	    
[2026-04-14 18:54:17.862]  19:14:04	7.34	 043	 099	36.2	 23 	 -2 	 97%	 4.6	    	    	    	    	    	    	    	    	    	    
[2026-04-14 18:54:23.825]  19:14:10	7.33	 043	 100	35.8	 23 	 -2 	 97%	 4.5	    	    	    	    	    	    	    	    	    	    
[2026-04-14 18:54:29.797]          	    	ARTERIAL 	 	  	    	    	    	    	    	    	    	  	    VENOUS
[2026-04-14 18:54:29.813]   Time   	 pH 	 CO2	  O2	TEMP	HCO3	 BE 	cSO2	 K+ 	 VO2	  Q 	 BSA	 pH 	 CO2	  O2	TEMP	 SO2	 HCT	 HGB
[2026-04-14 18:54:29.844] 
[2026-04-14 18:54:29.844]  19:14:16	7.33	 044	 101	35.5	 23 	 -2 	 97%	 4.6	    	    	    	    	    	    	    	    	    	    
[2026-04-14 18:54:35.774]  19:14:22	7.33	 044	 101	35.2	 23 	 -2 	 97%	 4.6	    	    	    	    	    	    	    	    	    	    
[2026-04-14 18:54:41.761]  19:14:28	7.33	 043	 100	35.7	 23 	 -2 	 97%	 4.7	    	    	    	    	    	    	    	    	    	    
[2026-04-14 18:54:47.723]  19:14:34	7.34	 043	 097	36.4	 23 	 -2 	 97%	 4.8	    	    	    	    	    	    	    	    	    	    
[2026-04-14 18:54:53.699]  19:14:40	7.34	 043	 098	36.5	 23 	 -2 	 97%	 4.6	    	    	    	    	    	    	    	    	    	    
[2026-04-14 18:54:59.686]  19:14:46	7.34	 043	 098	36.5	 23 	 -2 	 97%	 4.6	    	    	    	    	    	    	    	    	    	    
[2026-04-14 18:55:05.664]  19:14:52	7.34	 042	 098	36.5	 23 	 -2 	 97%	 4.6	    	    	    	    	    	    	    	    	    	    
[2026-04-14 18:55:11.633]  19:14:58	7.34	 042	 098	36.5	 23 	 -2 	 97%	 4.6	    	    	    	    	    	    	    	    	    	    
[2026-04-14 18:55:17.619]  19:15:04	7.34	 042	 097	36.6	 23 	 -2 	 97%	 4.6	    	    	    	    	    	    	    	    	    	    
[2026-04-14 18:55:23.584]  19:15:10	7.34	 042	 099	36.5	 23 	 -2 	 97%	 4.6	    	    	    	    	    	    	    	    	    	    
[2026-04-14 18:55:29.554]  19:15:16	7.34	 042	 099	36.6	 23 	 -2 	 97%	 4.6	    	    	    	    	    	    	    	    	    	    
[2026-04-14 18:55:35.530]  19:15:22	7.34	 042	 099	36.5	 23 	 -2 	 97%	 4.6	    	    	    	    	    	    	    	    	    	    
[2026-04-14 18:55:41.515]  19:15:28	7.34	 042	 098	36.6	 23 	 -2 	 97%	 4.6	    	    	    	    	    	    	    	    	    	    
[2026-04-14 18:55:47.495]  19:15:34	7.34	 043	 097	36.6	 23 	 -2 	 97%	 4.6	    	    	    	    	    	    	    	    	    	    
[2026-04-14 18:55:53.471]  19:15:40	7.34	 043	 097	36.6	 23 	 -2 	 97%	 4.6	    	    	    	    	    	    	    	    	    	    
[2026-04-14 18:55:59.437]  19:15:46	7.34	 043	 097	36.6	 23 	 -2 	 97%	 4.6	    	    	    	    	    	    	    	    	    	    
[2026-04-14 18:56:05.425]  19:15:52	7.34	 043	 098	36.6	 23 	 -2 	 97%	 4.6	    	    	    	    	    	    	    	    	    	    
[2026-04-14 18:56:11.402]  19:15:58	7.34	 043	 097	36.6	 23 	 -2 	 97%	 4.6	    	    	    	    	    	    	    	    	    	    
[2026-04-14 18:56:17.380]  19:16:04	7.34	 043	 097	36.6	 23 	 -2 	 97%	 4.6	    	    	    	    	    	    	    	    	    	    
[2026-04-14 18:56:23.353]  19:16:10	7.34	 043	 097	36.6	 23 	 -2 	 97%	 4.6	    	    	    	    	    	    	    	    	    	    
[2026-04-14 18:56:29.331]  19:16:16	7.34	 043	 097	36.6	 23 	 -2 	 97%	 4.6	    	    	    	    	    	    	    	    	    	    
[2026-04-14 18:56:35.309]  19:16:22	7.34	 043	 098	36.6	 23 	 -2 	 97%	 4.6	    	    	    	    	    	    	    	    	    	    
[2026-04-14 18:56:41.284]  19:16:28	7.34	 043	 098	36.6	 23 	 -2 	 97%	 4.6	    	    	    	    	    	    	    	    	    	    
[2026-04-14 18:56:47.254]  19:16:34	7.34	 043	 099	36.6	 23 	 -2 	 97%	 4.6	    	    	    	    	    	    	    	    	    	    
[2026-04-14 18:56:53.233]  19:16:40	7.34	 043	 098	36.6	 23 	 -2 	 97%	 4.7	    	    	    	    	    	    	    	    	    	    
[2026-04-14 18:56:59.213]  19:16:46	7.34	 043	 097	36.6	 23 	 -2 	 97%	 4.7	    	    	    	    	    	    	    	    	    	    
[2026-04-14 18:57:05.177]  19:16:51	7.34	 043	 097	36.6	 23 	 -2 	 97%	 4.6	    	    	    	    	    	    	    	    	    	    
[2026-04-14 18:57:11.160]  19:16:57	7.34	 043	 097	36.6	 23 	 -2 	 97%	 4.6	    	    	    	    	    	    	    	    	    	    
[2026-04-14 18:57:17.158]  19:17:03	7.34	 043	 097	36.6	 23 	 -2 	 97%	 4.6	    	    	    	    	    	    	    	    	    	    
[2026-04-14 18:57:23.106]  19:17:09	7.34	 043	 098	36.6	 23 	 -2 	 97%	 4.7	    	    	    	    	    	    	    	    	    	    
[2026-04-14 18:57:29.093]  19:17:15	7.34	 043	 098	36.6	 23 	 -2 	 97%	 4.7	    	    	    	    	    	    	    	    	    	    
[2026-04-14 18:57:35.070]  19:17:21	7.34	 043	 099	36.6	 23 	 -2 	 97%	 4.7	    	    	    	    	    	    	    	    	    	    
[2026-04-14 18:57:41.041]  19:17:27	7.34	 043	 098	36.6	 23 	 -2 	 97%	 4.7	    	    	    	    	    	    	    	    	    	    
[2026-04-14 18:57:47.016]  19:17:33	7.34	 043	 098	36.6	 23 	 -2 	 97%	 4.7	    	    	    	    	    	    	    	    	    	    
[2026-04-14 18:57:52.997]  19:17:39	7.34	 043	 098	36.6	 23 	 -2 	 97%	 4.7	    	    	    	    	    	    	    	    	    	    
[2026-04-14 18:57:58.974]  19:17:46	7.34	 043	 098	36.6	 23 	 -2 	 97%	 4.6	    	    	    	    	    	    	    	    	    	    
[2026-04-14 18:58:04.949]  19:17:52	7.34	 043	 098	36.6	 23 	 -2 	 97%	 4.6	    	    	    	    	    	    	    	    	    	    
[2026-04-14 18:58:10.921]  19:17:58	7.34	 043	 098	36.6	 23 	 -2 	 97%	 4.7	    	    	    	    	    	    	    	    	    	    
[2026-04-14 18:58:16.904]  19:18:04	7.34	 043	 097	36.6	 23 	 -2 	 97%	 4.7	    	    	    	    	    	    	    	    	    	    
[2026-04-14 18:58:22.876]  19:18:10	7.34	 043	 098	36.6	 23 	 -2 	 97%	 4.7	    	    	    	    	    	    	    	    	    	    
[2026-04-14 18:58:28.854]  19:18:16	7.34	 043	 098	36.6	 23 	 -2 	 97%	 4.7	    	    	    	    	    	    	    	    	    	    
[2026-04-14 18:58:34.836]  19:18:22	7.34	 043	 099	36.6	 23 	 -2 	 97%	 4.7	    	    	    	    	    	    	    	    	    	    
[2026-04-14 18:58:40.799]  19:18:27	7.34	 042	 105	36.6	 23 	 -2 	 97%	 4.7	    	    	    	    	    	    	    	    	    	    
[2026-04-14 18:58:46.776]  19:18:33	7.34	 042	 110	36.6	 23 	 -2 	 98%	 4.7	    	    	    	    	    	    	    	    	    	    
[2026-04-14 18:58:52.749]  19:18:39	7.34	 042	 112	36.6	 23 	 -2 	 98%	 4.7	    	    	    	    	    	    	    	    	    	    
[2026-04-14 18:58:58.747]  19:18:45	7.35	 042	 114	36.6	 23 	 -2 	 98%	 4.7	    	    	    	    	    	    	    	    	    	    
[2026-04-14 18:59:04.710]  19:18:51	7.35	 041	 118	36.6	 23 	 -2 	 98%	 4.7	    	    	    	    	    	    	    	    	    	    
[2026-04-14 18:59:10.679]  19:18:57	7.35	 041	 120	36.6	 23 	 -2 	 98%	 4.7	    	    	    	    	    	    	    	    	    	    
[2026-04-14 18:59:16.667]  19:19:03	7.35	 041	 122	36.6	 23 	 -2 	 98%	 4.7	    	    	    	    	    	    	    	    	    	    
[2026-04-14 18:59:22.642]  19:19:09	7.35	 041	 121	36.6	 23 	 -2 	 98%	 4.7	    	    	    	    	    	    	    	    	    	    
[2026-04-14 18:59:28.612]          	    	ARTERIAL 	 	  	    	    	    	    	    	    	    	  	    VENOUS
[2026-04-14 18:59:28.634]   Time   	 pH 	 CO2	  O2	TEMP	HCO3	 BE 	cSO2	 K+ 	 VO2	  Q 	 BSA	 pH 	 CO2	  O2	TEMP	 SO2	 HCT	 HGB
[2026-04-14 18:59:28.649] 
[2026-04-14 18:59:28.649]  19:19:15	7.35	 041	 122	36.6	 23 	 -2 	 98%	 4.7	    	    	    	    	    	    	    	    	    	    
[2026-04-14 18:59:34.590]  19:19:21	7.35	 041	 126	36.6	 23 	 -2 	 98%	 4.7	    	    	    	    	    	    	    	    	    	    
[2026-04-14 18:59:40.561]  19:19:27	7.35	 041	 126	36.6	 23 	 -2 	 98%	 4.7	    	    	    	    	    	    	    	    	    	    
[2026-04-14 18:59:46.540]  19:19:33	7.35	 040	 128	36.6	 23 	 -2 	 98%	 4.7	    	    	    	    	    	    	    	    	    	    
[2026-04-14 18:59:52.523]  19:19:39	7.35	 040	 129	36.6	 23 	 -2 	 99%	 4.7	    	    	    	    	    	    	    	    	    	    
[2026-04-14 18:59:58.503]  19:19:45	7.35	 040	 129	36.6	 23 	 -2 	 99%	 4.7	    	    	    	    	    	    	    	    	    	    
[2026-04-14 19:00:04.472]  19:19:51	7.35	 040	 130	36.6	 23 	 -2 	 99%	 4.7	    	    	    	    	    	    	    	    	    	    
[2026-04-14 19:00:10.452]  19:19:57	7.35	 040	 129	36.6	 23 	 -2 	 98%	 4.7	    	    	    	    	    	    	    	    	    	    
[2026-04-14 19:00:16.477]  19:20:03	7.35	 040	 131	36.6	 23 	 -2 	 99%	 4.7	    	    	    	    	    	    	    	    	    	    
[2026-04-14 19:00:22.407]  19:20:09	7.35	 040	 131	36.6	 23 	 -2 	 99%	 4.7	    	    	    	    	    	    	    	    	    	    
[2026-04-14 19:00:28.374]  19:20:15	7.35	 040	 129	36.6	 22 	 -2 	 99%	 4.7	    	    	    	    	    	    	    	    	    	    
[2026-04-14 19:00:34.361]  19:20:21	7.35	 040	 131	36.6	 23 	 -2 	 99%	 4.7	    	    	    	    	    	    	    	    	    	    
[2026-04-14 19:00:40.337]  19:20:27	7.35	 040	 131	36.6	 22 	 -2 	 99%	 4.7	    	    	    	    	    	    	    	    	    	    
[2026-04-14 19:00:46.312]  19:20:33	7.36	 040	 133	36.6	 22 	 -2 	 99%	 4.7	    	    	    	    	    	    	    	    	    	    
[2026-04-14 19:00:52.286]  19:20:39	7.36	 040	 133	36.6	 22 	 -2 	 99%	 4.7	    	    	    	    	    	    	    	    	    	    
[2026-04-14 19:00:58.254]  19:20:45	7.36	 040	 133	36.6	 22 	 -2 	 99%	 4.7	    	    	    	    	    	    	    	    	    	    
[2026-04-14 19:01:04.241]  19:20:51	7.36	 040	 137	36.6	 22 	 -2 	 99%	 4.7	    	    	    	    	    	    	    	    	    	    
[2026-04-14 19:01:10.210]  19:20:57	7.36	 040	 134	36.6	 22 	 -2 	 99%	 4.7	    	    	    	    	    	    	    	    	    	    
[2026-04-14 19:01:16.201]  19:21:03	7.36	 040	 134	36.7	 22 	 -2 	 99%	 4.7	    	    	    	    	    	    	    	    	    	    
[2026-04-14 19:01:22.164]  19:21:09	7.36	 040	 131	36.6	 22 	 -2 	 99%	 4.7	    	    	    	    	    	    	    	    	    	    
[2026-04-14 19:01:28.140]  19:21:15	7.36	 040	 131	36.6	 22 	 -2 	 99%	 4.7	    	    	    	    	    	    	    	    	    	    
[2026-04-14 19:01:34.124]  19:21:21	7.36	 040	 135	36.6	 22 	 -2 	 99%	 4.7	    	    	    	    	    	    	    	    	    	    
[2026-04-14 19:01:40.088]  19:21:27	7.36	 040	 134	36.6	 22 	 -2 	 99%	 4.8	    	    	    	    	    	    	    	    	    	    
[2026-04-14 19:01:46.072]  19:21:33	7.36	 039	 136	36.6	 22 	 -2 	 99%	 4.7	    	    	    	    	    	    	    	    	    	    
[2026-04-14 19:01:52.052]  19:21:39	7.36	 040	 135	36.7	 22 	 -2 	 99%	 4.8	    	    	    	    	    	    	    	    	    	    
[2026-04-14 19:01:58.023]  19:21:45	7.36	 039	 135	36.7	 22 	 -2 	 99%	 4.8	    	    	    	    	    	    	    	    	    	    
[2026-04-14 19:02:03.994]  19:21:51	7.36	 039	 138	36.7	 22 	 -2 	 99%	 4.7	    	    	    	    	    	    	    	    	    	    
[2026-04-14 19:02:09.981]  19:21:57	7.36	 039	 136	36.7	 22 	 -2 	 99%	 4.7	    	    	    	    	    	    	    	    	    	    
[2026-04-14 19:02:15.956]  19:22:03	7.36	 039	 141	36.7	 22 	 -2 	 99%	 4.7	    	    	    	    	    	    	    	    	    	    
[2026-04-14 19:02:21.972]  19:22:09	7.36	 039	 140	36.7	 22 	 -2 	 99%	 4.7	    	    	    	    	    	    	    	    	    	    
[2026-04-14 19:02:27.906]  19:22:15	7.36	 039	 138	36.7	 22 	 -2 	 99%	 4.7	    	    	    	    	    	    	    	    	    	    
[2026-04-14 19:02:33.875]  19:22:21	7.36	 039	 141	36.7	 22 	 -2 	 99%	 4.7	    	    	    	    	    	    	    	    	    	    
[2026-04-14 19:02:39.859]  19:22:27	7.36	 039	 139	36.7	 22 	 -2 	 99%	 4.8	    	    	    	    	    	    	    	    	    	    
[2026-04-14 19:02:45.838]  19:22:33	7.36	 039	 140	36.7	 22 	 -2 	 99%	 4.8	    	    	    	    	    	    	    	    	    	    
[2026-04-14 19:02:51.808]  19:22:38	7.36	 039	 138	36.7	 22 	 -2 	 99%	 4.8	    	    	    	    	    	    	    	    	    	    
[2026-04-14 19:02:57.802]  19:22:44	7.36	 039	 137	36.7	 22 	 -2 	 99%	 4.8	    	    	    	    	    	    	    	    	    	    
[2026-04-14 19:03:03.763]  19:22:50	7.36	 039	 137	36.7	 22 	 -2 	 99%	 4.8	    	    	    	    	    	    	    	    	    	    
[2026-04-14 19:03:09.779]  19:22:56	7.36	 039	 134	36.7	 22 	 -2 	 99%	 4.8	    	    	    	    	    	    	    	    	    	    
[2026-04-14 19:03:15.725]  19:23:02	7.36	 039	 136	36.7	 22 	 -2 	 99%	 4.8	    	    	    	    	    	    	    	    	    	    
[2026-04-14 19:03:21.685]  19:23:08	7.36	 039	 134	36.7	 22 	 -2 	 99%	 4.8	    	    	    	    	    	    	    	    	    	    
[2026-04-14 19:03:27.672]  19:23:14	7.36	 039	 134	36.7	 22 	 -2 	 99%	 4.8	    	    	    	    	    	    	    	    	    	    
[2026-04-14 19:03:33.647]  19:23:20	7.36	 039	 134	36.7	 22 	 -2 	 99%	 4.8	    	    	    	    	    	    	    	    	    	    
[2026-04-14 19:03:39.622]  19:23:26	7.36	 039	 133	36.7	 22 	 -2 	 99%	 4.8	    	    	    	    	    	    	    	    	    	    
[2026-04-14 19:03:45.595]  19:23:32	7.36	 039	 137	36.7	 22 	 -2 	 99%	 4.8	    	    	    	    	    	    	    	    	    	    
[2026-04-14 19:03:51.575]  19:23:38	7.36	 039	 134	36.7	 22 	 -2 	 99%	 4.8	    	    	    	    	    	    	    	    	    	    
[2026-04-14 19:03:57.556]  19:23:44	7.36	 039	 134	36.7	 22 	 -2 	 99%	 4.8	    	    	    	    	    	    	    	    	    	    
[2026-04-14 19:04:03.522]  19:23:50	7.36	 039	 137	36.7	 22 	 -2 	 99%	 4.8	    	    	    	    	    	    	    	    	    	    
[2026-04-14 19:04:09.504]  19:23:56	7.36	 039	 137	36.7	 22 	 -2 	 99%	 4.8	    	    	    	    	    	    	    	    	    	    
[2026-04-14 19:04:15.497]  19:24:02	7.36	 039	 140	36.7	 22 	 -2 	 99%	 4.8	    	    	    	    	    	    	    	    	    	    
[2026-04-14 19:04:21.474]  19:24:07	7.36	 039	 135	36.7	 22 	 -2 	 99%	 4.8	    	    	    	    	    	    	    	    	    	    
[2026-04-14 19:04:27.424]          	    	ARTERIAL 	 	  	    	    	    	    	    	    	    	  	    VENOUS
[2026-04-14 19:04:27.439]   Time   	 pH 	 CO2	  O2	TEMP	HCO3	 BE 	cSO2	 K+ 	 VO2	  Q 	 BSA	 pH 	 CO2	  O2	TEMP	 SO2	 HCT	 HGB
[2026-04-14 19:04:27.470] 
[2026-04-14 19:04:27.470]  19:24:13	7.36	 039	 134	36.7	 22 	 -2 	 99%	 4.8	    	    	    	    	    	    	    	    	    	    
[2026-04-14 19:04:33.410]  19:24:19	7.36	 039	 139	36.7	 22 	 -2 	 99%	 4.8	    	    	    	    	    	    	    	    	    	    
[2026-04-14 19:04:39.384]  19:24:25	7.36	 039	 139	36.7	 22 	 -2 	 99%	 4.8	    	    	    	    	    	    	    	    	    	    
[2026-04-14 19:04:45.360]  19:24:31	7.36	 039	 142	36.7	 22 	 -2 	 99%	 4.8	    	    	    	    	    	    	    	    	    	    
[2026-04-14 19:04:51.349]  19:24:37	7.36	 039	 138	36.7	 22 	 -2 	 99%	 4.8	    	    	    	    	    	    	    	    	    	    
[2026-04-14 19:04:57.307]  19:24:43	7.36	 039	 139	36.7	 22 	 -2 	 99%	 4.8	    	    	    	    	    	    	    	    	    	    
[2026-04-14 19:05:03.293]  19:24:49	7.36	 039	 139	36.7	 22 	 -2 	 99%	 4.8	    	    	    	    	    	    	    	    	    	    
[2026-04-14 19:05:09.272]  19:24:55	7.36	 039	 136	36.7	 22 	 -2 	 99%	 4.8	    	    	    	    	    	    	    	    	    	    
[2026-04-14 19:05:15.250]  19:25:01	7.36	 039	 137	36.7	 22 	 -2 	 99%	 4.8	    	    	    	    	    	    	    	    	    	    
[2026-04-14 19:05:21.223]  19:25:07	7.36	 039	 135	36.7	 22 	 -2 	 99%	 4.8	    	    	    	    	    	    	    	    	    	    
[2026-04-14 19:05:27.199]  19:25:13	7.36	 039	 140	36.6	 22 	 -2 	 99%	 4.8	    	    	    	    	    	    	    	    	    	    
[2026-04-14 19:05:33.186]  19:25:19	7.36	 039	 140	36.7	 22 	 -2 	 99%	 4.8	    	    	    	    	    	    	    	    	    	    
[2026-04-14 19:05:39.141]  19:25:25	7.36	 039	 136	36.7	 22 	 -2 	 99%	 4.8	    	    	    	    	    	    	    	    	    	    
[2026-04-14 19:05:45.123]  19:25:31	7.36	 039	 137	36.7	 22 	 -2 	 99%	 4.8	    	    	    	    	    	    	    	    	    	    
[2026-04-14 19:05:51.108]  19:25:37	7.36	 039	 133	36.7	 22 	 -2 	 99%	 4.8	    	    	    	    	    	    	    	    	    	    
[2026-04-14 19:05:57.085]  19:25:43	7.36	 039	 135	36.7	 22 	 -2 	 99%	 4.8	    	    	    	    	    	    	    	    	    	    
[2026-04-14 19:06:03.055]  19:25:49	7.36	 039	 137	36.7	 22 	 -2 	 99%	 4.8	    	    	    	    	    	    	    	    	    	    
[2026-04-14 19:06:09.029]  19:25:55	7.36	 039	 135	36.7	 22 	 -2 	 99%	 4.8	    	    	    	    	    	    	    	    	    	    
[2026-04-14 19:06:15.021]  19:26:01	7.36	 039	 138	36.7	 22 	 -2 	 99%	 4.8	    	    	    	    	    	    	    	    	    	    
[2026-04-14 19:06:21.015]  19:26:07	7.36	 039	 136	36.7	 22 	 -2 	 99%	 4.8	    	    	    	    	    	    	    	    	    	    
[2026-04-14 19:06:26.962]  19:26:13	7.36	 039	 139	36.7	 22 	 -2 	 99%	 4.8	    	    	    	    	    	    	    	    	    	    
[2026-04-14 19:06:32.938]  19:26:19	7.36	 039	 140	36.7	 22 	 -2 	 99%	 4.8	    	    	    	    	    	    	    	    	    	    
[2026-04-14 19:06:38.915]  19:26:25	7.36	 039	 138	36.7	 22 	 -2 	 99%	 4.8	    	    	    	    	    	    	    	    	    	    
[2026-04-14 19:06:44.897]  19:26:31	7.36	 039	 142	36.7	 22 	 -2 	 99%	 4.8	    	    	    	    	    	    	    	    	    	    
[2026-04-14 19:06:50.861]  19:26:37	7.36	 039	 138	36.7	 22 	 -2 	 99%	 4.8	    	    	    	    	    	    	    	    	    	    
[2026-04-14 19:06:56.847]  19:26:43	7.36	 039	 137	36.7	 22 	 -2 	 99%	 4.8	    	    	    	    	    	    	    	    	    	    
[2026-04-14 19:07:02.816]  19:26:49	7.36	 039	 137	36.7	 22 	 -2 	 99%	 4.8	    	    	    	    	    	    	    	    	    	    
[2026-04-14 19:07:08.834]  19:26:55	7.36	 039	 140	36.7	 22 	 -2 	 99%	 4.8	    	    	    	    	    	    	    	    	    	    
[2026-04-14 19:07:14.792]  19:27:01	7.37	 038	 143	36.7	 22 	 -2 	 99%	 4.8	    	    	    	    	    	    	    	    	    	    
[2026-04-14 19:07:20.742]  19:27:07	7.36	 039	 139	36.7	 22 	 -2 	 99%	 4.8	    	    	    	    	    	    	    	    	    	    
[2026-04-14 19:07:26.740]  19:27:13	7.37	 038	 142	36.6	 22 	 -2 	 99%	 4.8	    	    	    	    	    	    	    	    	    	    
[2026-04-14 19:07:32.694]  19:27:19	7.36	 039	 141	36.6	 22 	 -2 	 99%	 4.8	    	    	    	    	    	    	    	    	    	    
[2026-04-14 19:07:38.692]  19:27:25	7.36	 039	 137	36.6	 22 	 -2 	 99%	 4.8	    	    	    	    	    	    	    	    	    	    
[2026-04-14 19:07:44.656]  19:27:31	7.36	 039	 138	36.5	 22 	 -2 	 99%	 4.8	    	    	    	    	    	    	    	    	    	    
[2026-04-14 19:07:50.631]  19:27:37	7.36	 039	 135	36.5	 22 	 -2 	 99%	 4.8	    	    	    	    	    	    	    	    	    	    
[2026-04-14 19:07:56.608]  19:27:43	7.36	 038	 138	36.5	 22 	 -2 	 99%	 4.7	    	    	    	    	    	    	    	    	    	    
[2026-04-14 19:08:02.584]  19:27:49	7.36	 039	 135	36.5	 22 	 -2 	 99%	 4.7	    	    	    	    	    	    	    	    	    	    
[2026-04-14 19:08:08.555]  19:27:55	7.36	 039	 133	36.5	 22 	 -2 	 99%	 4.7	    	    	    	    	    	    	    	    	    	    
[2026-04-14 19:08:14.541]  19:28:01	7.36	 039	 136	36.4	 22 	 -2 	 99%	 4.7	    	    	    	    	    	    	    	    	    	    
[2026-04-14 19:08:20.507]  19:28:07	7.36	 039	 135	36.4	 22 	 -2 	 99%	 4.7	    	    	    	    	    	    	    	    	    	    
[2026-04-14 19:08:26.478]  19:28:13	7.36	 038	 137	36.3	 22 	 -3 	 99%	 4.7	    	    	    	    	    	    	    	    	    	    
[2026-04-14 19:08:32.467]  19:28:18	7.36	 039	 134	36.3	 22 	 -3 	 99%	 4.7	    	    	    	    	    	    	    	    	    	    
[2026-04-14 19:08:38.435]  19:28:24	7.36	 038	 134	36.3	 22 	 -3 	 99%	 4.6	    	    	    	    	    	    	    	    	    	    
[2026-04-14 19:08:44.413]  19:28:31	7.36	 039	 134	36.3	 22 	 -3 	 99%	 4.6	    	    	    	    	    	    	    	    	    	    
[2026-04-14 19:08:50.408]  19:28:37	7.35	 039	 134	36.3	 22 	 -3 	 99%	 4.6	    	    	    	    	    	    	    	    	    	    
[2026-04-14 19:08:56.370]  19:28:43	7.35	 039	 134	36.3	 22 	 -3 	 99%	 4.6	    	    	    	    	    	    	    	    	    	    
[2026-04-14 19:09:02.350]  19:28:49	7.35	 039	 134	36.3	 22 	 -3 	 99%	 4.6	    	    	    	    	    	    	    	    	    	    
[2026-04-14 19:09:08.320]  19:28:55	7.35	 039	 134	36.4	 22 	 -3 	 99%	 4.7	    	    	    	    	    	    	    	    	    	    
[2026-04-14 19:09:14.302]  19:29:01	7.35	 039	 135	36.4	 22 	 -3 	 99%	 4.7	    	    	    	    	    	    	    	    	    	    
[2026-04-14 19:09:20.272]  19:29:07	7.35	 039	 134	36.4	 22 	 -3 	 99%	 4.7	    	    	    	    	    	    	    	    	    	    
[2026-04-14 19:09:26.235]          	    	ARTERIAL 	 	  	    	    	    	    	    	    	    	  	    VENOUS
[2026-04-14 19:09:26.266]   Time   	 pH 	 CO2	  O2	TEMP	HCO3	 BE 	cSO2	 K+ 	 VO2	  Q 	 BSA	 pH 	 CO2	  O2	TEMP	 SO2	 HCT	 HGB
[2026-04-14 19:09:26.282] 
[2026-04-14 19:09:26.282]  19:29:13	7.35	 039	 133	36.4	 22 	 -3 	 99%	 4.7	    	    	    	    	    	    	    	    	    	    
[2026-04-14 19:09:32.247]  19:29:19	7.35	 039	 134	36.4	 22 	 -2 	 99%	 4.7	    	    	    	    	    	    	    	    	    	    
[2026-04-14 19:09:38.208]  19:29:25	7.35	 039	 136	36.4	 22 	 -2 	 99%	 4.7	    	    	    	    	    	    	    	    	    	    
[2026-04-14 19:09:44.178]  19:29:31	7.35	 039	 136	36.4	 22 	 -2 	 99%	 4.7	    	    	    	    	    	    	    	    	    	    
[2026-04-14 19:09:50.156]  19:29:37	7.35	 039	 137	36.4	 22 	 -2 	 99%	 4.7	    	    	    	    	    	    	    	    	    	    
[2026-04-14 19:09:56.134]  19:29:43	7.36	 039	 138	36.4	 22 	 -2 	 99%	 4.7	    	    	    	    	    	    	    	    	    	    
[2026-04-14 19:10:02.111]  19:29:49	7.36	 039	 138	36.4	 22 	 -2 	 99%	 4.7	    	    	    	    	    	    	    	    	    	    
[2026-04-14 19:10:08.083]  19:29:55	7.36	 039	 137	36.5	 22 	 -2 	 99%	 4.7	    	    	    	    	    	    	    	    	    	    
[2026-04-14 19:10:14.077]  19:30:01	7.36	 039	 138	36.5	 22 	 -2 	 99%	 4.7	    	    	    	    	    	    	    	    	    	    
[2026-04-14 19:10:20.029]  19:30:07	7.36	 039	 141	36.5	 22 	 -2 	 99%	 4.7	    	    	    	    	    	    	    	    	    	    
[2026-04-14 19:10:26.008]  19:30:13	7.36	 039	 144	36.5	 22 	 -2 	 99%	 4.7	    	    	    	    	    	    	    	    	    	    
[2026-04-14 19:10:31.992]  19:30:19	7.36	 039	 144	36.5	 22 	 -2 	 99%	 4.7	    	    	    	    	    	    	    	    	    	    
[2026-04-14 19:10:37.970]  19:30:25	7.36	 039	 143	36.5	 22 	 -2 	 99%	 4.7	    	    	    	    	    	    	    	    	    	    
[2026-04-14 19:10:43.953]  19:30:31	7.36	 039	 140	36.5	 22 	 -2 	 99%	 4.7	    	    	    	    	    	    	    	    	    	    
[2026-04-14 19:10:49.919]  19:30:36	7.36	 039	 140	36.5	 22 	 -2 	 99%	 4.7	    	    	    	    	    	    	    	    	    	    
[2026-04-14 19:10:55.913]  19:30:42	7.36	 039	 143	36.5	 22 	 -2 	 99%	 4.7	    	    	    	    	    	    	    	    	    	    
[2026-04-14 19:11:01.872]  19:30:48	7.36	 039	 144	36.5	 22 	 -2 	 99%	 4.7	    	    	    	    	    	    	    	    	    	    
[2026-04-14 19:11:07.848]  19:30:54	7.36	 039	 143	36.5	 22 	 -2 	 99%	 4.7	    	    	    	    	    	    	    	    	    	    
[2026-04-14 19:11:13.836]  19:31:00	7.36	 039	 142	36.5	 22 	 -2 	 99%	 4.7	    	    	    	    	    	    	    	    	    	    
[2026-04-14 19:11:19.807]  19:31:06	7.36	 039	 143	36.5	 22 	 -2 	 99%	 4.7	    	    	    	    	    	    	    	    	    	    
[2026-04-14 19:11:25.779]  19:31:12	7.36	 039	 145	36.5	 22 	 -2 	 99%	 4.7	    	    	    	    	    	    	    	    	    	    
[2026-04-14 19:11:31.756]  19:31:18	7.36	 039	 145	36.5	 22 	 -2 	 99%	 4.7	    	    	    	    	    	    	    	    	    	    
[2026-04-14 19:11:37.736]  19:31:24	7.36	 039	 145	36.5	 22 	 -2 	 99%	 4.7	    	    	    	    	    	    	    	    	    	    
[2026-04-14 19:11:43.714]  19:31:30	7.36	 039	 145	36.5	 22 	 -2 	 99%	 4.7	    	    	    	    	    	    	    	    	    	    
[2026-04-14 19:11:49.684]  19:31:36	7.36	 039	 145	36.5	 22 	 -2 	 99%	 4.7	    	    	    	    	    	    	    	    	    	    
[2026-04-14 19:11:55.652]  19:31:42	7.36	 039	 146	36.5	 22 	 -2 	 99%	 4.7	    	    	    	    	    	    	    	    	    	    
[2026-04-14 19:12:01.639]  19:31:48	7.36	 039	 146	36.5	 22 	 -2 	 99%	 4.7	    	    	    	    	    	    	    	    	    	    
[2026-04-14 19:12:07.609]  19:31:54	7.36	 039	 145	36.5	 22 	 -2 	 99%	 4.7	    	    	    	    	    	    	    	    	    	    
[2026-04-14 19:12:13.593]  19:32:00	7.36	 039	 145	36.5	 22 	 -2 	 99%	 4.7	    	    	    	    	    	    	    	    	    	    
[2026-04-14 19:12:19.571]  19:32:06	7.36	 039	 146	36.5	 22 	 -2 	 99%	 4.7	    	    	    	    	    	    	    	    	    	    
[2026-04-14 19:12:25.547]  19:32:12	7.36	 039	 146	36.5	 22 	 -2 	 99%	 4.7	    	    	    	    	    	    	    	    	    	    
[2026-04-14 19:12:31.521]  19:32:18	7.36	 039	 144	36.5	 22 	 -2 	 99%	 4.7	    	    	    	    	    	    	    	    	    	    
[2026-04-14 19:12:37.499]  19:32:24	7.36	 039	 145	36.5	 22 	 -2 	 99%	 4.7	    	    	    	    	    	    	    	    	    	    
[2026-04-14 19:12:43.475]  19:32:30	7.36	 039	 145	36.6	 22 	 -2 	 99%	 4.7	    	    	    	    	    	    	    	    	    	    
[2026-04-14 19:12:49.450]  19:32:36	7.36	 039	 144	36.6	 22 	 -2 	 99%	 4.7	    	    	    	    	    	    	    	    	    	    
[2026-04-14 19:12:55.418]  19:32:42	7.36	 039	 143	36.6	 22 	 -2 	 99%	 4.7	    	    	    	    	    	    	    	    	    	    
[2026-04-14 19:13:01.397]  19:32:48	7.36	 039	 144	36.6	 22 	 -2 	 99%	 4.7	    	    	    	    	    	    	    	    	    	    
[2026-04-14 19:13:07.369]  19:32:54	7.36	 039	 146	36.6	 22 	 -2 	 99%	 4.7	    	    	    	    	    	    	    	    	    	    
[2026-04-14 19:13:13.363]  19:33:00	7.36	 039	 146	36.6	 22 	 -2 	 99%	 4.7	    	    	    	    	    	    	    	    	    	    
[2026-04-14 19:13:19.327]  19:33:06	7.36	 039	 144	36.6	 22 	 -2 	 99%	 4.7	    	    	    	    	    	    	    	    	    	    
[2026-04-14 19:13:25.306]  19:33:12	7.36	 039	 146	36.6	 22 	 -2 	 99%	 4.7	    	    	    	    	    	    	    	    	    	    
[2026-04-14 19:13:31.276]  19:33:18	7.36	 039	 145	36.6	 22 	 -2 	 99%	 4.7	    	    	    	    	    	    	    	    	    	    
[2026-04-14 19:13:37.261]  19:33:24	7.36	 039	 146	36.6	 22 	 -2 	 99%	 4.7	    	    	    	    	    	    	    	    	    	    
[2026-04-14 19:13:43.241]  19:33:30	7.36	 039	 147	36.6	 22 	 -2 	 99%	 4.8	    	    	    	    	    	    	    	    	    	    
[2026-04-14 19:13:49.215]  19:33:36	7.36	 039	 147	36.6	 22 	 -2 	 99%	 4.8	    	    	    	    	    	    	    	    	    	    
[2026-04-14 19:13:55.190]  19:33:42	7.36	 039	 146	36.6	 22 	 -2 	 99%	 4.8	    	    	    	    	    	    	    	    	    	    
[2026-04-14 19:14:01.162]  19:33:48	7.36	 039	 144	36.6	 22 	 -2 	 99%	 4.8	    	    	    	    	    	    	    	    	    	    
[2026-04-14 19:14:07.139]  19:33:53	7.36	 039	 145	36.6	 22 	 -2 	 99%	 4.7	    	    	    	    	    	    	    	    	    	    
[2026-04-14 19:14:13.119]  19:33:59	7.36	 039	 147	36.6	 22 	 -2 	 99%	 4.7	    	    	    	    	    	    	    	    	    	    
[2026-04-14 19:14:19.096]  19:34:05	7.36	 039	 147	36.6	 22 	 -2 	 99%	 4.7	    	    	    	    	    	    	    	    	    	    
[2026-04-14 19:14:25.061]          	    	ARTERIAL 	 	  	    	    	    	    	    	    	    	  	    VENOUS
[2026-04-14 19:14:25.077]   Time   	 pH 	 CO2	  O2	TEMP	HCO3	 BE 	cSO2	 K+ 	 VO2	  Q 	 BSA	 pH 	 CO2	  O2	TEMP	 SO2	 HCT	 HGB
[2026-04-14 19:14:25.108] 
[2026-04-14 19:14:25.108]  19:34:11	7.36	 039	 147	36.6	 22 	 -2 	 99%	 4.7	    	    	    	    	    	    	    	    	    	    
[2026-04-14 19:14:31.103]  19:34:17	7.36	 039	 146	36.6	 22 	 -2 	 99%	 4.8	    	    	    	    	    	    	    	    	    	    
[2026-04-14 19:14:37.019]  19:34:23	7.36	 039	 146	36.6	 22 	 -2 	 99%	 4.8	    	    	    	    	    	    	    	    	    	    
[2026-04-14 19:14:43.002]  19:34:29	7.36	 039	 147	36.6	 22 	 -2 	 99%	 4.8	    	    	    	    	    	    	    	    	    	    
[2026-04-14 19:14:48.980]  19:34:35	7.36	 039	 147	36.6	 22 	 -2 	 99%	 4.8	    	    	    	    	    	    	    	    	    	    
[2026-04-14 19:14:54.951]  19:34:41	7.36	 039	 147	36.6	 22 	 -2 	 99%	 4.8	    	    	    	    	    	    	    	    	    	    
[2026-04-14 19:15:00.928]  19:34:47	7.36	 039	 145	36.6	 22 	 -2 	 99%	 4.8	    	    	    	    	    	    	    	    	    	    
[2026-04-14 19:15:06.897]  19:34:53	7.36	 039	 145	36.6	 22 	 -2 	 99%	 4.8	    	    	    	    	    	    	    	    	    	    
[2026-04-14 19:15:12.894]  19:34:59	7.36	 039	 144	36.6	 22 	 -2 	 99%	 4.8	    	    	    	    	    	    	    	    	    	    
[2026-04-14 19:15:18.895]  19:35:05	7.36	 039	 144	36.6	 22 	 -2 	 99%	 4.8	    	    	    	    	    	    	    	    	    	    
[2026-04-14 19:15:24.829]  19:35:11	7.36	 039	 145	36.6	 22 	 -2 	 99%	 4.8	    	    	    	    	    	    	    	    	    	    
[2026-04-14 19:15:30.809]  19:35:17	7.36	 039	 145	36.6	 22 	 -2 	 99%	 4.8	    	    	    	    	    	    	    	    	    	    
[2026-04-14 19:15:36.779]  19:35:23	7.36	 039	 146	36.6	 22 	 -2 	 99%	 4.8	    	    	    	    	    	    	    	    	    	    
[2026-04-14 19:15:42.757]  19:35:29	7.36	 039	 145	36.6	 22 	 -2 	 99%	 4.8	    	    	    	    	    	    	    	    	    	    
[2026-04-14 19:15:48.730]  19:35:35	7.36	 039	 145	36.6	 22 	 -2 	 99%	 4.8	    	    	    	    	    	    	    	    	    	    
[2026-04-14 19:15:54.716]  19:35:41	7.36	 039	 144	36.6	 22 	 -2 	 99%	 4.8	    	    	    	    	    	    	    	    	    	    
[2026-04-14 19:16:00.687]  19:35:47	7.36	 039	 144	36.6	 22 	 -2 	 99%	 4.8	    	    	    	    	    	    	    	    	    	    
[2026-04-14 19:16:06.671]  19:35:53	7.36	 039	 145	36.6	 22 	 -2 	 99%	 4.8	    	    	    	    	    	    	    	    	    	    
[2026-04-14 19:16:12.652]  19:35:59	7.36	 039	 145	36.6	 22 	 -2 	 99%	 4.8	    	    	    	    	    	    	    	    	    	    
[2026-04-14 19:16:18.622]  19:36:05	7.36	 039	 146	36.6	 22 	 -2 	 99%	 4.8	    	    	    	    	    	    	    	    	    	    
[2026-04-14 19:16:24.593]  19:36:11	7.36	 039	 147	36.6	 22 	 -2 	 99%	 4.8	    	    	    	    	    	    	    	    	    	    
[2026-04-14 19:16:30.574]  19:36:17	7.36	 039	 147	36.6	 22 	 -2 	 99%	 4.8	    	    	    	    	    	    	    	    	    	    
[2026-04-14 19:16:36.551]  19:36:23	7.36	 039	 147	36.6	 22 	 -2 	 99%	 4.8	    	    	    	    	    	    	    	    	    	    
[2026-04-14 19:16:42.525]  19:36:29	7.36	 039	 146	36.6	 22 	 -2 	 99%	 4.8	    	    	    	    	    	    	    	    	    	    
[2026-04-14 19:16:48.496]  19:36:34	7.36	 039	 145	36.6	 22 	 -2 	 99%	 4.8	    	    	    	    	    	    	    	    	    	    
[2026-04-14 19:16:54.477]  19:36:40	7.36	 039	 146	36.6	 22 	 -2 	 99%	 4.8	    	    	    	    	    	    	    	    	    	    
[2026-04-14 19:17:00.447]  19:36:46	7.36	 039	 147	36.6	 22 	 -2 	 99%	 4.8	    	    	    	    	    	    	    	    	    	    
[2026-04-14 19:17:06.433]  19:36:52	7.36	 039	 148	36.6	 22 	 -2 	 99%	 4.8	    	    	    	    	    	    	    	    	    	    
[2026-04-14 19:17:12.419]  19:36:58	7.36	 039	 148	36.6	 22 	 -2 	 99%	 4.8	    	    	    	    	    	    	    	    	    	    
[2026-04-14 19:17:18.398]  19:37:04	7.36	 039	 148	36.6	 22 	 -2 	 99%	 4.8	    	    	    	    	    	    	    	    	    	    
[2026-04-14 19:17:24.359]  19:37:10	7.36	 039	 147	36.6	 22 	 -2 	 99%	 4.8	    	    	    	    	    	    	    	    	    	    
[2026-04-14 19:17:30.333]  19:37:16	7.36	 039	 146	36.6	 22 	 -2 	 99%	 4.8	    	    	    	    	    	    	    	    	    	    
[2026-04-14 19:17:36.318]  19:37:22	7.36	 039	 147	36.6	 22 	 -2 	 99%	 4.8	    	    	    	    	    	    	    	    	    	    
[2026-04-14 19:17:42.299]  19:37:28	7.36	 039	 146	36.6	 22 	 -2 	 99%	 4.8	    	    	    	    	    	    	    	    	    	    
[2026-04-14 19:17:48.273]  19:37:34	7.36	 039	 146	36.6	 22 	 -2 	 99%	 4.8	    	    	    	    	    	    	    	    	    	    
[2026-04-14 19:17:54.238]  19:37:40	7.36	 039	 146	36.6	 22 	 -2 	 99%	 4.8	    	    	    	    	    	    	    	    	    	    
[2026-04-14 19:18:00.222]  19:37:46	7.36	 039	 147	36.6	 22 	 -2 	 99%	 4.8	    	    	    	    	    	    	    	    	    	    
[2026-04-14 19:18:06.191]  19:37:52	7.36	 039	 148	36.6	 22 	 -2 	 99%	 4.8	    	    	    	    	    	    	    	    	    	    
[2026-04-14 19:18:12.174]  19:37:58	7.36	 039	 147	36.6	 22 	 -2 	 99%	 4.8	    	    	    	    	    	    	    	    	    	    
[2026-04-14 19:18:18.148]  19:38:04	7.36	 039	 147	36.6	 22 	 -2 	 99%	 4.8	    	    	    	    	    	    	    	    	    	    
[2026-04-14 19:18:24.126]  19:38:10	7.36	 039	 146	36.6	 22 	 -2 	 99%	 4.8	    	    	    	    	    	    	    	    	    	    
[2026-04-14 19:18:30.097]  19:38:16	7.36	 039	 145	36.7	 22 	 -2 	 99%	 4.9	    	    	    	    	    	    	    	    	    	    
[2026-04-14 19:18:36.078]  19:38:22	7.36	 039	 148	36.6	 22 	 -2 	 99%	 4.9	    	    	    	    	    	    	    	    	    	    
[2026-04-14 19:18:42.056]  19:38:28	7.36	 039	 148	36.6	 22 	 -2 	 99%	 4.9	    	    	    	    	    	    	    	    	    	    
[2026-04-14 19:18:48.033]  19:38:34	7.36	 039	 146	36.6	 22 	 -2 	 99%	 4.9	    	    	    	    	    	    	    	    	    	    
[2026-04-14 19:18:54.003]  19:38:40	7.36	 039	 144	36.7	 22 	 -2 	 99%	 4.8	    	    	    	    	    	    	    	    	    	    
[2026-04-14 19:19:00.011]  19:38:46	7.36	 039	 144	36.7	 22 	 -2 	 99%	 4.9	    	    	    	    	    	    	    	    	    	    
[2026-04-14 19:19:05.962]  19:38:52	7.36	 039	 145	36.6	 22 	 -2 	 99%	 4.9	    	    	    	    	    	    	    	    	    	    
[2026-04-14 19:19:11.937]  19:38:58	7.36	 039	 147	36.6	 22 	 -2 	 99%	 4.9	    	    	    	    	    	    	    	    	    	    
[2026-04-14 19:19:17.907]  19:39:04	7.36	 039	 149	36.6	 22 	 -2 	 99%	 4.9	    	    	    	    	    	    	    	    	    	    
[2026-04-14 19:19:23.894]          	    	ARTERIAL 	 	  	    	    	    	    	    	    	    	  	    VENOUS
[2026-04-14 19:19:23.910]   Time   	 pH 	 CO2	  O2	TEMP	HCO3	 BE 	cSO2	 K+ 	 VO2	  Q 	 BSA	 pH 	 CO2	  O2	TEMP	 SO2	 HCT	 HGB
[2026-04-14 19:19:23.941] 
[2026-04-14 19:19:23.941]  19:39:11	7.36	 039	 148	36.6	 22 	 -2 	 99%	 4.9	    	    	    	    	    	    	    	    	    	    
[2026-04-14 19:19:29.857]  19:39:17	7.36	 039	 146	36.6	 22 	 -2 	 99%	 4.8	    	    	    	    	    	    	    	    	    	    
[2026-04-14 19:19:35.841]  19:39:22	7.36	 039	 146	36.6	 22 	 -2 	 99%	 4.8	    	    	    	    	    	    	    	    	    	    
[2026-04-14 19:19:41.812]  19:39:28	7.36	 039	 146	36.6	 22 	 -2 	 99%	 4.8	    	    	    	    	    	    	    	    	    	    
[2026-04-14 19:19:47.792]  19:39:34	7.36	 039	 145	36.6	 22 	 -2 	 99%	 4.8	    	    	    	    	    	    	    	    	    	    
[2026-04-14 19:19:53.777]  19:39:40	7.36	 039	 144	36.6	 22 	 -2 	 99%	 4.8	    	    	    	    	    	    	    	    	    	    
[2026-04-14 19:19:59.750]  19:39:46	7.36	 039	 145	36.6	 22 	 -2 	 99%	 4.9	    	    	    	    	    	    	    	    	    	    
[2026-04-14 19:20:05.727]  19:39:52	7.36	 039	 148	36.6	 22 	 -2 	 99%	 4.9	    	    	    	    	    	    	    	    	    	    
[2026-04-14 19:20:11.703]  19:39:58	7.36	 039	 146	36.6	 22 	 -2 	 99%	 4.9	    	    	    	    	    	    	    	    	    	    
[2026-04-14 19:20:17.676]  19:40:04	7.36	 039	 145	36.6	 22 	 -2 	 99%	 4.8	    	    	    	    	    	    	    	    	    	    
[2026-04-14 19:20:23.654]  19:40:10	7.36	 039	 146	36.6	 22 	 -2 	 99%	 4.8	    	    	    	    	    	    	    	    	    	    
[2026-04-14 19:20:29.617]  19:40:16	7.36	 039	 148	36.6	 22 	 -2 	 99%	 4.9	    	    	    	    	    	    	    	    	    	    
[2026-04-14 19:20:35.611]  19:40:22	7.36	 039	 150	36.4	 22 	 -2 	 99%	 4.8	    	    	    	    	    	    	    	    	    	    
[2026-04-14 19:20:41.588]  19:40:28	7.36	 039	 148	36.5	 22 	 -2 	 99%	 4.8	    	    	    	    	    	    	    	    	    	    
[2026-04-14 19:20:47.552]  19:40:34	7.36	 039	 148	36.6	 22 	 -2 	 99%	 4.8	    	    	    	    	    	    	    	    	    	    
[2026-04-14 19:20:53.527]  19:40:40	7.36	 039	 147	36.6	 22 	 -2 	 99%	 4.8	    	    	    	    	    	    	    	    	    	    
[2026-04-14 19:20:59.512]  19:40:46	7.36	 039	 146	36.6	 22 	 -2 	 99%	 4.8	    	    	    	    	    	    	    	    	    	    
[2026-04-14 19:21:05.477]  19:40:52	7.36	 039	 146	36.6	 22 	 -2 	 99%	 4.8	    	    	    	    	    	    	    	    	    	    
[2026-04-14 19:21:11.473]  19:40:58	7.36	 039	 146	36.6	 22 	 -2 	 99%	 4.8	    	    	    	    	    	    	    	    	    	    
[2026-04-14 19:21:17.438]  19:41:04	7.36	 039	 147	36.6	 22 	 -2 	 99%	 4.9	    	    	    	    	    	    	    	    	    	    
[2026-04-14 19:21:23.417]  19:41:10	7.36	 039	 147	36.6	 22 	 -2 	 99%	 4.8	    	    	    	    	    	    	    	    	    	    
[2026-04-14 19:21:29.386]  19:41:16	7.36	 039	 146	36.6	 22 	 -2 	 99%	 4.8	    	    	    	    	    	    	    	    	    	    
[2026-04-14 19:21:35.373]  19:41:22	7.36	 039	 146	36.6	 22 	 -2 	 99%	 4.8	    	    	    	    	    	    	    	    	    	    
[2026-04-14 19:21:41.352]  19:41:28	7.36	 039	 146	36.6	 22 	 -2 	 99%	 4.8	    	    	    	    	    	    	    	    	    	    
[2026-04-14 19:21:47.312]  19:41:34	7.36	 039	 146	36.6	 22 	 -2 	 99%	 4.8	    	    	    	    	    	    	    	    	    	    
[2026-04-14 19:21:53.297]  19:41:40	7.36	 039	 145	36.6	 22 	 -2 	 99%	 4.9	    	    	    	    	    	    	    	    	    	    
[2026-04-14 19:21:59.262]  19:41:46	7.36	 039	 146	36.6	 22 	 -2 	 99%	 4.9	    	    	    	    	    	    	    	    	    	    
[2026-04-14 19:22:05.263]  19:41:52	7.36	 039	 147	36.6	 22 	 -2 	 99%	 4.9	    	    	    	    	    	    	    	    	    	    
[2026-04-14 19:22:11.280]  19:41:58	7.36	 039	 146	36.6	 22 	 -2 	 99%	 4.9	    	    	    	    	    	    	    	    	    	    
[2026-04-14 19:22:17.204]  19:42:04	7.36	 039	 147	36.6	 22 	 -2 	 99%	 4.9	    	    	    	    	    	    	    	    	    	    
[2026-04-14 19:22:23.180]  19:42:10	7.36	 039	 147	36.6	 22 	 -2 	 99%	 4.9	    	    	    	    	    	    	    	    	    	    
[2026-04-14 19:22:29.149]  19:42:16	7.36	 039	 147	36.6	 22 	 -2 	 99%	 4.9	    	    	    	    	    	    	    	    	    	    
[2026-04-14 19:22:35.122]  19:42:22	7.36	 039	 146	36.6	 22 	 -2 	 99%	 4.9	    	    	    	    	    	    	    	    	    	    
[2026-04-14 19:22:41.110]  19:42:28	7.36	 039	 147	36.6	 22 	 -2 	 99%	 4.8	    	    	    	    	    	    	    	    	    	    
[2026-04-14 19:22:47.074]  19:42:34	7.36	 039	 148	36.6	 22 	 -2 	 99%	 4.9	    	    	    	    	    	    	    	    	    	    
[2026-04-14 19:22:53.055]  19:42:40	7.36	 039	 148	36.6	 22 	 -2 	 99%	 4.9	    	    	    	    	    	    	    	    	    	    
[2026-04-14 19:22:59.063]  19:42:46	7.36	 039	 147	36.6	 22 	 -2 	 99%	 4.9	    	    	    	    	    	    	    	    	    	    
[2026-04-14 19:23:05.010]  19:42:52	7.36	 039	 148	36.6	 22 	 -2 	 99%	 4.8	    	    	    	    	    	    	    	    	    	    
[2026-04-14 19:23:10.990]  19:42:58	7.36	 039	 149	36.6	 22 	 -2 	 99%	 4.8	    	    	    	    	    	    	    	    	    	    
[2026-04-14 19:23:16.968]  19:43:04	7.36	 039	 148	36.6	 22 	 -2 	 99%	 4.9	    	    	    	    	    	    	    	    	    	    
[2026-04-14 19:23:22.946]  19:43:10	7.36	 039	 148	36.6	 22 	 -2 	 99%	 4.9	    	    	    	    	    	    	    	    	    	    
[2026-04-14 19:23:28.935]  19:43:16	7.36	 039	 148	36.6	 22 	 -2 	 99%	 4.9	    	    	    	    	    	    	    	    	    	    
[2026-04-14 19:23:34.900]  19:43:22	7.36	 039	 148	36.6	 22 	 -2 	 99%	 4.9	    	    	    	    	    	    	    	    	    	    
[2026-04-14 19:23:40.871]  19:43:28	7.36	 039	 147	36.6	 22 	 -2 	 99%	 4.8	    	    	    	    	    	    	    	    	    	    
[2026-04-14 19:23:46.841]  19:43:33	7.36	 039	 148	36.6	 22 	 -2 	 99%	 4.9	    	    	    	    	    	    	    	    	    	    
[2026-04-14 19:23:52.820]  19:43:39	7.36	 039	 150	36.6	 22 	 -2 	 99%	 4.9	    	    	    	    	    	    	    	    	    	    
[2026-04-14 19:23:58.801]  19:43:45	7.36	 039	 149	36.6	 22 	 -2 	 99%	 4.9	    	    	    	    	    	    	    	    	    	    
[2026-04-14 19:24:04.774]  19:43:51	7.36	 039	 147	36.6	 22 	 -2 	 99%	 4.9	    	    	    	    	    	    	    	    	    	    
[2026-04-14 19:24:10.766]  19:43:57	7.36	 039	 148	36.6	 22 	 -2 	 99%	 4.8	    	    	    	    	    	    	    	    	    	    
[2026-04-14 19:24:16.726]  19:44:03	7.36	 039	 150	36.6	 22 	 -2 	 99%	 4.8	    	    	    	    	    	    	    	    	    	    
[2026-04-14 19:24:22.693]          	    	ARTERIAL 	 	  	    	    	    	    	    	    	    	  	    VENOUS
[2026-04-14 19:24:22.715]   Time   	 pH 	 CO2	  O2	TEMP	HCO3	 BE 	cSO2	 K+ 	 VO2	  Q 	 BSA	 pH 	 CO2	  O2	TEMP	 SO2	 HCT	 HGB
[2026-04-14 19:24:22.746] 
[2026-04-14 19:24:22.746]  19:44:09	7.36	 039	 152	36.6	 22 	 -2 	 99%	 4.8	    	    	    	    	    	    	    	    	    	    
[2026-04-14 19:24:28.679]  19:44:15	7.36	 039	 151	36.6	 22 	 -2 	 99%	 4.8	    	    	    	    	    	    	    	    	    	    
[2026-04-14 19:24:34.662]  19:44:21	7.36	 039	 150	36.6	 22 	 -2 	 99%	 4.8	    	    	    	    	    	    	    	    	    	    
[2026-04-14 19:24:40.634]  19:44:27	7.36	 039	 149	36.6	 22 	 -2 	 99%	 4.8	    	    	    	    	    	    	    	    	    	    
[2026-04-14 19:24:46.611]  19:44:33	7.36	 039	 148	36.6	 22 	 -2 	 99%	 4.9	    	    	    	    	    	    	    	    	    	    
[2026-04-14 19:24:52.587]  19:44:39	7.36	 039	 146	36.6	 22 	 -2 	 99%	 4.9	    	    	    	    	    	    	    	    	    	    
[2026-04-14 19:24:58.560]  19:44:45	7.36	 039	 148	36.3	 22 	 -2 	 99%	 4.8	    	    	    	    	    	    	    	    	    	    
[2026-04-14 19:25:04.546]  19:44:51	7.36	 039	 145	36.5	 22 	 -2 	 99%	 4.9	    	    	    	    	    	    	    	    	    	    
[2026-04-14 19:25:10.532]  19:44:57	7.36	 039	 145	36.6	 22 	 -2 	 99%	 4.9	    	    	    	    	    	    	    	    	    	    
[2026-04-14 19:25:16.493]  19:45:03	7.36	 039	 146	36.2	 22 	 -2 	 99%	 4.8	    	    	    	    	    	    	    	    	    	    
[2026-04-14 19:25:22.476]  19:45:09	7.35	 040	 147	35.8	 22 	 -2 	 99%	 4.8	    	    	    	    	    	    	    	    	    	    
[2026-04-14 19:25:28.439]  19:45:15	7.35	 040	 147	35.5	 22 	 -2 	 99%	 4.7	    	    	    	    	    	    	    	    	    	    
[2026-04-14 19:25:34.425]  19:45:21	7.35	 040	 143	36.2	 22 	 -2 	 99%	 4.9	    	    	    	    	    	    	    	    	    	    
[2026-04-14 19:25:40.394]  19:45:27	7.36	 039	 142	36.5	 22 	 -2 	 99%	 4.9	    	    	    	    	    	    	    	    	    	    
[2026-04-14 19:25:46.365]  19:45:33	7.36	 039	 145	36.6	 22 	 -2 	 99%	 4.9	    	    	    	    	    	    	    	    	    	    
[2026-04-14 19:25:52.392]  19:45:39	7.36	 039	 146	36.6	 22 	 -2 	 99%	 4.9	    	    	    	    	    	    	    	    	    	    
[2026-04-14 19:25:58.323]  19:45:45	7.36	 039	 147	36.6	 22 	 -2 	 99%	 4.9	    	    	    	    	    	    	    	    	    	    
[2026-04-14 19:26:04.309]  19:45:51	7.36	 039	 149	36.6	 22 	 -2 	 99%	 4.9	    	    	    	    	    	    	    	    	    	    
[2026-04-14 19:26:10.286]  19:45:57	7.36	 039	 147	36.6	 22 	 -2 	 99%	 4.9	    	    	    	    	    	    	    	    	    	    
[2026-04-14 19:26:16.250]  19:46:03	7.36	 039	 146	36.6	 22 	 -2 	 99%	 4.9	    	    	    	    	    	    	    	    	    	    
[2026-04-14 19:26:22.230]  19:46:09	7.36	 039	 147	36.6	 22 	 -2 	 99%	 4.9	    	    	    	    	    	    	    	    	    	    
[2026-04-14 19:26:28.200]  19:46:15	7.36	 039	 149	36.6	 22 	 -2 	 99%	 4.9	    	    	    	    	    	    	    	    	    	    
[2026-04-14 19:26:34.186]  19:46:21	7.36	 039	 152	36.6	 22 	 -2 	 99%	 4.9	    	    	    	    	    	    	    	    	    	    
[2026-04-14 19:26:40.162]  19:46:26	7.36	 039	 151	36.6	 22 	 -2 	 99%	 4.9	    	    	    	    	    	    	    	    	    	    
[2026-04-14 19:26:46.129]  19:46:32	7.36	 039	 152	36.6	 22 	 -2 	 99%	 4.9	    	    	    	    	    	    	    	    	    	    
[2026-04-14 19:26:52.106]  19:46:38	7.36	 039	 148	36.6	 22 	 -2 	 99%	 4.9	    	    	    	    	    	    	    	    	    	    
[2026-04-14 19:26:58.091]  19:46:44	7.36	 039	 147	36.6	 22 	 -2 	 99%	 4.9	    	    	    	    	    	    	    	    	    	    
[2026-04-14 19:27:04.060]  19:46:50	7.36	 039	 147	36.6	 22 	 -2 	 99%	 4.9	    	    	    	    	    	    	    	    	    	    
[2026-04-14 19:27:10.056]  19:46:56	7.36	 039	 148	36.6	 22 	 -2 	 99%	 4.9	    	    	    	    	    	    	    	    	    	    
[2026-04-14 19:27:16.027]  19:47:02	7.36	 039	 148	36.6	 22 	 -2 	 99%	 4.9	    	    	    	    	    	    	    	    	    	    
[2026-04-14 19:27:22.002]  19:47:08	7.36	 039	 148	36.6	 22 	 -2 	 99%	 4.9	    	    	    	    	    	    	    	    	    	    
[2026-04-14 19:27:28.002]  19:47:14	7.36	 039	 149	36.6	 22 	 -2 	 99%	 4.9	    	    	    	    	    	    	    	    	    	    
[2026-04-14 19:27:33.947]  19:47:20	7.36	 039	 148	36.6	 22 	 -2 	 99%	 4.9	    	    	    	    	    	    	    	    	    	    
[2026-04-14 19:27:39.925]  19:47:26	7.36	 039	 147	36.6	 22 	 -2 	 99%	 4.9	    	    	    	    	    	    	    	    	    	    
[2026-04-14 19:27:45.903]  19:47:32	7.36	 039	 150	36.6	 22 	 -2 	 99%	 4.9	    	    	    	    	    	    	    	    	    	    
[2026-04-14 19:27:51.871]  19:47:38	7.36	 039	 150	36.6	 22 	 -2 	 99%	 4.9	    	    	    	    	    	    	    	    	    	    
[2026-04-14 19:27:57.846]  19:47:44	7.36	 039	 150	36.6	 22 	 -2 	 99%	 4.9	    	    	    	    	    	    	    	    	    	    
[2026-04-14 19:28:03.831]  19:47:50	7.36	 039	 152	36.6	 22 	 -2 	 99%	 4.9	    	    	    	    	    	    	    	    	    	    
[2026-04-14 19:28:09.818]  19:47:56	7.36	 039	 150	36.6	 22 	 -2 	 99%	 4.9	    	    	    	    	    	    	    	    	    	    
[2026-04-14 19:28:15.835]  19:48:02	7.36	 039	 152	36.6	 22 	 -2 	 99%	 4.9	    	    	    	    	    	    	    	    	    	    
[2026-04-14 19:28:21.752]  19:48:08	7.36	 039	 150	36.6	 22 	 -2 	 99%	 4.9	    	    	    	    	    	    	    	    	    	    
[2026-04-14 19:28:27.731]  19:48:14	7.36	 039	 150	36.6	 22 	 -2 	 99%	 4.9	    	    	    	    	    	    	    	    	    	    
[2026-04-14 19:28:33.712]  19:48:20	7.36	 039	 150	36.5	 22 	 -2 	 99%	 4.9	    	    	    	    	    	    	    	    	    	    
[2026-04-14 19:28:39.690]  19:48:26	7.36	 039	 147	36.6	 22 	 -2 	 99%	 4.9	    	    	    	    	    	    	    	    	    	    
[2026-04-14 19:28:45.669]  19:48:32	7.36	 039	 147	36.6	 22 	 -2 	 99%	 4.9	    	    	    	    	    	    	    	    	    	    
[2026-04-14 19:28:51.637]  19:48:38	7.36	 039	 147	36.6	 22 	 -2 	 99%	 4.9	    	    	    	    	    	    	    	    	    	    
[2026-04-14 19:28:57.624]  19:48:44	7.36	 039	 148	36.6	 22 	 -2 	 99%	 4.9	    	    	    	    	    	    	    	    	    	    
[2026-04-14 19:29:03.628]  19:48:50	7.36	 039	 147	36.6	 22 	 -2 	 99%	 4.9	    	    	    	    	    	    	    	    	    	    
[2026-04-14 19:29:09.580]  19:48:56	7.36	 039	 148	36.6	 22 	 -2 	 99%	 4.9	    	    	    	    	    	    	    	    	    	    
[2026-04-14 19:29:15.553]  19:49:02	7.36	 039	 150	36.6	 22 	 -2 	 99%	 4.9	    	    	    	    	    	    	    	    	    	    
[2026-04-14 19:29:21.515]          	    	ARTERIAL 	 	  	    	    	    	    	    	    	    	  	    VENOUS
[2026-04-14 19:29:21.530]   Time   	 pH 	 CO2	  O2	TEMP	HCO3	 BE 	cSO2	 K+ 	 VO2	  Q 	 BSA	 pH 	 CO2	  O2	TEMP	 SO2	 HCT	 HGB
[2026-04-14 19:29:21.562] 
[2026-04-14 19:29:21.562]  19:49:08	7.36	 039	 148	36.6	 22 	 -2 	 99%	 4.9	    	    	    	    	    	    	    	    	    	    
[2026-04-14 19:29:27.508]  19:49:14	7.36	 039	 149	36.6	 22 	 -2 	 99%	 4.9	    	    	    	    	    	    	    	    	    	    
[2026-04-14 19:29:33.480]  19:49:20	7.36	 039	 152	36.6	 22 	 -2 	 99%	 4.9	    	    	    	    	    	    	    	    	    	    
[2026-04-14 19:29:39.465]  19:49:26	7.36	 039	 149	36.6	 22 	 -2 	 99%	 4.9	    	    	    	    	    	    	    	    	    	    
[2026-04-14 19:29:45.432]  19:49:32	7.36	 039	 147	36.6	 22 	 -2 	 99%	 4.9	    	    	    	    	    	    	    	    	    	    
[2026-04-14 19:29:51.405]  19:49:38	7.36	 039	 146	36.5	 22 	 -2 	 99%	 4.9	    	    	    	    	    	    	    	    	    	    
[2026-04-14 19:29:57.382]  19:49:44	7.36	 039	 148	36.5	 22 	 -2 	 99%	 4.9	    	    	    	    	    	    	    	    	    	    
[2026-04-14 19:30:03.360]  19:49:50	7.36	 039	 148	36.6	 22 	 -2 	 99%	 4.9	    	    	    	    	    	    	    	    	    	    
[2026-04-14 19:30:09.361]  19:49:56	7.36	 039	 146	36.6	 22 	 -2 	 99%	 4.9	    	    	    	    	    	    	    	    	    	    
[2026-04-14 19:30:15.311]  19:50:02	7.36	 039	 146	36.6	 22 	 -2 	 99%	 5.0	    	    	    	    	    	    	    	    	    	    
[2026-04-14 19:30:21.290]  19:50:08	7.36	 039	 146	36.6	 22 	 -2 	 99%	 5.0	    	    	    	    	    	    	    	    	    	    
[2026-04-14 19:30:27.267]  19:50:14	7.36	 039	 148	36.5	 22 	 -2 	 99%	 4.9	    	    	    	    	    	    	    	    	    	    
[2026-04-14 19:30:33.244]  19:50:20	7.36	 039	 147	36.6	 22 	 -2 	 99%	 4.9	    	    	    	    	    	    	    	    	    	    
[2026-04-14 19:30:39.214]  19:50:25	7.36	 039	 147	36.5	 22 	 -2 	 99%	 4.9	    	    	    	    	    	    	    	    	    	    
[2026-04-14 19:30:45.182]  19:50:31	7.36	 039	 149	36.5	 22 	 -2 	 99%	 4.9	    	    	    	    	    	    	    	    	    	    
[2026-04-14 19:30:51.168]  19:50:37	7.36	 039	 150	36.5	 22 	 -2 	 99%	 4.9	    	    	    	    	    	    	    	    	    	    
[2026-04-14 19:30:57.144]  19:50:43	7.36	 039	 149	36.6	 22 	 -2 	 99%	 4.9	    	    	    	    	    	    	    	    	    	    
[2026-04-14 19:31:03.122]  19:50:49	7.36	 039	 148	36.6	 22 	 -2 	 99%	 4.9	    	    	    	    	    	    	    	    	    	    
[2026-04-14 19:31:09.107]  19:50:55	7.36	 039	 150	36.5	 22 	 -2 	 99%	 4.9	    	    	    	    	    	    	    	    	    	    
[2026-04-14 19:31:15.070]  19:51:01	7.36	 039	 154	36.5	 22 	 -2 	 99%	 4.9	    	    	    	    	    	    	    	    	    	    
[2026-04-14 19:31:21.050]  19:51:07	7.36	 039	 161	36.5	 22 	 -2 	 99%	 5.0	    	    	    	    	    	    	    	    	    	    
[2026-04-14 19:31:27.029]  19:51:13	7.36	 039	 170	36.4	 22 	 -2 	 99%	 5.0	    	    	    	    	    	    	    	    	    	    
[2026-04-14 19:31:33.000]  19:51:19	7.36	 039	 174	36.4	 22 	 -2 	 99%	 5.1	    	    	    	    	    	    	    	    	    	    
[2026-04-14 19:31:38.976]  19:51:25	7.36	 040	 171	36.4	 22 	 -2 	 99%	 5.1	    	    	    	    	    	    	    	    	    	    
[2026-04-14 19:31:44.960]  19:51:31	7.36	 040	 167	36.4	 23 	 -2 	 99%	 5.2	    	    	    	    	    	    	    	    	    	    
[2026-04-14 19:31:50.938]  19:51:37	7.36	 040	 162	36.4	 23 	 -2 	 99%	 5.2	    	    	    	    	    	    	    	    	    	    
[2026-04-14 19:31:56.903]  19:51:43	7.35	 041	 158	36.4	 23 	 -2 	 99%	 5.2	    	    	    	    	    	    	    	    	    	    
[2026-04-14 19:32:02.875]  19:51:49	7.35	 041	 154	36.4	 23 	 -2 	 99%	 5.2	    	    	    	    	    	    	    	    	    	    
[2026-04-14 19:32:08.875]  19:51:55	7.35	 041	 151	36.4	 23 	 -2 	 99%	 5.2	    	    	    	    	    	    	    	    	    	    
[2026-04-14 19:32:14.840]  19:52:01	7.35	 041	 149	36.4	 23 	 -2 	 99%	 5.2	    	    	    	    	    	    	    	    	    	    
[2026-04-14 19:32:20.818]  19:52:07	7.35	 041	 146	36.4	 23 	 -2 	 99%	 5.2	    	    	    	    	    	    	    	    	    	    
[2026-04-14 19:32:26.780]  19:52:13	7.35	 041	 143	36.4	 23 	 -2 	 99%	 5.2	    	    	    	    	    	    	    	    	    	    
[2026-04-14 19:32:32.770]  19:52:19	7.35	 041	 143	36.4	 23 	 -2 	 99%	 5.1	    	    	    	    	    	    	    	    	    	    
[2026-04-14 19:32:38.740]  19:52:25	7.35	 041	 143	36.4	 23 	 -2 	 99%	 5.1	    	    	    	    	    	    	    	    	    	    
[2026-04-14 19:32:44.716]  19:52:31	7.35	 041	 142	36.4	 23 	 -2 	 99%	 5.1	    	    	    	    	    	    	    	    	    	    
[2026-04-14 19:32:50.699]  19:52:37	7.35	 041	 142	36.4	 23 	 -2 	 99%	 5.1	    	    	    	    	    	    	    	    	    	    
[2026-04-14 19:32:56.678]  19:52:43	7.35	 041	 143	36.4	 23 	 -2 	 99%	 5.1	    	    	    	    	    	    	    	    	    	    
[2026-04-14 19:33:02.643]  19:52:49	7.35	 041	 144	36.4	 23 	 -2 	 99%	 5.1	    	    	    	    	    	    	    	    	    	    
[2026-04-14 19:33:08.634]  19:52:55	7.35	 041	 143	36.4	 23 	 -2 	 99%	 5.1	    	    	    	    	    	    	    	    	    	    
[2026-04-14 19:33:14.605]  19:53:01	7.35	 041	 144	36.4	 23 	 -2 	 99%	 5.1	    	    	    	    	    	    	    	    	    	    
[2026-04-14 19:33:20.574]  19:53:07	7.35	 041	 144	36.4	 23 	 -2 	 99%	 5.0	    	    	    	    	    	    	    	    	    	    
[2026-04-14 19:33:26.553]  19:53:13	7.34	 041	 145	36.4	 23 	 -2 	 99%	 5.0	    	    	    	    	    	    	    	    	    	    
[2026-04-14 19:33:32.535]  19:53:19	7.34	 041	 147	36.4	 23 	 -2 	 99%	 5.0	    	    	    	    	    	    	    	    	    	    
[2026-04-14 19:33:38.498]  19:53:25	7.34	 041	 150	36.4	 23 	 -2 	 99%	 5.0	    	    	    	    	    	    	    	    	    	    
[2026-04-14 19:33:44.482]  19:53:31	7.34	 041	 155	36.4	 23 	 -2 	 99%	 5.0	    	    	    	    	    	    	    	    	    	    
[2026-04-14 19:33:50.451]  19:53:37	7.34	 041	 159	36.4	 23 	 -2 	 99%	 5.1	    	    	    	    	    	    	    	    	    	    
[2026-04-14 19:33:56.425]  19:53:43	7.34	 041	 163	36.4	 23 	 -2 	 99%	 5.1	    	    	    	    	    	    	    	    	    	    
[2026-04-14 19:34:02.408]  19:53:49	7.34	 041	 161	36.4	 23 	 -2 	 99%	 5.1	    	    	    	    	    	    	    	    	    	    
[2026-04-14 19:34:08.393]  19:53:55	7.34	 042	 158	36.4	 23 	 -2 	 99%	 5.2	    	    	    	    	    	    	    	    	    	    
[2026-04-14 19:34:14.356]  19:54:01	7.34	 042	 156	36.4	 23 	 -2 	 99%	 5.2	    	    	    	    	    	    	    	    	    	    
[2026-04-14 19:34:20.323]          	    	ARTERIAL 	 	  	    	    	    	    	    	    	    	  	    VENOUS
[2026-04-14 19:34:20.355]   Time   	 pH 	 CO2	  O2	TEMP	HCO3	 BE 	cSO2	 K+ 	 VO2	  Q 	 BSA	 pH 	 CO2	  O2	TEMP	 SO2	 HCT	 HGB
[2026-04-14 19:34:20.386] 
[2026-04-14 19:34:20.386]  19:54:07	7.34	 042	 155	36.4	 23 	 -2 	 99%	 5.2	    	    	    	    	    	    	    	    	    	    
[2026-04-14 19:34:26.311]  19:54:13	7.34	 042	 154	36.4	 23 	 -2 	 99%	 5.2	    	    	    	    	    	    	    	    	    	    
[2026-04-14 19:34:32.287]  19:54:19	7.34	 042	 153	36.4	 23 	 -2 	 99%	 5.3	    	    	    	    	    	    	    	    	    	    
[2026-04-14 19:34:38.267]  19:54:25	7.34	 042	 151	36.4	 23 	 -2 	 99%	 5.3	    	    	    	    	    	    	    	    	    	    
[2026-04-14 19:34:44.246]  19:54:31	7.34	 042	 150	36.4	 23 	 -2 	 99%	 5.3	    	    	    	    	    	    	    	    	    	    
[2026-04-14 19:34:50.232]  19:54:36	7.34	 042	 148	36.4	 23 	 -2 	 99%	 5.3	    	    	    	    	    	    	    	    	    	    
[2026-04-14 19:34:56.200]  19:54:42	7.34	 042	 147	36.4	 23 	 -2 	 99%	 5.2	    	    	    	    	    	    	    	    	    	    
[2026-04-14 19:35:02.187]  19:54:48	7.34	 042	 146	36.4	 23 	 -2 	 99%	 5.2	    	    	    	    	    	    	    	    	    	    
[2026-04-14 19:35:08.162]  19:54:54	7.34	 042	 145	36.4	 23 	 -2 	 99%	 5.2	    	    	    	    	    	    	    	    	    	    
[2026-04-14 19:35:14.125]  19:55:00	7.34	 042	 146	36.4	 23 	 -2 	 99%	 5.2	    	    	    	    	    	    	    	    	    	    
[2026-04-14 19:35:15.814] S19:55:00	7.34	 042	 146	36.4	 23 	 -2 	 99%	 5.2	    	    	    	    	    	    	    	    	    	    
[2026-04-14 19:35:19.927]  19:55:06	7.34	 042	 146	36.4	 23 	 -2 	 99%	 5.2	    	    	    	    	    	    	    	    	    	    
[2026-04-14 19:35:25.903]  19:55:12	7.34	 042	 146	36.4	 23 	 -2 	 99%	 5.2	    	    	    	    	    	    	    	    	    	    
[2026-04-14 19:35:31.880]  19:55:18	7.34	 042	 146	36.4	 23 	 -2 	 99%	 5.2	    	    	    	    	    	    	    	    	    	    
[2026-04-14 19:35:37.604] Recalibration Adjustment
[2026-04-14 19:35:37.620] o19:55:24	7.34	 041	 146	36.4	 23 	 -2 	 99%	 5.2	    	    	    	    	    	    	    	    	    	    
[2026-04-14 19:35:38.051]  19:55:24	7.34	 041	 146	36.4	 22 	 -3 	 99%	 5.2	    	    	    	    	    	    	    	    	    	    
[2026-04-14 19:35:44.029]  19:55:30	7.33	 041	 146	36.4	 22 	 -3 	 99%	 5.2	    	    	    	    	    	    	    	    	    	    
[2026-04-14 19:35:49.999]  19:55:36	7.33	 041	 146	36.4	 22 	 -3 	 99%	 5.2	    	    	    	    	    	    	    	    	    	    
[2026-04-14 19:35:55.961]  19:55:42	7.33	 041	 147	36.4	 22 	 -3 	 99%	 5.2	    	    	    	    	    	    	    	    	    	    
[2026-04-14 19:36:01.941]  19:55:48	7.33	 041	 148	36.4	 22 	 -3 	 99%	 5.2	    	    	    	    	    	    	    	    	    	    
[2026-04-14 19:36:07.925]  19:55:54	7.33	 041	 148	36.4	 22 	 -3 	 99%	 5.2	    	    	    	    	    	    	    	    	    	    
[2026-04-14 19:36:13.886]  19:56:00	7.33	 041	 147	36.4	 22 	 -3 	 99%	 5.2	    	    	    	    	    	    	    	    	    	    
[2026-04-14 19:36:19.864]  19:56:06	7.33	 041	 148	36.4	 22 	 -3 	 99%	 5.2	    	    	    	    	    	    	    	    	    	    
[2026-04-14 19:36:25.851]  19:56:12	7.33	 041	 148	36.4	 22 	 -3 	 99%	 5.2	    	    	    	    	    	    	    	    	    	    
[2026-04-14 19:36:31.826]  19:56:18	7.33	 041	 146	36.4	 22 	 -3 	 99%	 5.3	    	    	    	    	    	    	    	    	    	    
[2026-04-14 19:36:37.804]  19:56:24	7.33	 041	 143	36.4	 22 	 -3 	 99%	 5.3	    	    	    	    	    	    	    	    	    	    
[2026-04-14 19:36:43.774]  19:56:30	7.33	 041	 143	36.4	 22 	 -3 	 99%	 5.3	    	    	    	    	    	    	    	    	    	    
[2026-04-14 19:36:49.753]  19:56:36	7.33	 041	 142	36.4	 22 	 -3 	 99%	 5.3	    	    	    	    	    	    	    	    	    	    
[2026-04-14 19:36:55.724]  19:56:42	7.33	 041	 141	36.4	 22 	 -3 	 99%	 5.3	    	    	    	    	    	    	    	    	    	    
[2026-04-14 19:37:01.702]  19:56:48	7.33	 041	 141	36.4	 22 	 -3 	 99%	 5.3	    	    	    	    	    	    	    	    	    	    
[2026-04-14 19:37:07.685]  19:56:54	7.33	 041	 141	36.4	 22 	 -3 	 99%	 5.3	    	    	    	    	    	    	    	    	    	    
[2026-04-14 19:37:13.655]  19:57:00	7.33	 041	 140	36.4	 22 	 -3 	 99%	 5.3	    	    	    	    	    	    	    	    	    	    
[2026-04-14 19:37:19.620]  19:57:06	7.33	 041	 138	36.4	 22 	 -3 	 99%	 5.3	    	    	    	    	    	    	    	    	    	    
[2026-04-14 19:37:25.613]  19:57:12	7.33	 041	 138	36.4	 22 	 -3 	 99%	 5.3	    	    	    	    	    	    	    	    	    	    
[2026-04-14 19:37:31.589]  19:57:18	7.33	 041	 138	36.4	 22 	 -3 	 99%	 5.3	    	    	    	    	    	    	    	    	    	    
[2026-04-14 19:37:37.556]  19:57:24	7.33	 041	 138	36.4	 22 	 -3 	 99%	 5.3	    	    	    	    	    	    	    	    	    	    
[2026-04-14 19:37:43.532]  19:57:30	7.33	 041	 138	36.4	 22 	 -3 	 99%	 5.3	    	    	    	    	    	    	    	    	    	    
[2026-04-14 19:37:49.517]  19:57:36	7.33	 041	 137	36.4	 22 	 -3 	 99%	 5.3	    	    	    	    	    	    	    	    	    	    
[2026-04-14 19:37:55.492]  19:57:42	7.33	 041	 138	36.4	 22 	 -3 	 99%	 5.3	    	    	    	    	    	    	    	    	    	    
[2026-04-14 19:38:01.492]  19:57:48	7.33	 041	 137	36.4	 22 	 -3 	 99%	 5.3	    	    	    	    	    	    	    	    	    	    
[2026-04-14 19:38:07.458]  19:57:54	7.33	 041	 136	36.4	 22 	 -3 	 99%	 5.3	    	    	    	    	    	    	    	    	    	    
[2026-04-14 19:38:13.431]  19:58:00	7.33	 041	 136	36.4	 22 	 -3 	 99%	 5.3	    	    	    	    	    	    	    	    	    	    
[2026-04-14 19:38:19.396]  19:58:06	7.33	 041	 137	36.4	 22 	 -3 	 99%	 5.3	    	    	    	    	    	    	    	    	    	    
[2026-04-14 19:38:25.372]  19:58:12	7.33	 041	 138	36.4	 22 	 -3 	 99%	 5.3	    	    	    	    	    	    	    	    	    	    
[2026-04-14 19:38:31.345]  19:58:18	7.33	 041	 138	36.4	 22 	 -3 	 99%	 5.3	    	    	    	    	    	    	    	    	    	    
[2026-04-14 19:38:37.325]  19:58:24	7.33	 041	 137	36.4	 22 	 -3 	 99%	 5.3	    	    	    	    	    	    	    	    	    	    
[2026-04-14 19:38:43.309]  19:58:30	7.33	 041	 136	36.4	 22 	 -3 	 99%	 5.3	    	    	    	    	    	    	    	    	    	    
[2026-04-14 19:38:49.269]  19:58:36	7.33	 041	 137	36.4	 22 	 -3 	 99%	 5.3	    	    	    	    	    	    	    	    	    	    
[2026-04-14 19:38:55.255]  19:58:42	7.33	 041	 135	36.4	 22 	 -3 	 99%	 5.3	    	    	    	    	    	    	    	    	    	    
[2026-04-14 19:39:01.232]  19:58:48	7.33	 041	 135	36.4	 22 	 -3 	 99%	 5.3	    	    	    	    	    	    	    	    	    	    
[2026-04-14 19:39:07.212]          	    	ARTERIAL 	 	  	    	    	    	    	    	    	    	  	    VENOUS
[2026-04-14 19:39:07.228]   Time   	 pH 	 CO2	  O2	TEMP	HCO3	 BE 	cSO2	 K+ 	 VO2	  Q 	 BSA	 pH 	 CO2	  O2	TEMP	 SO2	 HCT	 HGB
[2026-04-14 19:39:07.259] 
[2026-04-14 19:39:07.259]  19:58:53	7.33	 041	 134	36.4	 22 	 -3 	 99%	 5.3	    	    	    	    	    	    	    	    	    	    
[2026-04-14 19:39:13.182]  19:58:59	7.33	 041	 135	36.4	 22 	 -3 	 99%	 5.3	    	    	    	    	    	    	    	    	    	    
[2026-04-14 19:39:19.157]  19:59:05	7.33	 041	 136	36.4	 22 	 -3 	 99%	 5.3	    	    	    	    	    	    	    	    	    	    
[2026-04-14 19:39:25.134]  19:59:11	7.33	 041	 136	36.4	 22 	 -3 	 99%	 5.3	    	    	    	    	    	    	    	    	    	    
[2026-04-14 19:39:31.114]  19:59:17	7.33	 041	 136	36.4	 22 	 -3 	 99%	 5.3	    	    	    	    	    	    	    	    	    	    
[2026-04-14 19:39:37.129]  19:59:23	7.33	 041	 137	36.4	 22 	 -3 	 99%	 5.3	    	    	    	    	    	    	    	    	    	    
[2026-04-14 19:39:43.060]  19:59:29	7.33	 041	 137	36.4	 22 	 -3 	 99%	 5.3	    	    	    	    	    	    	    	    	    	    
[2026-04-14 19:39:49.038]  19:59:35	7.33	 041	 137	36.4	 22 	 -3 	 99%	 5.3	    	    	    	    	    	    	    	    	    	    
[2026-04-14 19:39:55.018]  19:59:41	7.33	 041	 137	36.4	 22 	 -3 	 99%	 5.3	    	    	    	    	    	    	    	    	    	    
[2026-04-14 19:40:00.995]  19:59:47	7.33	 041	 136	36.4	 22 	 -3 	 99%	 5.3	    	    	    	    	    	    	    	    	    	    
[2026-04-14 19:40:06.972]  19:59:53	7.33	 041	 137	36.4	 22 	 -3 	 99%	 5.3	    	    	    	    	    	    	    	    	    	    
[2026-04-14 19:40:12.937]  19:59:59	7.33	 041	 138	36.4	 22 	 -3 	 99%	 5.3	    	    	    	    	    	    	    	    	    	    
[2026-04-14 19:40:18.923]  20:00:05	7.33	 041	 138	36.4	 22 	 -3 	 99%	 5.3	    	    	    	    	    	    	    	    	    	    
[2026-04-14 19:40:24.895]  20:00:11	7.33	 041	 138	36.4	 22 	 -3 	 99%	 5.3	    	    	    	    	    	    	    	    	    	    
[2026-04-14 19:40:30.879]  20:00:17	7.33	 041	 137	36.4	 22 	 -3 	 99%	 5.3	    	    	    	    	    	    	    	    	    	    
[2026-04-14 19:40:36.856]  20:00:23	7.33	 041	 136	36.4	 22 	 -3 	 99%	 5.4	    	    	    	    	    	    	    	    	    	    
[2026-04-14 19:40:42.826]  20:00:29	7.33	 041	 135	36.4	 22 	 -3 	 99%	 5.4	    	    	    	    	    	    	    	    	    	    
[2026-04-14 19:40:48.804]  20:00:35	7.33	 041	 136	36.4	 22 	 -3 	 99%	 5.4	    	    	    	    	    	    	    	    	    	    
[2026-04-14 19:40:54.780]  20:00:41	7.33	 041	 137	36.4	 22 	 -3 	 99%	 5.4	    	    	    	    	    	    	    	    	    	    
[2026-04-14 19:41:00.751]  20:00:47	7.33	 041	 137	36.4	 22 	 -3 	 99%	 5.4	    	    	    	    	    	    	    	    	    	    
[2026-04-14 19:41:06.744]  20:00:53	7.33	 041	 136	36.4	 22 	 -3 	 99%	 5.4	    	    	    	    	    	    	    	    	    	    
[2026-04-14 19:41:12.708]  20:00:59	7.33	 041	 136	36.4	 22 	 -3 	 99%	 5.3	    	    	    	    	    	    	    	    	    	    
[2026-04-14 19:41:18.678]  20:01:05	7.33	 041	 138	36.4	 22 	 -3 	 99%	 5.4	    	    	    	    	    	    	    	    	    	    
[2026-04-14 19:41:24.659]  20:01:11	7.33	 041	 137	36.4	 22 	 -3 	 99%	 5.4	    	    	    	    	    	    	    	    	    	    
[2026-04-14 19:41:30.647]  20:01:17	7.33	 041	 134	36.4	 22 	 -3 	 99%	 5.4	    	    	    	    	    	    	    	    	    	    
[2026-04-14 19:41:36.623]  20:01:22	7.33	 041	 135	36.4	 22 	 -3 	 99%	 5.4	    	    	    	    	    	    	    	    	    	    
[2026-04-14 19:41:42.588]  20:01:28	7.33	 041	 136	36.4	 22 	 -3 	 99%	 5.4	    	    	    	    	    	    	    	    	    	    
[2026-04-14 19:41:48.567]  20:01:34	7.33	 041	 137	36.4	 22 	 -3 	 99%	 5.4	    	    	    	    	    	    	    	    	    	    
[2026-04-14 19:41:54.538]  20:01:40	7.33	 041	 137	36.4	 22 	 -3 	 99%	 5.4	    	    	    	    	    	    	    	    	    	    
[2026-04-14 19:42:00.513]  20:01:46	7.33	 041	 137	36.4	 22 	 -3 	 99%	 5.4	    	    	    	    	    	    	    	    	    	    
[2026-04-14 19:42:06.498]  20:01:52	7.33	 041	 137	36.4	 22 	 -3 	 99%	 5.4	    	    	    	    	    	    	    	    	    	    
[2026-04-14 19:42:12.465]  20:01:58	7.33	 041	 137	36.4	 22 	 -3 	 99%	 5.4	    	    	    	    	    	    	    	    	    	    
[2026-04-14 19:42:18.444]  20:02:04	7.33	 041	 136	36.4	 22 	 -3 	 99%	 5.4	    	    	    	    	    	    	    	    	    	    
[2026-04-14 19:42:24.436]  20:02:10	7.33	 041	 135	36.4	 22 	 -3 	 99%	 5.4	    	    	    	    	    	    	    	    	    	    
[2026-04-14 19:42:30.397]  20:02:16	7.33	 041	 135	36.4	 22 	 -3 	 99%	 5.4	    	    	    	    	    	    	    	    	    	    
[2026-04-14 19:42:36.371]  20:02:22	7.33	 041	 137	36.4	 22 	 -3 	 99%	 5.4	    	    	    	    	    	    	    	    	    	    
[2026-04-14 19:42:42.356]  20:02:28	7.33	 041	 138	36.4	 22 	 -3 	 99%	 5.4	    	    	    	    	    	    	    	    	    	    
[2026-04-14 19:42:48.321]  20:02:34	7.33	 041	 138	36.4	 22 	 -3 	 99%	 5.4	    	    	    	    	    	    	    	    	    	    
[2026-04-14 19:42:54.301]  20:02:40	7.33	 041	 137	36.4	 22 	 -3 	 99%	 5.3	    	    	    	    	    	    	    	    	    	    
[2026-04-14 19:43:00.287]  20:02:46	7.33	 041	 137	36.4	 22 	 -3 	 99%	 5.3	    	    	    	    	    	    	    	    	    	    
[2026-04-14 19:43:06.260]  20:02:52	7.33	 041	 137	36.4	 22 	 -3 	 99%	 5.4	    	    	    	    	    	    	    	    	    	    
[2026-04-14 19:43:12.241]  20:02:58	7.33	 041	 137	36.4	 22 	 -3 	 99%	 5.4	    	    	    	    	    	    	    	    	    	    
[2026-04-14 19:43:18.213]  20:03:04	7.33	 041	 137	36.4	 22 	 -3 	 99%	 5.3	    	    	    	    	    	    	    	    	    	    
[2026-04-14 19:43:24.193]  20:03:10	7.33	 041	 140	36.4	 22 	 -3 	 99%	 5.3	    	    	    	    	    	    	    	    	    	    
[2026-04-14 19:43:30.158]  20:03:16	7.33	 041	 141	36.4	 22 	 -3 	 99%	 5.3	    	    	    	    	    	    	    	    	    	    
[2026-04-14 19:43:36.136]  20:03:22	7.33	 041	 141	36.4	 21 	 -3 	 99%	 5.3	    	    	    	    	    	    	    	    	    	    
[2026-04-14 19:43:42.114]  20:03:28	7.33	 041	 138	36.4	 22 	 -3 	 99%	 5.3	    	    	    	    	    	    	    	    	    	    
[2026-04-14 19:43:48.099]  20:03:34	7.33	 041	 136	36.4	 22 	 -3 	 99%	 5.4	    	    	    	    	    	    	    	    	    	    
[2026-04-14 19:43:54.076]  20:03:40	7.33	 041	 136	36.4	 22 	 -3 	 99%	 5.3	    	    	    	    	    	    	    	    	    	    
[2026-04-14 19:44:00.042]  20:03:46	7.33	 041	 138	36.4	 22 	 -3 	 99%	 5.3	    	    	    	    	    	    	    	    	    	    
[2026-04-14 19:44:06.022]          	    	ARTERIAL 	 	  	    	    	    	    	    	    	    	  	    VENOUS
[2026-04-14 19:44:06.038]   Time   	 pH 	 CO2	  O2	TEMP	HCO3	 BE 	cSO2	 K+ 	 VO2	  Q 	 BSA	 pH 	 CO2	  O2	TEMP	 SO2	 HCT	 HGB
[2026-04-14 19:44:06.069] 
[2026-04-14 19:44:06.069]  20:03:52	7.33	 041	 139	36.4	 21 	 -3 	 99%	 5.3	    	    	    	    	    	    	    	    	    	    
[2026-04-14 19:44:12.005]  20:03:58	7.33	 041	 137	36.4	 22 	 -3 	 99%	 5.3	    	    	    	    	    	    	    	    	    	    
[2026-04-14 19:44:17.968]  20:04:04	7.33	 041	 137	36.4	 22 	 -3 	 99%	 5.3	    	    	    	    	    	    	    	    	    	    
[2026-04-14 19:44:23.948]  20:04:10	7.33	 041	 138	36.4	 22 	 -3 	 99%	 5.3	    	    	    	    	    	    	    	    	    	    
[2026-04-14 19:44:29.934]  20:04:16	7.33	 041	 138	36.4	 21 	 -3 	 99%	 5.3	    	    	    	    	    	    	    	    	    	    
[2026-04-14 19:44:35.926]  20:04:22	7.33	 041	 138	36.4	 22 	 -3 	 99%	 5.3	    	    	    	    	    	    	    	    	    	    
[2026-04-14 19:44:41.886]  20:04:28	7.33	 041	 138	36.4	 22 	 -3 	 99%	 5.3	    	    	    	    	    	    	    	    	    	    
[2026-04-14 19:44:47.857]  20:04:34	7.33	 041	 140	36.4	 21 	 -3 	 99%	 5.3	    	    	    	    	    	    	    	    	    	    
[2026-04-14 19:44:53.867]  20:04:40	7.33	 041	 140	36.4	 21 	 -4 	 99%	 5.3	    	    	    	    	    	    	    	    	    	    
[2026-04-14 19:44:59.813]  20:04:46	7.33	 041	 138	36.4	 21 	 -3 	 99%	 5.3	    	    	    	    	    	    	    	    	    	    
[2026-04-14 19:45:05.798]  20:04:52	7.33	 041	 137	36.4	 22 	 -3 	 99%	 5.3	    	    	    	    	    	    	    	    	    	    
[2026-04-14 19:45:11.760]  20:04:58	7.33	 041	 137	36.4	 21 	 -3 	 99%	 5.3	    	    	    	    	    	    	    	    	    	    
[2026-04-14 19:45:17.746]  20:05:04	7.33	 041	 139	36.4	 21 	 -3 	 99%	 5.3	    	    	    	    	    	    	    	    	    	    
[2026-04-14 19:45:23.709]  20:05:10	7.33	 041	 138	36.4	 21 	 -3 	 99%	 5.3	    	    	    	    	    	    	    	    	    	    
[2026-04-14 19:45:29.691]  20:05:16	7.33	 041	 138	36.4	 21 	 -3 	 99%	 5.3	    	    	    	    	    	    	    	    	    	    
[2026-04-14 19:45:35.678]  20:05:22	7.33	 041	 139	36.4	 21 	 -3 	 99%	 5.3	    	    	    	    	    	    	    	    	    	    
[2026-04-14 19:45:41.642]  20:05:28	7.33	 041	 138	36.4	 21 	 -4 	 99%	 5.3	    	    	    	    	    	    	    	    	    	    
[2026-04-14 19:45:47.626]  20:05:33	7.33	 041	 138	36.4	 21 	 -4 	 99%	 5.3	    	    	    	    	    	    	    	    	    	    
[2026-04-14 19:45:53.589]  20:05:39	7.33	 041	 138	36.4	 21 	 -4 	 99%	 5.3	    	    	    	    	    	    	    	    	    	    
[2026-04-14 19:45:59.569]  20:05:45	7.33	 041	 137	36.4	 21 	 -4 	 99%	 5.3	    	    	    	    	    	    	    	    	    	    
[2026-04-14 19:46:05.567]  20:05:51	7.33	 041	 136	36.4	 21 	 -3 	 99%	 5.3	    	    	    	    	    	    	    	    	    	    
[2026-04-14 19:46:11.526]  20:05:58	7.33	 041	 138	36.4	 21 	 -3 	 99%	 5.3	    	    	    	    	    	    	    	    	    	    
[2026-04-14 19:46:17.496]  20:06:04	7.33	 040	 139	36.4	 21 	 -4 	 99%	 5.3	    	    	    	    	    	    	    	    	    	    
[2026-04-14 19:46:23.472]  20:06:10	7.33	 041	 136	36.4	 21 	 -3 	 99%	 5.3	    	    	    	    	    	    	    	    	    	    
[2026-04-14 19:46:29.451]  20:06:16	7.33	 041	 137	36.4	 21 	 -3 	 99%	 5.3	    	    	    	    	    	    	    	    	    	    
[2026-04-14 19:46:35.430]  20:06:22	7.33	 041	 138	36.4	 21 	 -3 	 99%	 5.3	    	    	    	    	    	    	    	    	    	    
[2026-04-14 19:46:41.409]  20:06:28	7.33	 041	 138	36.4	 21 	 -4 	 99%	 5.3	    	    	    	    	    	    	    	    	    	    
[2026-04-14 19:46:47.377]  20:06:34	7.33	 041	 139	36.4	 21 	 -4 	 99%	 5.3	    	    	    	    	    	    	    	    	    	    
[2026-04-14 19:46:53.362]  20:06:40	7.33	 041	 137	36.4	 21 	 -3 	 99%	 5.3	    	    	    	    	    	    	    	    	    	    
[2026-04-14 19:46:59.341]  20:06:46	7.33	 041	 137	36.4	 21 	 -3 	 99%	 5.3	    	    	    	    	    	    	    	    	    	    
[2026-04-14 19:47:05.324]  20:06:52	7.33	 041	 138	36.4	 21 	 -3 	 99%	 5.3	    	    	    	    	    	    	    	    	    	    
[2026-04-14 19:47:11.280]  20:06:58	7.33	 041	 137	36.4	 21 	 -4 	 99%	 5.3	    	    	    	    	    	    	    	    	    	    
[2026-04-14 19:47:17.257]  20:07:04	7.33	 041	 137	36.4	 21 	 -4 	 99%	 5.3	    	    	    	    	    	    	    	    	    	    
[2026-04-14 19:47:23.249]  20:07:10	7.33	 040	 138	36.4	 21 	 -4 	 99%	 5.3	    	    	    	    	    	    	    	    	    	    
[2026-04-14 19:47:29.210]  20:07:16	7.33	 040	 137	36.4	 21 	 -4 	 99%	 5.3	    	    	    	    	    	    	    	    	    	    
[2026-04-14 19:47:35.202]  20:07:21	7.33	 041	 136	36.4	 21 	 -4 	 99%	 5.3	    	    	    	    	    	    	    	    	    	    
[2026-04-14 19:47:41.169]  20:07:27	7.33	 041	 135	36.4	 21 	 -4 	 99%	 5.3	    	    	    	    	    	    	    	    	    	    
[2026-04-14 19:47:47.146]  20:07:33	7.33	 041	 136	36.4	 21 	 -4 	 99%	 5.3	    	    	    	    	    	    	    	    	    	    
[2026-04-14 19:47:53.129]  20:07:39	7.33	 040	 137	36.4	 21 	 -4 	 99%	 5.3	    	    	    	    	    	    	    	    	    	    
[2026-04-14 19:47:59.100]  20:07:45	7.33	 040	 137	36.4	 21 	 -4 	 99%	 5.3	    	    	    	    	    	    	    	    	    	    
[2026-04-14 19:48:05.089]  20:07:51	7.33	 040	 138	36.4	 21 	 -4 	 99%	 5.3	    	    	    	    	    	    	    	    	    	    
[2026-04-14 19:48:11.053]  20:07:57	7.33	 040	 138	36.4	 21 	 -4 	 99%	 5.3	    	    	    	    	    	    	    	    	    	    
[2026-04-14 19:48:17.028]  20:08:03	7.33	 040	 137	36.4	 21 	 -4 	 99%	 5.3	    	    	    	    	    	    	    	    	    	    
[2026-04-14 19:48:23.010]  20:08:09	7.33	 040	 136	36.4	 21 	 -4 	 99%	 5.3	    	    	    	    	    	    	    	    	    	    
[2026-04-14 19:48:28.987]  20:08:15	7.33	 040	 136	36.4	 21 	 -4 	 99%	 5.3	    	    	    	    	    	    	    	    	    	    
[2026-04-14 19:48:34.966]  20:08:21	7.33	 040	 136	36.4	 21 	 -4 	 99%	 5.3	    	    	    	    	    	    	    	    	    	    
[2026-04-14 19:48:40.931]  20:08:27	7.33	 040	 136	36.4	 21 	 -4 	 99%	 5.3	    	    	    	    	    	    	    	    	    	    
[2026-04-14 19:48:46.910]  20:08:33	7.33	 040	 137	36.4	 21 	 -4 	 99%	 5.3	    	    	    	    	    	    	    	    	    	    
[2026-04-14 19:48:52.889]  20:08:39	7.33	 040	 136	36.4	 21 	 -4 	 99%	 5.3	    	    	    	    	    	    	    	    	    	    
[2026-04-14 19:48:58.867]  20:08:45	7.33	 040	 135	36.4	 21 	 -4 	 99%	 5.3	    	    	    	    	    	    	    	    	    	    
[2026-04-14 19:49:04.837]          	    	ARTERIAL 	 	  	    	    	    	    	    	    	    	  	    VENOUS
[2026-04-14 19:49:04.868]   Time   	 pH 	 CO2	  O2	TEMP	HCO3	 BE 	cSO2	 K+ 	 VO2	  Q 	 BSA	 pH 	 CO2	  O2	TEMP	 SO2	 HCT	 HGB
[2026-04-14 19:49:04.884] 
[2026-04-14 19:49:04.884]  20:08:51	7.33	 041	 135	36.4	 21 	 -3 	 99%	 5.3	    	    	    	    	    	    	    	    	    	    
[2026-04-14 19:49:10.815]  20:08:57	7.33	 040	 136	36.4	 21 	 -4 	 99%	 5.3	    	    	    	    	    	    	    	    	    	    
[2026-04-14 19:49:16.784]  20:09:03	7.33	 040	 136	36.4	 21 	 -4 	 99%	 5.3	    	    	    	    	    	    	    	    	    	    
[2026-04-14 19:49:22.769]  20:09:09	7.33	 040	 136	36.4	 21 	 -4 	 99%	 5.3	    	    	    	    	    	    	    	    	    	    
[2026-04-14 19:49:28.743]  20:09:15	7.33	 040	 136	36.4	 21 	 -4 	 99%	 5.3	    	    	    	    	    	    	    	    	    	    
[2026-04-14 19:49:34.729]  20:09:21	7.33	 040	 136	36.4	 21 	 -4 	 99%	 5.3	    	    	    	    	    	    	    	    	    	    
[2026-04-14 19:49:40.694]  20:09:27	7.33	 040	 135	36.4	 21 	 -4 	 99%	 5.3	    	    	    	    	    	    	    	    	    	    
[2026-04-14 19:49:46.680]  20:09:33	7.33	 040	 135	36.4	 21 	 -4 	 99%	 5.3	    	    	    	    	    	    	    	    	    	    
[2026-04-14 19:49:52.649]  20:09:39	7.33	 040	 135	36.4	 21 	 -4 	 99%	 5.3	    	    	    	    	    	    	    	    	    	    
[2026-04-14 19:49:58.628]  20:09:45	7.33	 040	 135	36.4	 21 	 -4 	 99%	 5.3	    	    	    	    	    	    	    	    	    	    
[2026-04-14 19:50:04.609]  20:09:51	7.33	 040	 135	36.4	 21 	 -4 	 99%	 5.3	    	    	    	    	    	    	    	    	    	    
[2026-04-14 19:50:10.584]  20:09:57	7.33	 040	 135	36.4	 21 	 -4 	 99%	 5.3	    	    	    	    	    	    	    	    	    	    
[2026-04-14 19:50:16.560]  20:10:03	7.33	 040	 133	36.4	 21 	 -4 	 99%	 5.3	    	    	    	    	    	    	    	    	    	    
[2026-04-14 19:50:22.535]  20:10:09	7.33	 041	 131	36.4	 21 	 -4 	 98%	 5.3	    	    	    	    	    	    	    	    	    	    
[2026-04-14 19:50:28.509]  20:10:15	7.33	 041	 132	36.4	 21 	 -4 	 99%	 5.3	    	    	    	    	    	    	    	    	    	    
[2026-04-14 19:50:34.479]  20:10:21	7.33	 040	 134	36.4	 21 	 -4 	 99%	 5.3	    	    	    	    	    	    	    	    	    	    
[2026-04-14 19:50:40.455]  20:10:27	7.33	 040	 134	36.4	 21 	 -4 	 99%	 5.3	    	    	    	    	    	    	    	    	    	    
[2026-04-14 19:50:46.436]  20:10:33	7.33	 040	 133	36.4	 21 	 -4 	 99%	 5.3	    	    	    	    	    	    	    	    	    	    
[2026-04-14 19:50:52.413]  20:10:39	7.33	 040	 134	36.4	 21 	 -4 	 99%	 5.3	    	    	    	    	    	    	    	    	    	    
[2026-04-14 19:50:58.396]  20:10:45	7.33	 040	 133	36.4	 21 	 -4 	 99%	 5.3	    	    	    	    	    	    	    	    	    	    
[2026-04-14 19:51:04.380]  20:10:51	7.33	 040	 133	36.4	 21 	 -4 	 99%	 5.3	    	    	    	    	    	    	    	    	    	    
[2026-04-14 19:51:10.337]  20:10:57	7.33	 041	 133	36.4	 21 	 -4 	 99%	 5.3	    	    	    	    	    	    	    	    	    	    
[2026-04-14 19:51:16.324]  20:11:03	7.33	 040	 134	36.4	 21 	 -4 	 99%	 5.3	    	    	    	    	    	    	    	    	    	    
[2026-04-14 19:51:22.298]  20:11:09	7.33	 040	 134	36.4	 21 	 -4 	 99%	 5.3	    	    	    	    	    	    	    	    	    	    
[2026-04-14 19:51:28.263]  20:11:15	7.33	 040	 134	36.4	 21 	 -4 	 99%	 5.3	    	    	    	    	    	    	    	    	    	    
[2026-04-14 19:51:34.250]  20:11:20	7.33	 040	 135	36.4	 21 	 -4 	 99%	 5.3	    	    	    	    	    	    	    	    	    	    
[2026-04-14 19:51:40.240]  20:11:26	7.33	 040	 134	36.4	 21 	 -4 	 99%	 5.3	    	    	    	    	    	    	    	    	    	    
[2026-04-14 19:51:46.201]  20:11:32	7.33	 040	 134	36.4	 21 	 -4 	 99%	 5.3	    	    	    	    	    	    	    	    	    	    
[2026-04-14 19:51:52.194]  20:11:38	7.33	 040	 133	36.4	 21 	 -4 	 99%	 5.3	    	    	    	    	    	    	    	    	    	    
[2026-04-14 19:51:58.146]  20:11:44	7.33	 040	 134	36.4	 21 	 -4 	 99%	 5.3	    	    	    	    	    	    	    	    	    	    
[2026-04-14 19:52:04.143]  20:11:50	7.33	 040	 135	36.4	 21 	 -4 	 99%	 5.3	    	    	    	    	    	    	    	    	    	    
[2026-04-14 19:52:10.110]  20:11:56	7.33	 040	 135	36.4	 21 	 -4 	 99%	 5.3	    	    	    	    	    	    	    	    	    	    
[2026-04-14 19:52:16.084]  20:12:02	7.33	 040	 133	36.4	 21 	 -4 	 99%	 5.3	    	    	    	    	    	    	    	    	    	    
[2026-04-14 19:52:22.053]  20:12:08	7.33	 040	 130	36.4	 21 	 -4 	 98%	 5.3	    	    	    	    	    	    	    	    	    	    
[2026-04-14 19:52:28.035]  20:12:14	7.33	 040	 131	36.4	 21 	 -4 	 98%	 5.3	    	    	    	    	    	    	    	    	    	    
[2026-04-14 19:52:34.014]  20:12:20	7.33	 040	 133	36.4	 21 	 -4 	 99%	 5.3	    	    	    	    	    	    	    	    	    	    
[2026-04-14 19:52:39.981]  20:12:26	7.33	 040	 132	36.4	 21 	 -4 	 99%	 5.3	    	    	    	    	    	    	    	    	    	    
[2026-04-14 19:52:45.960]  20:12:32	7.33	 040	 131	36.4	 21 	 -4 	 98%	 5.3	    	    	    	    	    	    	    	    	    	    
[2026-04-14 19:52:51.938]  20:12:38	7.33	 040	 131	36.4	 21 	 -4 	 98%	 5.3	    	    	    	    	    	    	    	    	    	    
[2026-04-14 19:52:57.920]  20:12:44	7.33	 040	 132	36.4	 21 	 -4 	 99%	 5.3	    	    	    	    	    	    	    	    	    	    
[2026-04-14 19:53:03.900]  20:12:50	7.33	 040	 133	36.4	 21 	 -4 	 99%	 5.3	    	    	    	    	    	    	    	    	    	    
[2026-04-14 19:53:09.868]  20:12:56	7.33	 040	 132	36.4	 21 	 -4 	 99%	 5.3	    	    	    	    	    	    	    	    	    	    
[2026-04-14 19:53:15.844]  20:13:02	7.33	 040	 132	36.4	 21 	 -4 	 98%	 5.3	    	    	    	    	    	    	    	    	    	    
[2026-04-14 19:53:21.815]  20:13:08	7.33	 040	 132	36.4	 21 	 -4 	 99%	 5.3	    	    	    	    	    	    	    	    	    	    
[2026-04-14 19:53:27.791]  20:13:14	7.33	 040	 133	36.4	 21 	 -4 	 99%	 5.3	    	    	    	    	    	    	    	    	    	    
[2026-04-14 19:53:33.776]  20:13:20	7.33	 040	 133	36.4	 21 	 -4 	 99%	 5.3	    	    	    	    	    	    	    	    	    	    
[2026-04-14 19:53:39.754]  20:13:26	7.33	 040	 134	36.4	 21 	 -4 	 99%	 5.3	    	    	    	    	    	    	    	    	    	    
[2026-04-14 19:53:45.739]  20:13:32	7.33	 040	 132	36.4	 21 	 -4 	 98%	 5.3	    	    	    	    	    	    	    	    	    	    
[2026-04-14 19:53:51.707]  20:13:38	7.33	 040	 131	36.4	 21 	 -4 	 98%	 5.3	    	    	    	    	    	    	    	    	    	    
[2026-04-14 19:53:57.680]  20:13:43	7.33	 040	 132	36.4	 21 	 -4 	 98%	 5.3	    	    	    	    	    	    	    	    	    	    
[2026-04-14 19:54:03.655]          	    	ARTERIAL 	 	  	    	    	    	    	    	    	    	  	    VENOUS
[2026-04-14 19:54:03.686]   Time   	 pH 	 CO2	  O2	TEMP	HCO3	 BE 	cSO2	 K+ 	 VO2	  Q 	 BSA	 pH 	 CO2	  O2	TEMP	 SO2	 HCT	 HGB
[2026-04-14 19:54:03.702] 
[2026-04-14 19:54:03.702]  20:13:49	7.33	 040	 133	36.4	 21 	 -4 	 99%	 5.3	    	    	    	    	    	    	    	    	    	    
[2026-04-14 19:54:09.634]  20:13:55	7.33	 040	 132	36.4	 21 	 -4 	 99%	 5.3	    	    	    	    	    	    	    	    	    	    
[2026-04-14 19:54:15.604]  20:14:01	7.33	 040	 133	36.4	 21 	 -4 	 99%	 5.3	    	    	    	    	    	    	    	    	    	    
[2026-04-14 19:54:21.584]  20:14:07	7.33	 040	 132	36.4	 21 	 -4 	 99%	 5.3	    	    	    	    	    	    	    	    	    	    
[2026-04-14 19:54:27.557]  20:14:13	7.33	 040	 133	36.4	 21 	 -4 	 99%	 5.3	    	    	    	    	    	    	    	    	    	    
[2026-04-14 19:54:33.538]  20:14:19	7.33	 040	 133	36.4	 21 	 -4 	 99%	 5.3	    	    	    	    	    	    	    	    	    	    
[2026-04-14 19:54:39.551]  20:14:25	7.33	 040	 132	36.4	 21 	 -4 	 98%	 5.3	    	    	    	    	    	    	    	    	    	    
[2026-04-14 19:54:45.498]  20:14:31	7.33	 040	 130	36.4	 21 	 -4 	 98%	 5.3	    	    	    	    	    	    	    	    	    	    
[2026-04-14 19:54:51.468]  20:14:37	7.33	 040	 131	36.4	 21 	 -4 	 98%	 5.3	    	    	    	    	    	    	    	    	    	    
[2026-04-14 19:54:57.444]  20:14:43	7.33	 040	 132	36.4	 21 	 -4 	 98%	 5.3	    	    	    	    	    	    	    	    	    	    
[2026-04-14 19:55:03.428]  20:14:49	7.33	 040	 130	36.4	 21 	 -4 	 98%	 5.3	    	    	    	    	    	    	    	    	    	    
[2026-04-14 19:55:09.391]  20:14:55	7.33	 040	 131	36.4	 21 	 -4 	 98%	 5.3	    	    	    	    	    	    	    	    	    	    
[2026-04-14 19:55:15.377]  20:15:01	7.33	 040	 133	36.4	 21 	 -4 	 99%	 5.3	    	    	    	    	    	    	    	    	    	    
[2026-04-14 19:55:21.353]  20:15:07	7.33	 040	 133	36.4	 21 	 -4 	 99%	 5.3	    	    	    	    	    	    	    	    	    	    
[2026-04-14 19:55:27.333]  20:15:13	7.33	 040	 133	36.4	 21 	 -4 	 99%	 5.3	    	    	    	    	    	    	    	    	    	    
[2026-04-14 19:55:33.310]  20:15:19	7.33	 040	 132	36.4	 21 	 -4 	 98%	 5.3	    	    	    	    	    	    	    	    	    	    
[2026-04-14 19:55:39.286]  20:15:25	7.33	 040	 133	36.4	 21 	 -4 	 99%	 5.3	    	    	    	    	    	    	    	    	    	    
[2026-04-14 19:55:45.255]  20:15:31	7.33	 040	 133	36.4	 21 	 -4 	 99%	 5.3	    	    	    	    	    	    	    	    	    	    
[2026-04-14 19:55:51.235]  20:15:37	7.33	 040	 133	36.4	 21 	 -4 	 99%	 5.3	    	    	    	    	    	    	    	    	    	    
[2026-04-14 19:55:57.207]  20:15:43	7.33	 040	 133	36.4	 21 	 -4 	 99%	 5.3	    	    	    	    	    	    	    	    	    	    
[2026-04-14 19:56:03.199]  20:15:49	7.33	 040	 132	36.4	 21 	 -4 	 98%	 5.3	    	    	    	    	    	    	    	    	    	    
[2026-04-14 19:56:09.169]  20:15:55	7.33	 040	 130	36.4	 21 	 -4 	 98%	 5.3	    	    	    	    	    	    	    	    	    	    
[2026-04-14 19:56:15.130]  20:16:01	7.33	 040	 130	36.4	 21 	 -4 	 98%	 5.3	    	    	    	    	    	    	    	    	    	    
[2026-04-14 19:56:21.115]  20:16:07	7.33	 040	 133	36.4	 21 	 -4 	 99%	 5.3	    	    	    	    	    	    	    	    	    	    
[2026-04-14 19:56:27.093]  20:16:13	7.33	 040	 133	36.4	 21 	 -4 	 99%	 5.3	    	    	    	    	    	    	    	    	    	    
[2026-04-14 19:56:33.077]  20:16:19	7.33	 040	 133	36.4	 21 	 -4 	 99%	 5.3	    	    	    	    	    	    	    	    	    	    
[2026-04-14 19:56:39.036]  20:16:25	7.33	 040	 132	36.4	 21 	 -4 	 99%	 5.3	    	    	    	    	    	    	    	    	    	    
[2026-04-14 19:56:45.025]  20:16:31	7.33	 040	 132	36.4	 21 	 -4 	 99%	 5.3	    	    	    	    	    	    	    	    	    	    
[2026-04-14 19:56:51.003]  20:16:37	7.33	 040	 132	36.4	 21 	 -4 	 98%	 5.3	    	    	    	    	    	    	    	    	    	    
[2026-04-14 19:56:56.972]  20:16:43	7.33	 040	 131	36.4	 21 	 -4 	 98%	 5.3	    	    	    	    	    	    	    	    	    	    
[2026-04-14 19:57:02.955]  20:16:49	7.33	 040	 131	36.4	 21 	 -4 	 98%	 5.3	    	    	    	    	    	    	    	    	    	    
[2026-04-14 19:57:08.922]  20:16:55	7.33	 040	 131	36.4	 21 	 -4 	 98%	 5.3	    	    	    	    	    	    	    	    	    	    
[2026-04-14 19:57:14.900]  20:17:01	7.33	 040	 132	36.4	 21 	 -4 	 98%	 5.3	    	    	    	    	    	    	    	    	    	    
[2026-04-14 19:57:20.884]  20:17:07	7.33	 040	 132	36.4	 21 	 -4 	 98%	 5.3	    	    	    	    	    	    	    	    	    	    
[2026-04-14 19:57:26.849]  20:17:13	7.33	 040	 132	36.4	 21 	 -4 	 98%	 5.3	    	    	    	    	    	    	    	    	    	    
[2026-04-14 19:57:32.835]  20:17:19	7.33	 040	 132	36.4	 21 	 -4 	 99%	 5.3	    	    	    	    	    	    	    	    	    	    
[2026-04-14 19:57:38.809]  20:17:25	7.33	 040	 132	36.4	 21 	 -4 	 99%	 5.3	    	    	    	    	    	    	    	    	    	    
[2026-04-14 19:57:44.786]  20:17:31	7.33	 040	 132	36.4	 21 	 -4 	 99%	 5.3	    	    	    	    	    	    	    	    	    	    
[2026-04-14 19:57:50.776]  20:17:37	7.33	 040	 132	36.4	 21 	 -4 	 98%	 5.3	    	    	    	    	    	    	    	    	    	    
[2026-04-14 19:57:56.737]  20:17:43	7.33	 040	 132	36.4	 21 	 -4 	 98%	 5.3	    	    	    	    	    	    	    	    	    	    
[2026-04-14 19:58:02.739]  20:17:49	7.33	 040	 132	36.4	 21 	 -4 	 98%	 5.3	    	    	    	    	    	    	    	    	    	    
[2026-04-14 19:58:08.692]  20:17:55	7.33	 040	 131	36.4	 21 	 -4 	 98%	 5.3	    	    	    	    	    	    	    	    	    	    
[2026-04-14 19:58:14.670]  20:18:01	7.33	 040	 132	36.4	 21 	 -4 	 98%	 5.3	    	    	    	    	    	    	    	    	    	    
[2026-04-14 19:58:20.639]  20:18:07	7.33	 040	 133	36.4	 21 	 -4 	 99%	 5.3	    	    	    	    	    	    	    	    	    	    
[2026-04-14 19:58:26.619]  20:18:13	7.33	 040	 133	36.4	 21 	 -4 	 99%	 5.3	    	    	    	    	    	    	    	    	    	    
[2026-04-14 19:58:32.596]  20:18:19	7.33	 040	 132	36.4	 21 	 -4 	 99%	 5.3	    	    	    	    	    	    	    	    	    	    
[2026-04-14 19:58:38.575]  20:18:25	7.33	 040	 133	36.4	 21 	 -4 	 99%	 5.3	    	    	    	    	    	    	    	    	    	    
[2026-04-14 19:58:44.545]  20:18:31	7.33	 040	 133	36.4	 21 	 -4 	 99%	 5.3	    	    	    	    	    	    	    	    	    	    
[2026-04-14 19:58:50.516]  20:18:37	7.33	 040	 132	36.4	 21 	 -4 	 99%	 5.3	    	    	    	    	    	    	    	    	    	    
[2026-04-14 19:58:56.496]  20:18:43	7.33	 040	 131	36.4	 21 	 -4 	 98%	 5.3	    	    	    	    	    	    	    	    	    	    
[2026-04-14 19:59:02.482]          	    	ARTERIAL 	 	  	    	    	    	    	    	    	    	  	    VENOUS
[2026-04-14 19:59:02.498]   Time   	 pH 	 CO2	  O2	TEMP	HCO3	 BE 	cSO2	 K+ 	 VO2	  Q 	 BSA	 pH 	 CO2	  O2	TEMP	 SO2	 HCT	 HGB
[2026-04-14 19:59:02.529] 
[2026-04-14 19:59:02.529]  20:18:49	7.33	 040	 130	36.4	 21 	 -4 	 98%	 5.3	    	    	    	    	    	    	    	    	    	    
[2026-04-14 19:59:08.446]  20:18:55	7.33	 040	 130	36.4	 21 	 -4 	 98%	 5.3	    	    	    	    	    	    	    	    	    	    
[2026-04-14 19:59:14.422]  20:19:01	7.33	 040	 133	36.4	 21 	 -4 	 99%	 5.3	    	    	    	    	    	    	    	    	    	    
[2026-04-14 19:59:20.399]  20:19:07	7.33	 040	 133	36.4	 21 	 -4 	 99%	 5.3	    	    	    	    	    	    	    	    	    	    
[2026-04-14 19:59:26.373]  20:19:13	7.33	 040	 133	36.4	 21 	 -4 	 99%	 5.3	    	    	    	    	    	    	    	    	    	    
[2026-04-14 19:59:32.360]  20:19:19	7.33	 040	 132	36.4	 21 	 -4 	 99%	 5.3	    	    	    	    	    	    	    	    	    	    
[2026-04-14 19:59:38.335]  20:19:25	7.33	 040	 131	36.4	 21 	 -4 	 98%	 5.3	    	    	    	    	    	    	    	    	    	    
[2026-04-14 19:59:44.328]  20:19:31	7.33	 040	 131	36.4	 21 	 -4 	 98%	 5.3	    	    	    	    	    	    	    	    	    	    
[2026-04-14 19:59:50.281]  20:19:37	7.33	 040	 131	36.4	 21 	 -4 	 98%	 5.3	    	    	    	    	    	    	    	    	    	    
[2026-04-14 19:59:56.268]  20:19:43	7.33	 040	 132	36.4	 21 	 -4 	 98%	 5.3	    	    	    	    	    	    	    	    	    	    
[2026-04-14 20:00:02.246]  20:19:49	7.33	 040	 132	36.4	 21 	 -4 	 99%	 5.3	    	    	    	    	    	    	    	    	    	    
[2026-04-14 20:00:08.215]  20:19:55	7.33	 040	 131	36.4	 21 	 -4 	 98%	 5.3	    	    	    	    	    	    	    	    	    	    
[2026-04-14 20:00:14.194]  20:20:01	7.33	 040	 129	36.4	 21 	 -4 	 98%	 5.3	    	    	    	    	    	    	    	    	    	    
[2026-04-14 20:00:20.162]  20:20:06	7.33	 040	 130	36.4	 21 	 -4 	 98%	 5.3	    	    	    	    	    	    	    	    	    	    
[2026-04-14 20:00:26.140]  20:20:12	7.33	 040	 131	36.4	 21 	 -4 	 98%	 5.3	    	    	    	    	    	    	    	    	    	    
[2026-04-14 20:00:32.117]  20:20:18	7.33	 040	 130	36.4	 21 	 -4 	 98%	 5.3	    	    	    	    	    	    	    	    	    	    
[2026-04-14 20:00:38.102]  20:20:24	7.33	 040	 130	36.4	 21 	 -4 	 98%	 5.3	    	    	    	    	    	    	    	    	    	    
[2026-04-14 20:00:44.103]  20:20:30	7.33	 040	 132	36.4	 21 	 -4 	 99%	 5.3	    	    	    	    	    	    	    	    	    	    
[2026-04-14 20:00:50.043]  20:20:36	7.33	 040	 131	36.4	 21 	 -4 	 98%	 5.3	    	    	    	    	    	    	    	    	    	    
[2026-04-14 20:00:56.020]  20:20:42	7.33	 040	 131	36.4	 21 	 -4 	 98%	 5.3	    	    	    	    	    	    	    	    	    	    
[2026-04-14 20:01:02.015]  20:20:48	7.33	 040	 131	36.4	 21 	 -4 	 98%	 5.3	    	    	    	    	    	    	    	    	    	    
[2026-04-14 20:01:07.987]  20:20:54	7.33	 040	 131	36.4	 21 	 -4 	 98%	 5.3	    	    	    	    	    	    	    	    	    	    
[2026-04-14 20:01:13.948]  20:21:00	7.33	 040	 131	36.4	 21 	 -4 	 98%	 5.3	    	    	    	    	    	    	    	    	    	    
[2026-04-14 20:01:19.937]  20:21:06	7.33	 040	 131	36.4	 21 	 -4 	 98%	 5.3	    	    	    	    	    	    	    	    	    	    
[2026-04-14 20:01:25.913]  20:21:12	7.33	 040	 132	36.4	 21 	 -4 	 99%	 5.3	    	    	    	    	    	    	    	    	    	    
[2026-04-14 20:01:31.883]  20:21:18	7.33	 040	 132	36.4	 21 	 -4 	 99%	 5.3	    	    	    	    	    	    	    	    	    	    
[2026-04-14 20:01:37.862]  20:21:24	7.33	 040	 131	36.4	 21 	 -4 	 98%	 5.3	    	    	    	    	    	    	    	    	    	    
[2026-04-14 20:01:43.831]  20:21:30	7.33	 040	 132	36.4	 21 	 -4 	 98%	 5.3	    	    	    	    	    	    	    	    	    	    
[2026-04-14 20:01:49.817]  20:21:36	7.33	 040	 132	36.4	 21 	 -4 	 98%	 5.3	    	    	    	    	    	    	    	    	    	    
[2026-04-14 20:01:55.792]  20:21:42	7.33	 040	 132	36.4	 21 	 -4 	 99%	 5.3	    	    	    	    	    	    	    	    	    	    
[2026-04-14 20:02:01.776]  20:21:48	7.33	 040	 132	36.4	 21 	 -4 	 99%	 5.3	    	    	    	    	    	    	    	    	    	    
[2026-04-14 20:02:07.739]  20:21:54	7.33	 040	 132	36.4	 21 	 -4 	 98%	 5.3	    	    	    	    	    	    	    	    	    	    
[2026-04-14 20:02:13.722]  20:22:00	7.33	 040	 131	36.4	 21 	 -4 	 98%	 5.3	    	    	    	    	    	    	    	    	    	    
[2026-04-14 20:02:19.699]  20:22:06	7.33	 040	 130	36.4	 21 	 -4 	 98%	 5.3	    	    	    	    	    	    	    	    	    	    
[2026-04-14 20:02:25.676]  20:22:12	7.33	 040	 132	36.4	 21 	 -4 	 99%	 5.3	    	    	    	    	    	    	    	    	    	    
[2026-04-14 20:02:31.662]  20:22:18	7.33	 040	 133	36.4	 21 	 -4 	 99%	 5.3	    	    	    	    	    	    	    	    	    	    
[2026-04-14 20:02:37.631]  20:22:24	7.33	 040	 134	36.4	 21 	 -4 	 99%	 5.3	    	    	    	    	    	    	    	    	    	    
[2026-04-14 20:02:43.593]  20:22:29	7.33	 040	 132	36.4	 21 	 -4 	 99%	 5.3	    	    	    	    	    	    	    	    	    	    
[2026-04-14 20:02:49.579]  20:22:35	7.33	 040	 130	36.4	 21 	 -4 	 98%	 5.3	    	    	    	    	    	    	    	    	    	    
[2026-04-14 20:02:55.553]  20:22:41	7.33	 040	 130	36.4	 21 	 -4 	 98%	 5.3	    	    	    	    	    	    	    	    	    	    
[2026-04-14 20:03:01.534]  20:22:47	7.33	 040	 131	36.4	 21 	 -4 	 98%	 5.3	    	    	    	    	    	    	    	    	    	    
[2026-04-14 20:03:07.510]  20:22:53	7.33	 040	 132	36.4	 21 	 -4 	 98%	 5.3	    	    	    	    	    	    	    	    	    	    
[2026-04-14 20:03:13.482]  20:22:59	7.33	 040	 132	36.4	 21 	 -4 	 98%	 5.3	    	    	    	    	    	    	    	    	    	    
[2026-04-14 20:03:19.460]  20:23:05	7.33	 040	 131	36.4	 21 	 -4 	 98%	 5.3	    	    	    	    	    	    	    	    	    	    
[2026-04-14 20:03:25.439]  20:23:11	7.33	 040	 130	36.4	 21 	 -4 	 98%	 5.3	    	    	    	    	    	    	    	    	    	    
[2026-04-14 20:03:31.417]  20:23:17	7.33	 040	 130	36.4	 21 	 -4 	 98%	 5.3	    	    	    	    	    	    	    	    	    	    
[2026-04-14 20:03:37.384]  20:23:23	7.33	 040	 131	36.4	 21 	 -4 	 98%	 5.3	    	    	    	    	    	    	    	    	    	    
[2026-04-14 20:03:43.367]  20:23:29	7.33	 040	 131	36.4	 21 	 -4 	 98%	 5.3	    	    	    	    	    	    	    	    	    	    
[2026-04-14 20:03:49.343]  20:23:35	7.33	 040	 131	36.4	 21 	 -4 	 98%	 5.3	    	    	    	    	    	    	    	    	    	    
[2026-04-14 20:03:55.320]  20:23:41	7.33	 040	 131	36.4	 21 	 -4 	 98%	 5.3	    	    	    	    	    	    	    	    	    	    
[2026-04-14 20:04:01.297]          	    	ARTERIAL 	 	  	    	    	    	    	    	    	    	  	    VENOUS
[2026-04-14 20:04:01.319]   Time   	 pH 	 CO2	  O2	TEMP	HCO3	 BE 	cSO2	 K+ 	 VO2	  Q 	 BSA	 pH 	 CO2	  O2	TEMP	 SO2	 HCT	 HGB
[2026-04-14 20:04:01.350] 
[2026-04-14 20:04:01.350]  20:23:47	7.33	 040	 132	36.4	 21 	 -4 	 98%	 5.3	    	    	    	    	    	    	    	    	    	    
[2026-04-14 20:04:07.266]  20:23:53	7.33	 040	 131	36.4	 21 	 -4 	 98%	 5.3	    	    	    	    	    	    	    	    	    	    
[2026-04-14 20:04:13.245]  20:23:59	7.33	 040	 131	36.4	 21 	 -4 	 98%	 5.3	    	    	    	    	    	    	    	    	    	    
[2026-04-14 20:04:19.214]  20:24:05	7.33	 040	 131	36.4	 21 	 -4 	 98%	 5.3	    	    	    	    	    	    	    	    	    	    
[2026-04-14 20:04:25.204]  20:24:11	7.33	 040	 131	36.4	 21 	 -4 	 98%	 5.3	    	    	    	    	    	    	    	    	    	    
[2026-04-14 20:04:31.172]  20:24:17	7.33	 040	 129	36.4	 21 	 -4 	 98%	 5.3	    	    	    	    	    	    	    	    	    	    
[2026-04-14 20:04:37.165]  20:24:23	7.33	 040	 129	36.4	 21 	 -4 	 98%	 5.3	    	    	    	    	    	    	    	    	    	    
[2026-04-14 20:04:43.133]  20:24:29	7.33	 040	 131	36.4	 21 	 -4 	 98%	 5.3	    	    	    	    	    	    	    	    	    	    
[2026-04-14 20:04:49.102]  20:24:35	7.33	 040	 131	36.4	 21 	 -4 	 98%	 5.3	    	    	    	    	    	    	    	    	    	    
[2026-04-14 20:04:55.077]  20:24:41	7.33	 040	 131	36.4	 21 	 -4 	 98%	 5.3	    	    	    	    	    	    	    	    	    	    
[2026-04-14 20:05:01.070]  20:24:47	7.33	 040	 131	36.4	 21 	 -4 	 98%	 5.3	    	    	    	    	    	    	    	    	    	    
[2026-04-14 20:05:07.047]  20:24:53	7.33	 040	 131	36.4	 21 	 -4 	 98%	 5.3	    	    	    	    	    	    	    	    	    	    
[2026-04-14 20:05:13.006]  20:24:59	7.33	 040	 131	36.4	 21 	 -4 	 98%	 5.3	    	    	    	    	    	    	    	    	    	    
[2026-04-14 20:05:18.978]  20:25:05	7.33	 040	 131	36.4	 21 	 -4 	 98%	 5.3	    	    	    	    	    	    	    	    	    	    
[2026-04-14 20:05:24.955]  20:25:11	7.33	 040	 132	36.4	 21 	 -4 	 98%	 5.3	    	    	    	    	    	    	    	    	    	    
[2026-04-14 20:05:30.937]  20:25:17	7.33	 040	 131	36.4	 21 	 -4 	 98%	 5.3	    	    	    	    	    	    	    	    	    	    
[2026-04-14 20:05:36.914]  20:25:23	7.33	 040	 131	36.4	 21 	 -4 	 98%	 5.3	    	    	    	    	    	    	    	    	    	    
[2026-04-14 20:05:42.885]  20:25:29	7.33	 040	 131	36.4	 21 	 -4 	 98%	 5.3	    	    	    	    	    	    	    	    	    	    
[2026-04-14 20:05:48.879]  20:25:35	7.33	 040	 131	36.4	 21 	 -4 	 98%	 5.3	    	    	    	    	    	    	    	    	    	    
[2026-04-14 20:05:54.847]  20:25:41	7.33	 040	 132	36.4	 21 	 -4 	 99%	 5.3	    	    	    	    	    	    	    	    	    	    
[2026-04-14 20:06:00.836]  20:25:47	7.33	 040	 131	36.4	 21 	 -4 	 98%	 5.3	    	    	    	    	    	    	    	    	    	    
[2026-04-14 20:06:06.796]  20:25:53	7.33	 040	 130	36.4	 21 	 -4 	 98%	 5.3	    	    	    	    	    	    	    	    	    	    
[2026-04-14 20:06:12.775]  20:25:59	7.33	 040	 130	36.4	 21 	 -4 	 98%	 5.3	    	    	    	    	    	    	    	    	    	    
[2026-04-14 20:06:18.754]  20:26:05	7.33	 040	 128	36.4	 21 	 -4 	 98%	 5.3	    	    	    	    	    	    	    	    	    	    
[2026-04-14 20:06:24.724]  20:26:11	7.33	 040	 128	36.4	 21 	 -4 	 98%	 5.3	    	    	    	    	    	    	    	    	    	    
[2026-04-14 20:06:30.710]  20:26:17	7.33	 040	 130	36.4	 21 	 -4 	 98%	 5.3	    	    	    	    	    	    	    	    	    	    
[2026-04-14 20:06:36.675]  20:26:23	7.33	 040	 131	36.4	 21 	 -4 	 98%	 5.3	    	    	    	    	    	    	    	    	    	    
[2026-04-14 20:06:42.659]  20:26:29	7.33	 040	 132	36.4	 21 	 -4 	 98%	 5.3	    	    	    	    	    	    	    	    	    	    
[2026-04-14 20:06:48.623]  20:26:35	7.33	 040	 131	36.4	 21 	 -4 	 98%	 5.3	    	    	    	    	    	    	    	    	    	    
[2026-04-14 20:06:54.605]  20:26:40	7.33	 040	 129	36.4	 21 	 -4 	 98%	 5.3	    	    	    	    	    	    	    	    	    	    
[2026-04-14 20:07:00.587]  20:26:46	7.33	 040	 127	36.4	 21 	 -4 	 98%	 5.3	    	    	    	    	    	    	    	    	    	    
[2026-04-14 20:07:06.562]  20:26:52	7.33	 040	 126	36.4	 21 	 -4 	 98%	 5.3	    	    	    	    	    	    	    	    	    	    
[2026-04-14 20:07:12.531]  20:26:58	7.33	 040	 129	36.4	 21 	 -4 	 98%	 5.3	    	    	    	    	    	    	    	    	    	    
[2026-04-14 20:07:18.512]  20:27:04	7.33	 040	 130	36.4	 21 	 -4 	 98%	 5.3	    	    	    	    	    	    	    	    	    	    
[2026-04-14 20:07:24.489]  20:27:10	7.33	 040	 131	36.4	 21 	 -4 	 98%	 5.3	    	    	    	    	    	    	    	    	    	    
[2026-04-14 20:07:30.459]  20:27:16	7.33	 040	 131	36.4	 21 	 -4 	 98%	 5.3	    	    	    	    	    	    	    	    	    	    
[2026-04-14 20:07:36.436]  20:27:23	7.33	 040	 129	36.4	 21 	 -4 	 98%	 5.3	    	    	    	    	    	    	    	    	    	    
[2026-04-14 20:07:42.422]  20:27:29	7.33	 040	 129	36.4	 21 	 -4 	 98%	 5.3	    	    	    	    	    	    	    	    	    	    
[2026-04-14 20:07:48.387]  20:27:35	7.33	 040	 129	36.4	 21 	 -4 	 98%	 5.3	    	    	    	    	    	    	    	    	    	    
[2026-04-14 20:07:54.372]  20:27:41	7.33	 040	 131	36.4	 21 	 -4 	 98%	 5.3	    	    	    	    	    	    	    	    	    	    
[2026-04-14 20:08:00.350]  20:27:47	7.33	 040	 131	36.4	 21 	 -4 	 98%	 5.3	    	    	    	    	    	    	    	    	    	    
[2026-04-14 20:08:06.322]  20:27:53	7.33	 040	 129	36.4	 21 	 -4 	 98%	 5.3	    	    	    	    	    	    	    	    	    	    
[2026-04-14 20:08:12.307]  20:27:59	7.33	 040	 129	36.4	 21 	 -4 	 98%	 5.3	    	    	    	    	    	    	    	    	    	    
[2026-04-14 20:08:18.276]  20:28:05	7.33	 040	 133	36.4	 21 	 -4 	 99%	 5.3	    	    	    	    	    	    	    	    	    	    
[2026-04-14 20:08:24.243]  20:28:11	7.33	 040	 138	36.4	 21 	 -4 	 99%	 5.3	    	    	    	    	    	    	    	    	    	    
[2026-04-14 20:08:30.225]  20:28:17	7.33	 040	 139	36.4	 21 	 -4 	 99%	 5.3	    	    	    	    	    	    	    	    	    	    
[2026-04-14 20:08:36.210]  20:28:23	7.33	 040	 139	36.4	 21 	 -4 	 99%	 5.3	    	    	    	    	    	    	    	    	    	    
[2026-04-14 20:08:42.183]  20:28:29	7.33	 040	 138	36.4	 21 	 -4 	 99%	 5.3	    	    	    	    	    	    	    	    	    	    
[2026-04-14 20:08:48.151]  20:28:35	7.33	 040	 137	36.4	 21 	 -4 	 99%	 5.3	    	    	    	    	    	    	    	    	    	    
[2026-04-14 20:08:54.130]  20:28:41	7.33	 040	 137	36.4	 21 	 -4 	 99%	 5.3	    	    	    	    	    	    	    	    	    	    
[2026-04-14 20:09:00.114]          	    	ARTERIAL 	 	  	    	    	    	    	    	    	    	  	    VENOUS
[2026-04-14 20:09:00.130]   Time   	 pH 	 CO2	  O2	TEMP	HCO3	 BE 	cSO2	 K+ 	 VO2	  Q 	 BSA	 pH 	 CO2	  O2	TEMP	 SO2	 HCT	 HGB
[2026-04-14 20:09:00.162] 
[2026-04-14 20:09:00.167]  20:28:47	7.33	 040	 139	36.3	 21 	 -4 	 99%	 5.3	    	    	    	    	    	    	    	    	    	    
[2026-04-14 20:09:06.083]  20:28:53	7.33	 039	 139	36.4	 21 	 -4 	 99%	 5.3	    	    	    	    	    	    	    	    	    	    
[2026-04-14 20:09:12.071]  20:28:58	7.33	 039	 138	36.4	 21 	 -4 	 99%	 5.3	    	    	    	    	    	    	    	    	    	    
[2026-04-14 20:09:18.035]  20:29:04	7.33	 040	 136	36.4	 21 	 -4 	 99%	 5.3	    	    	    	    	    	    	    	    	    	    
[2026-04-14 20:09:24.020]  20:29:10	7.33	 040	 136	36.4	 21 	 -4 	 99%	 5.3	    	    	    	    	    	    	    	    	    	    
[2026-04-14 20:09:30.000]  20:29:16	7.33	 040	 137	36.4	 21 	 -4 	 99%	 5.3	    	    	    	    	    	    	    	    	    	    
[2026-04-14 20:09:35.969]  20:29:22	7.33	 039	 137	36.4	 21 	 -4 	 99%	 5.3	    	    	    	    	    	    	    	    	    	    
[2026-04-14 20:09:41.943]  20:29:28	7.33	 040	 137	36.4	 21 	 -4 	 99%	 5.3	    	    	    	    	    	    	    	    	    	    
[2026-04-14 20:09:47.935]  20:29:34	7.33	 039	 137	36.4	 21 	 -4 	 99%	 5.3	    	    	    	    	    	    	    	    	    	    
[2026-04-14 20:09:53.890]  20:29:40	7.33	 039	 137	36.4	 21 	 -4 	 99%	 5.3	    	    	    	    	    	    	    	    	    	    
[2026-04-14 20:09:59.879]  20:29:46	7.33	 039	 138	36.3	 21 	 -4 	 99%	 5.3	    	    	    	    	    	    	    	    	    	    
[2026-04-14 20:10:05.856]  20:29:52	7.33	 039	 138	36.4	 21 	 -4 	 99%	 5.3	    	    	    	    	    	    	    	    	    	    
[2026-04-14 20:10:11.832]  20:29:58	7.33	 039	 138	36.4	 21 	 -4 	 99%	 5.3	    	    	    	    	    	    	    	    	    	    
[2026-04-14 20:10:17.797]  20:30:04	7.33	 039	 135	36.4	 21 	 -4 	 99%	 5.3	    	    	    	    	    	    	    	    	    	    
[2026-04-14 20:10:23.783]  20:30:10	7.33	 039	 135	36.4	 21 	 -4 	 99%	 5.3	    	    	    	    	    	    	    	    	    	    
[2026-04-14 20:10:29.761]  20:30:16	7.33	 039	 136	36.4	 21 	 -4 	 99%	 5.3	    	    	    	    	    	    	    	    	    	    
[2026-04-14 20:10:35.732]  20:30:22	7.33	 039	 137	36.4	 21 	 -4 	 99%	 5.3	    	    	    	    	    	    	    	    	    	    
[2026-04-14 20:10:41.703]  20:30:28	7.33	 039	 138	36.4	 21 	 -4 	 99%	 5.3	    	    	    	    	    	    	    	    	    	    
[2026-04-14 20:10:47.684]  20:30:34	7.33	 039	 137	36.4	 21 	 -4 	 99%	 5.3	    	    	    	    	    	    	    	    	    	    
[2026-04-14 20:10:53.668]  20:30:40	7.33	 039	 136	36.4	 21 	 -4 	 99%	 5.3	    	    	    	    	    	    	    	    	    	    
[2026-04-14 20:10:59.651]  20:30:46	7.33	 039	 136	36.4	 21 	 -4 	 99%	 5.3	    	    	    	    	    	    	    	    	    	    
[2026-04-14 20:11:05.619]  20:30:52	7.33	 039	 140	36.3	 21 	 -4 	 99%	 5.3	    	    	    	    	    	    	    	    	    	    
[2026-04-14 20:11:11.586]  20:30:58	7.33	 039	 139	36.4	 21 	 -4 	 99%	 5.3	    	    	    	    	    	    	    	    	    	    
[2026-04-14 20:11:17.567]  20:31:04	7.33	 039	 138	36.4	 21 	 -4 	 99%	 5.3	    	    	    	    	    	    	    	    	    	    
[2026-04-14 20:11:23.537]  20:31:10	7.33	 039	 138	36.4	 21 	 -4 	 99%	 5.3	    	    	    	    	    	    	    	    	    	    
[2026-04-14 20:11:29.528]  20:31:16	7.33	 039	 139	36.3	 21 	 -4 	 99%	 5.3	    	    	    	    	    	    	    	    	    	    
[2026-04-14 20:11:35.502]  20:31:22	7.33	 039	 138	36.4	 21 	 -4 	 99%	 5.3	    	    	    	    	    	    	    	    	    	    
[2026-04-14 20:11:41.472]  20:31:28	7.33	 039	 138	36.4	 21 	 -4 	 99%	 5.3	    	    	    	    	    	    	    	    	    	    
[2026-04-14 20:11:47.448]  20:31:34	7.33	 039	 138	36.4	 21 	 -4 	 99%	 5.3	    	    	    	    	    	    	    	    	    	    
[2026-04-14 20:11:53.429]  20:31:40	7.33	 039	 138	36.4	 21 	 -4 	 99%	 5.3	    	    	    	    	    	    	    	    	    	    
[2026-04-14 20:11:59.410]  20:31:46	7.33	 039	 137	36.4	 21 	 -4 	 99%	 5.3	    	    	    	    	    	    	    	    	    	    
[2026-04-14 20:12:05.371]  20:31:52	7.33	 039	 139	36.3	 21 	 -4 	 99%	 5.3	    	    	    	    	    	    	    	    	    	    
[2026-04-14 20:12:11.353]  20:31:58	7.33	 039	 138	36.4	 21 	 -4 	 99%	 5.3	    	    	    	    	    	    	    	    	    	    
[2026-04-14 20:12:17.329]  20:32:04	7.33	 039	 137	36.4	 21 	 -4 	 99%	 5.3	    	    	    	    	    	    	    	    	    	    
[2026-04-14 20:12:23.305]  20:32:10	7.33	 039	 139	36.4	 21 	 -4 	 99%	 5.3	    	    	    	    	    	    	    	    	    	    
[2026-04-14 20:12:29.280]  20:32:16	7.33	 039	 137	36.4	 21 	 -4 	 99%	 5.3	    	    	    	    	    	    	    	    	    	    
[2026-04-14 20:12:35.258]  20:32:22	7.33	 039	 135	36.4	 21 	 -4 	 99%	 5.3	    	    	    	    	    	    	    	    	    	    
[2026-04-14 20:12:41.252]  20:32:28	7.33	 039	 136	36.3	 21 	 -4 	 99%	 5.3	    	    	    	    	    	    	    	    	    	    
[2026-04-14 20:12:47.206]  20:32:34	7.33	 039	 136	36.4	 21 	 -4 	 99%	 5.3	    	    	    	    	    	    	    	    	    	    
[2026-04-14 20:12:53.186]  20:32:40	7.33	 039	 138	36.3	 21 	 -4 	 99%	 5.3	    	    	    	    	    	    	    	    	    	    
[2026-04-14 20:12:59.173]  20:32:45	7.33	 040	 139	35.8	 21 	 -4 	 99%	 5.2	    	    	    	    	    	    	    	    	    	    
[2026-04-14 20:13:05.143]  20:32:51	7.32	 040	 140	35.5	 21 	 -4 	 99%	 5.3	    	    	    	    	    	    	    	    	    	    
[2026-04-14 20:13:11.116]  20:32:57	7.32	 040	 140	35.3	 21 	 -4 	 99%	 5.2	    	    	    	    	    	    	    	    	    	    
[2026-04-14 20:13:17.098]  20:33:03	7.33	 039	 133	36.1	 21 	 -4 	 99%	 5.4	    	    	    	    	    	    	    	    	    	    
[2026-04-14 20:13:23.077]  20:33:09	7.33	 039	 135	36.3	 21 	 -4 	 99%	 5.3	    	    	    	    	    	    	    	    	    	    
[2026-04-14 20:13:29.046]  20:33:15	7.33	 039	 135	36.4	 21 	 -4 	 99%	 5.3	    	    	    	    	    	    	    	    	    	    
[2026-04-14 20:13:35.018]  20:33:21	7.33	 039	 134	36.4	 21 	 -4 	 99%	 5.3	    	    	    	    	    	    	    	    	    	    
[2026-04-14 20:13:40.997]  20:33:27	7.33	 039	 136	36.4	 21 	 -4 	 99%	 5.3	    	    	    	    	    	    	    	    	    	    
[2026-04-14 20:13:46.981]  20:33:33	7.33	 039	 137	36.4	 21 	 -4 	 99%	 5.4	    	    	    	    	    	    	    	    	    	    
[2026-04-14 20:13:52.960]  20:33:39	7.33	 039	 139	36.4	 21 	 -4 	 99%	 5.4	    	    	    	    	    	    	    	    	    	    
[2026-04-14 20:13:58.929]          	    	ARTERIAL 	 	  	    	    	    	    	    	    	    	  	    VENOUS
[2026-04-14 20:13:58.945]   Time   	 pH 	 CO2	  O2	TEMP	HCO3	 BE 	cSO2	 K+ 	 VO2	  Q 	 BSA	 pH 	 CO2	  O2	TEMP	 SO2	 HCT	 HGB
[2026-04-14 20:13:58.983] 
[2026-04-14 20:13:58.983]  20:33:45	7.33	 039	 138	36.4	 21 	 -4 	 99%	 5.4	    	    	    	    	    	    	    	    	    	    
[2026-04-14 20:14:04.896]  20:33:51	7.33	 039	 138	36.4	 21 	 -4 	 99%	 5.3	    	    	    	    	    	    	    	    	    	    
[2026-04-14 20:14:10.914]  20:33:57	7.33	 039	 138	36.4	 21 	 -4 	 99%	 5.3	    	    	    	    	    	    	    	    	    	    
[2026-04-14 20:14:16.860]  20:34:03	7.33	 039	 137	36.4	 21 	 -4 	 99%	 5.3	    	    	    	    	    	    	    	    	    	    
[2026-04-14 20:14:22.839]  20:34:09	7.33	 039	 137	36.4	 21 	 -4 	 99%	 5.3	    	    	    	    	    	    	    	    	    	    
[2026-04-14 20:14:28.804]  20:34:15	7.33	 039	 138	36.4	 21 	 -4 	 99%	 5.3	    	    	    	    	    	    	    	    	    	    
[2026-04-14 20:14:34.799]  20:34:21	7.33	 039	 139	36.4	 21 	 -4 	 99%	 5.3	    	    	    	    	    	    	    	    	    	    
[2026-04-14 20:14:40.761]  20:34:27	7.33	 039	 139	36.4	 21 	 -4 	 99%	 5.3	    	    	    	    	    	    	    	    	    	    
[2026-04-14 20:14:46.746]  20:34:33	7.33	 039	 139	36.4	 21 	 -4 	 99%	 5.3	    	    	    	    	    	    	    	    	    	    
[2026-04-14 20:14:52.716]  20:34:39	7.33	 039	 139	36.4	 21 	 -4 	 99%	 5.3	    	    	    	    	    	    	    	    	    	    
[2026-04-14 20:14:58.711]  20:34:45	7.33	 039	 140	36.4	 21 	 -4 	 99%	 5.4	    	    	    	    	    	    	    	    	    	    
[2026-04-14 20:15:04.675]  20:34:51	7.33	 039	 140	36.4	 21 	 -4 	 99%	 5.3	    	    	    	    	    	    	    	    	    	    
[2026-04-14 20:15:10.644]  20:34:57	7.33	 039	 140	36.4	 21 	 -4 	 99%	 5.3	    	    	    	    	    	    	    	    	    	    
[2026-04-14 20:15:16.620]  20:35:03	7.33	 039	 139	36.4	 21 	 -4 	 99%	 5.4	    	    	    	    	    	    	    	    	    	    
[2026-04-14 20:15:22.600]  20:35:09	7.33	 039	 137	36.4	 21 	 -4 	 99%	 5.4	    	    	    	    	    	    	    	    	    	    
[2026-04-14 20:15:28.578]  20:35:14	7.33	 039	 138	36.4	 21 	 -4 	 99%	 5.4	    	    	    	    	    	    	    	    	    	    
[2026-04-14 20:15:34.549]  20:35:20	7.33	 039	 140	36.4	 21 	 -4 	 99%	 5.4	    	    	    	    	    	    	    	    	    	    
[2026-04-14 20:15:40.518]  20:35:26	7.33	 039	 140	36.4	 21 	 -4 	 99%	 5.4	    	    	    	    	    	    	    	    	    	    
[2026-04-14 20:15:46.496]  20:35:32	7.33	 039	 138	36.4	 21 	 -4 	 99%	 5.4	    	    	    	    	    	    	    	    	    	    
[2026-04-14 20:15:51.690] S20:35:32	7.33	 039	 138	36.4	 21 	 -4 	 99%	 5.4	    	    	    	    	    	    	    	    	    	    
[2026-04-14 20:15:52.475]  20:35:38	7.33	 039	 139	36.4	 21 	 -4 	 99%	 5.4	    	    	    	    	    	    	    	    	    	    
[2026-04-14 20:15:58.287]  20:35:44	7.33	 039	 139	36.4	 21 	 -4 	 99%	 5.4	    	    	    	    	    	    	    	    	    	    
[2026-04-14 20:16:04.247]  20:35:50	7.33	 039	 139	36.4	 21 	 -4 	 99%	 5.4	    	    	    	    	    	    	    	    	    	    
[2026-04-14 20:16:10.561] Recalibration Adjustment
[2026-04-14 20:16:10.561] o20:35:56	7.33	 040	 142	36.4	 21 	 -4 	 99%	 5.4	    	    	    	    	    	    	    	    	    	    
[2026-04-14 20:16:10.584]  20:35:56	7.33	 040	 143	36.4	 21 	 -3 	 99%	 5.4	    	    	    	    	    	    	    	    	    	    
[2026-04-14 20:16:16.393]  20:36:02	7.33	 040	 143	36.4	 21 	 -3 	 99%	 5.4	    	    	    	    	    	    	    	    	    	    
[2026-04-14 20:16:22.355]  20:36:08	7.33	 040	 143	36.4	 21 	 -3 	 99%	 5.4	    	    	    	    	    	    	    	    	    	    
[2026-04-14 20:16:28.346]  20:36:14	7.33	 040	 142	36.4	 21 	 -3 	 99%	 5.4	    	    	    	    	    	    	    	    	    	    
[2026-04-14 20:16:34.313]  20:36:20	7.33	 040	 142	36.4	 21 	 -3 	 99%	 5.4	    	    	    	    	    	    	    	    	    	    
[2026-04-14 20:16:40.287]  20:36:26	7.33	 040	 143	36.4	 21 	 -3 	 99%	 5.4	    	    	    	    	    	    	    	    	    	    
[2026-04-14 20:16:46.266]  20:36:32	7.33	 040	 144	36.4	 21 	 -3 	 99%	 5.4	    	    	    	    	    	    	    	    	    	    
[2026-04-14 20:16:52.246]  20:36:38	7.33	 040	 143	36.4	 21 	 -3 	 99%	 5.4	    	    	    	    	    	    	    	    	    	    
[2026-04-14 20:16:58.230]  20:36:44	7.33	 040	 143	36.4	 21 	 -3 	 99%	 5.4	    	    	    	    	    	    	    	    	    	    
[2026-04-14 20:17:04.196]  20:36:50	7.34	 040	 144	36.4	 21 	 -3 	 99%	 5.4	    	    	    	    	    	    	    	    	    	    
[2026-04-14 20:17:10.173]  20:36:56	7.33	 040	 144	36.4	 21 	 -3 	 99%	 5.4	    	    	    	    	    	    	    	    	    	    
[2026-04-14 20:17:16.150]  20:37:02	7.34	 040	 143	36.4	 21 	 -3 	 99%	 5.4	    	    	    	    	    	    	    	    	    	    
[2026-04-14 20:17:22.120]  20:37:08	7.33	 040	 142	36.4	 21 	 -3 	 99%	 5.4	    	    	    	    	    	    	    	    	    	    
[2026-04-14 20:17:28.106]  20:37:14	7.33	 040	 143	36.4	 21 	 -3 	 99%	 5.4	    	    	    	    	    	    	    	    	    	    
[2026-04-14 20:17:34.071]  20:37:20	7.34	 040	 145	36.4	 21 	 -3 	 99%	 5.4	    	    	    	    	    	    	    	    	    	    
[2026-04-14 20:17:40.066]  20:37:26	7.34	 040	 144	36.4	 21 	 -3 	 99%	 5.4	    	    	    	    	    	    	    	    	    	    
[2026-04-14 20:17:46.028]  20:37:32	7.33	 040	 143	36.4	 21 	 -3 	 99%	 5.4	    	    	    	    	    	    	    	    	    	    
[2026-04-14 20:17:51.999]  20:37:38	7.33	 040	 143	36.4	 21 	 -3 	 99%	 5.4	    	    	    	    	    	    	    	    	    	    
[2026-04-14 20:17:58.000]  20:37:44	7.34	 040	 144	36.4	 21 	 -3 	 99%	 5.4	    	    	    	    	    	    	    	    	    	    
[2026-04-14 20:18:03.960]  20:37:50	7.34	 040	 144	36.4	 21 	 -3 	 99%	 5.4	    	    	    	    	    	    	    	    	    	    
[2026-04-14 20:18:09.940]  20:37:56	7.33	 040	 143	36.4	 21 	 -3 	 99%	 5.4	    	    	    	    	    	    	    	    	    	    
[2026-04-14 20:18:15.916]  20:38:02	7.34	 040	 144	36.4	 21 	 -3 	 99%	 5.4	    	    	    	    	    	    	    	    	    	    
[2026-04-14 20:18:21.886]  20:38:08	7.34	 040	 144	36.4	 21 	 -3 	 99%	 5.4	    	    	    	    	    	    	    	    	    	    
[2026-04-14 20:18:27.869]  20:38:14	7.34	 040	 144	36.4	 21 	 -3 	 99%	 5.4	    	    	    	    	    	    	    	    	    	    
[2026-04-14 20:18:33.835]  20:38:20	7.34	 040	 144	36.4	 21 	 -3 	 99%	 5.4	    	    	    	    	    	    	    	    	    	    
[2026-04-14 20:18:39.811]  20:38:26	7.34	 040	 144	36.4	 21 	 -3 	 99%	 5.4	    	    	    	    	    	    	    	    	    	    
[2026-04-14 20:18:45.789]          	    	ARTERIAL 	 	  	    	    	    	    	    	    	    	  	    VENOUS
[2026-04-14 20:18:45.805]   Time   	 pH 	 CO2	  O2	TEMP	HCO3	 BE 	cSO2	 K+ 	 VO2	  Q 	 BSA	 pH 	 CO2	  O2	TEMP	 SO2	 HCT	 HGB
[2026-04-14 20:18:45.827] 
[2026-04-14 20:18:45.827]  20:38:32	7.34	 040	 144	36.4	 21 	 -3 	 99%	 5.4	    	    	    	    	    	    	    	    	    	    
[2026-04-14 20:18:51.781]  20:38:38	7.34	 040	 145	36.4	 21 	 -3 	 99%	 5.4	    	    	    	    	    	    	    	    	    	    
[2026-04-14 20:18:57.760]  20:38:44	7.34	 040	 143	36.4	 21 	 -3 	 99%	 5.4	    	    	    	    	    	    	    	    	    	    
[2026-04-14 20:19:03.715]  20:38:50	7.34	 040	 144	36.4	 21 	 -3 	 99%	 5.4	    	    	    	    	    	    	    	    	    	    
[2026-04-14 20:19:09.700]  20:38:56	7.34	 040	 145	36.4	 21 	 -3 	 99%	 5.4	    	    	    	    	    	    	    	    	    	    
[2026-04-14 20:19:15.679]  20:39:01	7.34	 040	 145	36.4	 21 	 -3 	 99%	 5.4	    	    	    	    	    	    	    	    	    	    
[2026-04-14 20:19:21.651]  20:39:07	7.34	 040	 145	36.4	 21 	 -3 	 99%	 5.4	    	    	    	    	    	    	    	    	    	    
[2026-04-14 20:19:27.630]  20:39:13	7.34	 040	 144	36.4	 21 	 -3 	 99%	 5.4	    	    	    	    	    	    	    	    	    	    
[2026-04-14 20:19:33.609]  20:39:19	7.34	 040	 144	36.4	 21 	 -3 	 99%	 5.4	    	    	    	    	    	    	    	    	    	    
[2026-04-14 20:19:39.581]  20:39:25	7.34	 040	 144	36.4	 21 	 -3 	 99%	 5.4	    	    	    	    	    	    	    	    	    	    
[2026-04-14 20:19:45.557]  20:39:31	7.34	 040	 144	36.4	 21 	 -3 	 99%	 5.4	    	    	    	    	    	    	    	    	    	    
[2026-04-14 20:19:51.565]  20:39:37	7.34	 040	 144	36.4	 21 	 -3 	 99%	 5.4	    	    	    	    	    	    	    	    	    	    
[2026-04-14 20:19:57.518]  20:39:43	7.34	 040	 143	36.4	 21 	 -3 	 99%	 5.4	    	    	    	    	    	    	    	    	    	    
[2026-04-14 20:20:03.488]  20:39:49	7.34	 040	 143	36.4	 21 	 -3 	 99%	 5.4	    	    	    	    	    	    	    	    	    	    
[2026-04-14 20:20:09.468]  20:39:55	7.34	 040	 143	36.4	 21 	 -3 	 99%	 5.4	    	    	    	    	    	    	    	    	    	    
[2026-04-14 20:20:15.435]  20:40:01	7.34	 040	 144	36.4	 21 	 -3 	 99%	 5.4	    	    	    	    	    	    	    	    	    	    
[2026-04-14 20:20:21.418]  20:40:07	7.34	 040	 144	36.4	 21 	 -3 	 99%	 5.4	    	    	    	    	    	    	    	    	    	    
[2026-04-14 20:20:27.391]  20:40:13	7.34	 040	 144	36.4	 21 	 -3 	 99%	 5.4	    	    	    	    	    	    	    	    	    	    
[2026-04-14 20:20:33.367]  20:40:19	7.34	 040	 143	36.4	 21 	 -3 	 99%	 5.4	    	    	    	    	    	    	    	    	    	    
[2026-04-14 20:20:39.374]  20:40:25	7.34	 040	 141	36.4	 21 	 -3 	 99%	 5.4	    	    	    	    	    	    	    	    	    	    
[2026-04-14 20:20:45.312]  20:40:31	7.34	 040	 142	36.4	 21 	 -3 	 99%	 5.4	    	    	    	    	    	    	    	    	    	    
[2026-04-14 20:20:51.292]  20:40:37	7.34	 040	 143	36.4	 21 	 -3 	 99%	 5.4	    	    	    	    	    	    	    	    	    	    
[2026-04-14 20:20:57.274]  20:40:43	7.34	 040	 144	36.4	 21 	 -3 	 99%	 5.4	    	    	    	    	    	    	    	    	    	    
[2026-04-14 20:21:03.245]  20:40:49	7.34	 040	 144	36.4	 21 	 -3 	 99%	 5.4	    	    	    	    	    	    	    	    	    	    
[2026-04-14 20:21:09.224]  20:40:55	7.34	 040	 144	36.4	 21 	 -3 	 99%	 5.4	    	    	    	    	    	    	    	    	    	    
[2026-04-14 20:21:15.209]  20:41:01	7.34	 040	 144	36.4	 21 	 -3 	 99%	 5.4	    	    	    	    	    	    	    	    	    	    
[2026-04-14 20:21:21.172]  20:41:07	7.34	 040	 144	36.4	 21 	 -3 	 99%	 5.4	    	    	    	    	    	    	    	    	    	    
[2026-04-14 20:21:27.190]  20:41:13	7.34	 040	 144	36.4	 21 	 -3 	 99%	 5.4	    	    	    	    	    	    	    	    	    	    
[2026-04-14 20:21:33.135]  20:41:19	7.34	 040	 145	36.4	 21 	 -3 	 99%	 5.4	    	    	    	    	    	    	    	    	    	    
[2026-04-14 20:21:39.113]  20:41:25	7.34	 040	 145	36.4	 21 	 -3 	 99%	 5.4	    	    	    	    	    	    	    	    	    	    
[2026-04-14 20:21:45.079]  20:41:31	7.34	 040	 146	36.4	 21 	 -3 	 99%	 5.4	    	    	    	    	    	    	    	    	    	    
[2026-04-14 20:21:51.065]  20:41:37	7.34	 040	 146	36.4	 21 	 -3 	 99%	 5.4	    	    	    	    	    	    	    	    	    	    
[2026-04-14 20:21:57.040]  20:41:43	7.34	 039	 147	36.4	 21 	 -3 	 99%	 5.4	    	    	    	    	    	    	    	    	    	    
[2026-04-14 20:22:03.009]  20:41:49	7.34	 040	 147	36.4	 21 	 -3 	 99%	 5.4	    	    	    	    	    	    	    	    	    	    
[2026-04-14 20:22:08.990]  20:41:55	7.34	 040	 145	36.4	 21 	 -3 	 99%	 5.4	    	    	    	    	    	    	    	    	    	    
[2026-04-14 20:22:15.000]  20:42:01	7.34	 040	 145	36.4	 21 	 -3 	 99%	 5.4	    	    	    	    	    	    	    	    	    	    
[2026-04-14 20:22:20.935]  20:42:07	7.34	 040	 144	36.4	 21 	 -3 	 99%	 5.5	    	    	    	    	    	    	    	    	    	    
[2026-04-14 20:22:26.915]  20:42:13	7.34	 040	 142	36.4	 21 	 -3 	 99%	 5.4	    	    	    	    	    	    	    	    	    	    
[2026-04-14 20:22:32.900]  20:42:19	7.34	 040	 143	36.4	 21 	 -3 	 99%	 5.4	    	    	    	    	    	    	    	    	    	    
[2026-04-14 20:22:38.880]  20:42:25	7.34	 040	 144	36.4	 21 	 -3 	 99%	 5.4	    	    	    	    	    	    	    	    	    	    
[2026-04-14 20:22:44.840]  20:42:31	7.34	 040	 146	36.4	 21 	 -3 	 99%	 5.4	    	    	    	    	    	    	    	    	    	    
[2026-04-14 20:22:50.840]  20:42:37	7.34	 040	 145	36.4	 21 	 -3 	 99%	 5.5	    	    	    	    	    	    	    	    	    	    
[2026-04-14 20:22:56.816]  20:42:43	7.34	 040	 144	36.4	 21 	 -3 	 99%	 5.5	    	    	    	    	    	    	    	    	    	    
[2026-04-14 20:23:02.768]  20:42:49	7.34	 040	 143	36.4	 21 	 -3 	 99%	 5.4	    	    	    	    	    	    	    	    	    	    
[2026-04-14 20:23:08.753]  20:42:55	7.34	 040	 142	36.4	 21 	 -3 	 99%	 5.4	    	    	    	    	    	    	    	    	    	    
[2026-04-14 20:23:14.734]  20:43:01	7.34	 040	 145	36.4	 21 	 -3 	 99%	 5.5	    	    	    	    	    	    	    	    	    	    
[2026-04-14 20:23:20.700]  20:43:07	7.34	 040	 144	36.4	 21 	 -3 	 99%	 5.5	    	    	    	    	    	    	    	    	    	    
[2026-04-14 20:23:26.688]  20:43:12	7.34	 039	 146	36.4	 21 	 -3 	 99%	 5.5	    	    	    	    	    	    	    	    	    	    
[2026-04-14 20:23:32.664]  20:43:18	7.34	 039	 147	36.4	 21 	 -3 	 99%	 5.5	    	    	    	    	    	    	    	    	    	    
[2026-04-14 20:23:38.633]  20:43:24	7.34	 039	 147	36.4	 21 	 -3 	 99%	 5.5	    	    	    	    	    	    	    	    	    	    
[2026-04-14 20:23:44.604]          	    	ARTERIAL 	 	  	    	    	    	    	    	    	    	  	    VENOUS
[2026-04-14 20:23:44.626]   Time   	 pH 	 CO2	  O2	TEMP	HCO3	 BE 	cSO2	 K+ 	 VO2	  Q 	 BSA	 pH 	 CO2	  O2	TEMP	 SO2	 HCT	 HGB
[2026-04-14 20:23:44.642] 
[2026-04-14 20:23:44.642]  20:43:31	7.34	 039	 148	36.4	 21 	 -3 	 99%	 5.5	    	    	    	    	    	    	    	    	    	    
[2026-04-14 20:23:50.584]  20:43:37	7.34	 039	 143	36.4	 21 	 -3 	 99%	 5.5	    	    	    	    	    	    	    	    	    	    
[2026-04-14 20:23:56.578]  20:43:43	7.34	 039	 144	36.4	 21 	 -3 	 99%	 5.5	    	    	    	    	    	    	    	    	    	    
[2026-04-14 20:24:02.534]  20:43:49	7.34	 039	 147	36.4	 21 	 -3 	 99%	 5.5	    	    	    	    	    	    	    	    	    	    
[2026-04-14 20:24:08.511]  20:43:55	7.34	 039	 147	36.4	 21 	 -3 	 99%	 5.5	    	    	    	    	    	    	    	    	    	    
[2026-04-14 20:24:14.505]  20:44:01	7.34	 039	 148	36.4	 21 	 -3 	 99%	 5.4	    	    	    	    	    	    	    	    	    	    
[2026-04-14 20:24:20.507]  20:44:07	7.34	 039	 146	36.4	 21 	 -3 	 99%	 5.4	    	    	    	    	    	    	    	    	    	    
[2026-04-14 20:24:26.444]  20:44:13	7.34	 039	 145	36.4	 21 	 -3 	 99%	 5.5	    	    	    	    	    	    	    	    	    	    
[2026-04-14 20:24:32.422]  20:44:18	7.34	 039	 146	36.4	 21 	 -3 	 99%	 5.5	    	    	    	    	    	    	    	    	    	    
[2026-04-14 20:24:38.402]  20:44:24	7.34	 039	 146	36.4	 21 	 -3 	 99%	 5.5	    	    	    	    	    	    	    	    	    	    
[2026-04-14 20:24:44.374]  20:44:30	7.34	 039	 148	36.4	 21 	 -3 	 99%	 5.5	    	    	    	    	    	    	    	    	    	    
[2026-04-14 20:24:50.354]  20:44:36	7.34	 039	 147	36.5	 21 	 -3 	 99%	 5.5	    	    	    	    	    	    	    	    	    	    
[2026-04-14 20:24:56.331]  20:44:42	7.34	 039	 149	36.5	 21 	 -3 	 99%	 5.5	    	    	    	    	    	    	    	    	    	    
[2026-04-14 20:25:02.307]  20:44:48	7.34	 039	 148	36.5	 21 	 -3 	 99%	 5.5	    	    	    	    	    	    	    	    	    	    
[2026-04-14 20:25:08.282]  20:44:54	7.34	 039	 148	36.5	 21 	 -3 	 99%	 5.5	    	    	    	    	    	    	    	    	    	    
[2026-04-14 20:25:14.261]  20:45:00	7.34	 039	 150	36.5	 21 	 -3 	 99%	 5.5	    	    	    	    	    	    	    	    	    	    
[2026-04-14 20:25:20.225]  20:45:06	7.34	 039	 147	36.5	 21 	 -3 	 99%	 5.5	    	    	    	    	    	    	    	    	    	    
[2026-04-14 20:25:26.216]  20:45:12	7.34	 039	 147	36.5	 21 	 -3 	 99%	 5.5	    	    	    	    	    	    	    	    	    	    
[2026-04-14 20:25:32.187]  20:45:18	7.34	 039	 148	36.5	 21 	 -3 	 99%	 5.5	    	    	    	    	    	    	    	    	    	    
[2026-04-14 20:25:38.157]  20:45:24	7.34	 039	 148	36.5	 21 	 -3 	 99%	 5.5	    	    	    	    	    	    	    	    	    	    
[2026-04-14 20:25:44.137]  20:45:30	7.34	 039	 152	36.5	 21 	 -3 	 99%	 5.5	    	    	    	    	    	    	    	    	    	    
[2026-04-14 20:25:50.118]  20:45:36	7.34	 039	 148	36.5	 21 	 -3 	 99%	 5.5	    	    	    	    	    	    	    	    	    	    
[2026-04-14 20:25:56.144]  20:45:42	7.34	 039	 148	36.5	 21 	 -3 	 99%	 5.5	    	    	    	    	    	    	    	    	    	    
[2026-04-14 20:26:02.069]  20:45:48	7.34	 039	 148	36.5	 21 	 -3 	 99%	 5.5	    	    	    	    	    	    	    	    	    	    
[2026-04-14 20:26:08.044]  20:45:54	7.34	 039	 148	36.5	 21 	 -3 	 99%	 5.5	    	    	    	    	    	    	    	    	    	    
[2026-04-14 20:26:14.020]  20:46:00	7.34	 039	 150	36.5	 21 	 -3 	 99%	 5.5	    	    	    	    	    	    	    	    	    	    
[2026-04-14 20:26:19.987]  20:46:06	7.34	 039	 146	36.4	 21 	 -3 	 99%	 5.5	    	    	    	    	    	    	    	    	    	    
[2026-04-14 20:26:25.977]  20:46:12	7.34	 039	 146	36.4	 21 	 -3 	 99%	 5.5	    	    	    	    	    	    	    	    	    	    
[2026-04-14 20:26:31.943]  20:46:18	7.34	 039	 141	36.4	 21 	 -3 	 99%	 5.5	    	    	    	    	    	    	    	    	    	    
[2026-04-14 20:26:37.921]  20:46:24	7.34	 039	 141	36.4	 21 	 -3 	 99%	 5.5	    	    	    	    	    	    	    	    	    	    
[2026-04-14 20:26:43.934]  20:46:30	7.34	 039	 141	36.4	 21 	 -3 	 99%	 5.5	    	    	    	    	    	    	    	    	    	    
[2026-04-14 20:26:49.882]  20:46:36	7.34	 039	 141	36.4	 21 	 -3 	 99%	 5.5	    	    	    	    	    	    	    	    	    	    
[2026-04-14 20:26:55.870]  20:46:42	7.34	 039	 144	36.4	 21 	 -4 	 99%	 5.5	    	    	    	    	    	    	    	    	    	    
[2026-04-14 20:27:01.835]  20:46:48	7.34	 039	 145	36.4	 21 	 -4 	 99%	 5.5	    	    	    	    	    	    	    	    	    	    
[2026-04-14 20:27:07.811]  20:46:54	7.34	 039	 144	36.4	 21 	 -4 	 99%	 5.5	    	    	    	    	    	    	    	    	    	    
[2026-04-14 20:27:13.781]  20:47:00	7.34	 039	 145	36.4	 21 	 -4 	 99%	 5.5	    	    	    	    	    	    	    	    	    	    
[2026-04-14 20:27:19.765]  20:47:06	7.34	 039	 143	36.4	 21 	 -4 	 99%	 5.5	    	    	    	    	    	    	    	    	    	    
[2026-04-14 20:27:25.733]  20:47:12	7.34	 039	 142	36.4	 21 	 -4 	 99%	 5.5	    	    	    	    	    	    	    	    	    	    
[2026-04-14 20:27:31.709]  20:47:18	7.34	 039	 143	36.4	 21 	 -4 	 99%	 5.5	    	    	    	    	    	    	    	    	    	    
[2026-04-14 20:27:37.693]  20:47:24	7.34	 039	 144	36.4	 21 	 -4 	 99%	 5.5	    	    	    	    	    	    	    	    	    	    
[2026-04-14 20:27:43.671]  20:47:30	7.34	 039	 142	36.4	 21 	 -4 	 99%	 5.5	    	    	    	    	    	    	    	    	    	    
[2026-04-14 20:27:49.641]  20:47:36	7.34	 039	 140	36.4	 21 	 -4 	 99%	 5.5	    	    	    	    	    	    	    	    	    	    
[2026-04-14 20:27:55.626]  20:47:42	7.34	 039	 143	36.4	 21 	 -4 	 99%	 5.5	    	    	    	    	    	    	    	    	    	    
[2026-04-14 20:28:01.599]  20:47:48	7.34	 039	 144	36.4	 21 	 -4 	 99%	 5.5	    	    	    	    	    	    	    	    	    	    
[2026-04-14 20:28:07.568]  20:47:54	7.34	 039	 143	36.4	 21 	 -4 	 99%	 5.5	    	    	    	    	    	    	    	    	    	    
[2026-04-14 20:28:13.546]  20:48:00	7.34	 040	 140	36.4	 21 	 -3 	 99%	 5.5	    	    	    	    	    	    	    	    	    	    
[2026-04-14 20:28:19.517]  20:48:06	7.34	 040	 140	36.4	 21 	 -3 	 99%	 5.5	    	    	    	    	    	    	    	    	    	    
[2026-04-14 20:28:25.499]  20:48:12	7.34	 040	 142	36.4	 21 	 -3 	 99%	 5.5	    	    	    	    	    	    	    	    	    	    
[2026-04-14 20:28:31.480]  20:48:18	7.34	 040	 139	36.4	 21 	 -3 	 99%	 5.5	    	    	    	    	    	    	    	    	    	    
[2026-04-14 20:28:37.445]  20:48:24	7.34	 040	 138	36.4	 21 	 -3 	 99%	 5.5	    	    	    	    	    	    	    	    	    	    
[2026-04-14 20:28:43.425]          	    	ARTERIAL 	 	  	    	    	    	    	    	    	    	  	    VENOUS
[2026-04-14 20:28:43.441]   Time   	 pH 	 CO2	  O2	TEMP	HCO3	 BE 	cSO2	 K+ 	 VO2	  Q 	 BSA	 pH 	 CO2	  O2	TEMP	 SO2	 HCT	 HGB
[2026-04-14 20:28:43.463] 
[2026-04-14 20:28:43.463]  20:48:29	7.34	 040	 140	36.4	 21 	 -3 	 99%	 5.5	    	    	    	    	    	    	    	    	    	    
[2026-04-14 20:28:49.439]  20:48:35	7.34	 040	 142	36.4	 21 	 -3 	 99%	 5.5	    	    	    	    	    	    	    	    	    	    
[2026-04-14 20:28:55.385]  20:48:41	7.34	 039	 144	36.4	 21 	 -3 	 99%	 5.5	    	    	    	    	    	    	    	    	    	    
[2026-04-14 20:29:01.357]  20:48:47	7.34	 040	 142	36.4	 21 	 -3 	 99%	 5.5	    	    	    	    	    	    	    	    	    	    
[2026-04-14 20:29:07.326]  20:48:54	7.34	 040	 141	36.4	 21 	 -3 	 99%	 5.5	    	    	    	    	    	    	    	    	    	    
[2026-04-14 20:29:13.304]  20:49:00	7.34	 040	 142	36.4	 21 	 -3 	 99%	 5.5	    	    	    	    	    	    	    	    	    	    
[2026-04-14 20:29:19.288]  20:49:06	7.34	 040	 142	36.4	 21 	 -3 	 99%	 5.5	    	    	    	    	    	    	    	    	    	    
[2026-04-14 20:29:25.269]  20:49:12	7.34	 039	 146	36.5	 21 	 -3 	 99%	 5.5	    	    	    	    	    	    	    	    	    	    
[2026-04-14 20:29:31.232]  20:49:18	7.34	 039	 145	36.5	 21 	 -3 	 99%	 5.5	    	    	    	    	    	    	    	    	    	    
[2026-04-14 20:29:37.214]  20:49:24	7.34	 039	 147	36.5	 21 	 -3 	 99%	 5.5	    	    	    	    	    	    	    	    	    	    
[2026-04-14 20:29:43.195]  20:49:30	7.34	 039	 145	36.5	 21 	 -3 	 99%	 5.5	    	    	    	    	    	    	    	    	    	    
[2026-04-14 20:29:49.159]  20:49:36	7.34	 039	 144	36.5	 21 	 -3 	 99%	 5.5	    	    	    	    	    	    	    	    	    	    
[2026-04-14 20:29:55.171]  20:49:42	7.34	 039	 149	36.5	 21 	 -3 	 99%	 5.5	    	    	    	    	    	    	    	    	    	    
[2026-04-14 20:30:01.125]  20:49:48	7.34	 039	 146	36.5	 21 	 -3 	 99%	 5.5	    	    	    	    	    	    	    	    	    	    
[2026-04-14 20:30:07.096]  20:49:54	7.34	 039	 145	36.5	 21 	 -3 	 99%	 5.5	    	    	    	    	    	    	    	    	    	    
[2026-04-14 20:30:13.066]  20:50:00	7.34	 039	 147	36.5	 21 	 -3 	 99%	 5.5	    	    	    	    	    	    	    	    	    	    
[2026-04-14 20:30:19.042]  20:50:06	7.34	 039	 147	36.5	 21 	 -3 	 99%	 5.5	    	    	    	    	    	    	    	    	    	    
[2026-04-14 20:30:25.023]  20:50:11	7.34	 039	 151	36.5	 21 	 -3 	 99%	 5.5	    	    	    	    	    	    	    	    	    	    
[2026-04-14 20:30:31.001]  20:50:17	7.34	 039	 148	36.5	 21 	 -3 	 99%	 5.5	    	    	    	    	    	    	    	    	    	    
[2026-04-14 20:30:36.972]  20:50:23	7.34	 039	 149	36.5	 21 	 -3 	 99%	 5.5	    	    	    	    	    	    	    	    	    	    
[2026-04-14 20:30:42.959]  20:50:29	7.34	 039	 147	36.5	 21 	 -3 	 99%	 5.5	    	    	    	    	    	    	    	    	    	    
[2026-04-14 20:30:48.923]  20:50:35	7.34	 039	 147	36.5	 21 	 -3 	 99%	 5.5	    	    	    	    	    	    	    	    	    	    
[2026-04-14 20:30:54.923]  20:50:41	7.34	 039	 152	36.5	 21 	 -3 	 99%	 5.5	    	    	    	    	    	    	    	    	    	    
[2026-04-14 20:31:00.887]  20:50:47	7.34	 039	 148	36.5	 21 	 -3 	 99%	 5.6	    	    	    	    	    	    	    	    	    	    
[2026-04-14 20:31:06.864]  20:50:53	7.34	 039	 150	36.5	 21 	 -3 	 99%	 5.6	    	    	    	    	    	    	    	    	    	    
[2026-04-14 20:31:12.827]  20:50:59	7.34	 039	 147	36.5	 21 	 -3 	 99%	 5.6	    	    	    	    	    	    	    	    	    	    
[2026-04-14 20:31:18.820]  20:51:05	7.34	 039	 144	36.5	 21 	 -3 	 99%	 5.6	    	    	    	    	    	    	    	    	    	    
[2026-04-14 20:31:24.799]  20:51:11	7.34	 039	 147	36.5	 21 	 -3 	 99%	 5.6	    	    	    	    	    	    	    	    	    	    
[2026-04-14 20:31:30.770]  20:51:17	7.34	 039	 147	36.5	 21 	 -3 	 99%	 5.6	    	    	    	    	    	    	    	    	    	    
[2026-04-14 20:31:36.749]  20:51:23	7.34	 039	 152	36.5	 21 	 -3 	 99%	 5.6	    	    	    	    	    	    	    	    	    	    
[2026-04-14 20:31:42.720]  20:51:29	7.34	 039	 151	36.5	 21 	 -3 	 99%	 5.6	    	    	    	    	    	    	    	    	    	    
[2026-04-14 20:31:48.690]  20:51:35	7.34	 039	 148	36.5	 21 	 -3 	 99%	 5.6	    	    	    	    	    	    	    	    	    	    
[2026-04-14 20:31:54.683]  20:51:41	7.34	 039	 151	36.5	 21 	 -3 	 99%	 5.6	    	    	    	    	    	    	    	    	    	    
[2026-04-14 20:32:00.643]  20:51:47	7.34	 039	 146	36.5	 21 	 -3 	 99%	 5.6	    	    	    	    	    	    	    	    	    	    
[2026-04-14 20:32:06.625]  20:51:53	7.34	 039	 145	36.5	 21 	 -3 	 99%	 5.6	    	    	    	    	    	    	    	    	    	    
[2026-04-14 20:32:12.595]  20:51:59	7.34	 039	 148	36.5	 21 	 -3 	 99%	 5.6	    	    	    	    	    	    	    	    	    	    
[2026-04-14 20:32:18.573]  20:52:05	7.34	 039	 147	36.5	 21 	 -3 	 99%	 5.6	    	    	    	    	    	    	    	    	    	    
[2026-04-14 20:32:24.563]  20:52:11	7.34	 039	 149	36.5	 21 	 -3 	 99%	 5.6	    	    	    	    	    	    	    	    	    	    
[2026-04-14 20:32:30.531]  20:52:17	7.34	 039	 147	36.5	 21 	 -3 	 99%	 5.6	    	    	    	    	    	    	    	    	    	    
[2026-04-14 20:32:36.501]  20:52:23	7.34	 039	 151	36.5	 21 	 -3 	 99%	 5.6	    	    	    	    	    	    	    	    	    	    
[2026-04-14 20:32:42.487]  20:52:29	7.34	 039	 149	36.5	 21 	 -3 	 99%	 5.6	    	    	    	    	    	    	    	    	    	    
[2026-04-14 20:32:48.465]  20:52:35	7.34	 039	 147	36.5	 21 	 -3 	 99%	 5.6	    	    	    	    	    	    	    	    	    	    
[2026-04-14 20:32:54.449]  20:52:41	7.34	 039	 147	36.5	 21 	 -3 	 99%	 5.6	    	    	    	    	    	    	    	    	    	    
[2026-04-14 20:33:00.412]  20:52:47	7.34	 039	 142	36.5	 21 	 -3 	 99%	 5.6	    	    	    	    	    	    	    	    	    	    
[2026-04-14 20:33:06.392]  20:52:53	7.34	 039	 146	36.5	 21 	 -3 	 99%	 5.6	    	    	    	    	    	    	    	    	    	    
[2026-04-14 20:33:12.372]  20:52:59	7.34	 039	 149	36.5	 21 	 -3 	 99%	 5.6	    	    	    	    	    	    	    	    	    	    
[2026-04-14 20:33:18.374]  20:53:05	7.34	 039	 150	36.5	 21 	 -3 	 99%	 5.6	    	    	    	    	    	    	    	    	    	    
[2026-04-14 20:33:24.319]  20:53:11	7.34	 039	 152	36.5	 21 	 -3 	 99%	 5.6	    	    	    	    	    	    	    	    	    	    
[2026-04-14 20:33:30.299]  20:53:17	7.34	 039	 147	36.5	 21 	 -3 	 99%	 5.6	    	    	    	    	    	    	    	    	    	    
[2026-04-14 20:33:36.268]  20:53:23	7.34	 039	 148	36.5	 21 	 -3 	 99%	 5.6	    	    	    	    	    	    	    	    	    	    
[2026-04-14 20:33:42.237]          	    	ARTERIAL 	 	  	    	    	    	    	    	    	    	  	    VENOUS
[2026-04-14 20:33:42.252]   Time   	 pH 	 CO2	  O2	TEMP	HCO3	 BE 	cSO2	 K+ 	 VO2	  Q 	 BSA	 pH 	 CO2	  O2	TEMP	 SO2	 HCT	 HGB
[2026-04-14 20:33:42.284] 
[2026-04-14 20:33:42.284]  20:53:29	7.34	 039	 149	36.5	 21 	 -3 	 99%	 5.6	    	    	    	    	    	    	    	    	    	    
[2026-04-14 20:33:48.216]  20:53:35	7.34	 039	 152	36.5	 21 	 -4 	 99%	 5.6	    	    	    	    	    	    	    	    	    	    
[2026-04-14 20:33:54.203]  20:53:41	7.34	 038	 154	36.4	 21 	 -4 	 99%	 5.6	    	    	    	    	    	    	    	    	    	    
[2026-04-14 20:34:00.167]  20:53:47	7.34	 039	 152	36.4	 21 	 -4 	 99%	 5.6	    	    	    	    	    	    	    	    	    	    
[2026-04-14 20:34:06.151]  20:53:53	7.34	 039	 153	36.4	 21 	 -4 	 99%	 5.6	    	    	    	    	    	    	    	    	    	    
[2026-04-14 20:34:12.121]  20:53:59	7.34	 039	 153	36.4	 21 	 -4 	 99%	 5.6	    	    	    	    	    	    	    	    	    	    
[2026-04-14 20:34:18.099]  20:54:05	7.34	 038	 154	36.4	 21 	 -4 	 99%	 5.6	    	    	    	    	    	    	    	    	    	    
[2026-04-14 20:34:24.083]  20:54:11	7.34	 039	 154	36.4	 21 	 -4 	 99%	 5.6	    	    	    	    	    	    	    	    	    	    
[2026-04-14 20:34:30.061]  20:54:16	7.34	 039	 152	36.4	 21 	 -4 	 99%	 5.6	    	    	    	    	    	    	    	    	    	    
[2026-04-14 20:34:36.060]  20:54:22	7.34	 039	 154	36.4	 21 	 -4 	 99%	 5.6	    	    	    	    	    	    	    	    	    	    
[2026-04-14 20:34:42.014]  20:54:28	7.34	 039	 153	36.4	 21 	 -4 	 99%	 5.6	    	    	    	    	    	    	    	    	    	    
[2026-04-14 20:34:47.989]  20:54:34	7.34	 039	 152	36.4	 21 	 -4 	 99%	 5.7	    	    	    	    	    	    	    	    	    	    
[2026-04-14 20:34:53.967]  20:54:40	7.34	 039	 153	36.4	 21 	 -4 	 99%	 5.7	    	    	    	    	    	    	    	    	    	    
[2026-04-14 20:34:59.943]  20:54:46	7.34	 039	 151	36.4	 21 	 -4 	 99%	 5.7	    	    	    	    	    	    	    	    	    	    
[2026-04-14 20:35:05.914]  20:54:52	7.34	 039	 151	36.4	 21 	 -4 	 99%	 5.7	    	    	    	    	    	    	    	    	    	    
[2026-04-14 20:35:11.884]  20:54:58	7.34	 039	 150	36.4	 21 	 -4 	 99%	 5.7	    	    	    	    	    	    	    	    	    	    
[2026-04-14 20:35:17.885]  20:55:04	7.34	 039	 149	36.4	 21 	 -4 	 99%	 5.7	    	    	    	    	    	    	    	    	    	    
[2026-04-14 20:35:23.844]  20:55:10	7.34	 039	 151	36.4	 21 	 -4 	 99%	 5.7	    	    	    	    	    	    	    	    	    	    
[2026-04-14 20:35:29.816]  20:55:16	7.34	 039	 150	36.4	 21 	 -4 	 99%	 5.7	    	    	    	    	    	    	    	    	    	    
[2026-04-14 20:35:35.796]  20:55:22	7.34	 039	 151	36.4	 21 	 -4 	 99%	 5.7	    	    	    	    	    	    	    	    	    	    
[2026-04-14 20:35:41.764]  20:55:28	7.34	 039	 152	36.4	 21 	 -4 	 99%	 5.7	    	    	    	    	    	    	    	    	    	    
[2026-04-14 20:35:47.746]  20:55:34	7.34	 038	 155	36.4	 21 	 -4 	 99%	 5.7	    	    	    	    	    	    	    	    	    	    
[2026-04-14 20:35:53.726]  20:55:39	7.34	 038	 159	36.4	 21 	 -4 	 99%	 5.7	    	    	    	    	    	    	    	    	    	    
[2026-04-14 20:35:59.718]  20:55:45	7.34	 038	 156	36.4	 21 	 -4 	 99%	 5.7	    	    	    	    	    	    	    	    	    	    
[2026-04-14 20:36:05.681]  20:55:51	7.34	 038	 159	36.4	 21 	 -4 	 99%	 5.7	    	    	    	    	    	    	    	    	    	    
[2026-04-14 20:36:11.689]  20:55:57	7.34	 038	 154	36.4	 21 	 -4 	 99%	 5.7	    	    	    	    	    	    	    	    	    	    
[2026-04-14 20:36:17.624]  20:56:03	7.34	 038	 151	36.4	 21 	 -4 	 99%	 5.7	    	    	    	    	    	    	    	    	    	    
[2026-04-14 20:36:23.615]  20:56:09	7.34	 038	 155	36.4	 21 	 -4 	 99%	 5.7	    	    	    	    	    	    	    	    	    	    
[2026-04-14 20:36:29.583]  20:56:15	7.34	 038	 154	36.4	 21 	 -4 	 99%	 5.7	    	    	    	    	    	    	    	    	    	    
[2026-04-14 20:36:35.557]  20:56:21	7.34	 038	 158	36.4	 21 	 -4 	 99%	 5.7	    	    	    	    	    	    	    	    	    	    
[2026-04-14 20:36:41.537]  20:56:27	7.34	 038	 153	36.4	 21 	 -4 	 99%	 5.7	    	    	    	    	    	    	    	    	    	    
[2026-04-14 20:36:47.513]  20:56:33	7.34	 038	 153	36.4	 21 	 -4 	 99%	 5.7	    	    	    	    	    	    	    	    	    	    
[2026-04-14 20:36:53.503]  20:56:39	7.34	 038	 153	36.4	 21 	 -4 	 99%	 5.7	    	    	    	    	    	    	    	    	    	    
[2026-04-14 20:36:59.464]  20:56:45	7.34	 038	 151	36.4	 21 	 -4 	 99%	 5.7	    	    	    	    	    	    	    	    	    	    
[2026-04-14 20:37:05.449]  20:56:51	7.34	 038	 152	36.4	 21 	 -4 	 99%	 5.7	    	    	    	    	    	    	    	    	    	    
[2026-04-14 20:37:11.412]  20:56:57	7.34	 039	 149	36.4	 21 	 -4 	 99%	 5.7	    	    	    	    	    	    	    	    	    	    
[2026-04-14 20:37:17.393]  20:57:03	7.34	 038	 153	36.4	 21 	 -4 	 99%	 5.7	    	    	    	    	    	    	    	    	    	    
[2026-04-14 20:37:23.377]  20:57:09	7.34	 038	 155	36.4	 21 	 -4 	 99%	 5.7	    	    	    	    	    	    	    	    	    	    
[2026-04-14 20:37:29.353]  20:57:15	7.34	 038	 153	36.4	 21 	 -4 	 99%	 5.7	    	    	    	    	    	    	    	    	    	    
[2026-04-14 20:37:35.319]  20:57:21	7.34	 038	 157	36.4	 21 	 -4 	 99%	 5.7	    	    	    	    	    	    	    	    	    	    
[2026-04-14 20:37:41.298]  20:57:27	7.34	 039	 152	36.3	 21 	 -4 	 99%	 5.7	    	    	    	    	    	    	    	    	    	    
[2026-04-14 20:37:47.281]  20:57:33	7.34	 039	 153	35.9	 21 	 -4 	 99%	 5.5	    	    	    	    	    	    	    	    	    	    
[2026-04-14 20:37:53.267]  20:57:39	7.34	 039	 150	36.3	 21 	 -4 	 99%	 5.7	    	    	    	    	    	    	    	    	    	    
[2026-04-14 20:37:59.231]  20:57:45	7.34	 039	 148	36.4	 21 	 -4 	 99%	 5.7	    	    	    	    	    	    	    	    	    	    
[2026-04-14 20:38:05.209]  20:57:51	7.34	 038	 155	36.4	 21 	 -4 	 99%	 5.7	    	    	    	    	    	    	    	    	    	    
[2026-04-14 20:38:11.180]  20:57:57	7.34	 038	 155	36.4	 21 	 -4 	 99%	 5.7	    	    	    	    	    	    	    	    	    	    
[2026-04-14 20:38:17.157]  20:58:03	7.34	 038	 156	36.4	 21 	 -4 	 99%	 5.7	    	    	    	    	    	    	    	    	    	    
[2026-04-14 20:38:23.131]  20:58:09	7.34	 038	 153	36.4	 21 	 -4 	 99%	 5.7	    	    	    	    	    	    	    	    	    	    
[2026-04-14 20:38:29.116]  20:58:15	7.34	 038	 155	36.3	 21 	 -4 	 99%	 5.7	    	    	    	    	    	    	    	    	    	    
[2026-04-14 20:38:35.103]  20:58:21	7.34	 038	 156	36.1	 21 	 -4 	 99%	 5.7	    	    	    	    	    	    	    	    	    	    
[2026-04-14 20:38:41.065]          	    	ARTERIAL 	 	  	    	    	    	    	    	    	    	  	    VENOUS
[2026-04-14 20:38:41.071]   Time   	 pH 	 CO2	  O2	TEMP	HCO3	 BE 	cSO2	 K+ 	 VO2	  Q 	 BSA	 pH 	 CO2	  O2	TEMP	 SO2	 HCT	 HGB
[2026-04-14 20:38:41.102] 
[2026-04-14 20:38:41.102]  20:58:27	7.34	 039	 158	35.7	 21 	 -4 	 99%	 5.6	    	    	    	    	    	    	    	    	    	    
[2026-04-14 20:38:47.046]  20:58:33	7.33	 039	 158	35.6	 21 	 -4 	 99%	 5.6	    	    	    	    	    	    	    	    	    	    
[2026-04-14 20:38:53.020]  20:58:39	7.34	 038	 154	36.2	 21 	 -4 	 99%	 5.8	    	    	    	    	    	    	    	    	    	    
[2026-04-14 20:38:58.995]  20:58:45	7.34	 038	 153	36.3	 21 	 -4 	 99%	 5.7	    	    	    	    	    	    	    	    	    	    
[2026-04-14 20:39:04.967]  20:58:51	7.34	 038	 160	36.4	 21 	 -4 	 99%	 5.7	    	    	    	    	    	    	    	    	    	    
[2026-04-14 20:39:10.945]  20:58:57	7.34	 038	 159	36.4	 21 	 -4 	 99%	 5.7	    	    	    	    	    	    	    	    	    	    
[2026-04-14 20:39:16.922]  20:59:03	7.35	 038	 164	36.4	 21 	 -4 	 99%	 5.7	    	    	    	    	    	    	    	    	    	    
[2026-04-14 20:39:22.894]  20:59:09	7.35	 038	 162	36.4	 21 	 -4 	 99%	 5.7	    	    	    	    	    	    	    	    	    	    
[2026-04-14 20:39:28.878]  20:59:15	7.35	 038	 157	36.4	 21 	 -4 	 99%	 5.7	    	    	    	    	    	    	    	    	    	    
[2026-04-14 20:39:34.852]  20:59:21	7.35	 038	 164	36.4	 21 	 -4 	 99%	 5.7	    	    	    	    	    	    	    	    	    	    
[2026-04-14 20:39:40.830]  20:59:27	7.35	 038	 166	36.4	 21 	 -4 	 99%	 5.7	    	    	    	    	    	    	    	    	    	    
[2026-04-14 20:39:46.808]  20:59:33	7.35	 037	 171	36.4	 21 	 -4 	 99%	 5.7	    	    	    	    	    	    	    	    	    	    
[2026-04-14 20:39:52.785]  20:59:39	7.35	 037	 171	36.5	 21 	 -4 	 99%	 5.8	    	    	    	    	    	    	    	    	    	    
[2026-04-14 20:39:58.759]  20:59:45	7.35	 037	 169	36.5	 21 	 -4 	 99%	 5.7	    	    	    	    	    	    	    	    	    	    
[2026-04-14 20:40:04.726]  20:59:51	7.35	 037	 172	36.5	 21 	 -4 	 99%	 5.8	    	    	    	    	    	    	    	    	    	    
[2026-04-14 20:40:10.727]  20:59:57	7.35	 037	 168	36.5	 21 	 -4 	 99%	 5.7	    	    	    	    	    	    	    	    	    	    
[2026-04-14 20:40:16.678]  21:00:03	7.35	 038	 161	36.4	 21 	 -4 	 99%	 5.7	    	    	    	    	    	    	    	    	    	    
[2026-04-14 20:40:22.664]  21:00:09	7.34	 038	 154	36.3	 21 	 -4 	 99%	 5.7	    	    	    	    	    	    	    	    	    	    
[2026-04-14 20:40:28.642]  21:00:15	7.34	 038	 150	36.4	 21 	 -4 	 99%	 5.7	    	    	    	    	    	    	    	    	    	    
[2026-04-14 20:40:34.609]  21:00:21	7.34	 038	 156	36.4	 21 	 -4 	 99%	 5.8	    	    	    	    	    	    	    	    	    	    
[2026-04-14 20:40:40.583]  21:00:27	7.34	 038	 154	36.4	 21 	 -4 	 99%	 5.8	    	    	    	    	    	    	    	    	    	    
[2026-04-14 20:40:46.561]  21:00:33	7.35	 038	 159	36.4	 21 	 -4 	 99%	 5.8	    	    	    	    	    	    	    	    	    	    
[2026-04-14 20:40:52.554]  21:00:39	7.34	 038	 156	36.4	 21 	 -4 	 99%	 5.7	    	    	    	    	    	    	    	    	    	    
[2026-04-14 20:40:58.522]  21:00:45	7.34	 038	 154	36.4	 21 	 -4 	 99%	 5.7	    	    	    	    	    	    	    	    	    	    
[2026-04-14 20:41:04.491]  21:00:51	7.34	 038	 156	36.4	 21 	 -4 	 99%	 5.7	    	    	    	    	    	    	    	    	    	    
[2026-04-14 20:41:10.477]  21:00:57	7.34	 038	 151	36.4	 21 	 -4 	 99%	 5.7	    	    	    	    	    	    	    	    	    	    
[2026-04-14 20:41:16.449]  21:01:03	7.34	 038	 148	36.3	 21 	 -4 	 99%	 5.7	    	    	    	    	    	    	    	    	    	    
[2026-04-14 20:41:22.425]  21:01:09	7.34	 039	 145	36.3	 21 	 -4 	 99%	 5.7	    	    	    	    	    	    	    	    	    	    
[2026-04-14 20:41:28.401]  21:01:15	7.34	 039	 144	36.3	 21 	 -4 	 99%	 5.7	    	    	    	    	    	    	    	    	    	    
[2026-04-14 20:41:34.385]  21:01:21	7.34	 039	 145	36.3	 21 	 -4 	 99%	 5.7	    	    	    	    	    	    	    	    	    	    
[2026-04-14 20:41:40.352]  21:01:27	7.34	 039	 145	36.4	 21 	 -4 	 99%	 5.7	    	    	    	    	    	    	    	    	    	    
[2026-04-14 20:41:46.338]  21:01:33	7.34	 039	 146	36.4	 21 	 -4 	 99%	 5.7	    	    	    	    	    	    	    	    	    	    
[2026-04-14 20:41:52.314]  21:01:39	7.34	 039	 146	36.4	 21 	 -4 	 99%	 5.7	    	    	    	    	    	    	    	    	    	    
[2026-04-14 20:41:58.280]  21:01:45	7.34	 039	 146	36.4	 21 	 -4 	 99%	 5.7	    	    	    	    	    	    	    	    	    	    
[2026-04-14 20:42:04.266]  21:01:51	7.34	 039	 147	36.4	 21 	 -4 	 99%	 5.7	    	    	    	    	    	    	    	    	    	    
[2026-04-14 20:42:10.227]  21:01:57	7.34	 039	 147	36.4	 21 	 -4 	 99%	 5.7	    	    	    	    	    	    	    	    	    	    
[2026-04-14 20:42:16.209]  21:02:03	7.34	 039	 148	36.4	 21 	 -4 	 99%	 5.7	    	    	    	    	    	    	    	    	    	    
[2026-04-14 20:42:22.193]  21:02:09	7.34	 039	 150	36.4	 21 	 -4 	 99%	 5.7	    	    	    	    	    	    	    	    	    	    
[2026-04-14 20:42:28.166]  21:02:14	7.34	 039	 151	36.4	 21 	 -4 	 99%	 5.7	    	    	    	    	    	    	    	    	    	    
[2026-04-14 20:42:34.143]  21:02:20	7.34	 039	 150	36.4	 21 	 -4 	 99%	 5.7	    	    	    	    	    	    	    	    	    	    
[2026-04-14 20:42:40.121]  21:02:26	7.34	 039	 148	36.4	 21 	 -4 	 99%	 5.7	    	    	    	    	    	    	    	    	    	    
[2026-04-14 20:42:46.095]  21:02:32	7.34	 039	 150	36.4	 21 	 -4 	 99%	 5.7	    	    	    	    	    	    	    	    	    	    
[2026-04-14 20:42:52.079]  21:02:38	7.34	 039	 150	36.4	 21 	 -4 	 99%	 5.7	    	    	    	    	    	    	    	    	    	    
[2026-04-14 20:42:58.051]  21:02:44	7.34	 039	 149	36.4	 21 	 -4 	 99%	 5.7	    	    	    	    	    	    	    	    	    	    
[2026-04-14 20:43:04.027]  21:02:50	7.34	 039	 149	36.4	 21 	 -4 	 99%	 5.7	    	    	    	    	    	    	    	    	    	    
[2026-04-14 20:43:10.003]  21:02:56	7.34	 039	 149	36.4	 21 	 -4 	 99%	 5.7	    	    	    	    	    	    	    	    	    	    
[2026-04-14 20:43:15.979]  21:03:02	7.34	 039	 150	36.4	 21 	 -4 	 99%	 5.7	    	    	    	    	    	    	    	    	    	    
[2026-04-14 20:43:21.949]  21:03:08	7.34	 039	 150	36.4	 21 	 -4 	 99%	 5.7	    	    	    	    	    	    	    	    	    	    
[2026-04-14 20:43:27.927]  21:03:14	7.34	 039	 149	36.4	 21 	 -4 	 99%	 5.7	    	    	    	    	    	    	    	    	    	    
[2026-04-14 20:43:33.935]  21:03:20	7.34	 039	 148	36.4	 21 	 -4 	 99%	 5.7	    	    	    	    	    	    	    	    	    	    
[2026-04-14 20:43:39.865]          	    	ARTERIAL 	 	  	    	    	    	    	    	    	    	  	    VENOUS
[2026-04-14 20:43:39.896]   Time   	 pH 	 CO2	  O2	TEMP	HCO3	 BE 	cSO2	 K+ 	 VO2	  Q 	 BSA	 pH 	 CO2	  O2	TEMP	 SO2	 HCT	 HGB
[2026-04-14 20:43:39.918] 
[2026-04-14 20:43:39.918]  21:03:26	7.34	 039	 147	36.4	 21 	 -4 	 99%	 5.7	    	    	    	    	    	    	    	    	    	    
[2026-04-14 20:43:45.851]  21:03:32	7.34	 039	 149	36.4	 21 	 -4 	 99%	 5.7	    	    	    	    	    	    	    	    	    	    
[2026-04-14 20:43:51.844]  21:03:38	7.34	 039	 150	36.4	 21 	 -4 	 99%	 5.7	    	    	    	    	    	    	    	    	    	    
[2026-04-14 20:43:57.814]  21:03:44	7.34	 039	 150	36.4	 21 	 -4 	 99%	 5.7	    	    	    	    	    	    	    	    	    	    
[2026-04-14 20:44:03.792]  21:03:50	7.34	 039	 151	36.4	 21 	 -4 	 99%	 5.7	    	    	    	    	    	    	    	    	    	    
[2026-04-14 20:44:09.767]  21:03:56	7.34	 039	 150	36.4	 21 	 -4 	 99%	 5.7	    	    	    	    	    	    	    	    	    	    
[2026-04-14 20:44:15.737]  21:04:02	7.34	 039	 151	36.4	 21 	 -4 	 99%	 5.7	    	    	    	    	    	    	    	    	    	    
[2026-04-14 20:44:21.720]  21:04:08	7.34	 039	 148	36.4	 21 	 -4 	 99%	 5.7	    	    	    	    	    	    	    	    	    	    
[2026-04-14 20:44:27.697]  21:04:14	7.34	 039	 148	36.4	 21 	 -4 	 99%	 5.7	    	    	    	    	    	    	    	    	    	    
[2026-04-14 20:44:33.667]  21:04:20	7.34	 039	 151	36.4	 21 	 -4 	 99%	 5.7	    	    	    	    	    	    	    	    	    	    
[2026-04-14 20:44:39.644]  21:04:26	7.34	 039	 152	36.4	 21 	 -4 	 99%	 5.7	    	    	    	    	    	    	    	    	    	    
[2026-04-14 20:44:45.619]  21:04:32	7.34	 039	 154	36.4	 21 	 -4 	 99%	 5.7	    	    	    	    	    	    	    	    	    	    
[2026-04-14 20:44:51.613]  21:04:38	7.34	 039	 152	36.4	 21 	 -4 	 99%	 5.7	    	    	    	    	    	    	    	    	    	    
[2026-04-14 20:44:57.573]  21:04:44	7.34	 039	 151	36.4	 21 	 -4 	 99%	 5.7	    	    	    	    	    	    	    	    	    	    
[2026-04-14 20:45:03.567]  21:04:50	7.34	 039	 154	36.4	 21 	 -4 	 99%	 5.7	    	    	    	    	    	    	    	    	    	    
[2026-04-14 20:45:09.521]  21:04:56	7.34	 038	 153	36.4	 21 	 -4 	 99%	 5.7	    	    	    	    	    	    	    	    	    	    
[2026-04-14 20:45:15.504]  21:05:02	7.34	 038	 156	36.4	 21 	 -4 	 99%	 5.7	    	    	    	    	    	    	    	    	    	    
[2026-04-14 20:45:21.476]  21:05:08	7.34	 038	 152	36.4	 21 	 -4 	 99%	 5.7	    	    	    	    	    	    	    	    	    	    
[2026-04-14 20:45:27.453]  21:05:14	7.34	 038	 150	36.4	 21 	 -4 	 99%	 5.7	    	    	    	    	    	    	    	    	    	    
[2026-04-14 20:45:33.430]  21:05:20	7.34	 039	 147	36.4	 21 	 -4 	 99%	 5.7	    	    	    	    	    	    	    	    	    	    
[2026-04-14 20:45:39.446]  21:05:26	7.34	 039	 147	36.4	 21 	 -4 	 99%	 5.7	    	    	    	    	    	    	    	    	    	    
[2026-04-14 20:45:45.384]  21:05:32	7.34	 039	 149	36.4	 21 	 -4 	 99%	 5.7	    	    	    	    	    	    	    	    	    	    
[2026-04-14 20:45:51.375]  21:05:38	7.34	 039	 149	36.4	 21 	 -4 	 99%	 5.7	    	    	    	    	    	    	    	    	    	    
[2026-04-14 20:45:57.329]  21:05:44	7.34	 039	 148	36.4	 21 	 -4 	 99%	 5.7	    	    	    	    	    	    	    	    	    	    
[2026-04-14 20:46:03.311]  21:05:50	7.34	 039	 147	36.4	 21 	 -4 	 99%	 5.7	    	    	    	    	    	    	    	    	    	    
[2026-04-14 20:46:09.288]  21:05:56	7.34	 039	 146	36.4	 21 	 -4 	 99%	 5.7	    	    	    	    	    	    	    	    	    	    
[2026-04-14 20:46:15.258]  21:06:02	7.34	 039	 147	36.4	 21 	 -4 	 99%	 5.7	    	    	    	    	    	    	    	    	    	    
[2026-04-14 20:46:21.244]  21:06:08	7.34	 039	 148	36.4	 21 	 -4 	 99%	 5.7	    	    	    	    	    	    	    	    	    	    
[2026-04-14 20:46:27.220]  21:06:14	7.34	 039	 149	36.4	 21 	 -4 	 99%	 5.7	    	    	    	    	    	    	    	    	    	    
[2026-04-14 20:46:33.187]  21:06:20	7.34	 039	 150	36.4	 21 	 -4 	 99%	 5.7	    	    	    	    	    	    	    	    	    	    
[2026-04-14 20:46:39.162]  21:06:26	7.34	 039	 148	36.4	 21 	 -4 	 99%	 5.7	    	    	    	    	    	    	    	    	    	    
[2026-04-14 20:46:45.148]  21:06:32	7.34	 039	 146	36.4	 21 	 -4 	 99%	 5.7	    	    	    	    	    	    	    	    	    	    
[2026-04-14 20:46:51.126]  21:06:38	7.34	 039	 144	36.4	 21 	 -4 	 99%	 5.7	    	    	    	    	    	    	    	    	    	    
[2026-04-14 20:46:57.094]  21:06:44	7.34	 039	 144	36.4	 21 	 -4 	 99%	 5.7	    	    	    	    	    	    	    	    	    	    
[2026-04-14 20:47:03.078]  21:06:50	7.34	 039	 143	36.4	 21 	 -4 	 99%	 5.7	    	    	    	    	    	    	    	    	    	    
[2026-04-14 20:47:09.045]  21:06:56	7.34	 039	 144	36.4	 21 	 -4 	 99%	 5.7	    	    	    	    	    	    	    	    	    	    
[2026-04-14 20:47:15.068]  21:07:02	7.34	 039	 146	36.4	 21 	 -4 	 99%	 5.7	    	    	    	    	    	    	    	    	    	    
[2026-04-14 20:47:21.012]  21:07:08	7.34	 039	 144	36.5	 21 	 -4 	 99%	 5.7	    	    	    	    	    	    	    	    	    	    
[2026-04-14 20:47:26.997]  21:07:14	7.34	 039	 142	36.5	 21 	 -4 	 99%	 5.7	    	    	    	    	    	    	    	    	    	    
[2026-04-14 20:47:32.958]  21:07:20	7.34	 039	 141	36.5	 21 	 -4 	 99%	 5.7	    	    	    	    	    	    	    	    	    	    
[2026-04-14 20:47:38.940]  21:07:26	7.34	 039	 141	36.5	 21 	 -4 	 99%	 5.7	    	    	    	    	    	    	    	    	    	    
[2026-04-14 20:47:44.917]  21:07:31	7.34	 039	 142	36.5	 21 	 -4 	 99%	 5.7	    	    	    	    	    	    	    	    	    	    
[2026-04-14 20:47:50.901]  21:07:37	7.34	 039	 141	36.5	 21 	 -4 	 99%	 5.7	    	    	    	    	    	    	    	    	    	    
[2026-04-14 20:47:56.869]  21:07:43	7.34	 039	 140	36.5	 21 	 -4 	 99%	 5.7	    	    	    	    	    	    	    	    	    	    
[2026-04-14 20:48:02.837]  21:07:49	7.34	 039	 140	36.5	 21 	 -4 	 99%	 5.7	    	    	    	    	    	    	    	    	    	    
[2026-04-14 20:48:08.822]  21:07:55	7.34	 039	 142	36.5	 21 	 -4 	 99%	 5.7	    	    	    	    	    	    	    	    	    	    
[2026-04-14 20:48:14.786]  21:08:01	7.34	 039	 143	36.5	 21 	 -4 	 99%	 5.7	    	    	    	    	    	    	    	    	    	    
[2026-04-14 20:48:20.767]  21:08:07	7.34	 039	 142	36.5	 21 	 -4 	 99%	 5.7	    	    	    	    	    	    	    	    	    	    
[2026-04-14 20:48:26.751]  21:08:13	7.34	 039	 142	36.5	 21 	 -4 	 99%	 5.7	    	    	    	    	    	    	    	    	    	    
[2026-04-14 20:48:32.727]  21:08:19	7.34	 039	 141	36.5	 21 	 -4 	 99%	 5.7	    	    	    	    	    	    	    	    	    	    
[2026-04-14 20:48:38.690]          	    	ARTERIAL 	 	  	    	    	    	    	    	    	    	  	    VENOUS
[2026-04-14 20:48:38.706]   Time   	 pH 	 CO2	  O2	TEMP	HCO3	 BE 	cSO2	 K+ 	 VO2	  Q 	 BSA	 pH 	 CO2	  O2	TEMP	 SO2	 HCT	 HGB
[2026-04-14 20:48:38.744] 
[2026-04-14 20:48:38.744]  21:08:25	7.34	 039	 140	36.5	 21 	 -3 	 99%	 5.7	    	    	    	    	    	    	    	    	    	    
[2026-04-14 20:48:44.675]  21:08:31	7.34	 039	 141	36.5	 21 	 -3 	 99%	 5.7	    	    	    	    	    	    	    	    	    	    
[2026-04-14 20:48:50.654]  21:08:37	7.34	 039	 142	36.5	 21 	 -4 	 99%	 5.7	    	    	    	    	    	    	    	    	    	    
[2026-04-14 20:48:56.619]  21:08:43	7.34	 039	 141	36.5	 21 	 -4 	 99%	 5.7	    	    	    	    	    	    	    	    	    	    
[2026-04-14 20:49:02.597]  21:08:49	7.34	 039	 140	36.5	 21 	 -3 	 99%	 5.7	    	    	    	    	    	    	    	    	    	    
[2026-04-14 20:49:08.573]  21:08:55	7.34	 039	 140	36.5	 21 	 -3 	 99%	 5.7	    	    	    	    	    	    	    	    	    	    
[2026-04-14 20:49:14.556]  21:09:01	7.34	 039	 141	36.5	 21 	 -3 	 99%	 5.7	    	    	    	    	    	    	    	    	    	    
[2026-04-14 20:49:20.540]  21:09:07	7.34	 039	 141	36.5	 21 	 -3 	 99%	 5.7	    	    	    	    	    	    	    	    	    	    
[2026-04-14 20:49:26.502]  21:09:13	7.34	 039	 143	36.5	 21 	 -3 	 99%	 5.7	    	    	    	    	    	    	    	    	    	    
[2026-04-14 20:49:32.477]  21:09:19	7.34	 039	 141	36.5	 21 	 -3 	 99%	 5.7	    	    	    	    	    	    	    	    	    	    
[2026-04-14 20:49:38.461]  21:09:25	7.34	 039	 141	36.5	 21 	 -3 	 99%	 5.7	    	    	    	    	    	    	    	    	    	    
[2026-04-14 20:49:44.432]  21:09:31	7.34	 039	 141	36.5	 21 	 -3 	 99%	 5.7	    	    	    	    	    	    	    	    	    	    
[2026-04-14 20:49:50.423]  21:09:37	7.34	 039	 139	36.6	 21 	 -3 	 99%	 5.7	    	    	    	    	    	    	    	    	    	    
[2026-04-14 20:49:56.383]  21:09:43	7.34	 039	 144	36.6	 21 	 -3 	 99%	 5.7	    	    	    	    	    	    	    	    	    	    
[2026-04-14 20:50:02.364]  21:09:49	7.34	 039	 143	36.6	 21 	 -4 	 99%	 5.8	    	    	    	    	    	    	    	    	    	    
[2026-04-14 20:50:08.385]  21:09:55	7.34	 039	 142	36.6	 21 	 -4 	 99%	 5.8	    	    	    	    	    	    	    	    	    	    
[2026-04-14 20:50:14.313]  21:10:01	7.34	 039	 142	36.6	 21 	 -3 	 99%	 5.8	    	    	    	    	    	    	    	    	    	    
[2026-04-14 20:50:20.294]  21:10:07	7.34	 039	 138	36.6	 21 	 -3 	 99%	 5.7	    	    	    	    	    	    	    	    	    	    
[2026-04-14 20:50:26.285]  21:10:13	7.34	 039	 140	36.6	 21 	 -3 	 99%	 5.7	    	    	    	    	    	    	    	    	    	    
[2026-04-14 20:50:32.252]  21:10:18	7.34	 039	 138	36.6	 21 	 -3 	 99%	 5.7	    	    	    	    	    	    	    	    	    	    
[2026-04-14 20:50:38.220]  21:10:24	7.34	 039	 139	36.6	 21 	 -3 	 99%	 5.7	    	    	    	    	    	    	    	    	    	    
[2026-04-14 20:50:44.205]  21:10:30	7.34	 039	 139	36.6	 21 	 -3 	 99%	 5.7	    	    	    	    	    	    	    	    	    	    
[2026-04-14 20:50:50.184]  21:10:36	7.34	 039	 139	36.6	 21 	 -4 	 99%	 5.7	    	    	    	    	    	    	    	    	    	    
[2026-04-14 20:50:56.191]  21:10:42	7.34	 039	 140	36.6	 21 	 -3 	 99%	 5.8	    	    	    	    	    	    	    	    	    	    
[2026-04-14 20:51:02.129]  21:10:48	7.34	 039	 137	36.6	 21 	 -3 	 99%	 5.8	    	    	    	    	    	    	    	    	    	    
[2026-04-14 20:51:08.103]  21:10:54	7.34	 039	 139	36.6	 21 	 -3 	 99%	 5.8	    	    	    	    	    	    	    	    	    	    
[2026-04-14 20:51:14.082]  21:11:00	7.34	 039	 139	36.6	 21 	 -3 	 99%	 5.8	    	    	    	    	    	    	    	    	    	    
[2026-04-14 20:51:20.060]  21:11:06	7.34	 039	 136	36.6	 21 	 -3 	 99%	 5.8	    	    	    	    	    	    	    	    	    	    
[2026-04-14 20:51:26.052]  21:11:12	7.34	 039	 138	36.6	 21 	 -3 	 99%	 5.8	    	    	    	    	    	    	    	    	    	    
[2026-04-14 20:51:32.006]  21:11:18	7.34	 039	 137	36.6	 21 	 -3 	 99%	 5.8	    	    	    	    	    	    	    	    	    	    
[2026-04-14 20:51:37.991]  21:11:24	7.34	 039	 137	36.6	 21 	 -3 	 99%	 5.8	    	    	    	    	    	    	    	    	    	    
[2026-04-14 20:51:43.969]  21:11:30	7.34	 039	 137	36.6	 21 	 -3 	 99%	 5.8	    	    	    	    	    	    	    	    	    	    
[2026-04-14 20:51:49.947]  21:11:36	7.34	 039	 133	36.6	 21 	 -3 	 99%	 5.8	    	    	    	    	    	    	    	    	    	    
[2026-04-14 20:51:55.911]  21:11:42	7.34	 039	 132	36.6	 21 	 -3 	 99%	 5.8	    	    	    	    	    	    	    	    	    	    
[2026-04-14 20:52:01.896]  21:11:48	7.34	 039	 131	36.6	 21 	 -3 	 99%	 5.8	    	    	    	    	    	    	    	    	    	    
[2026-04-14 20:52:07.881]  21:11:54	7.34	 039	 131	36.6	 21 	 -3 	 99%	 5.8	    	    	    	    	    	    	    	    	    	    
[2026-04-14 20:52:13.845]  21:12:00	7.34	 039	 131	36.6	 21 	 -3 	 99%	 5.8	    	    	    	    	    	    	    	    	    	    
[2026-04-14 20:52:19.827]  21:12:06	7.34	 039	 131	36.6	 21 	 -3 	 99%	 5.8	    	    	    	    	    	    	    	    	    	    
[2026-04-14 20:52:25.801]  21:12:12	7.34	 039	 135	36.6	 21 	 -3 	 99%	 5.8	    	    	    	    	    	    	    	    	    	    
[2026-04-14 20:52:31.778]  21:12:18	7.34	 039	 132	36.6	 21 	 -3 	 99%	 5.8	    	    	    	    	    	    	    	    	    	    
[2026-04-14 20:52:37.757]  21:12:24	7.34	 039	 132	36.6	 21 	 -3 	 99%	 5.8	    	    	    	    	    	    	    	    	    	    
[2026-04-14 20:52:43.734]  21:12:30	7.34	 039	 132	36.6	 21 	 -3 	 99%	 5.8	    	    	    	    	    	    	    	    	    	    
[2026-04-14 20:52:49.723]  21:12:36	7.34	 039	 129	36.6	 21 	 -3 	 98%	 5.8	    	    	    	    	    	    	    	    	    	    
[2026-04-14 20:52:55.678]  21:12:42	7.34	 039	 133	36.6	 21 	 -3 	 99%	 5.8	    	    	    	    	    	    	    	    	    	    
[2026-04-14 20:53:01.657]  21:12:48	7.34	 039	 135	36.6	 21 	 -3 	 99%	 5.8	    	    	    	    	    	    	    	    	    	    
[2026-04-14 20:53:07.637]  21:12:54	7.34	 038	 140	36.6	 21 	 -4 	 99%	 5.8	    	    	    	    	    	    	    	    	    	    
[2026-04-14 20:53:13.607]  21:12:59	7.34	 038	 145	36.6	 21 	 -4 	 99%	 5.8	    	    	    	    	    	    	    	    	    	    
[2026-04-14 20:53:19.602]  21:13:05	7.35	 038	 144	36.6	 21 	 -4 	 99%	 5.8	    	    	    	    	    	    	    	    	    	    
[2026-04-14 20:53:25.563]  21:13:11	7.35	 038	 144	36.6	 21 	 -4 	 99%	 5.8	    	    	    	    	    	    	    	    	    	    
[2026-04-14 20:53:31.542]  21:13:17	7.34	 039	 136	36.6	 21 	 -3 	 99%	 5.8	    	    	    	    	    	    	    	    	    	    
[2026-04-14 20:53:37.506]          	    	ARTERIAL 	 	  	    	    	    	    	    	    	    	  	    VENOUS
[2026-04-14 20:53:37.522]   Time   	 pH 	 CO2	  O2	TEMP	HCO3	 BE 	cSO2	 K+ 	 VO2	  Q 	 BSA	 pH 	 CO2	  O2	TEMP	 SO2	 HCT	 HGB
[2026-04-14 20:53:37.560] 
[2026-04-14 20:53:37.560]  21:13:23	7.34	 038	 136	36.6	 21 	 -3 	 99%	 5.8	    	    	    	    	    	    	    	    	    	    
[2026-04-14 20:53:43.492]  21:13:29	7.34	 039	 137	36.7	 21 	 -3 	 99%	 5.8	    	    	    	    	    	    	    	    	    	    
[2026-04-14 20:53:49.480]  21:13:35	7.34	 038	 137	36.7	 21 	 -3 	 99%	 5.8	    	    	    	    	    	    	    	    	    	    
[2026-04-14 20:53:55.440]  21:13:41	7.34	 038	 139	36.7	 21 	 -3 	 99%	 5.8	    	    	    	    	    	    	    	    	    	    
[2026-04-14 20:54:01.416]  21:13:47	7.34	 038	 138	36.7	 21 	 -3 	 99%	 5.8	    	    	    	    	    	    	    	    	    	    
[2026-04-14 20:54:07.401]  21:13:53	7.35	 038	 143	36.7	 21 	 -4 	 99%	 5.8	    	    	    	    	    	    	    	    	    	    
[2026-04-14 20:54:13.378]  21:13:59	7.35	 038	 143	36.7	 21 	 -4 	 99%	 5.8	    	    	    	    	    	    	    	    	    	    
[2026-04-14 20:54:19.357]  21:14:05	7.35	 038	 137	36.7	 21 	 -3 	 99%	 5.8	    	    	    	    	    	    	    	    	    	    
[2026-04-14 20:54:25.333]  21:14:11	7.34	 038	 134	36.7	 21 	 -3 	 99%	 5.8	    	    	    	    	    	    	    	    	    	    
[2026-04-14 20:54:31.303]  21:14:17	7.34	 039	 131	36.7	 21 	 -3 	 99%	 5.8	    	    	    	    	    	    	    	    	    	    
[2026-04-14 20:54:37.310]  21:14:23	7.35	 038	 138	36.7	 21 	 -3 	 99%	 5.9	    	    	    	    	    	    	    	    	    	    
[2026-04-14 20:54:43.258]  21:14:29	7.35	 038	 144	36.7	 21 	 -4 	 99%	 5.9	    	    	    	    	    	    	    	    	    	    
[2026-04-14 20:54:49.241]  21:14:35	7.35	 038	 146	36.7	 21 	 -4 	 99%	 5.9	    	    	    	    	    	    	    	    	    	    
[2026-04-14 20:54:55.221]  21:14:41	7.35	 038	 149	36.7	 21 	 -4 	 99%	 5.9	    	    	    	    	    	    	    	    	    	    
[2026-04-14 20:55:01.176]  21:14:47	7.35	 038	 144	36.7	 21 	 -4 	 99%	 5.9	    	    	    	    	    	    	    	    	    	    
[2026-04-14 20:55:07.154]  21:14:53	7.35	 038	 140	36.7	 21 	 -4 	 99%	 5.9	    	    	    	    	    	    	    	    	    	    
[2026-04-14 20:55:13.135]  21:14:59	7.35	 038	 134	36.7	 21 	 -3 	 99%	 5.9	    	    	    	    	    	    	    	    	    	    
[2026-04-14 20:55:19.112]  21:15:05	7.35	 038	 133	36.7	 21 	 -3 	 99%	 5.9	    	    	    	    	    	    	    	    	    	    
[2026-04-14 20:55:25.100]  21:15:11	7.35	 038	 140	36.7	 21 	 -3 	 99%	 5.9	    	    	    	    	    	    	    	    	    	    
[2026-04-14 20:55:31.064]  21:15:17	7.35	 038	 143	36.7	 21 	 -3 	 99%	 5.9	    	    	    	    	    	    	    	    	    	    
[2026-04-14 20:55:37.046]  21:15:23	7.35	 038	 148	36.7	 21 	 -4 	 99%	 5.9	    	    	    	    	    	    	    	    	    	    
[2026-04-14 20:55:43.023]  21:15:29	7.35	 038	 148	36.7	 21 	 -4 	 99%	 5.9	    	    	    	    	    	    	    	    	    	    
[2026-04-14 20:55:49.018]  21:15:35	7.35	 038	 145	36.7	 21 	 -4 	 99%	 5.9	    	    	    	    	    	    	    	    	    	    
[2026-04-14 20:55:54.974]  21:15:41	7.35	 038	 147	36.7	 21 	 -4 	 99%	 5.9	    	    	    	    	    	    	    	    	    	    
[2026-04-14 20:56:00.952]  21:15:47	7.35	 038	 146	36.7	 21 	 -4 	 99%	 6.0	    	    	    	    	    	    	    	    	    	    
[2026-04-14 20:56:06.929]  21:15:53	7.35	 038	 147	36.7	 21 	 -4 	 99%	 6.0	    	    	    	    	    	    	    	    	    	    
[2026-04-14 20:56:12.905]  21:15:59	7.35	 037	 149	36.7	 21 	 -4 	 99%	 6.0	    	    	    	    	    	    	    	    	    	    
[2026-04-14 20:56:18.881]  21:16:05	7.35	 037	 150	36.7	 21 	 -4 	 99%	 6.0	    	    	    	    	    	    	    	    	    	    
[2026-04-14 20:56:24.850]  21:16:11	7.35	 037	 151	36.7	 21 	 -4 	 99%	 6.0	    	    	    	    	    	    	    	    	    	    
[2026-04-14 20:56:30.827]  21:16:17	7.35	 037	 151	36.7	 21 	 -4 	 99%	 6.0	    	    	    	    	    	    	    	    	    	    
[2026-04-14 20:56:36.806]  21:16:23	7.35	 037	 153	36.7	 21 	 -4 	 99%	 6.0	    	    	    	    	    	    	    	    	    	    
[2026-04-14 20:56:42.779]  21:16:29	7.35	 037	 154	36.7	 21 	 -4 	 99%	 6.0	    	    	    	    	    	    	    	    	    	    
[2026-04-14 20:56:48.781]  21:16:35	7.36	 037	 156	36.7	 21 	 -4 	 99%	 6.0	    	    	    	    	    	    	    	    	    	    
[2026-04-14 20:56:54.734]  21:16:41	7.36	 037	 158	36.7	 21 	 -4 	 99%	 6.0	    	    	    	    	    	    	    	    	    	    
[2026-04-14 20:57:00.722]  21:16:47	7.36	 037	 156	36.7	 21 	 -4 	 99%	 6.0	    	    	    	    	    	    	    	    	    	    
[2026-04-14 20:57:06.686]  21:16:53	7.36	 037	 157	36.8	 21 	 -4 	 99%	 6.1	    	    	    	    	    	    	    	    	    	    
[2026-04-14 20:57:12.670]  21:16:59	7.36	 037	 157	36.8	 21 	 -4 	 99%	 6.1	    	    	    	    	    	    	    	    	    	    
[2026-04-14 20:57:18.650]  21:17:05	7.36	 037	 158	36.8	 21 	 -4 	 99%	 6.1	    	    	    	    	    	    	    	    	    	    
[2026-04-14 20:57:24.621]  21:17:11	7.36	 037	 161	36.8	 21 	 -4 	 99%	 6.1	    	    	    	    	    	    	    	    	    	    
[2026-04-14 20:57:30.600]  21:17:17	7.36	 036	 160	36.8	 21 	 -4 	 99%	 6.1	    	    	    	    	    	    	    	    	    	    
[2026-04-14 20:57:36.570]  21:17:23	7.36	 036	 162	36.8	 21 	 -4 	 99%	 6.1	    	    	    	    	    	    	    	    	    	    
[2026-04-14 20:57:42.554]  21:17:29	7.36	 036	 161	36.8	 21 	 -4 	 99%	 6.1	    	    	    	    	    	    	    	    	    	    
[2026-04-14 20:57:48.539]  21:17:35	7.36	 036	 160	36.8	 21 	 -4 	 99%	 6.1	    	    	    	    	    	    	    	    	    	    
[2026-04-14 20:57:54.502]  21:17:41	7.36	 036	 160	36.8	 21 	 -4 	 99%	 6.1	    	    	    	    	    	    	    	    	    	    
[2026-04-14 20:58:00.480]  21:17:47	7.36	 037	 153	36.8	 21 	 -4 	 99%	 6.1	    	    	    	    	    	    	    	    	    	    
[2026-04-14 20:58:06.451]  21:17:53	7.36	 037	 150	36.8	 21 	 -3 	 99%	 6.1	    	    	    	    	    	    	    	    	    	    
[2026-04-14 20:58:12.436]  21:17:59	7.36	 037	 149	36.8	 21 	 -3 	 99%	 6.1	    	    	    	    	    	    	    	    	    	    
[2026-04-14 20:58:18.411]  21:18:05	7.36	 037	 149	36.8	 21 	 -3 	 99%	 6.1	    	    	    	    	    	    	    	    	    	    
[2026-04-14 20:58:24.385]  21:18:11	7.36	 037	 152	36.8	 21 	 -3 	 99%	 6.1	    	    	    	    	    	    	    	    	    	    
[2026-04-14 20:58:30.361]  21:18:17	7.36	 037	 153	36.8	 21 	 -3 	 99%	 6.1	    	    	    	    	    	    	    	    	    	    
[2026-04-14 20:58:36.328]          	    	ARTERIAL 	 	  	    	    	    	    	    	    	    	  	    VENOUS
[2026-04-14 20:58:36.344]   Time   	 pH 	 CO2	  O2	TEMP	HCO3	 BE 	cSO2	 K+ 	 VO2	  Q 	 BSA	 pH 	 CO2	  O2	TEMP	 SO2	 HCT	 HGB
[2026-04-14 20:58:36.375] 
[2026-04-14 20:58:36.375]  21:18:23	7.36	 037	 160	36.8	 21 	 -4 	 99%	 6.1	    	    	    	    	    	    	    	    	    	    
[2026-04-14 20:58:42.308]  21:18:29	7.36	 036	 161	36.8	 21 	 -4 	 99%	 6.1	    	    	    	    	    	    	    	    	    	    
[2026-04-14 20:58:48.302]  21:18:35	7.36	 036	 162	36.8	 21 	 -4 	 99%	 6.1	    	    	    	    	    	    	    	    	    	    
[2026-04-14 20:58:54.264]  21:18:41	7.36	 036	 163	36.8	 21 	 -4 	 99%	 6.1	    	    	    	    	    	    	    	    	    	    
[2026-04-14 20:59:00.239]  21:18:47	7.36	 036	 164	36.8	 21 	 -4 	 99%	 6.2	    	    	    	    	    	    	    	    	    	    
[2026-04-14 20:59:06.216]  21:18:52	7.36	 036	 167	36.8	 21 	 -4 	 99%	 6.2	    	    	    	    	    	    	    	    	    	    
[2026-04-14 20:59:12.193]  21:18:58	7.36	 036	 166	36.8	 21 	 -4 	 99%	 6.2	    	    	    	    	    	    	    	    	    	    
[2026-04-14 20:59:18.165]  21:19:04	7.36	 036	 166	36.8	 21 	 -4 	 99%	 6.2	    	    	    	    	    	    	    	    	    	    
[2026-04-14 20:59:24.162]  21:19:10	7.36	 036	 169	36.8	 21 	 -4 	 99%	 6.2	    	    	    	    	    	    	    	    	    	    
[2026-04-14 20:59:30.127]  21:19:16	7.36	 036	 169	36.8	 21 	 -4 	 99%	 6.3	    	    	    	    	    	    	    	    	    	    
[2026-04-14 20:59:36.100]  21:19:22	7.36	 036	 169	36.8	 21 	 -4 	 99%	 6.3	    	    	    	    	    	    	    	    	    	    
[2026-04-14 20:59:42.071]  21:19:28	7.36	 036	 168	36.8	 21 	 -4 	 99%	 6.3	    	    	    	    	    	    	    	    	    	    
[2026-04-14 20:59:48.065]  21:19:34	7.36	 036	 169	36.8	 20 	 -4 	 99%	 6.3	    	    	    	    	    	    	    	    	    	    
[2026-04-14 20:59:54.026]  21:19:40	7.36	 036	 170	36.8	 21 	 -4 	 99%	 6.3	    	    	    	    	    	    	    	    	    	    
[2026-04-14 21:00:00.010]  21:19:46	7.36	 036	 167	36.8	 21 	 -4 	 99%	 6.3	    	    	    	    	    	    	    	    	    	    
[2026-04-14 21:00:05.987]  21:19:52	7.36	 036	 168	36.8	 21 	 -4 	 99%	 6.3	    	    	    	    	    	    	    	    	    	    
[2026-04-14 21:00:11.960]  21:19:58	7.36	 036	 167	36.8	 21 	 -4 	 99%	 6.2	    	    	    	    	    	    	    	    	    	    
[2026-04-14 21:00:17.955]  21:20:04	7.36	 036	 168	36.8	 21 	 -4 	 99%	 6.3	    	    	    	    	    	    	    	    	    	    
[2026-04-14 21:00:23.917]  21:20:10	7.36	 036	 168	36.8	 21 	 -4 	 99%	 6.3	    	    	    	    	    	    	    	    	    	    
[2026-04-14 21:00:29.887]  21:20:16	7.36	 036	 168	36.8	 21 	 -4 	 99%	 6.3	    	    	    	    	    	    	    	    	    	    
[2026-04-14 21:00:35.863]  21:20:22	7.36	 036	 170	36.8	 21 	 -4 	 99%	 6.3	    	    	    	    	    	    	    	    	    	    
[2026-04-14 21:00:41.841]  21:20:28	7.36	 036	 170	36.8	 21 	 -4 	 99%	 6.3	    	    	    	    	    	    	    	    	    	    
[2026-04-14 21:00:47.844]  21:20:34	7.36	 036	 173	36.8	 20 	 -4 	 99%	 6.3	    	    	    	    	    	    	    	    	    	    
[2026-04-14 21:00:53.789]  21:20:40	7.36	 036	 175	36.8	 20 	 -4 	 99%	 6.3	    	    	    	    	    	    	    	    	    	    
[2026-04-14 21:00:59.785]  21:20:46	7.36	 035	 176	36.8	 20 	 -4 	 99%	 6.3	    	    	    	    	    	    	    	    	    	    
[2026-04-14 21:01:05.750]  21:20:52	7.37	 035	 181	36.8	 20 	 -4 	 99%	 6.3	    	    	    	    	    	    	    	    	    	    
[2026-04-14 21:01:11.764]  21:20:58	7.37	 035	 181	36.8	 20 	 -4 	 99%	 6.3	    	    	    	    	    	    	    	    	    	    
[2026-04-14 21:01:17.694]  21:21:03	7.37	 035	 186	36.8	 20 	 -4 	 99%	 6.3	    	    	    	    	    	    	    	    	    	    
[2026-04-14 21:01:23.678]  21:21:09	7.37	 035	 189	36.8	 20 	 -4 	 99%	 6.4	    	    	    	    	    	    	    	    	    	    
[2026-04-14 21:01:29.664]  21:21:15	7.37	 035	 191	36.8	 20 	 -4 	 99%	 6.4	    	    	    	    	    	    	    	    	    	    
[2026-04-14 21:01:35.625]  21:21:21	7.37	 035	 193	36.8	 20 	 -4 	 99%	 6.4	    	    	    	    	    	    	    	    	    	    
[2026-04-14 21:01:41.600]  21:21:27	7.37	 035	 193	36.8	 20 	 -4 	 99%	 6.5	    	    	    	    	    	    	    	    	    	    
[2026-04-14 21:01:47.592]  21:21:33	7.37	 035	 193	36.8	 20 	 -4 	 99%	 6.5	    	    	    	    	    	    	    	    	    	    
[2026-04-14 21:01:53.561]  21:21:39	7.37	 035	 194	36.7	 20 	 -4 	 99%	 6.5	    	    	    	    	    	    	    	    	    	    
[2026-04-14 21:01:59.572]  21:21:45	7.37	 035	 198	36.7	 20 	 -4 	 99%	 6.6	    	    	    	    	    	    	    	    	    	    
[2026-04-14 21:02:05.518]  21:21:51	7.37	 035	 202	36.7	 20 	 -4 	100%	 6.6	    	    	    	    	    	    	    	    	    	    
[2026-04-14 21:02:11.488]  21:21:57	7.37	 035	 201	36.7	 20 	 -4 	 99%	 6.6	    	    	    	    	    	    	    	    	    	    
[2026-04-14 21:02:17.461]  21:22:03	7.37	 035	 199	36.7	 20 	 -4 	 99%	 6.6	    	    	    	    	    	    	    	    	    	    
[2026-04-14 21:02:23.438]  21:22:09	7.37	 035	 191	36.7	 20 	 -4 	 99%	 6.7	    	    	    	    	    	    	    	    	    	    
[2026-04-14 21:02:29.411]  21:22:15	7.37	 035	 185	36.7	 20 	 -4 	 99%	 6.7	    	    	    	    	    	    	    	    	    	    
[2026-04-14 21:02:35.399]  21:22:21	7.36	 036	 178	36.7	 21 	 -4 	 99%	 6.7	    	    	    	    	    	    	    	    	    	    
[2026-04-14 21:02:41.364]  21:22:27	7.36	 036	 174	36.7	 21 	 -4 	 99%	 6.7	    	    	    	    	    	    	    	    	    	    
[2026-04-14 21:02:47.353]  21:22:33	7.36	 036	 172	36.7	 21 	 -4 	 99%	 6.7	    	    	    	    	    	    	    	    	    	    
[2026-04-14 21:02:53.323]  21:22:39	7.36	 036	 170	36.7	 21 	 -4 	 99%	 6.6	    	    	    	    	    	    	    	    	    	    
[2026-04-14 21:02:59.299]  21:22:45	7.36	 036	 167	36.7	 21 	 -4 	 99%	 6.5	    	    	    	    	    	    	    	    	    	    
[2026-04-14 21:03:05.268]  21:22:51	7.36	 036	 169	36.7	 21 	 -4 	 99%	 6.5	    	    	    	    	    	    	    	    	    	    
[2026-04-14 21:03:11.251]  21:22:57	7.36	 036	 169	36.7	 21 	 -4 	 99%	 6.5	    	    	    	    	    	    	    	    	    	    
[2026-04-14 21:03:17.230]  21:23:03	7.36	 036	 170	36.7	 21 	 -4 	 99%	 6.5	    	    	    	    	    	    	    	    	    	    
[2026-04-14 21:03:23.200]  21:23:09	7.36	 036	 167	36.7	 21 	 -4 	 99%	 6.5	    	    	    	    	    	    	    	    	    	    
[2026-04-14 21:03:29.181]  21:23:15	7.36	 036	 169	36.7	 21 	 -4 	 99%	 6.5	    	    	    	    	    	    	    	    	    	    
[2026-04-14 21:03:35.146]          	    	ARTERIAL 	 	  	    	    	    	    	    	    	    	  	    VENOUS
[2026-04-14 21:03:35.161]   Time   	 pH 	 CO2	  O2	TEMP	HCO3	 BE 	cSO2	 K+ 	 VO2	  Q 	 BSA	 pH 	 CO2	  O2	TEMP	 SO2	 HCT	 HGB
[2026-04-14 21:03:35.199] 
[2026-04-14 21:03:35.199]  21:23:21	7.36	 036	 169	36.7	 21 	 -4 	 99%	 6.5	    	    	    	    	    	    	    	    	    	    
[2026-04-14 21:03:41.136]  21:23:27	7.36	 035	 178	36.7	 20 	 -4 	 99%	 6.5	    	    	    	    	    	    	    	    	    	    
[2026-04-14 21:03:47.117]  21:23:33	7.37	 035	 183	36.7	 20 	 -4 	 99%	 6.4	    	    	    	    	    	    	    	    	    	    
[2026-04-14 21:03:53.085]  21:23:39	7.37	 035	 183	36.7	 20 	 -4 	 99%	 6.4	    	    	    	    	    	    	    	    	    	    
[2026-04-14 21:03:59.062]  21:23:45	7.37	 035	 189	36.7	 20 	 -4 	 99%	 6.4	    	    	    	    	    	    	    	    	    	    
[2026-04-14 21:04:05.038]  21:23:51	7.37	 035	 193	36.7	 20 	 -4 	 99%	 6.4	    	    	    	    	    	    	    	    	    	    
[2026-04-14 21:04:11.014]  21:23:57	7.37	 035	 192	36.7	 20 	 -4 	 99%	 6.5	    	    	    	    	    	    	    	    	    	    
[2026-04-14 21:04:16.992]  21:24:03	7.37	 035	 197	36.7	 20 	 -4 	 99%	 6.5	    	    	    	    	    	    	    	    	    	    
[2026-04-14 21:04:22.974]  21:24:09	7.37	 035	 199	36.7	 20 	 -4 	 99%	 6.6	    	    	    	    	    	    	    	    	    	    
[2026-04-14 21:04:28.939]  21:24:15	7.37	 035	 200	36.7	 20 	 -4 	 99%	 6.6	    	    	    	    	    	    	    	    	    	    
[2026-04-14 21:04:34.922]  21:24:21	7.37	 034	 203	36.7	 20 	 -4 	100%	 6.6	    	    	    	    	    	    	    	    	    	    
[2026-04-14 21:04:40.898]  21:24:27	7.37	 034	 202	36.7	 20 	 -4 	100%	 6.7	    	    	    	    	    	    	    	    	    	    
[2026-04-14 21:04:46.874]  21:24:33	7.37	 035	 201	36.7	 20 	 -4 	 99%	 6.7	    	    	    	    	    	    	    	    	    	    
[2026-04-14 21:04:52.839]  21:24:38	7.37	 035	 197	36.8	 20 	 -4 	 99%	 6.7	    	    	    	    	    	    	    	    	    	    
[2026-04-14 21:04:58.827]  21:24:44	7.37	 035	 201	36.8	 20 	 -4 	 99%	 6.7	    	    	    	    	    	    	    	    	    	    
[2026-04-14 21:05:04.812]  21:24:50	7.37	 035	 202	36.8	 20 	 -4 	100%	 6.8	    	    	    	    	    	    	    	    	    	    
[2026-04-14 21:05:10.777]  21:24:56	7.37	 035	 198	36.8	 20 	 -4 	 99%	 6.8	    	    	    	    	    	    	    	    	    	    
[2026-04-14 21:05:16.755]  21:25:02	7.37	 035	 200	36.8	 20 	 -4 	 99%	 6.8	    	    	    	    	    	    	    	    	    	    
[2026-04-14 21:05:22.733]  21:25:08	7.37	 034	 200	36.7	 20 	 -4 	 99%	 6.8	    	    	    	    	    	    	    	    	    	    
[2026-04-14 21:05:28.713]  21:25:14	7.37	 034	 199	36.7	 20 	 -4 	 99%	 6.8	    	    	    	    	    	    	    	    	    	    
[2026-04-14 21:05:34.683]  21:25:20	7.37	 035	 198	36.7	 20 	 -4 	 99%	 6.9	    	    	    	    	    	    	    	    	    	    
[2026-04-14 21:05:40.653]  21:25:26	7.37	 035	 197	36.7	 20 	 -4 	 99%	 6.9	    	    	    	    	    	    	    	    	    	    
[2026-04-14 21:05:46.650]  21:25:32	7.37	 035	 196	36.7	 20 	 -4 	 99%	 6.8	    	    	    	    	    	    	    	    	    	    
[2026-04-14 21:05:52.612]  21:25:38	7.37	 035	 190	36.7	 20 	 -4 	 99%	 6.8	    	    	    	    	    	    	    	    	    	    
[2026-04-14 21:05:58.591]  21:25:44	7.37	 035	 188	36.7	 20 	 -4 	 99%	 6.9	    	    	    	    	    	    	    	    	    	    
[2026-04-14 21:06:04.567]  21:25:50	7.37	 035	 182	36.7	 20 	 -4 	 99%	 6.9	    	    	    	    	    	    	    	    	    	    
[2026-04-14 21:06:10.544]  21:25:56	7.37	 035	 176	36.7	 20 	 -4 	 99%	 6.9	    	    	    	    	    	    	    	    	    	    
[2026-04-14 21:06:16.519]  21:26:02	7.36	 035	 175	36.7	 20 	 -4 	 99%	 6.8	    	    	    	    	    	    	    	    	    	    
[2026-04-14 21:06:22.510]  21:26:08	7.36	 036	 170	36.7	 20 	 -4 	 99%	 6.8	    	    	    	    	    	    	    	    	    	    
[2026-04-14 21:06:28.459]  21:26:14	7.36	 036	 170	36.7	 20 	 -4 	 99%	 6.7	    	    	    	    	    	    	    	    	    	    
[2026-04-14 21:06:34.448]  21:26:21	7.36	 036	 168	36.7	 20 	 -4 	 99%	 6.7	    	    	    	    	    	    	    	    	    	    
[2026-04-14 21:06:40.416]  21:26:27	7.36	 036	 167	36.7	 20 	 -4 	 99%	 6.6	    	    	    	    	    	    	    	    	    	    
[2026-04-14 21:06:46.408]  21:26:33	7.36	 036	 171	36.7	 20 	 -4 	 99%	 6.6	    	    	    	    	    	    	    	    	    	    
[2026-04-14 21:06:52.388]  21:26:39	7.36	 035	 177	36.7	 20 	 -4 	 99%	 6.5	    	    	    	    	    	    	    	    	    	    
[2026-04-14 21:06:58.345]  21:26:45	7.37	 035	 192	36.7	 20 	 -4 	 99%	 6.5	    	    	    	    	    	    	    	    	    	    
[2026-04-14 21:07:04.327]  21:26:51	7.37	 034	 207	36.7	 20 	 -4 	100%	 6.5	    	    	    	    	    	    	    	    	    	    
[2026-04-14 21:07:10.306]  21:26:57	7.37	 034	 219	36.7	 20 	 -4 	100%	 6.5	    	    	    	    	    	    	    	    	    	    
[2026-04-14 21:07:16.289]  21:27:03	7.38	 033	 229	36.7	 20 	 -4 	100%	 6.6	    	    	    	    	    	    	    	    	    	    
[2026-04-14 21:07:22.259]  21:27:09	7.38	 033	 233	36.7	 20 	 -4 	100%	 6.7	    	    	    	    	    	    	    	    	    	    
[2026-04-14 21:07:28.238]  21:27:15	7.38	 033	 238	36.7	 20 	 -4 	100%	 6.8	    	    	    	    	    	    	    	    	    	    
[2026-04-14 21:07:34.216]  21:27:21	7.38	 033	 236	36.7	 20 	 -4 	100%	 6.9	    	    	    	    	    	    	    	    	    	    
[2026-04-14 21:07:40.191]  21:27:26	7.38	 033	 239	36.7	 20 	 -4 	100%	 7.0	    	    	    	    	    	    	    	    	    	    
[2026-04-14 21:07:46.180]  21:27:32	7.38	 033	 244	36.7	 19 	 -4 	100%	 7.1	    	    	    	    	    	    	    	    	    	    
[2026-04-14 21:07:52.135]  21:27:38	7.38	 033	 243	36.7	 19 	 -4 	100%	 7.2	    	    	    	    	    	    	    	    	    	    
[2026-04-14 21:07:58.114]  21:27:44	7.38	 033	 244	36.7	 19 	 -4 	100%	 7.3	    	    	    	    	    	    	    	    	    	    
[2026-04-14 21:08:04.097]  21:27:50	7.38	 033	 244	36.7	 20 	 -4 	100%	 7.3	    	    	    	    	    	    	    	    	    	    
[2026-04-14 21:08:10.065]  21:27:56	7.38	 032	 251	36.7	 19 	 -4 	100%	 7.3	    	    	    	    	    	    	    	    	    	    
[2026-04-14 21:08:16.044]  21:28:02	7.38	 032	 260	36.7	 19 	 -4 	100%	 7.3	    	    	    	    	    	    	    	    	    	    
[2026-04-14 21:08:22.029]  21:28:08	7.39	 032	 266	36.7	 19 	 -4 	100%	 7.4	    	    	    	    	    	    	    	    	    	    
[2026-04-14 21:08:28.005]  21:28:14	7.38	 032	 277	36.6	 19 	 -5 	100%	 7.4	    	    	    	    	    	    	    	    	    	    
[2026-04-14 21:08:33.967]          	    	ARTERIAL 	 	  	    	    	    	    	    	    	    	  	    VENOUS
[2026-04-14 21:08:33.983]   Time   	 pH 	 CO2	  O2	TEMP	HCO3	 BE 	cSO2	 K+ 	 VO2	  Q 	 BSA	 pH 	 CO2	  O2	TEMP	 SO2	 HCT	 HGB
[2026-04-14 21:08:34.014] 
[2026-04-14 21:08:34.014]  21:28:20	7.38	 032	 278	36.7	 19 	 -5 	100%	 7.5	    	    	    	    	    	    	    	    	    	    
[2026-04-14 21:08:39.948]  21:28:26	7.38	 032	 276	36.7	 19 	 -5 	100%	 7.6	    	    	    	    	    	    	    	    	    	    
[2026-04-14 21:08:45.935]  21:28:32	7.38	 032	 273	36.7	 19 	 -5 	100%	 7.6	    	    	    	    	    	    	    	    	    	    
[2026-04-14 21:08:51.909]  21:28:38	7.38	 032	 271	36.7	 19 	 -5 	100%	 7.7	    	    	    	    	    	    	    	    	    	    
[2026-04-14 21:08:57.882]  21:28:44	7.39	 031	 277	36.7	 19 	 -5 	100%	 7.7	    	    	    	    	    	    	    	    	    	    
[2026-04-14 21:09:03.854]  21:28:50	7.39	 031	 282	36.8	 19 	 -5 	100%	 7.8	    	    	    	    	    	    	    	    	    	    
[2026-04-14 21:09:09.839]  21:28:56	7.39	 031	 291	36.7	 19 	 -5 	100%	 7.8	    	    	    	    	    	    	    	    	    	    
[2026-04-14 21:09:15.822]  21:29:02	7.40	 030	 301	36.8	 19 	 -5 	100%	 7.8	    	    	    	    	    	    	    	    	    	    
[2026-04-14 21:09:21.783]  21:29:08	7.40	 030	 304	36.8	 19 	 -5 	100%	 7.9	    	    	    	    	    	    	    	    	    	    
[2026-04-14 21:09:27.768]  21:29:14	7.40	 030	 309	36.8	 19 	 -5 	100%	 8.0	    	    	    	    	    	    	    	    	    	    
[2026-04-14 21:09:33.744]  21:29:20	7.40	 030	 310	36.8	 19 	 -5 	100%	 8.0	    	    	    	    	    	    	    	    	    	    
[2026-04-14 21:09:39.720]  21:29:26	7.40	 030	 311	36.8	 19 	 -5 	100%	 8.0	    	    	    	    	    	    	    	    	    	    
[2026-04-14 21:09:45.699]  21:29:32	7.40	 030	 312	36.8	 19 	 -5 	100%	 8.1	    	    	    	    	    	    	    	    	    	    
[2026-04-14 21:09:51.677]  21:29:38	7.40	 030	 310	36.8	 19 	 -5 	100%	 8.1	    	    	    	    	    	    	    	    	    	    
[2026-04-14 21:09:57.647]  21:29:44	7.40	 030	 312	36.8	 19 	 -5 	100%	 8.1	    	    	    	    	    	    	    	    	    	    
[2026-04-14 21:10:03.617]  21:29:50	7.40	 030	 313	36.8	 19 	 -5 	100%	 8.2	    	    	    	    	    	    	    	    	    	    
[2026-04-14 21:10:09.643]  21:29:56	7.40	 029	 318	36.8	 19 	 -5 	100%	 8.2	    	    	    	    	    	    	    	    	    	    
[2026-04-14 21:10:15.584]  21:30:02	7.40	 029	 319	36.8	 18 	 -5 	100%	 8.3	    	    	    	    	    	    	    	    	    	    
[2026-04-14 21:10:21.550]  21:30:08	7.40	 030	 314	36.8	 19 	 -5 	100%	 8.3	    	    	    	    	    	    	    	    	    	    
[2026-04-14 21:10:27.526]  21:30:14	7.40	 030	 314	36.8	 19 	 -5 	100%	 8.3	    	    	    	    	    	    	    	    	    	    
[2026-04-14 21:10:33.510]  21:30:20	7.40	 030	 312	36.8	 19 	 -5 	100%	 8.3	    	    	    	    	    	    	    	    	    	    
[2026-04-14 21:10:39.485]  21:30:26	7.40	 029	 316	36.8	 19 	 -5 	100%	 8.3	    	    	    	    	    	    	    	    	    	    
[2026-04-14 21:10:45.463]  21:30:32	7.40	 029	 315	36.8	 18 	 -5 	100%	 8.4	    	    	    	    	    	    	    	    	    	    
[2026-04-14 21:10:51.436]  21:30:38	7.40	 029	 315	36.8	 19 	 -5 	100%	 8.4	    	    	    	    	    	    	    	    	    	    
[2026-04-14 21:10:57.412]  21:30:44	7.40	 029	 314	36.8	 19 	 -5 	100%	 8.4	    	    	    	    	    	    	    	    	    	    
[2026-04-14 21:11:03.399]  21:30:50	7.40	 029	 317	36.8	 19 	 -5 	100%	 8.4	    	    	    	    	    	    	    	    	    	    
[2026-04-14 21:11:09.367]  21:30:56	7.41	 029	 319	36.8	 18 	 -5 	100%	 8.4	    	    	    	    	    	    	    	    	    	    
[2026-04-14 21:11:15.341]  21:31:02	7.41	 029	 324	36.8	 18 	 -5 	100%	 8.4	    	    	    	    	    	    	    	    	    	    
[2026-04-14 21:11:21.317]  21:31:08	7.41	 028	 329	36.8	 18 	 -5 	100%	 8.4	    	    	    	    	    	    	    	    	    	    
[2026-04-14 21:11:27.292]  21:31:14	7.41	 029	 323	36.8	 18 	 -5 	100%	 8.4	    	    	    	    	    	    	    	    	    	    
[2026-04-14 21:11:33.260]  21:31:20	7.41	 029	 331	36.8	 18 	 -5 	100%	 8.4	    	    	    	    	    	    	    	    	    	    
[2026-04-14 21:11:39.242]  21:31:26	7.42	 027	 348	36.8	 18 	 -5 	100%	 8.4	    	    	    	    	    	    	    	    	    	    
[2026-04-14 21:11:45.226]  21:31:32	7.42	 026	 356	36.8	 17 	 -5 	100%	 8.5	    	    	    	    	    	    	    	    	    	    
[2026-04-14 21:11:51.200]  21:31:37	7.42	 026	 359	36.8	 17 	 -5 	100%	 8.6	    	    	    	    	    	    	    	    	    	    
[2026-04-14 21:11:57.178]  21:31:43	7.43	 026	 369	36.8	 17 	 -5 	100%	 8.6	    	    	    	    	    	    	    	    	    	    
[2026-04-14 21:12:03.152]  21:31:49	7.43	 025	 377	36.8	 17 	 -6 	100%	 8.6	    	    	    	    	    	    	    	    	    	    
[2026-04-14 21:12:09.118]  21:31:55	7.44	 024	 391	36.8	 17 	 -6 	100%	 8.7	    	    	    	    	    	    	    	    	    	    
[2026-04-14 21:12:15.102]  21:32:01	7.45	 023	 400	36.8	 16 	 -6 	100%	 8.7	    	    	    	    	    	    	    	    	    	    
[2026-04-14 21:12:21.074]  21:32:07	7.44	 023	 399	36.8	 16 	 -6 	100%	 8.8	    	    	    	    	    	    	    	    	    	    
[2026-04-14 21:12:27.052]  21:32:13	7.45	 024	 402	36.8	 16 	 -6 	100%	 8.9	    	    	    	    	    	    	    	    	    	    
[2026-04-14 21:12:33.028]  21:32:19	7.45	 024	 401	36.8	 16 	 -6 	100%	 8.9	    	    	    	    	    	    	    	    	    	    
[2026-04-14 21:12:39.012]  21:32:25	7.44	 024	 399	36.5	 17 	 -6 	100%	 8.9	    	    	    	    	    	    	    	    	    	    
[2026-04-14 21:12:44.997]  21:32:31	7.43	 025	 397	36.0	 17 	 -6 	100%	 8.8	    	    	    	    	    	    	    	    	    	    
[2026-04-14 21:12:50.957]  21:32:37	7.42	 025	 396	35.6	 17 	 -6 	100%	 8.9	    	    	    	    	    	    	    	    	    	    
[2026-04-14 21:12:56.946]  21:32:43	7.42	 025	 396	35.2	 17 	 -6 	100%	 8.9	    	    	    	    	    	    	    	    	    	    
[2026-04-14 21:13:02.958]  21:32:49	7.41	 026	 394	35.0	 16 	 -6 	100%	 8.9	    	    	    	    	    	    	    	    	    	    
[2026-04-14 21:13:08.894]  21:32:55	7.41	 026	 392	34.7	 16 	 -7 	100%	 8.9	    	    	    	    	    	    	    	    	    	    
[2026-04-14 21:13:14.871]  21:33:01	7.40	 026	 391	34.5	 16 	 -7 	100%	 8.9	    	    	    	    	    	    	    	    	    	    
[2026-04-14 21:13:20.851]  21:33:07	7.40	 026	 389	34.2	 16 	 -7 	100%	 9.0	    	    	    	    	    	    	    	    	    	    
[2026-04-14 21:13:26.819]  21:33:13	7.39	 026	 387	34.0	 16 	 -7 	100%	 9.0	    	    	    	    	    	    	    	    	    	    
[2026-04-14 21:13:32.789]          	    	ARTERIAL 	 	  	    	    	    	    	    	    	    	  	    VENOUS
[2026-04-14 21:13:32.805]   Time   	 pH 	 CO2	  O2	TEMP	HCO3	 BE 	cSO2	 K+ 	 VO2	  Q 	 BSA	 pH 	 CO2	  O2	TEMP	 SO2	 HCT	 HGB
[2026-04-14 21:13:32.842] 
[2026-04-14 21:13:32.842]  21:33:18	7.39	 027	 385	33.8	 16 	 -7 	100%	 9.0	    	    	    	    	    	    	    	    	    	    
[2026-04-14 21:13:38.767]  21:33:24	7.39	 027	 383	33.6	 16 	 -7 	100%	 9.0	    	    	    	    	    	    	    	    	    	    
[2026-04-14 21:13:44.761]  21:33:30	7.38	 027	 381	33.4	 16 	 -7 	100%	 9.0	    	    	    	    	    	    	    	    	    	    
[2026-04-14 21:13:50.755]  21:33:36	7.38	 027	 378	33.3	 16 	 -7 	100%	 8.9	    	    	    	    	    	    	    	    	    	    
[2026-04-14 21:13:56.719]  21:33:42	7.38	 027	 376	33.1	 16 	 -7 	100%	 8.9	    	    	    	    	    	    	    	    	    	    
[2026-04-14 21:14:02.683]  21:33:48	7.37	 027	 374	32.9	 16 	 -8 	100%	 8.9	    	    	    	    	    	    	    	    	    	    
[2026-04-14 21:14:08.653]  21:33:54	7.37	 027	 372	32.8	 16 	 -8 	100%	 8.9	    	    	    	    	    	    	    	    	    	    
[2026-04-14 21:14:14.632]  21:34:00	7.37	 028	 370	32.6	 16 	 -8 	100%	 8.9	    	    	    	    	    	    	    	    	    	    
[2026-04-14 21:14:20.613]  21:34:06	7.37	 028	 367	32.4	 16 	 -8 	100%	 8.9	    	    	    	    	    	    	    	    	    	    
[2026-04-14 21:14:26.578]  21:34:12	7.36	 028	 364	32.3	 16 	 -8 	100%	 9.0	    	    	    	    	    	    	    	    	    	    
[2026-04-14 21:14:32.559]  21:34:18	7.36	 028	 361	32.2	 16 	 -8 	100%	 9.0	    	    	    	    	    	    	    	    	    	    
[2026-04-14 21:14:38.536]  21:34:24	7.36	 028	 358	32.0	 16 	 -8 	100%	 9.0	    	    	    	    	    	    	    	    	    	    
[2026-04-14 21:14:44.522]  21:34:30	7.35	 029	 355	31.9	 16 	 -8 	100%	 9.0	    	    	    	    	    	    	    	    	    	    
[2026-04-14 21:14:50.493]  21:34:36	7.35	 029	 352	31.7	 16 	 -8 	100%	 9.0	    	    	    	    	    	    	    	    	    	    
[2026-04-14 21:14:56.472]  21:34:42	7.34	 029	 350	31.6	 16 	 -8 	100%	 9.0	    	    	    	    	    	    	    	    	    	    
[2026-04-14 21:15:02.442]  21:34:48	7.34	 029	 348	31.5	 16 	 -8 	100%	 9.0	    	    	    	    	    	    	    	    	    	    
[2026-04-14 21:15:08.422]  21:34:54	7.34	 029	 346	31.4	 16 	 -8 	100%	 9.0	    	    	    	    	    	    	    	    	    	    
[2026-04-14 21:15:14.392]  21:35:00	7.34	 029	 345	31.3	 16 	 -8 	100%	 9.0	    	    	    	    	    	    	    	    	    	    
[2026-04-14 21:15:20.372]  21:35:06	7.34	 029	 345	31.2	 16 	 -8 	100%	 9.1	    	    	    	    	    	    	    	    	    	    
[2026-04-14 21:15:26.340]  21:35:12	7.34	 029	 345	31.1	 16 	 -8 	100%	 9.1	    	    	    	    	    	    	    	    	    	    
[2026-04-14 21:15:32.332]  21:35:18	7.34	 029	 344	31.0	 16 	 -9 	100%	 9.1	    	    	    	    	    	    	    	    	    	    
[2026-04-14 21:15:38.295]  21:35:24	7.34	 029	 344	31.0	 15 	 -9 	100%	 9.2	    	    	    	    	    	    	    	    	    	    
[2026-04-14 21:15:44.296]  21:35:30	7.34	 028	 343	30.9	 15 	 -9 	100%	 9.2	    	    	    	    	    	    	    	    	    	    
[2026-04-14 21:15:50.258]  21:35:36	7.34	 028	 342	30.8	 15 	 -9 	100%	 9.2	    	    	    	    	    	    	    	    	    	    
[2026-04-14 21:15:56.233]  21:35:42	7.34	 028	 341	30.8	 15 	 -9 	100%	 9.2	    	    	    	    	    	    	    	    	    	    
[2026-04-14 21:16:02.208]  21:35:48	7.34	 028	 341	30.7	 15 	 -9 	100%	 9.3	    	    	    	    	    	    	    	    	    	    
[2026-04-14 21:16:08.188]  21:35:54	7.34	 028	 340	30.6	 15 	 -9 	100%	 9.3	    	    	    	    	    	    	    	    	    	    
[2026-04-14 21:16:14.164]  21:36:00	7.34	 028	 339	30.5	 15 	 -9 	100%	 9.3	    	    	    	    	    	    	    	    	    	    
[2026-04-14 21:16:20.133]  21:36:06	7.34	 028	 338	30.4	 15 	 -9 	100%	 9.3	    	    	    	    	    	    	    	    	    	    
[2026-04-14 21:16:26.109]  21:36:12	7.34	 028	 338	30.3	 15 	 -9 	100%	 9.3	    	    	    	    	    	    	    	    	    	    
[2026-04-14 21:16:32.088]  21:36:18	7.34	 028	 337	30.3	 15 	 -9 	100%	 9.3	    	    	    	    	    	    	    	    	    	    
[2026-04-14 21:16:38.057]  21:36:24	7.34	 028	 336	30.2	 15 	 -9 	100%	 9.3	    	    	    	    	    	    	    	    	    	    
[2026-04-14 21:16:44.049]  21:36:30	7.34	 028	 335	30.1	 15 	 -9 	100%	 9.3	    	    	    	    	    	    	    	    	    	    
[2026-04-14 21:16:50.019]  21:36:36	7.34	 028	 335	30.0	 15 	 -9 	100%	 9.3	    	    	    	    	    	    	    	    	    	    
[2026-04-14 21:16:55.994]  21:36:42	7.34	 028	 334	29.9	 15 	 -9 	100%	 9.3	    	    	    	    	    	    	    	    	    	    
[2026-04-14 21:17:01.969]  21:36:48	7.34	 028	 334	29.9	 15 	 -9 	100%	 9.3	    	    	    	    	    	    	    	    	    	    
[2026-04-14 21:17:07.948]  21:36:54	7.34	 028	 334	29.8	 15 	 -9 	100%	 9.3	    	    	    	    	    	    	    	    	    	    
[2026-04-14 21:17:13.921]  21:37:00	7.34	 028	 334	29.7	 15 	 -9 	100%	 9.3	    	    	    	    	    	    	    	    	    	    
[2026-04-14 21:17:19.902]  21:37:06	7.34	 028	 333	29.6	 15 	 -9 	100%	 9.3	    	    	    	    	    	    	    	    	    	    
[2026-04-14 21:17:25.870]  21:37:12	7.34	 028	 333	29.6	 15 	 -9 	100%	 9.3	    	    	    	    	    	    	    	    	    	    
[2026-04-14 21:17:31.846]  21:37:18	7.34	 028	 333	29.5	 15 	 -9 	100%	 9.3	    	    	    	    	    	    	    	    	    	    
[2026-04-14 21:17:37.834]  21:37:24	7.34	 028	 332	29.4	 15 	 -9 	100%	 9.3	    	    	    	    	    	    	    	    	    	    
[2026-04-14 21:17:43.818]  21:37:30	7.34	 028	 332	29.3	 15 	 -9 	100%	 9.3	    	    	    	    	    	    	    	    	    	    
[2026-04-14 21:17:49.781]  21:37:36	7.34	 028	 331	29.3	 15 	 -9 	100%	 9.3	    	    	    	    	    	    	    	    	    	    
[2026-04-14 21:17:55.759]  21:37:42	7.34	 028	 331	29.2	 15 	 -9 	100%	 9.3	    	    	    	    	    	    	    	    	    	    
[2026-04-14 21:18:01.730]  21:37:48	7.34	 028	 330	29.1	 15 	 -9 	100%	 9.3	    	    	    	    	    	    	    	    	    	    
[2026-04-14 21:18:07.708]  21:37:54	7.34	 028	 330	29.1	 15 	 -9 	100%	 9.3	    	    	    	    	    	    	    	    	    	    
[2026-04-14 21:18:13.685]  21:38:00	7.34	 028	 329	29.0	 15 	 -9 	100%	 9.3	    	    	    	    	    	    	    	    	    	    
[2026-04-14 21:18:19.657]  21:38:06	7.34	 028	 329	29.0	 15 	 -9 	100%	 9.3	    	    	    	    	    	    	    	    	    	    
[2026-04-14 21:18:25.640]  21:38:12	7.34	 028	 328	28.9	 15 	 -9 	100%	 9.4	    	    	    	    	    	    	    	    	    	    
[2026-04-14 21:18:31.610]          	    	ARTERIAL 	 	  	    	    	    	    	    	    	    	  	    VENOUS
[2026-04-14 21:18:31.626]   Time   	 pH 	 CO2	  O2	TEMP	HCO3	 BE 	cSO2	 K+ 	 VO2	  Q 	 BSA	 pH 	 CO2	  O2	TEMP	 SO2	 HCT	 HGB
[2026-04-14 21:18:31.657] 
[2026-04-14 21:18:31.657]  21:38:18	7.34	 028	 328	28.8	 15 	 -9 	100%	 9.4	    	    	    	    	    	    	    	    	    	    
[2026-04-14 21:18:37.587]  21:38:24	7.34	 028	 327	28.8	 15 	 -9 	100%	 9.4	    	    	    	    	    	    	    	    	    	    
[2026-04-14 21:18:43.579]  21:38:30	7.34	 028	 327	28.7	 15 	 -9 	100%	 9.4	    	    	    	    	    	    	    	    	    	    
[2026-04-14 21:18:49.548]  21:38:35	7.34	 028	 326	28.7	 15 	 -9 	100%	 9.4	    	    	    	    	    	    	    	    	    	    
[2026-04-14 21:18:55.524]  21:38:41	7.34	 028	 326	28.6	 15 	 -9 	100%	 9.4	    	    	    	    	    	    	    	    	    	    
[2026-04-14 21:19:01.503]  21:38:47	7.33	 028	 325	28.6	 15 	 -9 	100%	 9.4	    	    	    	    	    	    	    	    	    	    
